path	class	upstream_counterpart	lines_derived	lines_new	kind
ab_cloud-libs-shared/libs/keyboard/README.md	new		0	55	txt
ab_cloud-libs-shared/libs/keyboard/build.gradle	new		0	133	txt
ab_cloud-libs-shared/libs/keyboard/dicts-data/emoji_bg.dict	new		0	0	bin
ab_cloud-libs-shared/libs/keyboard/dicts-data/emoji_bn.dict	new		0	0	bin
ab_cloud-libs-shared/libs/keyboard/dicts-data/emoji_de.dict	new		0	0	bin
ab_cloud-libs-shared/libs/keyboard/dicts-data/emoji_el.dict	new		0	0	bin
ab_cloud-libs-shared/libs/keyboard/dicts-data/emoji_en.dict	new		0	0	bin
ab_cloud-libs-shared/libs/keyboard/dicts-data/emoji_es.dict	new		0	0	bin
ab_cloud-libs-shared/libs/keyboard/dicts-data/emoji_fr.dict	new		0	0	bin
ab_cloud-libs-shared/libs/keyboard/dicts-data/emoji_hu.dict	new		0	0	bin
ab_cloud-libs-shared/libs/keyboard/dicts-data/emoji_it.dict	new		0	0	bin
ab_cloud-libs-shared/libs/keyboard/dicts-data/emoji_nl.dict	new		0	0	bin
ab_cloud-libs-shared/libs/keyboard/dicts-data/emoji_pl.dict	new		0	0	bin
ab_cloud-libs-shared/libs/keyboard/dicts-data/emoji_pt.dict	new		0	0	bin
ab_cloud-libs-shared/libs/keyboard/dicts-data/emoji_ro.dict	new		0	0	bin
ab_cloud-libs-shared/libs/keyboard/dicts-data/emoji_ru.dict	new		0	0	bin
ab_cloud-libs-shared/libs/keyboard/dicts-data/emoji_sv.dict	new		0	0	bin
ab_cloud-libs-shared/libs/keyboard/dicts-data/emoji_tr.dict	new		0	0	bin
ab_cloud-libs-shared/libs/keyboard/dicts-data/main_bg.dict	verbatim		0	0	bin
ab_cloud-libs-shared/libs/keyboard/dicts-data/main_bn.dict	verbatim		0	0	bin
ab_cloud-libs-shared/libs/keyboard/dicts-data/main_de.dict	verbatim		0	0	bin
ab_cloud-libs-shared/libs/keyboard/dicts-data/main_el.dict	verbatim		0	0	bin
ab_cloud-libs-shared/libs/keyboard/dicts-data/main_en-GB.dict	verbatim		0	0	bin
ab_cloud-libs-shared/libs/keyboard/dicts-data/main_en-US.dict	verbatim		0	0	bin
ab_cloud-libs-shared/libs/keyboard/dicts-data/main_es.dict	verbatim		0	0	bin
ab_cloud-libs-shared/libs/keyboard/dicts-data/main_fr.dict	verbatim		0	0	bin
ab_cloud-libs-shared/libs/keyboard/dicts-data/main_hu.dict	verbatim		0	0	bin
ab_cloud-libs-shared/libs/keyboard/dicts-data/main_it.dict	verbatim		0	0	bin
ab_cloud-libs-shared/libs/keyboard/dicts-data/main_nl.dict	verbatim		0	0	bin
ab_cloud-libs-shared/libs/keyboard/dicts-data/main_pl.dict	verbatim		0	0	bin
ab_cloud-libs-shared/libs/keyboard/dicts-data/main_pt-BR.dict	verbatim		0	0	bin
ab_cloud-libs-shared/libs/keyboard/dicts-data/main_pt-PT.dict	verbatim		0	0	bin
ab_cloud-libs-shared/libs/keyboard/dicts-data/main_ro.dict	verbatim		0	0	bin
ab_cloud-libs-shared/libs/keyboard/dicts-data/main_ru.dict	verbatim		0	0	bin
ab_cloud-libs-shared/libs/keyboard/dicts-data/main_sv.dict	verbatim		0	0	bin
ab_cloud-libs-shared/libs/keyboard/dicts-data/main_tr.dict	verbatim		0	0	bin
ab_cloud-libs-shared/libs/keyboard/src/main/AndroidManifest.xml	modified	src/main/AndroidManifest.xml	133	15	txt
ab_cloud-libs-shared/libs/keyboard/src/main/assets/bn-khipro.mim	verbatim		719	0	txt
ab_cloud-libs-shared/libs/keyboard/src/main/assets/dictionaries_in_dict_repo.csv	verbatim		277	0	txt
ab_cloud-libs-shared/libs/keyboard/src/main/assets/emoji/ACTIVITIES.txt	verbatim		85	0	txt
ab_cloud-libs-shared/libs/keyboard/src/main/assets/emoji/ANIMALS_AND_NATURE.txt	verbatim		160	0	txt
ab_cloud-libs-shared/libs/keyboard/src/main/assets/emoji/EMOTICONS.txt	verbatim		25	0	txt
ab_cloud-libs-shared/libs/keyboard/src/main/assets/emoji/FLAGS.txt	verbatim		270	0	txt
ab_cloud-libs-shared/libs/keyboard/src/main/assets/emoji/FOOD_AND_DRINK.txt	verbatim		131	0	txt
ab_cloud-libs-shared/libs/keyboard/src/main/assets/emoji/OBJECTS.txt	verbatim		266	0	txt
ab_cloud-libs-shared/libs/keyboard/src/main/assets/emoji/PEOPLE_AND_BODY.txt	verbatim		388	0	txt
ab_cloud-libs-shared/libs/keyboard/src/main/assets/emoji/SMILEYS_AND_EMOTION.txt	verbatim		171	0	txt
ab_cloud-libs-shared/libs/keyboard/src/main/assets/emoji/SYMBOLS.txt	verbatim		224	0	txt
ab_cloud-libs-shared/libs/keyboard/src/main/assets/emoji/TRAVEL_AND_PLACES.txt	verbatim		219	0	txt
ab_cloud-libs-shared/libs/keyboard/src/main/assets/emoji/minApi.txt	verbatim		13	0	txt
ab_cloud-libs-shared/libs/keyboard/src/main/assets/known_dict_hashes.txt	verbatim		155	0	txt
ab_cloud-libs-shared/libs/keyboard/src/main/assets/layouts/clipboard_bottom/clip_bottom_row.json	verbatim		7	0	txt
ab_cloud-libs-shared/libs/keyboard/src/main/assets/layouts/clipboard_bottom/clip_bottom_row_with_action.json	verbatim		8	0	txt
ab_cloud-libs-shared/libs/keyboard/src/main/assets/layouts/emoji_bottom/emoji_bottom_row.json	verbatim		8	0	txt
ab_cloud-libs-shared/libs/keyboard/src/main/assets/layouts/emoji_bottom/emoji_bottom_row_with_action.json	verbatim		9	0	txt
ab_cloud-libs-shared/libs/keyboard/src/main/assets/layouts/functional/functional_keys.json	verbatim		21	0	txt
ab_cloud-libs-shared/libs/keyboard/src/main/assets/layouts/functional/functional_keys_khipro.json	verbatim		26	0	txt
ab_cloud-libs-shared/libs/keyboard/src/main/assets/layouts/functional/functional_keys_tablet.json	verbatim		35	0	txt
ab_cloud-libs-shared/libs/keyboard/src/main/assets/layouts/main/akan.txt	verbatim		26	0	txt
ab_cloud-libs-shared/libs/keyboard/src/main/assets/layouts/main/arabic.txt	verbatim		32	0	txt
ab_cloud-libs-shared/libs/keyboard/src/main/assets/layouts/main/arabic_hijai.txt	verbatim		32	0	txt
ab_cloud-libs-shared/libs/keyboard/src/main/assets/layouts/main/arabic_pc.txt	verbatim		29	0	txt
ab_cloud-libs-shared/libs/keyboard/src/main/assets/layouts/main/armenian_phonetic.txt	verbatim		38	0	txt
ab_cloud-libs-shared/libs/keyboard/src/main/assets/layouts/main/azerty.json	verbatim		38	0	txt
ab_cloud-libs-shared/libs/keyboard/src/main/assets/layouts/main/belarusian.txt	verbatim		31	0	txt
ab_cloud-libs-shared/libs/keyboard/src/main/assets/layouts/main/bemba.txt	verbatim		27	0	txt
ab_cloud-libs-shared/libs/keyboard/src/main/assets/layouts/main/bengali_akkhor.json	verbatim		132	0	txt
ab_cloud-libs-shared/libs/keyboard/src/main/assets/layouts/main/bengali_baishakhi.json	verbatim		126	0	txt
ab_cloud-libs-shared/libs/keyboard/src/main/assets/layouts/main/bengali_inscript.json	verbatim		142	0	txt
ab_cloud-libs-shared/libs/keyboard/src/main/assets/layouts/main/bengali_probhat.json	verbatim		141	0	txt
ab_cloud-libs-shared/libs/keyboard/src/main/assets/layouts/main/bengali_unijoy.json	verbatim		126	0	txt
ab_cloud-libs-shared/libs/keyboard/src/main/assets/layouts/main/bepo.txt	verbatim		27	0	txt
ab_cloud-libs-shared/libs/keyboard/src/main/assets/layouts/main/bulgarian.txt	verbatim		30	0	txt
ab_cloud-libs-shared/libs/keyboard/src/main/assets/layouts/main/bulgarian_bds.txt	verbatim		31	0	txt
ab_cloud-libs-shared/libs/keyboard/src/main/assets/layouts/main/bulgarian_bekl.txt	verbatim		31	0	txt
ab_cloud-libs-shared/libs/keyboard/src/main/assets/layouts/main/central_kurdish.txt	verbatim		29	0	txt
ab_cloud-libs-shared/libs/keyboard/src/main/assets/layouts/main/chuvash.txt	verbatim		41	0	txt
ab_cloud-libs-shared/libs/keyboard/src/main/assets/layouts/main/colemak.json	verbatim		38	0	txt
ab_cloud-libs-shared/libs/keyboard/src/main/assets/layouts/main/colemak_dh.json	verbatim		38	0	txt
ab_cloud-libs-shared/libs/keyboard/src/main/assets/layouts/main/dagbani.txt	verbatim		26	0	txt
ab_cloud-libs-shared/libs/keyboard/src/main/assets/layouts/main/dargwa_urakhi.txt	verbatim		33	0	txt
ab_cloud-libs-shared/libs/keyboard/src/main/assets/layouts/main/dvorak.json	verbatim		55	0	txt
ab_cloud-libs-shared/libs/keyboard/src/main/assets/layouts/main/esperanto.txt	verbatim		27	0	txt
ab_cloud-libs-shared/libs/keyboard/src/main/assets/layouts/main/ewe.txt	verbatim		26	0	txt
ab_cloud-libs-shared/libs/keyboard/src/main/assets/layouts/main/farsi.txt	verbatim		32	0	txt
ab_cloud-libs-shared/libs/keyboard/src/main/assets/layouts/main/ga.txt	verbatim		26	0	txt
ab_cloud-libs-shared/libs/keyboard/src/main/assets/layouts/main/georgian.json	verbatim		112	0	txt
ab_cloud-libs-shared/libs/keyboard/src/main/assets/layouts/main/greek.json	verbatim		41	0	txt
ab_cloud-libs-shared/libs/keyboard/src/main/assets/layouts/main/gujarati.json	verbatim		129	0	txt
ab_cloud-libs-shared/libs/keyboard/src/main/assets/layouts/main/halmak.txt	verbatim		29	0	txt
ab_cloud-libs-shared/libs/keyboard/src/main/assets/layouts/main/hausa.txt	verbatim		26	0	txt
ab_cloud-libs-shared/libs/keyboard/src/main/assets/layouts/main/hcesar.json	verbatim		66	0	txt
ab_cloud-libs-shared/libs/keyboard/src/main/assets/layouts/main/hebrew.json	verbatim		89	0	txt
ab_cloud-libs-shared/libs/keyboard/src/main/assets/layouts/main/hebrew_1452_2.json	verbatim		85	0	txt
ab_cloud-libs-shared/libs/keyboard/src/main/assets/layouts/main/hindi.json	verbatim		132	0	txt
ab_cloud-libs-shared/libs/keyboard/src/main/assets/layouts/main/hindi_compact.json	verbatim		40	0	txt
ab_cloud-libs-shared/libs/keyboard/src/main/assets/layouts/main/hindi_phonetic.json	verbatim		554	0	txt
ab_cloud-libs-shared/libs/keyboard/src/main/assets/layouts/main/hungarian_extended_qwertz.txt	verbatim		36	0	txt
ab_cloud-libs-shared/libs/keyboard/src/main/assets/layouts/main/igbo.txt	verbatim		26	0	txt
ab_cloud-libs-shared/libs/keyboard/src/main/assets/layouts/main/kabyle.json	verbatim		38	0	txt
ab_cloud-libs-shared/libs/keyboard/src/main/assets/layouts/main/kaitag.txt	verbatim		30	0	txt
ab_cloud-libs-shared/libs/keyboard/src/main/assets/layouts/main/kaitag_4row.txt	verbatim		42	0	txt
ab_cloud-libs-shared/libs/keyboard/src/main/assets/layouts/main/kannada.txt	verbatim		32	0	txt
ab_cloud-libs-shared/libs/keyboard/src/main/assets/layouts/main/kannada_extended.txt	verbatim		49	0	txt
ab_cloud-libs-shared/libs/keyboard/src/main/assets/layouts/main/khmer.json	verbatim		194	0	txt
ab_cloud-libs-shared/libs/keyboard/src/main/assets/layouts/main/kikuyu.txt	verbatim		26	0	txt
ab_cloud-libs-shared/libs/keyboard/src/main/assets/layouts/main/korean.json	verbatim		55	0	txt
ab_cloud-libs-shared/libs/keyboard/src/main/assets/layouts/main/korean_phonetic.json	verbatim		55	0	txt
ab_cloud-libs-shared/libs/keyboard/src/main/assets/layouts/main/korean_sebeolsik_390.json	verbatim		162	0	txt
ab_cloud-libs-shared/libs/keyboard/src/main/assets/layouts/main/korean_sebeolsik_final.json	verbatim		162	0	txt
ab_cloud-libs-shared/libs/keyboard/src/main/assets/layouts/main/lao.json	verbatim		194	0	txt
ab_cloud-libs-shared/libs/keyboard/src/main/assets/layouts/main/lingala.txt	verbatim		26	0	txt
ab_cloud-libs-shared/libs/keyboard/src/main/assets/layouts/main/luganda.txt	verbatim		27	0	txt
ab_cloud-libs-shared/libs/keyboard/src/main/assets/layouts/main/macedonian.txt	verbatim		31	0	txt
ab_cloud-libs-shared/libs/keyboard/src/main/assets/layouts/main/malayalam.txt	verbatim		32	0	txt
ab_cloud-libs-shared/libs/keyboard/src/main/assets/layouts/main/mansi_north.txt	verbatim		44	0	txt
ab_cloud-libs-shared/libs/keyboard/src/main/assets/layouts/main/marathi.json	verbatim		40	0	txt
ab_cloud-libs-shared/libs/keyboard/src/main/assets/layouts/main/mari.txt	verbatim		41	0	txt
ab_cloud-libs-shared/libs/keyboard/src/main/assets/layouts/main/mongolian.txt	verbatim		31	0	txt
ab_cloud-libs-shared/libs/keyboard/src/main/assets/layouts/main/nepali_romanized.json	verbatim		128	0	txt
ab_cloud-libs-shared/libs/keyboard/src/main/assets/layouts/main/nepali_traditional.json	verbatim		132	0	txt
ab_cloud-libs-shared/libs/keyboard/src/main/assets/layouts/main/pcqwerty.json	verbatim		120	0	txt
ab_cloud-libs-shared/libs/keyboard/src/main/assets/layouts/main/qwerty.txt	verbatim		26	0	txt
ab_cloud-libs-shared/libs/keyboard/src/main/assets/layouts/main/qwertz.txt	verbatim		26	0	txt
ab_cloud-libs-shared/libs/keyboard/src/main/assets/layouts/main/russian.txt	verbatim		31	0	txt
ab_cloud-libs-shared/libs/keyboard/src/main/assets/layouts/main/russian_extended.txt	verbatim		32	0	txt
ab_cloud-libs-shared/libs/keyboard/src/main/assets/layouts/main/russian_student.txt	verbatim		31	0	txt
ab_cloud-libs-shared/libs/keyboard/src/main/assets/layouts/main/serbian.txt	verbatim		30	0	txt
ab_cloud-libs-shared/libs/keyboard/src/main/assets/layouts/main/sesotho.txt	verbatim		26	0	txt
ab_cloud-libs-shared/libs/keyboard/src/main/assets/layouts/main/sinhala.json	verbatim		132	0	txt
ab_cloud-libs-shared/libs/keyboard/src/main/assets/layouts/main/tamil.txt	verbatim		32	0	txt
ab_cloud-libs-shared/libs/keyboard/src/main/assets/layouts/main/telugu.txt	verbatim		32	0	txt
ab_cloud-libs-shared/libs/keyboard/src/main/assets/layouts/main/thai.json	verbatim		194	0	txt
ab_cloud-libs-shared/libs/keyboard/src/main/assets/layouts/main/turkish.txt	verbatim		32	0	txt
ab_cloud-libs-shared/libs/keyboard/src/main/assets/layouts/main/ukrainian.txt	verbatim		32	0	txt
ab_cloud-libs-shared/libs/keyboard/src/main/assets/layouts/main/ukrainian_extended.txt	verbatim		33	0	txt
ab_cloud-libs-shared/libs/keyboard/src/main/assets/layouts/main/urdu.json	verbatim		116	0	txt
ab_cloud-libs-shared/libs/keyboard/src/main/assets/layouts/main/uzbek.json	verbatim		37	0	txt
ab_cloud-libs-shared/libs/keyboard/src/main/assets/layouts/main/workman.txt	verbatim		27	0	txt
ab_cloud-libs-shared/libs/keyboard/src/main/assets/layouts/main/yoruba.txt	verbatim		26	0	txt
ab_cloud-libs-shared/libs/keyboard/src/main/assets/layouts/more_symbols/symbols_shifted.txt	verbatim		28	0	txt
ab_cloud-libs-shared/libs/keyboard/src/main/assets/layouts/number/number.json	verbatim		49	0	txt
ab_cloud-libs-shared/libs/keyboard/src/main/assets/layouts/number_row/number_row.json	modified	src/main/assets/layouts/number_row/number_row.json	44	0	txt
ab_cloud-libs-shared/libs/keyboard/src/main/assets/layouts/number_row/number_row_basic.txt	verbatim		10	0	txt
ab_cloud-libs-shared/libs/keyboard/src/main/assets/layouts/numpad/numpad.json	verbatim		50	0	txt
ab_cloud-libs-shared/libs/keyboard/src/main/assets/layouts/numpad_landscape/numpad_landscape.json	verbatim		46	0	txt
ab_cloud-libs-shared/libs/keyboard/src/main/assets/layouts/phone/phone.json	verbatim		26	0	txt
ab_cloud-libs-shared/libs/keyboard/src/main/assets/layouts/phone_symbols/phone_symbols.json	verbatim		26	0	txt
ab_cloud-libs-shared/libs/keyboard/src/main/assets/layouts/symbols/symbols.txt	verbatim		27	0	txt
ab_cloud-libs-shared/libs/keyboard/src/main/assets/layouts/symbols/symbols_arabic.txt	verbatim		26	0	txt
ab_cloud-libs-shared/libs/keyboard/src/main/assets/locale_key_texts/af.txt	verbatim		10	0	txt
ab_cloud-libs-shared/libs/keyboard/src/main/assets/locale_key_texts/ar.txt	verbatim		26	0	txt
ab_cloud-libs-shared/libs/keyboard/src/main/assets/locale_key_texts/az.txt	verbatim		9	0	txt
ab_cloud-libs-shared/libs/keyboard/src/main/assets/locale_key_texts/be.txt	verbatim		7	0	txt
ab_cloud-libs-shared/libs/keyboard/src/main/assets/locale_key_texts/bg.txt	verbatim		6	0	txt
ab_cloud-libs-shared/libs/keyboard/src/main/assets/locale_key_texts/bn-BD.txt	verbatim		39	0	txt
ab_cloud-libs-shared/libs/keyboard/src/main/assets/locale_key_texts/bn-IN.txt	verbatim		39	0	txt
ab_cloud-libs-shared/libs/keyboard/src/main/assets/locale_key_texts/ca.txt	verbatim		13	0	txt
ab_cloud-libs-shared/libs/keyboard/src/main/assets/locale_key_texts/ckb.txt	verbatim		36	0	txt
ab_cloud-libs-shared/libs/keyboard/src/main/assets/locale_key_texts/cs.txt	verbatim		18	0	txt
ab_cloud-libs-shared/libs/keyboard/src/main/assets/locale_key_texts/cv.txt	verbatim		19	0	txt
ab_cloud-libs-shared/libs/keyboard/src/main/assets/locale_key_texts/da.txt	verbatim		12	0	txt
ab_cloud-libs-shared/libs/keyboard/src/main/assets/locale_key_texts/de-CH.txt	verbatim		10	0	txt
ab_cloud-libs-shared/libs/keyboard/src/main/assets/locale_key_texts/de-DE.txt	verbatim		12	0	txt
ab_cloud-libs-shared/libs/keyboard/src/main/assets/locale_key_texts/de.txt	verbatim		9	0	txt
ab_cloud-libs-shared/libs/keyboard/src/main/assets/locale_key_texts/el.txt	verbatim		12	0	txt
ab_cloud-libs-shared/libs/keyboard/src/main/assets/locale_key_texts/eo.txt	verbatim		7	0	txt
ab_cloud-libs-shared/libs/keyboard/src/main/assets/locale_key_texts/es.txt	verbatim		13	0	txt
ab_cloud-libs-shared/libs/keyboard/src/main/assets/locale_key_texts/et.txt	verbatim		15	0	txt
ab_cloud-libs-shared/libs/keyboard/src/main/assets/locale_key_texts/eu.txt	verbatim		10	0	txt
ab_cloud-libs-shared/libs/keyboard/src/main/assets/locale_key_texts/fa.txt	verbatim		19	0	txt
ab_cloud-libs-shared/libs/keyboard/src/main/assets/locale_key_texts/fi.txt	verbatim		11	0	txt
ab_cloud-libs-shared/libs/keyboard/src/main/assets/locale_key_texts/fr.txt	verbatim		14	0	txt
ab_cloud-libs-shared/libs/keyboard/src/main/assets/locale_key_texts/gl.txt	verbatim		9	0	txt
ab_cloud-libs-shared/libs/keyboard/src/main/assets/locale_key_texts/gu.txt	verbatim		5	0	txt
ab_cloud-libs-shared/libs/keyboard/src/main/assets/locale_key_texts/hi-Latn.txt	verbatim		2	0	txt
ab_cloud-libs-shared/libs/keyboard/src/main/assets/locale_key_texts/hi.txt	verbatim		75	0	txt
ab_cloud-libs-shared/libs/keyboard/src/main/assets/locale_key_texts/hr.txt	verbatim		9	0	txt
ab_cloud-libs-shared/libs/keyboard/src/main/assets/locale_key_texts/hu.txt	verbatim		10	0	txt
ab_cloud-libs-shared/libs/keyboard/src/main/assets/locale_key_texts/hy.txt	verbatim		9	0	txt
ab_cloud-libs-shared/libs/keyboard/src/main/assets/locale_key_texts/is.txt	verbatim		13	0	txt
ab_cloud-libs-shared/libs/keyboard/src/main/assets/locale_key_texts/it.txt	verbatim		8	0	txt
ab_cloud-libs-shared/libs/keyboard/src/main/assets/locale_key_texts/iw.txt	verbatim		13	0	txt
ab_cloud-libs-shared/libs/keyboard/src/main/assets/locale_key_texts/ka.txt	verbatim		16	0	txt
ab_cloud-libs-shared/libs/keyboard/src/main/assets/locale_key_texts/kab.txt	verbatim		16	0	txt
ab_cloud-libs-shared/libs/keyboard/src/main/assets/locale_key_texts/kk.txt	verbatim		13	0	txt
ab_cloud-libs-shared/libs/keyboard/src/main/assets/locale_key_texts/km.txt	verbatim		35	0	txt
ab_cloud-libs-shared/libs/keyboard/src/main/assets/locale_key_texts/kn.txt	verbatim		54	0	txt
ab_cloud-libs-shared/libs/keyboard/src/main/assets/locale_key_texts/ko.txt	verbatim		4	0	txt
ab_cloud-libs-shared/libs/keyboard/src/main/assets/locale_key_texts/ky.txt	verbatim		8	0	txt
ab_cloud-libs-shared/libs/keyboard/src/main/assets/locale_key_texts/lo.txt	verbatim		2	0	txt
ab_cloud-libs-shared/libs/keyboard/src/main/assets/locale_key_texts/lt.txt	verbatim		12	0	txt
ab_cloud-libs-shared/libs/keyboard/src/main/assets/locale_key_texts/lv.txt	verbatim		17	0	txt
ab_cloud-libs-shared/libs/keyboard/src/main/assets/locale_key_texts/mhr.txt	verbatim		7	0	txt
ab_cloud-libs-shared/libs/keyboard/src/main/assets/locale_key_texts/mk.txt	verbatim		7	0	txt
ab_cloud-libs-shared/libs/keyboard/src/main/assets/locale_key_texts/ml.txt	verbatim		35	0	txt
ab_cloud-libs-shared/libs/keyboard/src/main/assets/locale_key_texts/mn.txt	verbatim		7	0	txt
ab_cloud-libs-shared/libs/keyboard/src/main/assets/locale_key_texts/mns.txt	verbatim		19	0	txt
ab_cloud-libs-shared/libs/keyboard/src/main/assets/locale_key_texts/more_popups_all.txt	verbatim		26	0	txt
ab_cloud-libs-shared/libs/keyboard/src/main/assets/locale_key_texts/more_popups_main.txt	verbatim		9	0	txt
ab_cloud-libs-shared/libs/keyboard/src/main/assets/locale_key_texts/more_popups_more.txt	verbatim		22	0	txt
ab_cloud-libs-shared/libs/keyboard/src/main/assets/locale_key_texts/mr.txt	verbatim		33	0	txt
ab_cloud-libs-shared/libs/keyboard/src/main/assets/locale_key_texts/mwl.txt	verbatim		7	0	txt
ab_cloud-libs-shared/libs/keyboard/src/main/assets/locale_key_texts/my.txt	verbatim		5	0	txt
ab_cloud-libs-shared/libs/keyboard/src/main/assets/locale_key_texts/nb.txt	verbatim		12	0	txt
ab_cloud-libs-shared/libs/keyboard/src/main/assets/locale_key_texts/ne.txt	verbatim		25	0	txt
ab_cloud-libs-shared/libs/keyboard/src/main/assets/locale_key_texts/nl.txt	verbatim		9	0	txt
ab_cloud-libs-shared/libs/keyboard/src/main/assets/locale_key_texts/pl.txt	verbatim		13	0	txt
ab_cloud-libs-shared/libs/keyboard/src/main/assets/locale_key_texts/pms.txt	verbatim		6	0	txt
ab_cloud-libs-shared/libs/keyboard/src/main/assets/locale_key_texts/pt.txt	verbatim		7	0	txt
ab_cloud-libs-shared/libs/keyboard/src/main/assets/locale_key_texts/ro.txt	verbatim		9	0	txt
ab_cloud-libs-shared/libs/keyboard/src/main/assets/locale_key_texts/ru.txt	verbatim		18	0	txt
ab_cloud-libs-shared/libs/keyboard/src/main/assets/locale_key_texts/si.txt	verbatim		10	0	txt
ab_cloud-libs-shared/libs/keyboard/src/main/assets/locale_key_texts/sk.txt	verbatim		19	0	txt
ab_cloud-libs-shared/libs/keyboard/src/main/assets/locale_key_texts/sl.txt	verbatim		8	0	txt
ab_cloud-libs-shared/libs/keyboard/src/main/assets/locale_key_texts/sr-Latn.txt	verbatim		13	0	txt
ab_cloud-libs-shared/libs/keyboard/src/main/assets/locale_key_texts/sr.txt	verbatim		9	0	txt
ab_cloud-libs-shared/libs/keyboard/src/main/assets/locale_key_texts/sv.txt	verbatim		11	0	txt
ab_cloud-libs-shared/libs/keyboard/src/main/assets/locale_key_texts/sw.txt	verbatim		2	0	txt
ab_cloud-libs-shared/libs/keyboard/src/main/assets/locale_key_texts/ta.txt	verbatim		18	0	txt
ab_cloud-libs-shared/libs/keyboard/src/main/assets/locale_key_texts/te.txt	verbatim		34	0	txt
ab_cloud-libs-shared/libs/keyboard/src/main/assets/locale_key_texts/th.txt	verbatim		4	0	txt
ab_cloud-libs-shared/libs/keyboard/src/main/assets/locale_key_texts/tl.txt	verbatim		4	0	txt
ab_cloud-libs-shared/libs/keyboard/src/main/assets/locale_key_texts/tr.txt	verbatim		11	0	txt
ab_cloud-libs-shared/libs/keyboard/src/main/assets/locale_key_texts/uk.txt	verbatim		22	0	txt
ab_cloud-libs-shared/libs/keyboard/src/main/assets/locale_key_texts/ur.txt	verbatim		31	0	txt
ab_cloud-libs-shared/libs/keyboard/src/main/assets/locale_key_texts/uz.txt	verbatim		12	0	txt
ab_cloud-libs-shared/libs/keyboard/src/main/assets/locale_key_texts/vi.txt	verbatim		10	0	txt
ab_cloud-libs-shared/libs/keyboard/src/main/assets/locale_key_texts/xdq.txt	verbatim		17	0	txt
ab_cloud-libs-shared/libs/keyboard/src/main/assets/locale_key_texts/zu.txt	verbatim		2	0	txt
ab_cloud-libs-shared/libs/keyboard/src/main/assets/locale_key_texts/zz.txt	verbatim		20	0	txt
ab_cloud-libs-shared/libs/keyboard/src/main/java/com/android/inputmethod/keyboard/ProximityInfo.java	verbatim		365	0	txt
ab_cloud-libs-shared/libs/keyboard/src/main/java/com/android/inputmethod/latin/BinaryDictionary.java	verbatim		619	0	txt
ab_cloud-libs-shared/libs/keyboard/src/main/java/com/android/inputmethod/latin/DicTraverseSession.java	verbatim		73	0	txt
ab_cloud-libs-shared/libs/keyboard/src/main/java/com/android/inputmethod/latin/utils/BinaryDictionaryUtils.java	verbatim		103	0	txt
ab_cloud-libs-shared/libs/keyboard/src/main/java/com/android/inputmethod/latin/utils/WordInputEventForPersonalization.java	verbatim		86	0	txt
ab_cloud-libs-shared/libs/keyboard/src/main/java/com/diegonmarcos/superapp/texttools/TextToolsService.kt	new		0	400	txt
ab_cloud-libs-shared/libs/keyboard/src/main/java/helium314/keyboard/accessibility/AccessibilityLongPressTimer.kt	verbatim		45	0	txt
ab_cloud-libs-shared/libs/keyboard/src/main/java/helium314/keyboard/accessibility/AccessibilityUtils.kt	verbatim		226	0	txt
ab_cloud-libs-shared/libs/keyboard/src/main/java/helium314/keyboard/accessibility/KeyCodeDescriptionMapper.kt	verbatim		180	0	txt
ab_cloud-libs-shared/libs/keyboard/src/main/java/helium314/keyboard/accessibility/KeyboardAccessibilityDelegate.kt	verbatim		260	0	txt
ab_cloud-libs-shared/libs/keyboard/src/main/java/helium314/keyboard/accessibility/KeyboardAccessibilityNodeProvider.kt	verbatim		278	0	txt
ab_cloud-libs-shared/libs/keyboard/src/main/java/helium314/keyboard/accessibility/MainKeyboardAccessibilityDelegate.kt	verbatim		246	0	txt
ab_cloud-libs-shared/libs/keyboard/src/main/java/helium314/keyboard/accessibility/PopupKeysKeyboardAccessibilityDelegate.kt	verbatim		93	0	txt
ab_cloud-libs-shared/libs/keyboard/src/main/java/helium314/keyboard/compat/AppWorkarounds.kt	verbatim		37	0	txt
ab_cloud-libs-shared/libs/keyboard/src/main/java/helium314/keyboard/compat/ClipboardManagerCompat.java	verbatim		34	0	txt
ab_cloud-libs-shared/libs/keyboard/src/main/java/helium314/keyboard/compat/ConfigurationCompat.kt	verbatim		10	0	txt
ab_cloud-libs-shared/libs/keyboard/src/main/java/helium314/keyboard/compat/EditorInfoCompatUtils.kt	verbatim		53	0	txt
ab_cloud-libs-shared/libs/keyboard/src/main/java/helium314/keyboard/compat/ImeCompat.kt	verbatim		33	0	txt
ab_cloud-libs-shared/libs/keyboard/src/main/java/helium314/keyboard/compat/IsLockedCompat.kt	verbatim		21	0	txt
ab_cloud-libs-shared/libs/keyboard/src/main/java/helium314/keyboard/dictionarypack/DictionaryPackConstants.kt	verbatim		33	0	txt
ab_cloud-libs-shared/libs/keyboard/src/main/java/helium314/keyboard/event/BnKhiproCombiner.kt	verbatim		455	0	txt
ab_cloud-libs-shared/libs/keyboard/src/main/java/helium314/keyboard/event/Combiner.kt	verbatim		33	0	txt
ab_cloud-libs-shared/libs/keyboard/src/main/java/helium314/keyboard/event/CombinerChain.kt	verbatim		109	0	txt
ab_cloud-libs-shared/libs/keyboard/src/main/java/helium314/keyboard/event/DeadKeyCombiner.kt	verbatim		258	0	txt
ab_cloud-libs-shared/libs/keyboard/src/main/java/helium314/keyboard/event/Event.kt	verbatim		264	0	txt
ab_cloud-libs-shared/libs/keyboard/src/main/java/helium314/keyboard/event/EventDecoder.kt	verbatim		10	0	txt
ab_cloud-libs-shared/libs/keyboard/src/main/java/helium314/keyboard/event/HangulCombiner.kt	verbatim		320	0	txt
ab_cloud-libs-shared/libs/keyboard/src/main/java/helium314/keyboard/event/HangulEventDecoder.kt	verbatim		145	0	txt
ab_cloud-libs-shared/libs/keyboard/src/main/java/helium314/keyboard/event/HapticEvent.kt	verbatim		33	0	txt
ab_cloud-libs-shared/libs/keyboard/src/main/java/helium314/keyboard/event/HardwareEventDecoder.kt	verbatim		12	0	txt
ab_cloud-libs-shared/libs/keyboard/src/main/java/helium314/keyboard/event/HardwareKeyboardEventDecoder.kt	verbatim		69	0	txt
ab_cloud-libs-shared/libs/keyboard/src/main/java/helium314/keyboard/event/InputTransaction.kt	verbatim		59	0	txt
ab_cloud-libs-shared/libs/keyboard/src/main/java/helium314/keyboard/keyboard/Key.java	verbatim		1170	0	txt
ab_cloud-libs-shared/libs/keyboard/src/main/java/helium314/keyboard/keyboard/KeyDetector.java	verbatim		93	0	txt
ab_cloud-libs-shared/libs/keyboard/src/main/java/helium314/keyboard/keyboard/Keyboard.java	verbatim		210	0	txt
ab_cloud-libs-shared/libs/keyboard/src/main/java/helium314/keyboard/keyboard/KeyboardActionListener.java	verbatim		158	0	txt
ab_cloud-libs-shared/libs/keyboard/src/main/java/helium314/keyboard/keyboard/KeyboardActionListenerImpl.kt	modified	src/main/java/helium314/keyboard/keyboard/KeyboardActionListenerImpl.kt	459	27	txt
ab_cloud-libs-shared/libs/keyboard/src/main/java/helium314/keyboard/keyboard/KeyboardId.java	verbatim		299	0	txt
ab_cloud-libs-shared/libs/keyboard/src/main/java/helium314/keyboard/keyboard/KeyboardLayoutSet.java	verbatim		302	0	txt
ab_cloud-libs-shared/libs/keyboard/src/main/java/helium314/keyboard/keyboard/KeyboardSwitcher.java	modified	src/main/java/helium314/keyboard/keyboard/KeyboardSwitcher.java	731	4	txt
ab_cloud-libs-shared/libs/keyboard/src/main/java/helium314/keyboard/keyboard/KeyboardTheme.kt	verbatim		506	0	txt
ab_cloud-libs-shared/libs/keyboard/src/main/java/helium314/keyboard/keyboard/KeyboardTypeface.kt	verbatim		88	0	txt
ab_cloud-libs-shared/libs/keyboard/src/main/java/helium314/keyboard/keyboard/KeyboardView.java	verbatim		608	0	txt
ab_cloud-libs-shared/libs/keyboard/src/main/java/helium314/keyboard/keyboard/MainKeyboardView.java	verbatim		756	0	txt
ab_cloud-libs-shared/libs/keyboard/src/main/java/helium314/keyboard/keyboard/PointerTracker.java	verbatim		1197	0	txt
ab_cloud-libs-shared/libs/keyboard/src/main/java/helium314/keyboard/keyboard/PopupKeysDetector.java	verbatim		39	0	txt
ab_cloud-libs-shared/libs/keyboard/src/main/java/helium314/keyboard/keyboard/PopupKeysKeyboard.java	verbatim		328	0	txt
ab_cloud-libs-shared/libs/keyboard/src/main/java/helium314/keyboard/keyboard/PopupKeysKeyboardView.java	verbatim		304	0	txt
ab_cloud-libs-shared/libs/keyboard/src/main/java/helium314/keyboard/keyboard/PopupKeysPanel.java	verbatim		148	0	txt
ab_cloud-libs-shared/libs/keyboard/src/main/java/helium314/keyboard/keyboard/PopupTextView.java	verbatim		100	0	txt
ab_cloud-libs-shared/libs/keyboard/src/main/java/helium314/keyboard/keyboard/TouchpadHandler.java	verbatim		185	0	txt
ab_cloud-libs-shared/libs/keyboard/src/main/java/helium314/keyboard/keyboard/clipboard/ClipboardAdapter.kt	modified	src/main/java/helium314/keyboard/keyboard/clipboard/ClipboardAdapter.kt	93	6	txt
ab_cloud-libs-shared/libs/keyboard/src/main/java/helium314/keyboard/keyboard/clipboard/ClipboardHistoryRecyclerView.kt	verbatim		62	0	txt
ab_cloud-libs-shared/libs/keyboard/src/main/java/helium314/keyboard/keyboard/clipboard/ClipboardHistoryView.kt	modified	src/main/java/helium314/keyboard/keyboard/clipboard/ClipboardHistoryView.kt	230	103	txt
ab_cloud-libs-shared/libs/keyboard/src/main/java/helium314/keyboard/keyboard/clipboard/ClipboardLayoutParams.kt	verbatim		50	0	txt
ab_cloud-libs-shared/libs/keyboard/src/main/java/helium314/keyboard/keyboard/clipboard/OnKeyEventListener.kt	verbatim		6	0	txt
ab_cloud-libs-shared/libs/keyboard/src/main/java/helium314/keyboard/keyboard/emoji/DynamicGridKeyboard.java	modified	src/main/java/helium314/keyboard/keyboard/emoji/DynamicGridKeyboard.java	304	63	txt
ab_cloud-libs-shared/libs/keyboard/src/main/java/helium314/keyboard/keyboard/emoji/EmojiCategory.java	modified	src/main/java/helium314/keyboard/keyboard/emoji/EmojiCategory.java	315	58	txt
ab_cloud-libs-shared/libs/keyboard/src/main/java/helium314/keyboard/keyboard/emoji/EmojiCategoryPageIndicatorView.java	verbatim		54	0	txt
ab_cloud-libs-shared/libs/keyboard/src/main/java/helium314/keyboard/keyboard/emoji/EmojiLayoutParams.kt	verbatim		49	0	txt
ab_cloud-libs-shared/libs/keyboard/src/main/java/helium314/keyboard/keyboard/emoji/EmojiPageKeyboardView.java	modified	src/main/java/helium314/keyboard/keyboard/emoji/EmojiPageKeyboardView.java	418	13	txt
ab_cloud-libs-shared/libs/keyboard/src/main/java/helium314/keyboard/keyboard/emoji/EmojiPalettesAdapter.java	verbatim		62	0	txt
ab_cloud-libs-shared/libs/keyboard/src/main/java/helium314/keyboard/keyboard/emoji/EmojiPalettesView.java	modified	src/main/java/helium314/keyboard/keyboard/emoji/EmojiPalettesView.java	417	98	txt
ab_cloud-libs-shared/libs/keyboard/src/main/java/helium314/keyboard/keyboard/emoji/EmojiSearchActivity.kt	modified	src/main/java/helium314/keyboard/keyboard/emoji/EmojiSearchActivity.kt	383	4	txt
ab_cloud-libs-shared/libs/keyboard/src/main/java/helium314/keyboard/keyboard/emoji/EmojiSearchBarView.kt	new		0	229	txt
ab_cloud-libs-shared/libs/keyboard/src/main/java/helium314/keyboard/keyboard/emoji/EmojiViewCallback.java	modified	src/main/java/helium314/keyboard/keyboard/emoji/EmojiViewCallback.java	23	2	txt
ab_cloud-libs-shared/libs/keyboard/src/main/java/helium314/keyboard/keyboard/emoji/SupportedEmojis.kt	verbatim		37	0	txt
ab_cloud-libs-shared/libs/keyboard/src/main/java/helium314/keyboard/keyboard/internal/AbstractDrawingPreview.java	verbatim		61	0	txt
ab_cloud-libs-shared/libs/keyboard/src/main/java/helium314/keyboard/keyboard/internal/AlphabetShiftState.java	verbatim		89	0	txt
ab_cloud-libs-shared/libs/keyboard/src/main/java/helium314/keyboard/keyboard/internal/BatchInputArbiter.java	verbatim		157	0	txt
ab_cloud-libs-shared/libs/keyboard/src/main/java/helium314/keyboard/keyboard/internal/BogusMoveEventDetector.java	verbatim		86	0	txt
ab_cloud-libs-shared/libs/keyboard/src/main/java/helium314/keyboard/keyboard/internal/DrawingPreviewPlacerView.java	verbatim		65	0	txt
ab_cloud-libs-shared/libs/keyboard/src/main/java/helium314/keyboard/keyboard/internal/DrawingProxy.java	verbatim		58	0	txt
ab_cloud-libs-shared/libs/keyboard/src/main/java/helium314/keyboard/keyboard/internal/GestureEnabler.java	verbatim		36	0	txt
ab_cloud-libs-shared/libs/keyboard/src/main/java/helium314/keyboard/keyboard/internal/GestureFloatingTextDrawingPreview.java	verbatim		150	0	txt
ab_cloud-libs-shared/libs/keyboard/src/main/java/helium314/keyboard/keyboard/internal/GestureStrokeDrawingParams.java	verbatim		35	0	txt
ab_cloud-libs-shared/libs/keyboard/src/main/java/helium314/keyboard/keyboard/internal/GestureStrokeDrawingPoints.java	verbatim		170	0	txt
ab_cloud-libs-shared/libs/keyboard/src/main/java/helium314/keyboard/keyboard/internal/GestureStrokeRecognitionParams.java	verbatim		81	0	txt
ab_cloud-libs-shared/libs/keyboard/src/main/java/helium314/keyboard/keyboard/internal/GestureStrokeRecognitionPoints.java	verbatim		297	0	txt
ab_cloud-libs-shared/libs/keyboard/src/main/java/helium314/keyboard/keyboard/internal/GestureTrailDrawingParams.java	verbatim		56	0	txt
ab_cloud-libs-shared/libs/keyboard/src/main/java/helium314/keyboard/keyboard/internal/GestureTrailDrawingPoints.java	verbatim		244	0	txt
ab_cloud-libs-shared/libs/keyboard/src/main/java/helium314/keyboard/keyboard/internal/GestureTrailsDrawingPreview.java	verbatim		150	0	txt
ab_cloud-libs-shared/libs/keyboard/src/main/java/helium314/keyboard/keyboard/internal/HermiteInterpolator.java	verbatim		142	0	txt
ab_cloud-libs-shared/libs/keyboard/src/main/java/helium314/keyboard/keyboard/internal/KeyDrawParams.java	verbatim		129	0	txt
ab_cloud-libs-shared/libs/keyboard/src/main/java/helium314/keyboard/keyboard/internal/KeyPreviewChoreographer.java	verbatim		112	0	txt
ab_cloud-libs-shared/libs/keyboard/src/main/java/helium314/keyboard/keyboard/internal/KeyPreviewDrawParams.java	verbatim		74	0	txt
ab_cloud-libs-shared/libs/keyboard/src/main/java/helium314/keyboard/keyboard/internal/KeyPreviewView.java	verbatim		119	0	txt
ab_cloud-libs-shared/libs/keyboard/src/main/java/helium314/keyboard/keyboard/internal/KeySpecParser.java	verbatim		226	0	txt
ab_cloud-libs-shared/libs/keyboard/src/main/java/helium314/keyboard/keyboard/internal/KeyVisualAttributes.java	verbatim		127	0	txt
ab_cloud-libs-shared/libs/keyboard/src/main/java/helium314/keyboard/keyboard/internal/KeyboardBuilder.kt	verbatim		246	0	txt
ab_cloud-libs-shared/libs/keyboard/src/main/java/helium314/keyboard/keyboard/internal/KeyboardCodesSet.java	verbatim		84	0	txt
ab_cloud-libs-shared/libs/keyboard/src/main/java/helium314/keyboard/keyboard/internal/KeyboardIconsSet.kt	modified	src/main/java/helium314/keyboard/keyboard/internal/KeyboardIconsSet.kt	291	15	txt
ab_cloud-libs-shared/libs/keyboard/src/main/java/helium314/keyboard/keyboard/internal/KeyboardParams.java	verbatim		242	0	txt
ab_cloud-libs-shared/libs/keyboard/src/main/java/helium314/keyboard/keyboard/internal/KeyboardState.kt	verbatim		658	0	txt
ab_cloud-libs-shared/libs/keyboard/src/main/java/helium314/keyboard/keyboard/internal/ModifierKeyState.java	verbatim		61	0	txt
ab_cloud-libs-shared/libs/keyboard/src/main/java/helium314/keyboard/keyboard/internal/NonDistinctMultitouchHelper.java	verbatim		93	0	txt
ab_cloud-libs-shared/libs/keyboard/src/main/java/helium314/keyboard/keyboard/internal/PointerTrackerQueue.java	verbatim		209	0	txt
ab_cloud-libs-shared/libs/keyboard/src/main/java/helium314/keyboard/keyboard/internal/PopupKeySpec.java	verbatim		315	0	txt
ab_cloud-libs-shared/libs/keyboard/src/main/java/helium314/keyboard/keyboard/internal/RoundedLine.java	verbatim		96	0	txt
ab_cloud-libs-shared/libs/keyboard/src/main/java/helium314/keyboard/keyboard/internal/ShiftKeyState.java	verbatim		51	0	txt
ab_cloud-libs-shared/libs/keyboard/src/main/java/helium314/keyboard/keyboard/internal/SlidingKeyInputDrawingPreview.java	verbatim		79	0	txt
ab_cloud-libs-shared/libs/keyboard/src/main/java/helium314/keyboard/keyboard/internal/TimerHandler.java	verbatim		193	0	txt
ab_cloud-libs-shared/libs/keyboard/src/main/java/helium314/keyboard/keyboard/internal/TimerProxy.java	verbatim		106	0	txt
ab_cloud-libs-shared/libs/keyboard/src/main/java/helium314/keyboard/keyboard/internal/TouchPositionCorrection.java	verbatim		73	0	txt
ab_cloud-libs-shared/libs/keyboard/src/main/java/helium314/keyboard/keyboard/internal/TypingTimeRecorder.java	verbatim		53	0	txt
ab_cloud-libs-shared/libs/keyboard/src/main/java/helium314/keyboard/keyboard/internal/UniqueKeysCache.java	verbatim		58	0	txt
ab_cloud-libs-shared/libs/keyboard/src/main/java/helium314/keyboard/keyboard/internal/keyboard_parser/EmojiParser.kt	verbatim		142	0	txt
ab_cloud-libs-shared/libs/keyboard/src/main/java/helium314/keyboard/keyboard/internal/keyboard_parser/KeyboardParser.kt	verbatim		313	0	txt
ab_cloud-libs-shared/libs/keyboard/src/main/java/helium314/keyboard/keyboard/internal/keyboard_parser/LayoutParser.kt	verbatim		170	0	txt
ab_cloud-libs-shared/libs/keyboard/src/main/java/helium314/keyboard/keyboard/internal/keyboard_parser/LocaleKeyboardInfos.kt	verbatim		313	0	txt
ab_cloud-libs-shared/libs/keyboard/src/main/java/helium314/keyboard/keyboard/internal/keyboard_parser/floris/KeyCode.kt	modified	src/main/java/helium314/keyboard/keyboard/internal/keyboard_parser/floris/KeyCode.kt	309	6	txt
ab_cloud-libs-shared/libs/keyboard/src/main/java/helium314/keyboard/keyboard/internal/keyboard_parser/floris/KeyData.kt	verbatim		315	0	txt
ab_cloud-libs-shared/libs/keyboard/src/main/java/helium314/keyboard/keyboard/internal/keyboard_parser/floris/KeyLabel.kt	verbatim		179	0	txt
ab_cloud-libs-shared/libs/keyboard/src/main/java/helium314/keyboard/keyboard/internal/keyboard_parser/floris/KeyType.kt	verbatim		56	0	txt
ab_cloud-libs-shared/libs/keyboard/src/main/java/helium314/keyboard/keyboard/internal/keyboard_parser/floris/PopupSet.kt	verbatim		50	0	txt
ab_cloud-libs-shared/libs/keyboard/src/main/java/helium314/keyboard/keyboard/internal/keyboard_parser/floris/TextKeyData.kt	verbatim		584	0	txt
ab_cloud-libs-shared/libs/keyboard/src/main/java/helium314/keyboard/keyboard/internal/keyboard_parser/floris/Unicode.kt	verbatim		20	0	txt
ab_cloud-libs-shared/libs/keyboard/src/main/java/helium314/keyboard/latin/AiRouter.kt	new		0	431	txt
ab_cloud-libs-shared/libs/keyboard/src/main/java/helium314/keyboard/latin/App.kt	verbatim		54	0	txt
ab_cloud-libs-shared/libs/keyboard/src/main/java/helium314/keyboard/latin/AppUpgrade.kt	modified	src/main/java/helium314/keyboard/latin/AppUpgrade.kt	688	7	txt
ab_cloud-libs-shared/libs/keyboard/src/main/java/helium314/keyboard/latin/AppsManager.kt	verbatim		49	0	txt
ab_cloud-libs-shared/libs/keyboard/src/main/java/helium314/keyboard/latin/AudioAndHapticFeedbackManager.java	verbatim		112	0	txt
ab_cloud-libs-shared/libs/keyboard/src/main/java/helium314/keyboard/latin/ClipboardHistoryEntry.kt	modified	src/main/java/helium314/keyboard/latin/ClipboardHistoryEntry.kt	66	5	txt
ab_cloud-libs-shared/libs/keyboard/src/main/java/helium314/keyboard/latin/ClipboardHistoryManager.kt	modified	src/main/java/helium314/keyboard/latin/ClipboardHistoryManager.kt	230	84	txt
ab_cloud-libs-shared/libs/keyboard/src/main/java/helium314/keyboard/latin/ContactsContentObserver.java	verbatim		111	0	txt
ab_cloud-libs-shared/libs/keyboard/src/main/java/helium314/keyboard/latin/ContactsDictionaryConstants.java	verbatim		33	0	txt
ab_cloud-libs-shared/libs/keyboard/src/main/java/helium314/keyboard/latin/ContactsDictionaryUtils.java	verbatim		44	0	txt
ab_cloud-libs-shared/libs/keyboard/src/main/java/helium314/keyboard/latin/ContactsManager.java	verbatim		202	0	txt
ab_cloud-libs-shared/libs/keyboard/src/main/java/helium314/keyboard/latin/DictionaryDumpBroadcastReceiver.java	verbatim		33	0	txt
ab_cloud-libs-shared/libs/keyboard/src/main/java/helium314/keyboard/latin/DictionaryFacilitator.java	verbatim		119	0	txt
ab_cloud-libs-shared/libs/keyboard/src/main/java/helium314/keyboard/latin/DictionaryFacilitatorImpl.kt	verbatim		768	0	txt
ab_cloud-libs-shared/libs/keyboard/src/main/java/helium314/keyboard/latin/DictionaryFacilitatorLruCache.java	verbatim		95	0	txt
ab_cloud-libs-shared/libs/keyboard/src/main/java/helium314/keyboard/latin/DictionaryFacilitatorProvider.java	verbatim		14	0	txt
ab_cloud-libs-shared/libs/keyboard/src/main/java/helium314/keyboard/latin/DictionaryPackInstallBroadcastReceiver.java	verbatim		98	0	txt
ab_cloud-libs-shared/libs/keyboard/src/main/java/helium314/keyboard/latin/EmojiAltPhysicalKeyDetector.java	verbatim		168	0	txt
ab_cloud-libs-shared/libs/keyboard/src/main/java/helium314/keyboard/latin/EnhanceBarView.kt	new		0	646	txt
ab_cloud-libs-shared/libs/keyboard/src/main/java/helium314/keyboard/latin/GrammarChecker.kt	new		0	315	txt
ab_cloud-libs-shared/libs/keyboard/src/main/java/helium314/keyboard/latin/InputAttributes.java	verbatim		232	0	txt
ab_cloud-libs-shared/libs/keyboard/src/main/java/helium314/keyboard/latin/InputView.java	verbatim		224	0	txt
ab_cloud-libs-shared/libs/keyboard/src/main/java/helium314/keyboard/latin/KeyboardWrapperView.kt	verbatim		146	0	txt
ab_cloud-libs-shared/libs/keyboard/src/main/java/helium314/keyboard/latin/LastComposedWord.java	verbatim		70	0	txt
ab_cloud-libs-shared/libs/keyboard/src/main/java/helium314/keyboard/latin/LatinIME.java	modified	src/main/java/helium314/keyboard/latin/LatinIME.java	1677	366	txt
ab_cloud-libs-shared/libs/keyboard/src/main/java/helium314/keyboard/latin/NgramContext.java	verbatim		254	0	txt
ab_cloud-libs-shared/libs/keyboard/src/main/java/helium314/keyboard/latin/PunctuationSuggestions.java	verbatim		104	0	txt
ab_cloud-libs-shared/libs/keyboard/src/main/java/helium314/keyboard/latin/RichInputConnection.java	modified	src/main/java/helium314/keyboard/latin/RichInputConnection.java	1108	17	txt
ab_cloud-libs-shared/libs/keyboard/src/main/java/helium314/keyboard/latin/RichInputMethodManager.kt	verbatim		251	0	txt
ab_cloud-libs-shared/libs/keyboard/src/main/java/helium314/keyboard/latin/RichInputMethodSubtype.kt	verbatim		104	0	txt
ab_cloud-libs-shared/libs/keyboard/src/main/java/helium314/keyboard/latin/SingleDictionaryFacilitator.kt	verbatim		116	0	txt
ab_cloud-libs-shared/libs/keyboard/src/main/java/helium314/keyboard/latin/Suggest.kt	modified	src/main/java/helium314/keyboard/latin/Suggest.kt	527	31	txt
ab_cloud-libs-shared/libs/keyboard/src/main/java/helium314/keyboard/latin/SuggestedWords.java	verbatim		404	0	txt
ab_cloud-libs-shared/libs/keyboard/src/main/java/helium314/keyboard/latin/SystemBroadcastReceiver.java	verbatim		90	0	txt
ab_cloud-libs-shared/libs/keyboard/src/main/java/helium314/keyboard/latin/TextEnhancer.kt	new		0	305	txt
ab_cloud-libs-shared/libs/keyboard/src/main/java/helium314/keyboard/latin/WordComposer.java	verbatim		477	0	txt
ab_cloud-libs-shared/libs/keyboard/src/main/java/helium314/keyboard/latin/common/CollectionUtils.java	verbatim		36	0	txt
ab_cloud-libs-shared/libs/keyboard/src/main/java/helium314/keyboard/latin/common/Colors.kt	verbatim		595	0	txt
ab_cloud-libs-shared/libs/keyboard/src/main/java/helium314/keyboard/latin/common/ComposedData.kt	verbatim		52	0	txt
ab_cloud-libs-shared/libs/keyboard/src/main/java/helium314/keyboard/latin/common/Constants.java	verbatim		233	0	txt
ab_cloud-libs-shared/libs/keyboard/src/main/java/helium314/keyboard/latin/common/Constants.kt	verbatim		23	0	txt
ab_cloud-libs-shared/libs/keyboard/src/main/java/helium314/keyboard/latin/common/CoordinateUtils.java	verbatim		68	0	txt
ab_cloud-libs-shared/libs/keyboard/src/main/java/helium314/keyboard/latin/common/Emoji.kt	verbatim		5	0	txt
ab_cloud-libs-shared/libs/keyboard/src/main/java/helium314/keyboard/latin/common/FileUtils.java	verbatim		89	0	txt
ab_cloud-libs-shared/libs/keyboard/src/main/java/helium314/keyboard/latin/common/InputPointers.java	verbatim		133	0	txt
ab_cloud-libs-shared/libs/keyboard/src/main/java/helium314/keyboard/latin/common/LocaleUtils.kt	verbatim		194	0	txt
ab_cloud-libs-shared/libs/keyboard/src/main/java/helium314/keyboard/latin/common/NativeSuggestOptions.java	verbatim		45	0	txt
ab_cloud-libs-shared/libs/keyboard/src/main/java/helium314/keyboard/latin/common/ResizableIntArray.java	verbatim		129	0	txt
ab_cloud-libs-shared/libs/keyboard/src/main/java/helium314/keyboard/latin/common/StringUtils.java	verbatim		495	0	txt
ab_cloud-libs-shared/libs/keyboard/src/main/java/helium314/keyboard/latin/common/StringUtils.kt	verbatim		284	0	txt
ab_cloud-libs-shared/libs/keyboard/src/main/java/helium314/keyboard/latin/common/SuggestionSpanUtils.kt	verbatim		45	0	txt
ab_cloud-libs-shared/libs/keyboard/src/main/java/helium314/keyboard/latin/common/UnicodeSurrogate.java	verbatim		24	0	txt
ab_cloud-libs-shared/libs/keyboard/src/main/java/helium314/keyboard/latin/common/ViewOutlineProviderUtils.kt	verbatim		40	0	txt
ab_cloud-libs-shared/libs/keyboard/src/main/java/helium314/keyboard/latin/database/ClipboardDao.kt	modified	src/main/java/helium314/keyboard/latin/database/ClipboardDao.kt	234	188	txt
ab_cloud-libs-shared/libs/keyboard/src/main/java/helium314/keyboard/latin/database/Database.kt	modified	src/main/java/helium314/keyboard/latin/database/Database.kt	74	9	txt
ab_cloud-libs-shared/libs/keyboard/src/main/java/helium314/keyboard/latin/define/DebugFlags.kt	verbatim		70	0	txt
ab_cloud-libs-shared/libs/keyboard/src/main/java/helium314/keyboard/latin/define/DecoderSpecificConstants.kt	verbatim		22	0	txt
ab_cloud-libs-shared/libs/keyboard/src/main/java/helium314/keyboard/latin/define/ProductionFlags.kt	verbatim		20	0	txt
ab_cloud-libs-shared/libs/keyboard/src/main/java/helium314/keyboard/latin/dictionary/AppsBinaryDictionary.java	verbatim		92	0	txt
ab_cloud-libs-shared/libs/keyboard/src/main/java/helium314/keyboard/latin/dictionary/ContactsBinaryDictionary.java	verbatim		129	0	txt
ab_cloud-libs-shared/libs/keyboard/src/main/java/helium314/keyboard/latin/dictionary/Dictionary.java	verbatim		184	0	txt
ab_cloud-libs-shared/libs/keyboard/src/main/java/helium314/keyboard/latin/dictionary/DictionaryCollection.java	verbatim		91	0	txt
ab_cloud-libs-shared/libs/keyboard/src/main/java/helium314/keyboard/latin/dictionary/DictionaryFactory.kt	verbatim		104	0	txt
ab_cloud-libs-shared/libs/keyboard/src/main/java/helium314/keyboard/latin/dictionary/DictionaryStats.java	verbatim		83	0	txt
ab_cloud-libs-shared/libs/keyboard/src/main/java/helium314/keyboard/latin/dictionary/ExpandableBinaryDictionary.java	verbatim		577	0	txt
ab_cloud-libs-shared/libs/keyboard/src/main/java/helium314/keyboard/latin/dictionary/KoreanDictionary.java	verbatim		94	0	txt
ab_cloud-libs-shared/libs/keyboard/src/main/java/helium314/keyboard/latin/dictionary/ReadOnlyBinaryDictionary.java	verbatim		121	0	txt
ab_cloud-libs-shared/libs/keyboard/src/main/java/helium314/keyboard/latin/dictionary/UserBinaryDictionary.java	verbatim		195	0	txt
ab_cloud-libs-shared/libs/keyboard/src/main/java/helium314/keyboard/latin/inputlogic/InputLogic.java	modified	src/main/java/helium314/keyboard/latin/inputlogic/InputLogic.java	2632	45	txt
ab_cloud-libs-shared/libs/keyboard/src/main/java/helium314/keyboard/latin/inputlogic/InputLogicHandler.java	verbatim		147	0	txt
ab_cloud-libs-shared/libs/keyboard/src/main/java/helium314/keyboard/latin/inputlogic/PrivateCommandPerformer.java	verbatim		27	0	txt
ab_cloud-libs-shared/libs/keyboard/src/main/java/helium314/keyboard/latin/inputlogic/SpaceState.java	verbatim		41	0	txt
ab_cloud-libs-shared/libs/keyboard/src/main/java/helium314/keyboard/latin/makedict/DictionaryHeader.kt	verbatim		56	0	txt
ab_cloud-libs-shared/libs/keyboard/src/main/java/helium314/keyboard/latin/makedict/FormatSpec.java	verbatim		257	0	txt
ab_cloud-libs-shared/libs/keyboard/src/main/java/helium314/keyboard/latin/makedict/NgramProperty.java	verbatim		25	0	txt
ab_cloud-libs-shared/libs/keyboard/src/main/java/helium314/keyboard/latin/makedict/ProbabilityInfo.java	verbatim		63	0	txt
ab_cloud-libs-shared/libs/keyboard/src/main/java/helium314/keyboard/latin/makedict/UnsupportedFormatException.java	verbatim		14	0	txt
ab_cloud-libs-shared/libs/keyboard/src/main/java/helium314/keyboard/latin/makedict/WeightedString.java	verbatim		39	0	txt
ab_cloud-libs-shared/libs/keyboard/src/main/java/helium314/keyboard/latin/makedict/WordProperty.java	verbatim		185	0	txt
ab_cloud-libs-shared/libs/keyboard/src/main/java/helium314/keyboard/latin/permissions/PermissionsUtil.java	verbatim		31	0	txt
ab_cloud-libs-shared/libs/keyboard/src/main/java/helium314/keyboard/latin/personalization/PersonalizationHelper.java	verbatim		80	0	txt
ab_cloud-libs-shared/libs/keyboard/src/main/java/helium314/keyboard/latin/personalization/UserHistoryDictionary.java	verbatim		78	0	txt
ab_cloud-libs-shared/libs/keyboard/src/main/java/helium314/keyboard/latin/settings/DebugSettings.java	verbatim		20	0	txt
ab_cloud-libs-shared/libs/keyboard/src/main/java/helium314/keyboard/latin/settings/Defaults.kt	modified	src/main/java/helium314/keyboard/latin/settings/Defaults.kt	178	41	txt
ab_cloud-libs-shared/libs/keyboard/src/main/java/helium314/keyboard/latin/settings/Settings.java	modified	src/main/java/helium314/keyboard/latin/settings/Settings.java	523	40	txt
ab_cloud-libs-shared/libs/keyboard/src/main/java/helium314/keyboard/latin/settings/Settings.kt	verbatim		49	0	txt
ab_cloud-libs-shared/libs/keyboard/src/main/java/helium314/keyboard/latin/settings/SettingsSubtype.kt	verbatim		108	0	txt
ab_cloud-libs-shared/libs/keyboard/src/main/java/helium314/keyboard/latin/settings/SettingsValues.java	modified	src/main/java/helium314/keyboard/latin/settings/SettingsValues.java	428	2	txt
ab_cloud-libs-shared/libs/keyboard/src/main/java/helium314/keyboard/latin/settings/SettingsValuesForSuggestion.java	verbatim		17	0	txt
ab_cloud-libs-shared/libs/keyboard/src/main/java/helium314/keyboard/latin/settings/SpacingAndPunctuations.java	verbatim		119	0	txt
ab_cloud-libs-shared/libs/keyboard/src/main/java/helium314/keyboard/latin/spellcheck/AndroidSpellCheckerService.java	verbatim		204	0	txt
ab_cloud-libs-shared/libs/keyboard/src/main/java/helium314/keyboard/latin/spellcheck/AndroidSpellCheckerSession.java	verbatim		193	0	txt
ab_cloud-libs-shared/libs/keyboard/src/main/java/helium314/keyboard/latin/spellcheck/AndroidSpellCheckerSessionFactory.java	verbatim		12	0	txt
ab_cloud-libs-shared/libs/keyboard/src/main/java/helium314/keyboard/latin/spellcheck/AndroidWordLevelSpellCheckerSession.java	verbatim		397	0	txt
ab_cloud-libs-shared/libs/keyboard/src/main/java/helium314/keyboard/latin/spellcheck/SentenceLevelAdapter.java	verbatim		159	0	txt
ab_cloud-libs-shared/libs/keyboard/src/main/java/helium314/keyboard/latin/spellcheck/SpellCheckerSettingsActivity.kt	verbatim		19	0	txt
ab_cloud-libs-shared/libs/keyboard/src/main/java/helium314/keyboard/latin/suggestions/MoreSuggestions.java	verbatim		229	0	txt
ab_cloud-libs-shared/libs/keyboard/src/main/java/helium314/keyboard/latin/suggestions/MoreSuggestionsView.kt	verbatim		187	0	txt
ab_cloud-libs-shared/libs/keyboard/src/main/java/helium314/keyboard/latin/suggestions/PagedToolbarScrollView.kt	new		0	139	txt
ab_cloud-libs-shared/libs/keyboard/src/main/java/helium314/keyboard/latin/suggestions/SuggestionStripLayoutHelper.java	verbatim		558	0	txt
ab_cloud-libs-shared/libs/keyboard/src/main/java/helium314/keyboard/latin/suggestions/SuggestionStripView.kt	modified	src/main/java/helium314/keyboard/latin/suggestions/SuggestionStripView.kt	449	176	txt
ab_cloud-libs-shared/libs/keyboard/src/main/java/helium314/keyboard/latin/suggestions/SuggestionStripViewAccessor.java	verbatim		15	0	txt
ab_cloud-libs-shared/libs/keyboard/src/main/java/helium314/keyboard/latin/suggestions/ToolbarStatus.kt	new		0	114	txt
ab_cloud-libs-shared/libs/keyboard/src/main/java/helium314/keyboard/latin/touchinputconsumer/GestureConsumer.java	verbatim		46	0	txt
ab_cloud-libs-shared/libs/keyboard/src/main/java/helium314/keyboard/latin/utils/AsyncResultHolder.java	verbatim		53	0	txt
ab_cloud-libs-shared/libs/keyboard/src/main/java/helium314/keyboard/latin/utils/AutoCorrectionUtils.java	verbatim		44	0	txt
ab_cloud-libs-shared/libs/keyboard/src/main/java/helium314/keyboard/latin/utils/CapsModeUtils.java	verbatim		328	0	txt
ab_cloud-libs-shared/libs/keyboard/src/main/java/helium314/keyboard/latin/utils/ChecksumCalculator.kt	verbatim		35	0	txt
ab_cloud-libs-shared/libs/keyboard/src/main/java/helium314/keyboard/latin/utils/ColorUtil.kt	verbatim		47	0	txt
ab_cloud-libs-shared/libs/keyboard/src/main/java/helium314/keyboard/latin/utils/CombinedFormatUtils.java	verbatim		101	0	txt
ab_cloud-libs-shared/libs/keyboard/src/main/java/helium314/keyboard/latin/utils/DebugLogUtils.java	verbatim		36	0	txt
ab_cloud-libs-shared/libs/keyboard/src/main/java/helium314/keyboard/latin/utils/DeviceProtectedUtils.java	verbatim		48	0	txt
ab_cloud-libs-shared/libs/keyboard/src/main/java/helium314/keyboard/latin/utils/DialogUtils.kt	verbatim		10	0	txt
ab_cloud-libs-shared/libs/keyboard/src/main/java/helium314/keyboard/latin/utils/DictionaryInfoUtils.kt	verbatim		169	0	txt
ab_cloud-libs-shared/libs/keyboard/src/main/java/helium314/keyboard/latin/utils/DictionaryUtils.kt	verbatim		116	0	txt
ab_cloud-libs-shared/libs/keyboard/src/main/java/helium314/keyboard/latin/utils/ExecutorUtils.java	verbatim		110	0	txt
ab_cloud-libs-shared/libs/keyboard/src/main/java/helium314/keyboard/latin/utils/FloatingKeyboardUtils.kt	verbatim		144	0	txt
ab_cloud-libs-shared/libs/keyboard/src/main/java/helium314/keyboard/latin/utils/FoldableUtils.kt	verbatim		139	0	txt
ab_cloud-libs-shared/libs/keyboard/src/main/java/helium314/keyboard/latin/utils/GestureDataDao.kt	verbatim		203	0	txt
ab_cloud-libs-shared/libs/keyboard/src/main/java/helium314/keyboard/latin/utils/GestureDataGathering.kt	verbatim		374	0	txt
ab_cloud-libs-shared/libs/keyboard/src/main/java/helium314/keyboard/latin/utils/GestureDataGatheringSettings.kt	verbatim		209	0	txt
ab_cloud-libs-shared/libs/keyboard/src/main/java/helium314/keyboard/latin/utils/Icons.kt	verbatim		83	0	txt
ab_cloud-libs-shared/libs/keyboard/src/main/java/helium314/keyboard/latin/utils/InlineAutofillUtils.java	verbatim		167	0	txt
ab_cloud-libs-shared/libs/keyboard/src/main/java/helium314/keyboard/latin/utils/InputMethodPicker.kt	verbatim		78	0	txt
ab_cloud-libs-shared/libs/keyboard/src/main/java/helium314/keyboard/latin/utils/InputTypeUtils.java	verbatim		70	0	txt
ab_cloud-libs-shared/libs/keyboard/src/main/java/helium314/keyboard/latin/utils/IntentUtils.kt	verbatim		20	0	txt
ab_cloud-libs-shared/libs/keyboard/src/main/java/helium314/keyboard/latin/utils/JniUtils.java	verbatim		109	0	txt
ab_cloud-libs-shared/libs/keyboard/src/main/java/helium314/keyboard/latin/utils/JsonUtils.java	verbatim		84	0	txt
ab_cloud-libs-shared/libs/keyboard/src/main/java/helium314/keyboard/latin/utils/KeyboardUpdate.kt	new		0	62	txt
ab_cloud-libs-shared/libs/keyboard/src/main/java/helium314/keyboard/latin/utils/Ktx.kt	verbatim		142	0	txt
ab_cloud-libs-shared/libs/keyboard/src/main/java/helium314/keyboard/latin/utils/LanguageOnSpacebarUtils.java	verbatim		69	0	txt
ab_cloud-libs-shared/libs/keyboard/src/main/java/helium314/keyboard/latin/utils/LayoutType.kt	verbatim		42	0	txt
ab_cloud-libs-shared/libs/keyboard/src/main/java/helium314/keyboard/latin/utils/LayoutUtils.kt	verbatim		56	0	txt
ab_cloud-libs-shared/libs/keyboard/src/main/java/helium314/keyboard/latin/utils/LayoutUtilsCustom.kt	verbatim		170	0	txt
ab_cloud-libs-shared/libs/keyboard/src/main/java/helium314/keyboard/latin/utils/LeakGuardHandlerWrapper.java	verbatim		25	0	txt
ab_cloud-libs-shared/libs/keyboard/src/main/java/helium314/keyboard/latin/utils/Log.kt	verbatim		81	0	txt
ab_cloud-libs-shared/libs/keyboard/src/main/java/helium314/keyboard/latin/utils/LogTakeout.kt	new		0	98	txt
ab_cloud-libs-shared/libs/keyboard/src/main/java/helium314/keyboard/latin/utils/NgramContextUtils.java	verbatim		96	0	txt
ab_cloud-libs-shared/libs/keyboard/src/main/java/helium314/keyboard/latin/utils/PopupKeysUtils.kt	verbatim		112	0	txt
ab_cloud-libs-shared/libs/keyboard/src/main/java/helium314/keyboard/latin/utils/RecapitalizeMode.java	verbatim		52	0	txt
ab_cloud-libs-shared/libs/keyboard/src/main/java/helium314/keyboard/latin/utils/RecapitalizeStatus.java	verbatim		77	0	txt
ab_cloud-libs-shared/libs/keyboard/src/main/java/helium314/keyboard/latin/utils/ResourceUtils.java	verbatim		131	0	txt
ab_cloud-libs-shared/libs/keyboard/src/main/java/helium314/keyboard/latin/utils/RunInLocale.kt	verbatim		21	0	txt
ab_cloud-libs-shared/libs/keyboard/src/main/java/helium314/keyboard/latin/utils/ScriptUtils.kt	verbatim		189	0	txt
ab_cloud-libs-shared/libs/keyboard/src/main/java/helium314/keyboard/latin/utils/SpacedTokens.kt	verbatim		30	0	txt
ab_cloud-libs-shared/libs/keyboard/src/main/java/helium314/keyboard/latin/utils/SpannableStringUtils.java	verbatim		156	0	txt
ab_cloud-libs-shared/libs/keyboard/src/main/java/helium314/keyboard/latin/utils/StatsUtils.java	verbatim		70	0	txt
ab_cloud-libs-shared/libs/keyboard/src/main/java/helium314/keyboard/latin/utils/StatsUtilsManager.java	verbatim		33	0	txt
ab_cloud-libs-shared/libs/keyboard/src/main/java/helium314/keyboard/latin/utils/SubtypeLocaleUtils.kt	verbatim		165	0	txt
ab_cloud-libs-shared/libs/keyboard/src/main/java/helium314/keyboard/latin/utils/SubtypeSettings.kt	verbatim		277	0	txt
ab_cloud-libs-shared/libs/keyboard/src/main/java/helium314/keyboard/latin/utils/SubtypeUtils.kt	verbatim		177	0	txt
ab_cloud-libs-shared/libs/keyboard/src/main/java/helium314/keyboard/latin/utils/SubtypeUtilsAdditional.kt	verbatim		171	0	txt
ab_cloud-libs-shared/libs/keyboard/src/main/java/helium314/keyboard/latin/utils/SuggestionResults.java	verbatim		70	0	txt
ab_cloud-libs-shared/libs/keyboard/src/main/java/helium314/keyboard/latin/utils/TextPlacement.java	verbatim		12	0	txt
ab_cloud-libs-shared/libs/keyboard/src/main/java/helium314/keyboard/latin/utils/TextRange.java	verbatim		123	0	txt
ab_cloud-libs-shared/libs/keyboard/src/main/java/helium314/keyboard/latin/utils/Theme.kt	verbatim		42	0	txt
ab_cloud-libs-shared/libs/keyboard/src/main/java/helium314/keyboard/latin/utils/Timestamp.kt	verbatim		14	0	txt
ab_cloud-libs-shared/libs/keyboard/src/main/java/helium314/keyboard/latin/utils/ToolbarUtils.kt	modified	src/main/java/helium314/keyboard/latin/utils/ToolbarUtils.kt	207	94	txt
ab_cloud-libs-shared/libs/keyboard/src/main/java/helium314/keyboard/latin/utils/TypefaceUtils.java	verbatim		82	0	txt
ab_cloud-libs-shared/libs/keyboard/src/main/java/helium314/keyboard/latin/utils/UncachedInputMethodManagerUtils.java	verbatim		69	0	txt
ab_cloud-libs-shared/libs/keyboard/src/main/java/helium314/keyboard/latin/utils/ViewLayoutUtils.java	verbatim		72	0	txt
ab_cloud-libs-shared/libs/keyboard/src/main/java/helium314/keyboard/settings/FilePicker.kt	verbatim		79	0	txt
ab_cloud-libs-shared/libs/keyboard/src/main/java/helium314/keyboard/settings/Misc.kt	verbatim		146	0	txt
ab_cloud-libs-shared/libs/keyboard/src/main/java/helium314/keyboard/settings/Preview.kt	verbatim		14	0	txt
ab_cloud-libs-shared/libs/keyboard/src/main/java/helium314/keyboard/settings/SearchScreen.kt	verbatim		241	0	txt
ab_cloud-libs-shared/libs/keyboard/src/main/java/helium314/keyboard/settings/SettingsActivity.kt	modified	src/main/java/helium314/keyboard/settings/SettingsActivity.kt	223	15	txt
ab_cloud-libs-shared/libs/keyboard/src/main/java/helium314/keyboard/settings/SettingsContainer.kt	modified	src/main/java/helium314/keyboard/settings/SettingsContainer.kt	76	16	txt
ab_cloud-libs-shared/libs/keyboard/src/main/java/helium314/keyboard/settings/SettingsNavHost.kt	modified	src/main/java/helium314/keyboard/settings/SettingsNavHost.kt	172	78	txt
ab_cloud-libs-shared/libs/keyboard/src/main/java/helium314/keyboard/settings/WelcomeWizard.kt	verbatim		264	0	txt
ab_cloud-libs-shared/libs/keyboard/src/main/java/helium314/keyboard/settings/dialogs/ColorPickerDialog.kt	verbatim		168	0	txt
ab_cloud-libs-shared/libs/keyboard/src/main/java/helium314/keyboard/settings/dialogs/ColorThemePickerDialog.kt	verbatim		289	0	txt
ab_cloud-libs-shared/libs/keyboard/src/main/java/helium314/keyboard/settings/dialogs/ConfirmationDialog.kt	verbatim		50	0	txt
ab_cloud-libs-shared/libs/keyboard/src/main/java/helium314/keyboard/settings/dialogs/CustomizeIconsDialog.kt	verbatim		177	0	txt
ab_cloud-libs-shared/libs/keyboard/src/main/java/helium314/keyboard/settings/dialogs/DictionaryDialog.kt	verbatim		150	0	txt
ab_cloud-libs-shared/libs/keyboard/src/main/java/helium314/keyboard/settings/dialogs/InfoDialog.kt	verbatim		37	0	txt
ab_cloud-libs-shared/libs/keyboard/src/main/java/helium314/keyboard/settings/dialogs/LayoutEditDialog.kt	verbatim		134	0	txt
ab_cloud-libs-shared/libs/keyboard/src/main/java/helium314/keyboard/settings/dialogs/LayoutPickerDialog.kt	verbatim		219	0	txt
ab_cloud-libs-shared/libs/keyboard/src/main/java/helium314/keyboard/settings/dialogs/ListPickerDialog.kt	verbatim		111	0	txt
ab_cloud-libs-shared/libs/keyboard/src/main/java/helium314/keyboard/settings/dialogs/MultiListPickerDialog.kt	verbatim		94	0	txt
ab_cloud-libs-shared/libs/keyboard/src/main/java/helium314/keyboard/settings/dialogs/NewDictionaryDialog.kt	verbatim		132	0	txt
ab_cloud-libs-shared/libs/keyboard/src/main/java/helium314/keyboard/settings/dialogs/ReorderDialog.kt	verbatim		103	0	txt
ab_cloud-libs-shared/libs/keyboard/src/main/java/helium314/keyboard/settings/dialogs/SliderDialog.kt	verbatim		81	0	txt
ab_cloud-libs-shared/libs/keyboard/src/main/java/helium314/keyboard/settings/dialogs/TextInputDialog.kt	verbatim		95	0	txt
ab_cloud-libs-shared/libs/keyboard/src/main/java/helium314/keyboard/settings/dialogs/ThreeButtonAlertDialog.kt	verbatim		123	0	txt
ab_cloud-libs-shared/libs/keyboard/src/main/java/helium314/keyboard/settings/dialogs/ToolbarKeysCustomizer.kt	verbatim		156	0	txt
ab_cloud-libs-shared/libs/keyboard/src/main/java/helium314/keyboard/settings/preferences/BackgroundImagePreference.kt	verbatim		126	0	txt
ab_cloud-libs-shared/libs/keyboard/src/main/java/helium314/keyboard/settings/preferences/BackupRestorePreference.kt	verbatim		342	0	txt
ab_cloud-libs-shared/libs/keyboard/src/main/java/helium314/keyboard/settings/preferences/CustomFontPreference.kt	verbatim		73	0	txt
ab_cloud-libs-shared/libs/keyboard/src/main/java/helium314/keyboard/settings/preferences/KeyboardScalePreference.kt	verbatim		195	0	txt
ab_cloud-libs-shared/libs/keyboard/src/main/java/helium314/keyboard/settings/preferences/ListPreference.kt	verbatim		65	0	txt
ab_cloud-libs-shared/libs/keyboard/src/main/java/helium314/keyboard/settings/preferences/LoadGestureLibPreference.kt	verbatim		107	0	txt
ab_cloud-libs-shared/libs/keyboard/src/main/java/helium314/keyboard/settings/preferences/Preference.kt	verbatim		165	0	txt
ab_cloud-libs-shared/libs/keyboard/src/main/java/helium314/keyboard/settings/preferences/ReorderSwitchPreference.kt	verbatim		69	0	txt
ab_cloud-libs-shared/libs/keyboard/src/main/java/helium314/keyboard/settings/preferences/SliderPreference.kt	verbatim		72	0	txt
ab_cloud-libs-shared/libs/keyboard/src/main/java/helium314/keyboard/settings/preferences/SwitchPreference.kt	verbatim		91	0	txt
ab_cloud-libs-shared/libs/keyboard/src/main/java/helium314/keyboard/settings/preferences/TextInputPreference.kt	verbatim		41	0	txt
ab_cloud-libs-shared/libs/keyboard/src/main/java/helium314/keyboard/settings/screens/AboutScreen.kt	modified	src/main/java/helium314/keyboard/settings/screens/AboutScreen.kt	203	13	txt
ab_cloud-libs-shared/libs/keyboard/src/main/java/helium314/keyboard/settings/screens/AdvancedScreen.kt	verbatim		283	0	txt
ab_cloud-libs-shared/libs/keyboard/src/main/java/helium314/keyboard/settings/screens/AiRoutingScreen.kt	new		0	263	txt
ab_cloud-libs-shared/libs/keyboard/src/main/java/helium314/keyboard/settings/screens/AppearanceScreen.kt	modified	src/main/java/helium314/keyboard/settings/screens/AppearanceScreen.kt	345	13	txt
ab_cloud-libs-shared/libs/keyboard/src/main/java/helium314/keyboard/settings/screens/ClipboardSettingsScreen.kt	new		0	194	txt
ab_cloud-libs-shared/libs/keyboard/src/main/java/helium314/keyboard/settings/screens/ColorsScreen.kt	verbatim		271	0	txt
ab_cloud-libs-shared/libs/keyboard/src/main/java/helium314/keyboard/settings/screens/DebugScreen.kt	verbatim		116	0	txt
ab_cloud-libs-shared/libs/keyboard/src/main/java/helium314/keyboard/settings/screens/DictionaryScreen.kt	verbatim		163	0	txt
ab_cloud-libs-shared/libs/keyboard/src/main/java/helium314/keyboard/settings/screens/EmojiInfoScreen.kt	new		0	80	txt
ab_cloud-libs-shared/libs/keyboard/src/main/java/helium314/keyboard/settings/screens/GestureTypingScreen.kt	verbatim		121	0	txt
ab_cloud-libs-shared/libs/keyboard/src/main/java/helium314/keyboard/settings/screens/GrammarCheckScreen.kt	new		0	114	txt
ab_cloud-libs-shared/libs/keyboard/src/main/java/helium314/keyboard/settings/screens/LanguageScreen.kt	verbatim		163	0	txt
ab_cloud-libs-shared/libs/keyboard/src/main/java/helium314/keyboard/settings/screens/MainSettingsScreen.kt	modified	src/main/java/helium314/keyboard/settings/screens/MainSettingsScreen.kt	126	66	txt
ab_cloud-libs-shared/libs/keyboard/src/main/java/helium314/keyboard/settings/screens/PersonalDictionariesScreen.kt	verbatim		94	0	txt
ab_cloud-libs-shared/libs/keyboard/src/main/java/helium314/keyboard/settings/screens/PersonalDictionaryScreen.kt	verbatim		320	0	txt
ab_cloud-libs-shared/libs/keyboard/src/main/java/helium314/keyboard/settings/screens/PreferencesScreen.kt	modified	src/main/java/helium314/keyboard/settings/screens/PreferencesScreen.kt	193	0	txt
ab_cloud-libs-shared/libs/keyboard/src/main/java/helium314/keyboard/settings/screens/PromptPreview.kt	new		0	75	txt
ab_cloud-libs-shared/libs/keyboard/src/main/java/helium314/keyboard/settings/screens/SecondaryLayoutScreen.kt	verbatim		76	0	txt
ab_cloud-libs-shared/libs/keyboard/src/main/java/helium314/keyboard/settings/screens/SubtypeScreen.kt	verbatim		510	0	txt
ab_cloud-libs-shared/libs/keyboard/src/main/java/helium314/keyboard/settings/screens/TextCorrectionScreen.kt	verbatim		289	0	txt
ab_cloud-libs-shared/libs/keyboard/src/main/java/helium314/keyboard/settings/screens/TextEnhanceScreen.kt	new		0	216	txt
ab_cloud-libs-shared/libs/keyboard/src/main/java/helium314/keyboard/settings/screens/TextResumeScreen.kt	new		0	172	txt
ab_cloud-libs-shared/libs/keyboard/src/main/java/helium314/keyboard/settings/screens/ToolbarScreen.kt	modified	src/main/java/helium314/keyboard/settings/screens/ToolbarScreen.kt	149	3	txt
ab_cloud-libs-shared/libs/keyboard/src/main/java/helium314/keyboard/settings/screens/TranslationInfoScreen.kt	new		0	125	txt
ab_cloud-libs-shared/libs/keyboard/src/main/java/helium314/keyboard/settings/screens/UpdateScreen.kt	new		0	53	txt
ab_cloud-libs-shared/libs/keyboard/src/main/java/helium314/keyboard/settings/screens/VoiceTranscriptInfoScreen.kt	new		0	81	txt
ab_cloud-libs-shared/libs/keyboard/src/main/java/helium314/keyboard/settings/screens/gesturedata/BackgroundGatheringSettings.kt	verbatim		417	0	txt
ab_cloud-libs-shared/libs/keyboard/src/main/java/helium314/keyboard/settings/screens/gesturedata/DateRangePickerModal.kt	verbatim		60	0	txt
ab_cloud-libs-shared/libs/keyboard/src/main/java/helium314/keyboard/settings/screens/gesturedata/GestureDataScreen.kt	verbatim		747	0	txt
ab_cloud-libs-shared/libs/keyboard/src/main/java/helium314/keyboard/settings/screens/gesturedata/ReviewScreen.kt	verbatim		521	0	txt
ab_cloud-libs-shared/libs/keyboard/src/main/java/helium314/keyboard/settings/screens/gesturedata/Share.kt	verbatim		253	0	txt
ab_cloud-libs-shared/libs/keyboard/src/main/jni/Android.bp	verbatim		201	0	txt
ab_cloud-libs-shared/libs/keyboard/src/main/jni/Android.mk	verbatim		84	0	txt
ab_cloud-libs-shared/libs/keyboard/src/main/jni/Application.mk	verbatim		2	0	txt
ab_cloud-libs-shared/libs/keyboard/src/main/jni/CleanupNativeFileList.mk	verbatim		18	0	txt
ab_cloud-libs-shared/libs/keyboard/src/main/jni/HostUnitTests.mk	verbatim		53	0	txt
ab_cloud-libs-shared/libs/keyboard/src/main/jni/NativeFileList.mk	verbatim		141	0	txt
ab_cloud-libs-shared/libs/keyboard/src/main/jni/TargetUnitTests.mk	verbatim		46	0	txt
ab_cloud-libs-shared/libs/keyboard/src/main/jni/com_android_inputmethod_keyboard_ProximityInfo.cpp	verbatim		55	0	txt
ab_cloud-libs-shared/libs/keyboard/src/main/jni/com_android_inputmethod_keyboard_ProximityInfo.h	verbatim		22	0	txt
ab_cloud-libs-shared/libs/keyboard/src/main/jni/com_android_inputmethod_latin_BinaryDictionary.cpp	verbatim		703	0	txt
ab_cloud-libs-shared/libs/keyboard/src/main/jni/com_android_inputmethod_latin_BinaryDictionary.h	verbatim		22	0	txt
ab_cloud-libs-shared/libs/keyboard/src/main/jni/com_android_inputmethod_latin_BinaryDictionaryUtils.cpp	verbatim		94	0	txt
ab_cloud-libs-shared/libs/keyboard/src/main/jni/com_android_inputmethod_latin_BinaryDictionaryUtils.h	verbatim		22	0	txt
ab_cloud-libs-shared/libs/keyboard/src/main/jni/com_android_inputmethod_latin_DicTraverseSession.cpp	verbatim		72	0	txt
ab_cloud-libs-shared/libs/keyboard/src/main/jni/com_android_inputmethod_latin_DicTraverseSession.h	verbatim		22	0	txt
ab_cloud-libs-shared/libs/keyboard/src/main/jni/jni_common.cpp	verbatim		72	0	txt
ab_cloud-libs-shared/libs/keyboard/src/main/jni/jni_common.h	verbatim		23	0	txt
ab_cloud-libs-shared/libs/keyboard/src/main/jni/run-tests.sh	verbatim		68	0	txt
ab_cloud-libs-shared/libs/keyboard/src/main/jni/src/defines.h	verbatim		302	0	txt
ab_cloud-libs-shared/libs/keyboard/src/main/jni/src/dictionary/header/header_policy.cpp	verbatim		164	0	txt
ab_cloud-libs-shared/libs/keyboard/src/main/jni/src/dictionary/header/header_policy.h	verbatim		234	0	txt
ab_cloud-libs-shared/libs/keyboard/src/main/jni/src/dictionary/header/header_read_write_utils.cpp	verbatim		220	0	txt
ab_cloud-libs-shared/libs/keyboard/src/main/jni/src/dictionary/header/header_read_write_utils.h	verbatim		93	0	txt
ab_cloud-libs-shared/libs/keyboard/src/main/jni/src/dictionary/interface/dictionary_bigrams_structure_policy.h	verbatim		35	0	txt
ab_cloud-libs-shared/libs/keyboard/src/main/jni/src/dictionary/interface/dictionary_header_structure_policy.h	verbatim		46	0	txt
ab_cloud-libs-shared/libs/keyboard/src/main/jni/src/dictionary/interface/dictionary_shortcuts_structure_policy.h	verbatim		37	0	txt
ab_cloud-libs-shared/libs/keyboard/src/main/jni/src/dictionary/interface/dictionary_structure_with_buffer_policy.h	verbatim		93	0	txt
ab_cloud-libs-shared/libs/keyboard/src/main/jni/src/dictionary/interface/ngram_listener.h	verbatim		35	0	txt
ab_cloud-libs-shared/libs/keyboard/src/main/jni/src/dictionary/property/historical_info.h	verbatim		48	0	txt
ab_cloud-libs-shared/libs/keyboard/src/main/jni/src/dictionary/property/ngram_context.cpp	verbatim		111	0	txt
ab_cloud-libs-shared/libs/keyboard/src/main/jni/src/dictionary/property/ngram_context.h	verbatim		66	0	txt
ab_cloud-libs-shared/libs/keyboard/src/main/jni/src/dictionary/property/ngram_property.h	verbatim		51	0	txt
ab_cloud-libs-shared/libs/keyboard/src/main/jni/src/dictionary/property/unigram_property.h	verbatim		113	0	txt
ab_cloud-libs-shared/libs/keyboard/src/main/jni/src/dictionary/property/word_attributes.h	verbatim		57	0	txt
ab_cloud-libs-shared/libs/keyboard/src/main/jni/src/dictionary/property/word_property.h	verbatim		51	0	txt
ab_cloud-libs-shared/libs/keyboard/src/main/jni/src/dictionary/structure/backward/v402/Readme.txt	verbatim		1	0	txt
ab_cloud-libs-shared/libs/keyboard/src/main/jni/src/dictionary/structure/backward/v402/bigram/ver4_bigram_list_policy.cpp	verbatim		274	0	txt
ab_cloud-libs-shared/libs/keyboard/src/main/jni/src/dictionary/structure/backward/v402/bigram/ver4_bigram_list_policy.h	verbatim		77	0	txt
ab_cloud-libs-shared/libs/keyboard/src/main/jni/src/dictionary/structure/backward/v402/content/bigram_dict_content.cpp	verbatim		216	0	txt
ab_cloud-libs-shared/libs/keyboard/src/main/jni/src/dictionary/structure/backward/v402/content/bigram_dict_content.h	verbatim		113	0	txt
ab_cloud-libs-shared/libs/keyboard/src/main/jni/src/dictionary/structure/backward/v402/content/bigram_entry.h	verbatim		90	0	txt
ab_cloud-libs-shared/libs/keyboard/src/main/jni/src/dictionary/structure/backward/v402/content/dict_content.h	verbatim		40	0	txt
ab_cloud-libs-shared/libs/keyboard/src/main/jni/src/dictionary/structure/backward/v402/content/probability_dict_content.cpp	verbatim		158	0	txt
ab_cloud-libs-shared/libs/keyboard/src/main/jni/src/dictionary/structure/backward/v402/content/probability_dict_content.h	verbatim		58	0	txt
ab_cloud-libs-shared/libs/keyboard/src/main/jni/src/dictionary/structure/backward/v402/content/probability_entry.h	verbatim		74	0	txt
ab_cloud-libs-shared/libs/keyboard/src/main/jni/src/dictionary/structure/backward/v402/content/shortcut_dict_content.cpp	verbatim		182	0	txt
ab_cloud-libs-shared/libs/keyboard/src/main/jni/src/dictionary/structure/backward/v402/content/shortcut_dict_content.h	verbatim		81	0	txt
ab_cloud-libs-shared/libs/keyboard/src/main/jni/src/dictionary/structure/backward/v402/content/single_dict_content.h	verbatim		74	0	txt
ab_cloud-libs-shared/libs/keyboard/src/main/jni/src/dictionary/structure/backward/v402/content/sparse_table_dict_content.cpp	verbatim		45	0	txt
ab_cloud-libs-shared/libs/keyboard/src/main/jni/src/dictionary/structure/backward/v402/content/sparse_table_dict_content.h	verbatim		108	0	txt
ab_cloud-libs-shared/libs/keyboard/src/main/jni/src/dictionary/structure/backward/v402/content/terminal_position_lookup_table.cpp	verbatim		102	0	txt
ab_cloud-libs-shared/libs/keyboard/src/main/jni/src/dictionary/structure/backward/v402/content/terminal_position_lookup_table.h	verbatim		57	0	txt
ab_cloud-libs-shared/libs/keyboard/src/main/jni/src/dictionary/structure/backward/v402/shortcut/ver4_shortcut_list_policy.h	verbatim		106	0	txt
ab_cloud-libs-shared/libs/keyboard/src/main/jni/src/dictionary/structure/backward/v402/ver4_dict_buffers.cpp	verbatim		146	0	txt
ab_cloud-libs-shared/libs/keyboard/src/main/jni/src/dictionary/structure/backward/v402/ver4_dict_buffers.h	verbatim		123	0	txt
ab_cloud-libs-shared/libs/keyboard/src/main/jni/src/dictionary/structure/backward/v402/ver4_dict_constants.cpp	verbatim		71	0	txt
ab_cloud-libs-shared/libs/keyboard/src/main/jni/src/dictionary/structure/backward/v402/ver4_dict_constants.h	verbatim		73	0	txt
ab_cloud-libs-shared/libs/keyboard/src/main/jni/src/dictionary/structure/backward/v402/ver4_patricia_trie_node_reader.cpp	verbatim		104	0	txt
ab_cloud-libs-shared/libs/keyboard/src/main/jni/src/dictionary/structure/backward/v402/ver4_patricia_trie_node_reader.h	verbatim		68	0	txt
ab_cloud-libs-shared/libs/keyboard/src/main/jni/src/dictionary/structure/backward/v402/ver4_patricia_trie_node_writer.cpp	verbatim		414	0	txt
ab_cloud-libs-shared/libs/keyboard/src/main/jni/src/dictionary/structure/backward/v402/ver4_patricia_trie_node_writer.h	verbatim		121	0	txt
ab_cloud-libs-shared/libs/keyboard/src/main/jni/src/dictionary/structure/backward/v402/ver4_patricia_trie_policy.cpp	verbatim		629	0	txt
ab_cloud-libs-shared/libs/keyboard/src/main/jni/src/dictionary/structure/backward/v402/ver4_patricia_trie_policy.h	verbatim		148	0	txt
ab_cloud-libs-shared/libs/keyboard/src/main/jni/src/dictionary/structure/backward/v402/ver4_patricia_trie_reading_utils.cpp	verbatim		33	0	txt
ab_cloud-libs-shared/libs/keyboard/src/main/jni/src/dictionary/structure/backward/v402/ver4_patricia_trie_reading_utils.h	verbatim		44	0	txt
ab_cloud-libs-shared/libs/keyboard/src/main/jni/src/dictionary/structure/backward/v402/ver4_patricia_trie_writing_helper.cpp	verbatim		289	0	txt
ab_cloud-libs-shared/libs/keyboard/src/main/jni/src/dictionary/structure/backward/v402/ver4_patricia_trie_writing_helper.h	verbatim		111	0	txt
ab_cloud-libs-shared/libs/keyboard/src/main/jni/src/dictionary/structure/backward/v402/ver4_pt_node_array_reader.cpp	verbatim		83	0	txt
ab_cloud-libs-shared/libs/keyboard/src/main/jni/src/dictionary/structure/backward/v402/ver4_pt_node_array_reader.h	verbatim		48	0	txt
ab_cloud-libs-shared/libs/keyboard/src/main/jni/src/dictionary/structure/dictionary_structure_with_buffer_policy_factory.cpp	verbatim		197	0	txt
ab_cloud-libs-shared/libs/keyboard/src/main/jni/src/dictionary/structure/dictionary_structure_with_buffer_policy_factory.h	verbatim		52	0	txt
ab_cloud-libs-shared/libs/keyboard/src/main/jni/src/dictionary/structure/pt_common/bigram/bigram_list_read_write_utils.cpp	verbatim		87	0	txt
ab_cloud-libs-shared/libs/keyboard/src/main/jni/src/dictionary/structure/pt_common/bigram/bigram_list_read_write_utils.h	verbatim		54	0	txt
ab_cloud-libs-shared/libs/keyboard/src/main/jni/src/dictionary/structure/pt_common/dynamic_pt_gc_event_listeners.cpp	verbatim		134	0	txt
ab_cloud-libs-shared/libs/keyboard/src/main/jni/src/dictionary/structure/pt_common/dynamic_pt_gc_event_listeners.h	verbatim		134	0	txt
ab_cloud-libs-shared/libs/keyboard/src/main/jni/src/dictionary/structure/pt_common/dynamic_pt_reading_helper.cpp	verbatim		309	0	txt
ab_cloud-libs-shared/libs/keyboard/src/main/jni/src/dictionary/structure/pt_common/dynamic_pt_reading_helper.h	verbatim		237	0	txt
ab_cloud-libs-shared/libs/keyboard/src/main/jni/src/dictionary/structure/pt_common/dynamic_pt_reading_utils.cpp	verbatim		62	0	txt
ab_cloud-libs-shared/libs/keyboard/src/main/jni/src/dictionary/structure/pt_common/dynamic_pt_reading_utils.h	verbatim		66	0	txt
ab_cloud-libs-shared/libs/keyboard/src/main/jni/src/dictionary/structure/pt_common/dynamic_pt_updating_helper.cpp	verbatim		283	0	txt
ab_cloud-libs-shared/libs/keyboard/src/main/jni/src/dictionary/structure/pt_common/dynamic_pt_updating_helper.h	verbatim		76	0	txt
ab_cloud-libs-shared/libs/keyboard/src/main/jni/src/dictionary/structure/pt_common/dynamic_pt_writing_utils.cpp	verbatim		119	0	txt
ab_cloud-libs-shared/libs/keyboard/src/main/jni/src/dictionary/structure/pt_common/dynamic_pt_writing_utils.h	verbatim		62	0	txt
ab_cloud-libs-shared/libs/keyboard/src/main/jni/src/dictionary/structure/pt_common/patricia_trie_reading_utils.cpp	verbatim		149	0	txt
ab_cloud-libs-shared/libs/keyboard/src/main/jni/src/dictionary/structure/pt_common/patricia_trie_reading_utils.h	verbatim		108	0	txt
ab_cloud-libs-shared/libs/keyboard/src/main/jni/src/dictionary/structure/pt_common/pt_node_array_reader.h	verbatim		37	0	txt
ab_cloud-libs-shared/libs/keyboard/src/main/jni/src/dictionary/structure/pt_common/pt_node_params.h	verbatim		224	0	txt
ab_cloud-libs-shared/libs/keyboard/src/main/jni/src/dictionary/structure/pt_common/pt_node_reader.h	verbatim		33	0	txt
ab_cloud-libs-shared/libs/keyboard/src/main/jni/src/dictionary/structure/pt_common/pt_node_writer.h	verbatim		73	0	txt
ab_cloud-libs-shared/libs/keyboard/src/main/jni/src/dictionary/structure/pt_common/shortcut/shortcut_list_reading_utils.cpp	verbatim		45	0	txt
ab_cloud-libs-shared/libs/keyboard/src/main/jni/src/dictionary/structure/pt_common/shortcut/shortcut_list_reading_utils.h	verbatim		57	0	txt
ab_cloud-libs-shared/libs/keyboard/src/main/jni/src/dictionary/structure/v2/bigram/bigram_list_policy.h	verbatim		49	0	txt
ab_cloud-libs-shared/libs/keyboard/src/main/jni/src/dictionary/structure/v2/patricia_trie_policy.cpp	verbatim		503	0	txt
ab_cloud-libs-shared/libs/keyboard/src/main/jni/src/dictionary/structure/v2/patricia_trie_policy.h	verbatim		149	0	txt
ab_cloud-libs-shared/libs/keyboard/src/main/jni/src/dictionary/structure/v2/shortcut/shortcut_list_policy.h	verbatim		62	0	txt
ab_cloud-libs-shared/libs/keyboard/src/main/jni/src/dictionary/structure/v2/ver2_patricia_trie_node_reader.cpp	verbatim		47	0	txt
ab_cloud-libs-shared/libs/keyboard/src/main/jni/src/dictionary/structure/v2/ver2_patricia_trie_node_reader.h	verbatim		43	0	txt
ab_cloud-libs-shared/libs/keyboard/src/main/jni/src/dictionary/structure/v2/ver2_pt_node_array_reader.cpp	verbatim		48	0	txt
ab_cloud-libs-shared/libs/keyboard/src/main/jni/src/dictionary/structure/v2/ver2_pt_node_array_reader.h	verbatim		35	0	txt
ab_cloud-libs-shared/libs/keyboard/src/main/jni/src/dictionary/structure/v4/content/dynamic_language_model_probability_utils.cpp	verbatim		28	0	txt
ab_cloud-libs-shared/libs/keyboard/src/main/jni/src/dictionary/structure/v4/content/dynamic_language_model_probability_utils.h	verbatim		64	0	txt
ab_cloud-libs-shared/libs/keyboard/src/main/jni/src/dictionary/structure/v4/content/language_model_dict_content.cpp	verbatim		451	0	txt
ab_cloud-libs-shared/libs/keyboard/src/main/jni/src/dictionary/structure/v4/content/language_model_dict_content.h	verbatim		209	0	txt
ab_cloud-libs-shared/libs/keyboard/src/main/jni/src/dictionary/structure/v4/content/language_model_dict_content_global_counters.cpp	verbatim		26	0	txt
ab_cloud-libs-shared/libs/keyboard/src/main/jni/src/dictionary/structure/v4/content/language_model_dict_content_global_counters.h	verbatim		84	0	txt
ab_cloud-libs-shared/libs/keyboard/src/main/jni/src/dictionary/structure/v4/content/probability_entry.h	verbatim		151	0	txt
ab_cloud-libs-shared/libs/keyboard/src/main/jni/src/dictionary/structure/v4/content/shortcut_dict_content.cpp	verbatim		167	0	txt
ab_cloud-libs-shared/libs/keyboard/src/main/jni/src/dictionary/structure/v4/content/shortcut_dict_content.h	verbatim		71	0	txt
ab_cloud-libs-shared/libs/keyboard/src/main/jni/src/dictionary/structure/v4/content/single_dict_content.h	verbatim		51	0	txt
ab_cloud-libs-shared/libs/keyboard/src/main/jni/src/dictionary/structure/v4/content/sparse_table_dict_content.cpp	verbatim		34	0	txt
ab_cloud-libs-shared/libs/keyboard/src/main/jni/src/dictionary/structure/v4/content/sparse_table_dict_content.h	verbatim		75	0	txt
ab_cloud-libs-shared/libs/keyboard/src/main/jni/src/dictionary/structure/v4/content/terminal_position_lookup_table.cpp	verbatim		90	0	txt
ab_cloud-libs-shared/libs/keyboard/src/main/jni/src/dictionary/structure/v4/content/terminal_position_lookup_table.h	verbatim		48	0	txt
ab_cloud-libs-shared/libs/keyboard/src/main/jni/src/dictionary/structure/v4/shortcut/ver4_shortcut_list_policy.h	verbatim		95	0	txt
ab_cloud-libs-shared/libs/keyboard/src/main/jni/src/dictionary/structure/v4/ver4_dict_buffers.cpp	verbatim		180	0	txt
ab_cloud-libs-shared/libs/keyboard/src/main/jni/src/dictionary/structure/v4/ver4_dict_buffers.h	verbatim		105	0	txt
ab_cloud-libs-shared/libs/keyboard/src/main/jni/src/dictionary/structure/v4/ver4_dict_constants.cpp	verbatim		61	0	txt
ab_cloud-libs-shared/libs/keyboard/src/main/jni/src/dictionary/structure/v4/ver4_dict_constants.h	verbatim		64	0	txt
ab_cloud-libs-shared/libs/keyboard/src/main/jni/src/dictionary/structure/v4/ver4_patricia_trie_node_reader.cpp	verbatim		86	0	txt
ab_cloud-libs-shared/libs/keyboard/src/main/jni/src/dictionary/structure/v4/ver4_patricia_trie_node_reader.h	verbatim		45	0	txt
ab_cloud-libs-shared/libs/keyboard/src/main/jni/src/dictionary/structure/v4/ver4_patricia_trie_node_writer.cpp	verbatim		332	0	txt
ab_cloud-libs-shared/libs/keyboard/src/main/jni/src/dictionary/structure/v4/ver4_patricia_trie_node_writer.h	verbatim		83	0	txt
ab_cloud-libs-shared/libs/keyboard/src/main/jni/src/dictionary/structure/v4/ver4_patricia_trie_policy.cpp	verbatim		577	0	txt
ab_cloud-libs-shared/libs/keyboard/src/main/jni/src/dictionary/structure/v4/ver4_patricia_trie_policy.h	verbatim		117	0	txt
ab_cloud-libs-shared/libs/keyboard/src/main/jni/src/dictionary/structure/v4/ver4_patricia_trie_reading_utils.cpp	verbatim		23	0	txt
ab_cloud-libs-shared/libs/keyboard/src/main/jni/src/dictionary/structure/v4/ver4_patricia_trie_reading_utils.h	verbatim		30	0	txt
ab_cloud-libs-shared/libs/keyboard/src/main/jni/src/dictionary/structure/v4/ver4_patricia_trie_writing_helper.cpp	verbatim		172	0	txt
ab_cloud-libs-shared/libs/keyboard/src/main/jni/src/dictionary/structure/v4/ver4_patricia_trie_writing_helper.h	verbatim		58	0	txt
ab_cloud-libs-shared/libs/keyboard/src/main/jni/src/dictionary/structure/v4/ver4_pt_node_array_reader.cpp	verbatim		73	0	txt
ab_cloud-libs-shared/libs/keyboard/src/main/jni/src/dictionary/structure/v4/ver4_pt_node_array_reader.h	verbatim		34	0	txt
ab_cloud-libs-shared/libs/keyboard/src/main/jni/src/dictionary/utils/binary_dictionary_bigrams_iterator.h	verbatim		57	0	txt
ab_cloud-libs-shared/libs/keyboard/src/main/jni/src/dictionary/utils/binary_dictionary_shortcut_iterator.h	verbatim		52	0	txt
ab_cloud-libs-shared/libs/keyboard/src/main/jni/src/dictionary/utils/bloom_filter.h	verbatim		59	0	txt
ab_cloud-libs-shared/libs/keyboard/src/main/jni/src/dictionary/utils/buffer_with_extendable_buffer.cpp	verbatim		156	0	txt
ab_cloud-libs-shared/libs/keyboard/src/main/jni/src/dictionary/utils/buffer_with_extendable_buffer.h	verbatim		99	0	txt
ab_cloud-libs-shared/libs/keyboard/src/main/jni/src/dictionary/utils/byte_array_utils.cpp	verbatim		21	0	txt
ab_cloud-libs-shared/libs/keyboard/src/main/jni/src/dictionary/utils/byte_array_utils.h	verbatim		263	0	txt
ab_cloud-libs-shared/libs/keyboard/src/main/jni/src/dictionary/utils/dict_file_writing_utils.cpp	verbatim		132	0	txt
ab_cloud-libs-shared/libs/keyboard/src/main/jni/src/dictionary/utils/dict_file_writing_utils.h	verbatim		52	0	txt
ab_cloud-libs-shared/libs/keyboard/src/main/jni/src/dictionary/utils/entry_counters.h	verbatim		70	0	txt
ab_cloud-libs-shared/libs/keyboard/src/main/jni/src/dictionary/utils/file_utils.cpp	verbatim		156	0	txt
ab_cloud-libs-shared/libs/keyboard/src/main/jni/src/dictionary/utils/file_utils.h	verbatim		45	0	txt
ab_cloud-libs-shared/libs/keyboard/src/main/jni/src/dictionary/utils/forgetting_curve_utils.cpp	verbatim		210	0	txt
ab_cloud-libs-shared/libs/keyboard/src/main/jni/src/dictionary/utils/forgetting_curve_utils.h	verbatim		87	0	txt
ab_cloud-libs-shared/libs/keyboard/src/main/jni/src/dictionary/utils/format_utils.cpp	verbatim		64	0	txt
ab_cloud-libs-shared/libs/keyboard/src/main/jni/src/dictionary/utils/format_utils.h	verbatim		50	0	txt
ab_cloud-libs-shared/libs/keyboard/src/main/jni/src/dictionary/utils/mmapped_buffer.cpp	verbatim		89	0	txt
ab_cloud-libs-shared/libs/keyboard/src/main/jni/src/dictionary/utils/mmapped_buffer.h	verbatim		60	0	txt
ab_cloud-libs-shared/libs/keyboard/src/main/jni/src/dictionary/utils/multi_bigram_map.cpp	verbatim		88	0	txt
ab_cloud-libs-shared/libs/keyboard/src/main/jni/src/dictionary/utils/multi_bigram_map.h	verbatim		70	0	txt
ab_cloud-libs-shared/libs/keyboard/src/main/jni/src/dictionary/utils/probability_utils.cpp	verbatim		19	0	txt
ab_cloud-libs-shared/libs/keyboard/src/main/jni/src/dictionary/utils/probability_utils.h	verbatim		60	0	txt
ab_cloud-libs-shared/libs/keyboard/src/main/jni/src/dictionary/utils/sparse_table.cpp	verbatim		91	0	txt
ab_cloud-libs-shared/libs/keyboard/src/main/jni/src/dictionary/utils/sparse_table.h	verbatim		46	0	txt
ab_cloud-libs-shared/libs/keyboard/src/main/jni/src/dictionary/utils/trie_map.cpp	verbatim		435	0	txt
ab_cloud-libs-shared/libs/keyboard/src/main/jni/src/dictionary/utils/trie_map.h	verbatim		326	0	txt
ab_cloud-libs-shared/libs/keyboard/src/main/jni/src/suggest/core/dicnode/dic_node.cpp	verbatim		36	0	txt
ab_cloud-libs-shared/libs/keyboard/src/main/jni/src/suggest/core/dicnode/dic_node.h	verbatim		437	0	txt
ab_cloud-libs-shared/libs/keyboard/src/main/jni/src/suggest/core/dicnode/dic_node_pool.h	verbatim		76	0	txt
ab_cloud-libs-shared/libs/keyboard/src/main/jni/src/suggest/core/dicnode/dic_node_priority_queue.h	verbatim		115	0	txt
ab_cloud-libs-shared/libs/keyboard/src/main/jni/src/suggest/core/dicnode/dic_node_profiler.h	verbatim		165	0	txt
ab_cloud-libs-shared/libs/keyboard/src/main/jni/src/suggest/core/dicnode/dic_node_utils.cpp	verbatim		78	0	txt
ab_cloud-libs-shared/libs/keyboard/src/main/jni/src/suggest/core/dicnode/dic_node_utils.h	verbatim		46	0	txt
ab_cloud-libs-shared/libs/keyboard/src/main/jni/src/suggest/core/dicnode/dic_node_vector.h	verbatim		71	0	txt
ab_cloud-libs-shared/libs/keyboard/src/main/jni/src/suggest/core/dicnode/dic_nodes_cache.cpp	verbatim		26	0	txt
ab_cloud-libs-shared/libs/keyboard/src/main/jni/src/suggest/core/dicnode/dic_nodes_cache.h	verbatim		162	0	txt
ab_cloud-libs-shared/libs/keyboard/src/main/jni/src/suggest/core/dicnode/internal/dic_node_properties.h	verbatim		112	0	txt
ab_cloud-libs-shared/libs/keyboard/src/main/jni/src/suggest/core/dicnode/internal/dic_node_state.h	verbatim		68	0	txt
ab_cloud-libs-shared/libs/keyboard/src/main/jni/src/suggest/core/dicnode/internal/dic_node_state_input.h	verbatim		79	0	txt
ab_cloud-libs-shared/libs/keyboard/src/main/jni/src/suggest/core/dicnode/internal/dic_node_state_output.h	verbatim		130	0	txt
ab_cloud-libs-shared/libs/keyboard/src/main/jni/src/suggest/core/dicnode/internal/dic_node_state_scoring.h	verbatim		188	0	txt
ab_cloud-libs-shared/libs/keyboard/src/main/jni/src/suggest/core/dictionary/dictionary.cpp	verbatim		199	0	txt
ab_cloud-libs-shared/libs/keyboard/src/main/jni/src/suggest/core/dictionary/dictionary.h	verbatim		117	0	txt
ab_cloud-libs-shared/libs/keyboard/src/main/jni/src/suggest/core/dictionary/dictionary_utils.cpp	verbatim		92	0	txt
ab_cloud-libs-shared/libs/keyboard/src/main/jni/src/suggest/core/dictionary/dictionary_utils.h	verbatim		37	0	txt
ab_cloud-libs-shared/libs/keyboard/src/main/jni/src/suggest/core/dictionary/digraph_utils.cpp	verbatim		109	0	txt
ab_cloud-libs-shared/libs/keyboard/src/main/jni/src/suggest/core/dictionary/digraph_utils.h	verbatim		50	0	txt
ab_cloud-libs-shared/libs/keyboard/src/main/jni/src/suggest/core/dictionary/error_type_utils.cpp	verbatim		35	0	txt
ab_cloud-libs-shared/libs/keyboard/src/main/jni/src/suggest/core/dictionary/error_type_utils.h	verbatim		74	0	txt
ab_cloud-libs-shared/libs/keyboard/src/main/jni/src/suggest/core/layout/additional_proximity_chars.cpp	verbatim		36	0	txt
ab_cloud-libs-shared/libs/keyboard/src/main/jni/src/suggest/core/layout/additional_proximity_chars.h	verbatim		90	0	txt
ab_cloud-libs-shared/libs/keyboard/src/main/jni/src/suggest/core/layout/geometry_utils.h	verbatim		51	0	txt
ab_cloud-libs-shared/libs/keyboard/src/main/jni/src/suggest/core/layout/normal_distribution.h	verbatim		41	0	txt
ab_cloud-libs-shared/libs/keyboard/src/main/jni/src/suggest/core/layout/normal_distribution_2d.h	verbatim		51	0	txt
ab_cloud-libs-shared/libs/keyboard/src/main/jni/src/suggest/core/layout/proximity_info.cpp	verbatim		233	0	txt
ab_cloud-libs-shared/libs/keyboard/src/main/jni/src/suggest/core/layout/proximity_info.h	verbatim		114	0	txt
ab_cloud-libs-shared/libs/keyboard/src/main/jni/src/suggest/core/layout/proximity_info_params.cpp	verbatim		89	0	txt
ab_cloud-libs-shared/libs/keyboard/src/main/jni/src/suggest/core/layout/proximity_info_params.h	verbatim		95	0	txt
ab_cloud-libs-shared/libs/keyboard/src/main/jni/src/suggest/core/layout/proximity_info_state.cpp	verbatim		274	0	txt
ab_cloud-libs-shared/libs/keyboard/src/main/jni/src/suggest/core/layout/proximity_info_state.h	verbatim		198	0	txt
ab_cloud-libs-shared/libs/keyboard/src/main/jni/src/suggest/core/layout/proximity_info_state_utils.cpp	verbatim		956	0	txt
ab_cloud-libs-shared/libs/keyboard/src/main/jni/src/suggest/core/layout/proximity_info_state_utils.h	verbatim		152	0	txt
ab_cloud-libs-shared/libs/keyboard/src/main/jni/src/suggest/core/layout/proximity_info_utils.h	verbatim		220	0	txt
ab_cloud-libs-shared/libs/keyboard/src/main/jni/src/suggest/core/layout/touch_position_correction_utils.h	verbatim		59	0	txt
ab_cloud-libs-shared/libs/keyboard/src/main/jni/src/suggest/core/policy/scoring.h	verbatim		47	0	txt
ab_cloud-libs-shared/libs/keyboard/src/main/jni/src/suggest/core/policy/suggest_policy.h	verbatim		34	0	txt
ab_cloud-libs-shared/libs/keyboard/src/main/jni/src/suggest/core/policy/traversal.h	verbatim		55	0	txt
ab_cloud-libs-shared/libs/keyboard/src/main/jni/src/suggest/core/policy/weighting.cpp	verbatim		197	0	txt
ab_cloud-libs-shared/libs/keyboard/src/main/jni/src/suggest/core/policy/weighting.h	verbatim		86	0	txt
ab_cloud-libs-shared/libs/keyboard/src/main/jni/src/suggest/core/result/suggested_word.h	verbatim		68	0	txt
ab_cloud-libs-shared/libs/keyboard/src/main/jni/src/suggest/core/result/suggestion_results.cpp	verbatim		98	0	txt
ab_cloud-libs-shared/libs/keyboard/src/main/jni/src/suggest/core/result/suggestion_results.h	verbatim		55	0	txt
ab_cloud-libs-shared/libs/keyboard/src/main/jni/src/suggest/core/result/suggestions_output_utils.cpp	verbatim		255	0	txt
ab_cloud-libs-shared/libs/keyboard/src/main/jni/src/suggest/core/result/suggestions_output_utils.h	verbatim		57	0	txt
ab_cloud-libs-shared/libs/keyboard/src/main/jni/src/suggest/core/session/dic_traverse_session.cpp	verbatim		72	0	txt
ab_cloud-libs-shared/libs/keyboard/src/main/jni/src/suggest/core/session/dic_traverse_session.h	verbatim		164	0	txt
ab_cloud-libs-shared/libs/keyboard/src/main/jni/src/suggest/core/suggest.cpp	verbatim		414	0	txt
ab_cloud-libs-shared/libs/keyboard/src/main/jni/src/suggest/core/suggest.h	verbatim		74	0	txt
ab_cloud-libs-shared/libs/keyboard/src/main/jni/src/suggest/core/suggest_interface.h	verbatim		34	0	txt
ab_cloud-libs-shared/libs/keyboard/src/main/jni/src/suggest/core/suggest_options.h	verbatim		75	0	txt
ab_cloud-libs-shared/libs/keyboard/src/main/jni/src/suggest/policyimpl/gesture/gesture_suggest_policy_factory.cpp	verbatim		19	0	txt
ab_cloud-libs-shared/libs/keyboard/src/main/jni/src/suggest/policyimpl/gesture/gesture_suggest_policy_factory.h	verbatim		37	0	txt
ab_cloud-libs-shared/libs/keyboard/src/main/jni/src/suggest/policyimpl/typing/scoring_params.cpp	verbatim		64	0	txt
ab_cloud-libs-shared/libs/keyboard/src/main/jni/src/suggest/policyimpl/typing/scoring_params.h	verbatim		74	0	txt
ab_cloud-libs-shared/libs/keyboard/src/main/jni/src/suggest/policyimpl/typing/typing_scoring.cpp	verbatim		19	0	txt
ab_cloud-libs-shared/libs/keyboard/src/main/jni/src/suggest/policyimpl/typing/typing_scoring.h	verbatim		106	0	txt
ab_cloud-libs-shared/libs/keyboard/src/main/jni/src/suggest/policyimpl/typing/typing_suggest_policy.cpp	verbatim		19	0	txt
ab_cloud-libs-shared/libs/keyboard/src/main/jni/src/suggest/policyimpl/typing/typing_suggest_policy.h	verbatim		46	0	txt
ab_cloud-libs-shared/libs/keyboard/src/main/jni/src/suggest/policyimpl/typing/typing_suggest_policy_factory.h	verbatim		31	0	txt
ab_cloud-libs-shared/libs/keyboard/src/main/jni/src/suggest/policyimpl/typing/typing_traversal.cpp	verbatim		22	0	txt
ab_cloud-libs-shared/libs/keyboard/src/main/jni/src/suggest/policyimpl/typing/typing_traversal.h	verbatim		184	0	txt
ab_cloud-libs-shared/libs/keyboard/src/main/jni/src/suggest/policyimpl/typing/typing_weighting.cpp	verbatim		103	0	txt
ab_cloud-libs-shared/libs/keyboard/src/main/jni/src/suggest/policyimpl/typing/typing_weighting.h	verbatim		201	0	txt
ab_cloud-libs-shared/libs/keyboard/src/main/jni/src/suggest/policyimpl/utils/damerau_levenshtein_edit_distance_policy.h	verbatim		65	0	txt
ab_cloud-libs-shared/libs/keyboard/src/main/jni/src/suggest/policyimpl/utils/edit_distance.h	verbatim		83	0	txt
ab_cloud-libs-shared/libs/keyboard/src/main/jni/src/suggest/policyimpl/utils/edit_distance_policy.h	verbatim		36	0	txt
ab_cloud-libs-shared/libs/keyboard/src/main/jni/src/utils/autocorrection_threshold_utils.cpp	verbatim		96	0	txt
ab_cloud-libs-shared/libs/keyboard/src/main/jni/src/utils/autocorrection_threshold_utils.h	verbatim		33	0	txt
ab_cloud-libs-shared/libs/keyboard/src/main/jni/src/utils/byte_array_view.h	verbatim		76	0	txt
ab_cloud-libs-shared/libs/keyboard/src/main/jni/src/utils/char_utils.cpp	verbatim		1275	0	txt
ab_cloud-libs-shared/libs/keyboard/src/main/jni/src/utils/char_utils.h	verbatim		121	0	txt
ab_cloud-libs-shared/libs/keyboard/src/main/jni/src/utils/int_array_view.h	verbatim		146	0	txt
ab_cloud-libs-shared/libs/keyboard/src/main/jni/src/utils/jni_data_utils.cpp	verbatim		104	0	txt
ab_cloud-libs-shared/libs/keyboard/src/main/jni/src/utils/jni_data_utils.h	verbatim		142	0	txt
ab_cloud-libs-shared/libs/keyboard/src/main/jni/src/utils/log_utils.cpp	verbatim		65	0	txt
ab_cloud-libs-shared/libs/keyboard/src/main/jni/src/utils/log_utils.h	verbatim		32	0	txt
ab_cloud-libs-shared/libs/keyboard/src/main/jni/src/utils/ngram_utils.h	verbatim		52	0	txt
ab_cloud-libs-shared/libs/keyboard/src/main/jni/src/utils/profiler.h	verbatim		68	0	txt
ab_cloud-libs-shared/libs/keyboard/src/main/jni/src/utils/time_keeper.cpp	verbatim		33	0	txt
ab_cloud-libs-shared/libs/keyboard/src/main/jni/src/utils/time_keeper.h	verbatim		32	0	txt
ab_cloud-libs-shared/libs/keyboard/src/main/jni/tests/defines_test.cpp	verbatim		29	0	txt
ab_cloud-libs-shared/libs/keyboard/src/main/jni/tests/dictionary/header/header_read_write_utils_test.cpp	verbatim		62	0	txt
ab_cloud-libs-shared/libs/keyboard/src/main/jni/tests/dictionary/structure/v4/content/language_model_dict_content_global_counters_test.cpp	verbatim		51	0	txt
ab_cloud-libs-shared/libs/keyboard/src/main/jni/tests/dictionary/structure/v4/content/language_model_dict_content_test.cpp	verbatim		102	0	txt
ab_cloud-libs-shared/libs/keyboard/src/main/jni/tests/dictionary/structure/v4/content/probability_entry_test.cpp	verbatim		47	0	txt
ab_cloud-libs-shared/libs/keyboard/src/main/jni/tests/dictionary/structure/v4/content/terminal_position_lookup_table_test.cpp	verbatim		61	0	txt
ab_cloud-libs-shared/libs/keyboard/src/main/jni/tests/dictionary/utils/bloom_filter_test.cpp	verbatim		70	0	txt
ab_cloud-libs-shared/libs/keyboard/src/main/jni/tests/dictionary/utils/buffer_with_extendable_buffer_test.cpp	verbatim		82	0	txt
ab_cloud-libs-shared/libs/keyboard/src/main/jni/tests/dictionary/utils/byte_array_utils_test.cpp	verbatim		86	0	txt
ab_cloud-libs-shared/libs/keyboard/src/main/jni/tests/dictionary/utils/format_utils_test.cpp	verbatim		83	0	txt
ab_cloud-libs-shared/libs/keyboard/src/main/jni/tests/dictionary/utils/probability_utils_test.cpp	verbatim		27	0	txt
ab_cloud-libs-shared/libs/keyboard/src/main/jni/tests/dictionary/utils/sparse_table_test.cpp	verbatim		40	0	txt
ab_cloud-libs-shared/libs/keyboard/src/main/jni/tests/dictionary/utils/trie_map_test.cpp	verbatim		226	0	txt
ab_cloud-libs-shared/libs/keyboard/src/main/jni/tests/suggest/core/dicnode/dic_node_pool_test.cpp	verbatim		57	0	txt
ab_cloud-libs-shared/libs/keyboard/src/main/jni/tests/suggest/core/layout/geometry_utils_test.cpp	verbatim		70	0	txt
ab_cloud-libs-shared/libs/keyboard/src/main/jni/tests/suggest/core/layout/normal_distribution_2d_test.cpp	verbatim		59	0	txt
ab_cloud-libs-shared/libs/keyboard/src/main/jni/tests/suggest/policyimpl/utils/damerau_levenshtein_edit_distance_policy_test.cpp	verbatim		52	0	txt
ab_cloud-libs-shared/libs/keyboard/src/main/jni/tests/utils/autocorrection_threshold_utils_test.cpp	verbatim		32	0	txt
ab_cloud-libs-shared/libs/keyboard/src/main/jni/tests/utils/char_utils_test.cpp	verbatim		111	0	txt
ab_cloud-libs-shared/libs/keyboard/src/main/jni/tests/utils/int_array_view_test.cpp	verbatim		177	0	txt
ab_cloud-libs-shared/libs/keyboard/src/main/jni/tests/utils/time_keeper_test.cpp	verbatim		33	0	txt
ab_cloud-libs-shared/libs/keyboard/src/main/res/anim/fade_in.xml	verbatim		5	0	txt
ab_cloud-libs-shared/libs/keyboard/src/main/res/anim/fade_out.xml	verbatim		5	0	txt
ab_cloud-libs-shared/libs/keyboard/src/main/res/animator/language_on_spacebar_fadeout.xml	verbatim		14	0	txt
ab_cloud-libs-shared/libs/keyboard/src/main/res/drawable-hdpi/btn_keyboard_key_active_klp_dark.9.png	verbatim		0	0	bin
ab_cloud-libs-shared/libs/keyboard/src/main/res/drawable-hdpi/btn_keyboard_key_normal_holo_light.9.png	verbatim		0	0	bin
ab_cloud-libs-shared/libs/keyboard/src/main/res/drawable-hdpi/btn_keyboard_key_normal_off_holo_dark.9.png	verbatim		0	0	bin
ab_cloud-libs-shared/libs/keyboard/src/main/res/drawable-hdpi/btn_keyboard_key_normal_on_klp_dark.9.png	verbatim		0	0	bin
ab_cloud-libs-shared/libs/keyboard/src/main/res/drawable-hdpi/btn_keyboard_key_popup_selected_klp.9.png	verbatim		0	0	bin
ab_cloud-libs-shared/libs/keyboard/src/main/res/drawable-hdpi/btn_keyboard_key_pressed_klp_dark.9.png	verbatim		0	0	bin
ab_cloud-libs-shared/libs/keyboard/src/main/res/drawable-hdpi/btn_keyboard_key_pressed_klp_light.9.png	verbatim		0	0	bin
ab_cloud-libs-shared/libs/keyboard/src/main/res/drawable-hdpi/btn_keyboard_key_pressed_off_klp_dark.9.png	verbatim		0	0	bin
ab_cloud-libs-shared/libs/keyboard/src/main/res/drawable-hdpi/btn_keyboard_key_pressed_on_klp_dark.9.png	verbatim		0	0	bin
ab_cloud-libs-shared/libs/keyboard/src/main/res/drawable-hdpi/keyboard_key_feedback_background_klp.9.png	verbatim		0	0	bin
ab_cloud-libs-shared/libs/keyboard/src/main/res/drawable-hdpi/keyboard_key_feedback_left_background_klp.9.png	verbatim		0	0	bin
ab_cloud-libs-shared/libs/keyboard/src/main/res/drawable-hdpi/keyboard_key_feedback_more_background_lxx_light.9.png	verbatim		0	0	bin
ab_cloud-libs-shared/libs/keyboard/src/main/res/drawable-hdpi/keyboard_key_feedback_right_background_klp.9.png	verbatim		0	0	bin
ab_cloud-libs-shared/libs/keyboard/src/main/res/drawable-hdpi/keyboard_popup_panel_background_holo_white.9.png	verbatim		0	0	bin
ab_cloud-libs-shared/libs/keyboard/src/main/res/drawable-mdpi/btn_keyboard_key_active_klp_dark.9.png	verbatim		0	0	bin
ab_cloud-libs-shared/libs/keyboard/src/main/res/drawable-mdpi/btn_keyboard_key_normal_holo_light.9.png	verbatim		0	0	bin
ab_cloud-libs-shared/libs/keyboard/src/main/res/drawable-mdpi/btn_keyboard_key_normal_off_holo_dark.9.png	verbatim		0	0	bin
ab_cloud-libs-shared/libs/keyboard/src/main/res/drawable-mdpi/btn_keyboard_key_normal_on_klp_dark.9.png	verbatim		0	0	bin
ab_cloud-libs-shared/libs/keyboard/src/main/res/drawable-mdpi/btn_keyboard_key_popup_selected_klp.9.png	verbatim		0	0	bin
ab_cloud-libs-shared/libs/keyboard/src/main/res/drawable-mdpi/btn_keyboard_key_pressed_klp_dark.9.png	verbatim		0	0	bin
ab_cloud-libs-shared/libs/keyboard/src/main/res/drawable-mdpi/btn_keyboard_key_pressed_klp_light.9.png	verbatim		0	0	bin
ab_cloud-libs-shared/libs/keyboard/src/main/res/drawable-mdpi/btn_keyboard_key_pressed_off_klp_dark.9.png	verbatim		0	0	bin
ab_cloud-libs-shared/libs/keyboard/src/main/res/drawable-mdpi/btn_keyboard_key_pressed_on_klp_dark.9.png	verbatim		0	0	bin
ab_cloud-libs-shared/libs/keyboard/src/main/res/drawable-mdpi/keyboard_key_feedback_background_klp.9.png	verbatim		0	0	bin
ab_cloud-libs-shared/libs/keyboard/src/main/res/drawable-mdpi/keyboard_key_feedback_left_background_klp.9.png	verbatim		0	0	bin
ab_cloud-libs-shared/libs/keyboard/src/main/res/drawable-mdpi/keyboard_key_feedback_more_background_lxx_light.9.png	verbatim		0	0	bin
ab_cloud-libs-shared/libs/keyboard/src/main/res/drawable-mdpi/keyboard_key_feedback_right_background_klp.9.png	verbatim		0	0	bin
ab_cloud-libs-shared/libs/keyboard/src/main/res/drawable-mdpi/keyboard_popup_panel_background_holo_white.9.png	verbatim		0	0	bin
ab_cloud-libs-shared/libs/keyboard/src/main/res/drawable-nodpi/setup_welcome_image.png	verbatim		0	0	bin
ab_cloud-libs-shared/libs/keyboard/src/main/res/drawable-v24/ic_launcher_background.xml	verbatim		24	0	txt
ab_cloud-libs-shared/libs/keyboard/src/main/res/drawable-v26/btn_keyboard_spacebar_base.xml	verbatim		8	0	txt
ab_cloud-libs-shared/libs/keyboard/src/main/res/drawable-xhdpi/btn_keyboard_key_active_klp_dark.9.png	verbatim		0	0	bin
ab_cloud-libs-shared/libs/keyboard/src/main/res/drawable-xhdpi/btn_keyboard_key_normal_holo_light.9.png	verbatim		0	0	bin
ab_cloud-libs-shared/libs/keyboard/src/main/res/drawable-xhdpi/btn_keyboard_key_normal_off_holo_dark.9.png	verbatim		0	0	bin
ab_cloud-libs-shared/libs/keyboard/src/main/res/drawable-xhdpi/btn_keyboard_key_normal_on_klp_dark.9.png	verbatim		0	0	bin
ab_cloud-libs-shared/libs/keyboard/src/main/res/drawable-xhdpi/btn_keyboard_key_popup_selected_klp.9.png	verbatim		0	0	bin
ab_cloud-libs-shared/libs/keyboard/src/main/res/drawable-xhdpi/btn_keyboard_key_pressed_klp_dark.9.png	verbatim		0	0	bin
ab_cloud-libs-shared/libs/keyboard/src/main/res/drawable-xhdpi/btn_keyboard_key_pressed_klp_light.9.png	verbatim		0	0	bin
ab_cloud-libs-shared/libs/keyboard/src/main/res/drawable-xhdpi/btn_keyboard_key_pressed_off_klp_dark.9.png	verbatim		0	0	bin
ab_cloud-libs-shared/libs/keyboard/src/main/res/drawable-xhdpi/btn_keyboard_key_pressed_on_klp_dark.9.png	verbatim		0	0	bin
ab_cloud-libs-shared/libs/keyboard/src/main/res/drawable-xhdpi/keyboard_key_feedback_background_klp.9.png	verbatim		0	0	bin
ab_cloud-libs-shared/libs/keyboard/src/main/res/drawable-xhdpi/keyboard_key_feedback_left_background_klp.9.png	verbatim		0	0	bin
ab_cloud-libs-shared/libs/keyboard/src/main/res/drawable-xhdpi/keyboard_key_feedback_more_background_lxx_light.9.png	verbatim		0	0	bin
ab_cloud-libs-shared/libs/keyboard/src/main/res/drawable-xhdpi/keyboard_key_feedback_right_background_klp.9.png	verbatim		0	0	bin
ab_cloud-libs-shared/libs/keyboard/src/main/res/drawable-xhdpi/keyboard_popup_panel_background_holo_white.9.png	verbatim		0	0	bin
ab_cloud-libs-shared/libs/keyboard/src/main/res/drawable-xxhdpi/btn_keyboard_key_active_klp_dark.9.png	verbatim		0	0	bin
ab_cloud-libs-shared/libs/keyboard/src/main/res/drawable-xxhdpi/btn_keyboard_key_normal_holo_light.9.png	verbatim		0	0	bin
ab_cloud-libs-shared/libs/keyboard/src/main/res/drawable-xxhdpi/btn_keyboard_key_normal_off_holo_dark.9.png	verbatim		0	0	bin
ab_cloud-libs-shared/libs/keyboard/src/main/res/drawable-xxhdpi/btn_keyboard_key_normal_on_klp_dark.9.png	verbatim		0	0	bin
ab_cloud-libs-shared/libs/keyboard/src/main/res/drawable-xxhdpi/btn_keyboard_key_popup_selected_klp.9.png	verbatim		0	0	bin
ab_cloud-libs-shared/libs/keyboard/src/main/res/drawable-xxhdpi/btn_keyboard_key_pressed_klp_dark.9.png	verbatim		0	0	bin
ab_cloud-libs-shared/libs/keyboard/src/main/res/drawable-xxhdpi/btn_keyboard_key_pressed_klp_light.9.png	verbatim		0	0	bin
ab_cloud-libs-shared/libs/keyboard/src/main/res/drawable-xxhdpi/btn_keyboard_key_pressed_off_klp_dark.9.png	verbatim		0	0	bin
ab_cloud-libs-shared/libs/keyboard/src/main/res/drawable-xxhdpi/btn_keyboard_key_pressed_on_klp_dark.9.png	verbatim		0	0	bin
ab_cloud-libs-shared/libs/keyboard/src/main/res/drawable-xxhdpi/keyboard_key_feedback_background_klp.9.png	verbatim		0	0	bin
ab_cloud-libs-shared/libs/keyboard/src/main/res/drawable-xxhdpi/keyboard_key_feedback_left_background_klp.9.png	verbatim		0	0	bin
ab_cloud-libs-shared/libs/keyboard/src/main/res/drawable-xxhdpi/keyboard_key_feedback_more_background_lxx_light.9.png	verbatim		0	0	bin
ab_cloud-libs-shared/libs/keyboard/src/main/res/drawable-xxhdpi/keyboard_key_feedback_right_background_klp.9.png	verbatim		0	0	bin
ab_cloud-libs-shared/libs/keyboard/src/main/res/drawable-xxhdpi/keyboard_popup_panel_background_holo_white.9.png	verbatim		0	0	bin
ab_cloud-libs-shared/libs/keyboard/src/main/res/drawable-xxxhdpi/keyboard_key_feedback_more_background_lxx_light.9.png	verbatim		0	0	bin
ab_cloud-libs-shared/libs/keyboard/src/main/res/drawable/btn_keyboard_key_action_normal_lxx_base.xml	verbatim		10	0	txt
ab_cloud-libs-shared/libs/keyboard/src/main/res/drawable/btn_keyboard_key_action_pressed_lxx_base.xml	verbatim		10	0	txt
ab_cloud-libs-shared/libs/keyboard/src/main/res/drawable/btn_keyboard_key_functional_rounded_base_border.xml	verbatim		30	0	txt
ab_cloud-libs-shared/libs/keyboard/src/main/res/drawable/btn_keyboard_key_holo_white.xml	verbatim		30	0	txt
ab_cloud-libs-shared/libs/keyboard/src/main/res/drawable/btn_keyboard_key_lxx_base.xml	verbatim		30	0	txt
ab_cloud-libs-shared/libs/keyboard/src/main/res/drawable/btn_keyboard_key_lxx_base_border.xml	verbatim		30	0	txt
ab_cloud-libs-shared/libs/keyboard/src/main/res/drawable/btn_keyboard_key_normal_functional_rounded_base_border.xml	verbatim		16	0	txt
ab_cloud-libs-shared/libs/keyboard/src/main/res/drawable/btn_keyboard_key_normal_lxx_base_border.xml	verbatim		15	0	txt
ab_cloud-libs-shared/libs/keyboard/src/main/res/drawable/btn_keyboard_key_normal_rounded_base_border.xml	verbatim		15	0	txt
ab_cloud-libs-shared/libs/keyboard/src/main/res/drawable/btn_keyboard_key_popup_action_lxx_base.xml	verbatim		6	0	txt
ab_cloud-libs-shared/libs/keyboard/src/main/res/drawable/btn_keyboard_key_popup_holo_white.xml	verbatim		10	0	txt
ab_cloud-libs-shared/libs/keyboard/src/main/res/drawable/btn_keyboard_key_popup_lxx_base.xml	verbatim		15	0	txt
ab_cloud-libs-shared/libs/keyboard/src/main/res/drawable/btn_keyboard_key_popup_rounded_base.xml	verbatim		15	0	txt
ab_cloud-libs-shared/libs/keyboard/src/main/res/drawable/btn_keyboard_key_pressed_functional_rounded_base_border.xml	verbatim		7	0	txt
ab_cloud-libs-shared/libs/keyboard/src/main/res/drawable/btn_keyboard_key_pressed_lxx_base_border.xml	verbatim		6	0	txt
ab_cloud-libs-shared/libs/keyboard/src/main/res/drawable/btn_keyboard_key_pressed_rounded_base.xml	verbatim		6	0	txt
ab_cloud-libs-shared/libs/keyboard/src/main/res/drawable/btn_keyboard_key_rounded_base.xml	verbatim		30	0	txt
ab_cloud-libs-shared/libs/keyboard/src/main/res/drawable/btn_keyboard_key_rounded_base_border.xml	verbatim		30	0	txt
ab_cloud-libs-shared/libs/keyboard/src/main/res/drawable/btn_keyboard_spacebar_base.xml	verbatim		8	0	txt
ab_cloud-libs-shared/libs/keyboard/src/main/res/drawable/btn_keyboard_spacebar_holo_white.xml	verbatim		10	0	txt
ab_cloud-libs-shared/libs/keyboard/src/main/res/drawable/btn_suggestion_holo_white.xml	verbatim		12	0	txt
ab_cloud-libs-shared/libs/keyboard/src/main/res/drawable/btn_suggestion_lxx_base.xml	verbatim		12	0	txt
ab_cloud-libs-shared/libs/keyboard/src/main/res/drawable/btn_suggestion_rounded_base.xml	verbatim		11	0	txt
ab_cloud-libs-shared/libs/keyboard/src/main/res/drawable/clipboard_suggestion_background.xml	verbatim		20	0	txt
ab_cloud-libs-shared/libs/keyboard/src/main/res/drawable/ic_arrow_back.xml	verbatim		13	0	txt
ab_cloud-libs-shared/libs/keyboard/src/main/res/drawable/ic_arrow_horizontal.xml	verbatim		15	0	txt
ab_cloud-libs-shared/libs/keyboard/src/main/res/drawable/ic_arrow_horizontal_rounded.xml	verbatim		15	0	txt
ab_cloud-libs-shared/libs/keyboard/src/main/res/drawable/ic_arrow_left.xml	verbatim		12	0	txt
ab_cloud-libs-shared/libs/keyboard/src/main/res/drawable/ic_arrow_left_rounded.xml	verbatim		14	0	txt
ab_cloud-libs-shared/libs/keyboard/src/main/res/drawable/ic_arrow_right.xml	verbatim		4	0	txt
ab_cloud-libs-shared/libs/keyboard/src/main/res/drawable/ic_arrow_right_rounded.xml	verbatim		5	0	txt
ab_cloud-libs-shared/libs/keyboard/src/main/res/drawable/ic_autocorrect.xml	verbatim		12	0	txt
ab_cloud-libs-shared/libs/keyboard/src/main/res/drawable/ic_autocorrect_rounded.xml	verbatim		13	0	txt
ab_cloud-libs-shared/libs/keyboard/src/main/res/drawable/ic_bin.xml	verbatim		13	0	txt
ab_cloud-libs-shared/libs/keyboard/src/main/res/drawable/ic_bin_rounded.xml	verbatim		14	0	txt
ab_cloud-libs-shared/libs/keyboard/src/main/res/drawable/ic_clipboard_pin_holo_dark.xml	verbatim		13	0	txt
ab_cloud-libs-shared/libs/keyboard/src/main/res/drawable/ic_clipboard_pin_lxx.xml	verbatim		13	0	txt
ab_cloud-libs-shared/libs/keyboard/src/main/res/drawable/ic_clipboard_pin_rounded.xml	verbatim		14	0	txt
ab_cloud-libs-shared/libs/keyboard/src/main/res/drawable/ic_close.xml	verbatim		12	0	txt
ab_cloud-libs-shared/libs/keyboard/src/main/res/drawable/ic_close_rounded.xml	verbatim		13	0	txt
ab_cloud-libs-shared/libs/keyboard/src/main/res/drawable/ic_dictionary.xml	verbatim		15	0	txt
ab_cloud-libs-shared/libs/keyboard/src/main/res/drawable/ic_dpad_down.xml	verbatim		5	0	txt
ab_cloud-libs-shared/libs/keyboard/src/main/res/drawable/ic_dpad_down_rounded.xml	verbatim		5	0	txt
ab_cloud-libs-shared/libs/keyboard/src/main/res/drawable/ic_dpad_left.xml	verbatim		17	0	txt
ab_cloud-libs-shared/libs/keyboard/src/main/res/drawable/ic_dpad_left_rounded.xml	verbatim		18	0	txt
ab_cloud-libs-shared/libs/keyboard/src/main/res/drawable/ic_dpad_right.xml	verbatim		5	0	txt
ab_cloud-libs-shared/libs/keyboard/src/main/res/drawable/ic_dpad_right_rounded.xml	verbatim		5	0	txt
ab_cloud-libs-shared/libs/keyboard/src/main/res/drawable/ic_dpad_up.xml	verbatim		5	0	txt
ab_cloud-libs-shared/libs/keyboard/src/main/res/drawable/ic_dpad_up_rounded.xml	verbatim		5	0	txt
ab_cloud-libs-shared/libs/keyboard/src/main/res/drawable/ic_drag_indicator.xml	verbatim		13	0	txt
ab_cloud-libs-shared/libs/keyboard/src/main/res/drawable/ic_edit.xml	verbatim		13	0	txt
ab_cloud-libs-shared/libs/keyboard/src/main/res/drawable/ic_emoji_activities.xml	verbatim		13	0	txt
ab_cloud-libs-shared/libs/keyboard/src/main/res/drawable/ic_emoji_activities_lxx.xml	verbatim		10	0	txt
ab_cloud-libs-shared/libs/keyboard/src/main/res/drawable/ic_emoji_activities_rounded.xml	verbatim		14	0	txt
ab_cloud-libs-shared/libs/keyboard/src/main/res/drawable/ic_emoji_animals_nature.xml	verbatim		17	0	txt
ab_cloud-libs-shared/libs/keyboard/src/main/res/drawable/ic_emoji_animals_nature_lxx.xml	verbatim		10	0	txt
ab_cloud-libs-shared/libs/keyboard/src/main/res/drawable/ic_emoji_emoticons.xml	verbatim		22	0	txt
ab_cloud-libs-shared/libs/keyboard/src/main/res/drawable/ic_emoji_emoticons_lxx.xml	verbatim		10	0	txt
ab_cloud-libs-shared/libs/keyboard/src/main/res/drawable/ic_emoji_emoticons_rounded.xml	verbatim		14	0	txt
ab_cloud-libs-shared/libs/keyboard/src/main/res/drawable/ic_emoji_flags.xml	verbatim		13	0	txt
ab_cloud-libs-shared/libs/keyboard/src/main/res/drawable/ic_emoji_flags_lxx.xml	verbatim		10	0	txt
ab_cloud-libs-shared/libs/keyboard/src/main/res/drawable/ic_emoji_flags_rounded.xml	verbatim		14	0	txt
ab_cloud-libs-shared/libs/keyboard/src/main/res/drawable/ic_emoji_food_drink.xml	verbatim		13	0	txt
ab_cloud-libs-shared/libs/keyboard/src/main/res/drawable/ic_emoji_food_drink_lxx.xml	verbatim		10	0	txt
ab_cloud-libs-shared/libs/keyboard/src/main/res/drawable/ic_emoji_food_drink_rounded.xml	verbatim		14	0	txt
ab_cloud-libs-shared/libs/keyboard/src/main/res/drawable/ic_emoji_objects.xml	verbatim		13	0	txt
ab_cloud-libs-shared/libs/keyboard/src/main/res/drawable/ic_emoji_objects_lxx.xml	verbatim		10	0	txt
ab_cloud-libs-shared/libs/keyboard/src/main/res/drawable/ic_emoji_objects_rounded.xml	verbatim		14	0	txt
ab_cloud-libs-shared/libs/keyboard/src/main/res/drawable/ic_emoji_people_body.xml	verbatim		13	0	txt
ab_cloud-libs-shared/libs/keyboard/src/main/res/drawable/ic_emoji_people_body_lxx.xml	verbatim		10	0	txt
ab_cloud-libs-shared/libs/keyboard/src/main/res/drawable/ic_emoji_people_body_rounded.xml	verbatim		14	0	txt
ab_cloud-libs-shared/libs/keyboard/src/main/res/drawable/ic_emoji_recents.xml	verbatim		16	0	txt
ab_cloud-libs-shared/libs/keyboard/src/main/res/drawable/ic_emoji_recents_lxx.xml	verbatim		11	0	txt
ab_cloud-libs-shared/libs/keyboard/src/main/res/drawable/ic_emoji_recents_rounded.xml	verbatim		14	0	txt
ab_cloud-libs-shared/libs/keyboard/src/main/res/drawable/ic_emoji_smileys_emotion.xml	verbatim		13	0	txt
ab_cloud-libs-shared/libs/keyboard/src/main/res/drawable/ic_emoji_smileys_emotion_lxx.xml	verbatim		10	0	txt
ab_cloud-libs-shared/libs/keyboard/src/main/res/drawable/ic_emoji_smileys_emotion_rounded.xml	verbatim		14	0	txt
ab_cloud-libs-shared/libs/keyboard/src/main/res/drawable/ic_emoji_symbols.xml	verbatim		13	0	txt
ab_cloud-libs-shared/libs/keyboard/src/main/res/drawable/ic_emoji_symbols_lxx.xml	verbatim		10	0	txt
ab_cloud-libs-shared/libs/keyboard/src/main/res/drawable/ic_emoji_symbols_rounded.xml	verbatim		15	0	txt
ab_cloud-libs-shared/libs/keyboard/src/main/res/drawable/ic_emoji_travel_places.xml	verbatim		13	0	txt
ab_cloud-libs-shared/libs/keyboard/src/main/res/drawable/ic_emoji_travel_places_lxx.xml	verbatim		10	0	txt
ab_cloud-libs-shared/libs/keyboard/src/main/res/drawable/ic_emoji_travel_places_rounded.xml	verbatim		15	0	txt
ab_cloud-libs-shared/libs/keyboard/src/main/res/drawable/ic_ime_switcher.xml	verbatim		13	0	txt
ab_cloud-libs-shared/libs/keyboard/src/main/res/drawable/ic_launcher_foreground.xml	verbatim		69	0	txt
ab_cloud-libs-shared/libs/keyboard/src/main/res/drawable/ic_link.xml	verbatim		12	0	txt
ab_cloud-libs-shared/libs/keyboard/src/main/res/drawable/ic_page_down.xml	verbatim		5	0	txt
ab_cloud-libs-shared/libs/keyboard/src/main/res/drawable/ic_page_down_rounded.xml	verbatim		5	0	txt
ab_cloud-libs-shared/libs/keyboard/src/main/res/drawable/ic_page_end.xml	verbatim		5	0	txt
ab_cloud-libs-shared/libs/keyboard/src/main/res/drawable/ic_page_end_rounded.xml	verbatim		5	0	txt
ab_cloud-libs-shared/libs/keyboard/src/main/res/drawable/ic_page_start.xml	verbatim		5	0	txt
ab_cloud-libs-shared/libs/keyboard/src/main/res/drawable/ic_page_start_rounded.xml	verbatim		5	0	txt
ab_cloud-libs-shared/libs/keyboard/src/main/res/drawable/ic_page_up.xml	verbatim		5	0	txt
ab_cloud-libs-shared/libs/keyboard/src/main/res/drawable/ic_page_up_rounded.xml	verbatim		5	0	txt
ab_cloud-libs-shared/libs/keyboard/src/main/res/drawable/ic_plus.xml	verbatim		13	0	txt
ab_cloud-libs-shared/libs/keyboard/src/main/res/drawable/ic_redo.xml	verbatim		12	0	txt
ab_cloud-libs-shared/libs/keyboard/src/main/res/drawable/ic_redo_rounded.xml	verbatim		15	0	txt
ab_cloud-libs-shared/libs/keyboard/src/main/res/drawable/ic_select.xml	verbatim		12	0	txt
ab_cloud-libs-shared/libs/keyboard/src/main/res/drawable/ic_select_all.xml	verbatim		12	0	txt
ab_cloud-libs-shared/libs/keyboard/src/main/res/drawable/ic_select_all_rounded.xml	verbatim		15	0	txt
ab_cloud-libs-shared/libs/keyboard/src/main/res/drawable/ic_select_rounded.xml	verbatim		15	0	txt
ab_cloud-libs-shared/libs/keyboard/src/main/res/drawable/ic_settings_about.xml	verbatim		13	0	txt
ab_cloud-libs-shared/libs/keyboard/src/main/res/drawable/ic_settings_about_github.xml	verbatim		13	0	txt
ab_cloud-libs-shared/libs/keyboard/src/main/res/drawable/ic_settings_about_hidden_features.xml	verbatim		13	0	txt
ab_cloud-libs-shared/libs/keyboard/src/main/res/drawable/ic_settings_about_license.xml	verbatim		13	0	txt
ab_cloud-libs-shared/libs/keyboard/src/main/res/drawable/ic_settings_about_log.xml	verbatim		13	0	txt
ab_cloud-libs-shared/libs/keyboard/src/main/res/drawable/ic_settings_about_wiki.xml	verbatim		14	0	txt
ab_cloud-libs-shared/libs/keyboard/src/main/res/drawable/ic_settings_advanced.xml	verbatim		13	0	txt
ab_cloud-libs-shared/libs/keyboard/src/main/res/drawable/ic_settings_appearance.xml	verbatim		14	0	txt
ab_cloud-libs-shared/libs/keyboard/src/main/res/drawable/ic_settings_correction.xml	verbatim		13	0	txt
ab_cloud-libs-shared/libs/keyboard/src/main/res/drawable/ic_settings_default.xml	verbatim		13	0	txt
ab_cloud-libs-shared/libs/keyboard/src/main/res/drawable/ic_settings_gesture.xml	verbatim		14	0	txt
ab_cloud-libs-shared/libs/keyboard/src/main/res/drawable/ic_settings_languages.xml	verbatim		14	0	txt
ab_cloud-libs-shared/libs/keyboard/src/main/res/drawable/ic_settings_preferences.xml	verbatim		13	0	txt
ab_cloud-libs-shared/libs/keyboard/src/main/res/drawable/ic_settings_toolbar.xml	verbatim		13	0	txt
ab_cloud-libs-shared/libs/keyboard/src/main/res/drawable/ic_setup_check.xml	verbatim		14	0	txt
ab_cloud-libs-shared/libs/keyboard/src/main/res/drawable/ic_setup_key.xml	verbatim		17	0	txt
ab_cloud-libs-shared/libs/keyboard/src/main/res/drawable/ic_setup_select.xml	verbatim		14	0	txt
ab_cloud-libs-shared/libs/keyboard/src/main/res/drawable/ic_share.xml	verbatim		12	0	txt
ab_cloud-libs-shared/libs/keyboard/src/main/res/drawable/ic_sort_alphabetically.xml	verbatim		14	0	txt
ab_cloud-libs-shared/libs/keyboard/src/main/res/drawable/ic_sort_chronologically.xml	verbatim		14	0	txt
ab_cloud-libs-shared/libs/keyboard/src/main/res/drawable/ic_to_end.xml	verbatim		12	0	txt
ab_cloud-libs-shared/libs/keyboard/src/main/res/drawable/ic_to_end_rounded.xml	verbatim		14	0	txt
ab_cloud-libs-shared/libs/keyboard/src/main/res/drawable/ic_to_start.xml	verbatim		4	0	txt
ab_cloud-libs-shared/libs/keyboard/src/main/res/drawable/ic_to_start_rounded.xml	verbatim		4	0	txt
ab_cloud-libs-shared/libs/keyboard/src/main/res/drawable/ic_toolbar_enhance.xml	new		0	13	txt
ab_cloud-libs-shared/libs/keyboard/src/main/res/drawable/ic_toolbar_translate.xml	new		0	13	txt
ab_cloud-libs-shared/libs/keyboard/src/main/res/drawable/ic_toolbar_vault.xml	new		0	13	txt
ab_cloud-libs-shared/libs/keyboard/src/main/res/drawable/ic_undo.xml	verbatim		12	0	txt
ab_cloud-libs-shared/libs/keyboard/src/main/res/drawable/ic_undo_rounded.xml	verbatim		15	0	txt
ab_cloud-libs-shared/libs/keyboard/src/main/res/drawable/ic_word_left.xml	verbatim		14	0	txt
ab_cloud-libs-shared/libs/keyboard/src/main/res/drawable/ic_word_left_rounded.xml	verbatim		14	0	txt
ab_cloud-libs-shared/libs/keyboard/src/main/res/drawable/ic_word_right.xml	verbatim		5	0	txt
ab_cloud-libs-shared/libs/keyboard/src/main/res/drawable/ic_word_right_rounded.xml	verbatim		5	0	txt
ab_cloud-libs-shared/libs/keyboard/src/main/res/drawable/keyboard_background_lxx_base.xml	verbatim		5	0	txt
ab_cloud-libs-shared/libs/keyboard/src/main/res/drawable/keyboard_background_lxx_base_border.xml	verbatim		5	0	txt
ab_cloud-libs-shared/libs/keyboard/src/main/res/drawable/keyboard_key_feedback_background_lxx_light_border.xml	verbatim		14	0	txt
ab_cloud-libs-shared/libs/keyboard/src/main/res/drawable/keyboard_key_feedback_holo_white.xml	verbatim		17	0	txt
ab_cloud-libs-shared/libs/keyboard/src/main/res/drawable/keyboard_key_feedback_lxx_light.xml	verbatim		23	0	txt
ab_cloud-libs-shared/libs/keyboard/src/main/res/drawable/keyboard_popup_panel_background_lxx_base.xml	verbatim		89	0	txt
ab_cloud-libs-shared/libs/keyboard/src/main/res/drawable/keyboard_popup_panel_background_rounded_base.xml	verbatim		100	0	txt
ab_cloud-libs-shared/libs/keyboard/src/main/res/drawable/keyboard_suggest_strip_lxx_base_border.xml	verbatim		13	0	txt
ab_cloud-libs-shared/libs/keyboard/src/main/res/drawable/more_suggestions_divider.xml	verbatim		9	0	txt
ab_cloud-libs-shared/libs/keyboard/src/main/res/drawable/popup_keys_divider.xml	verbatim		7	0	txt
ab_cloud-libs-shared/libs/keyboard/src/main/res/drawable/ring.xml	verbatim		12	0	txt
ab_cloud-libs-shared/libs/keyboard/src/main/res/drawable/suggestions_strip_divider.xml	verbatim		6	0	txt
ab_cloud-libs-shared/libs/keyboard/src/main/res/drawable/suggestions_strip_divider_holo.xml	verbatim		6	0	txt
ab_cloud-libs-shared/libs/keyboard/src/main/res/drawable/sym_keyboard_clear_clipboard_holo.xml	verbatim		15	0	txt
ab_cloud-libs-shared/libs/keyboard/src/main/res/drawable/sym_keyboard_clear_clipboard_lxx.xml	verbatim		14	0	txt
ab_cloud-libs-shared/libs/keyboard/src/main/res/drawable/sym_keyboard_clear_clipboard_rounded.xml	verbatim		14	0	txt
ab_cloud-libs-shared/libs/keyboard/src/main/res/drawable/sym_keyboard_clipboard_holo.xml	verbatim		15	0	txt
ab_cloud-libs-shared/libs/keyboard/src/main/res/drawable/sym_keyboard_clipboard_lxx.xml	verbatim		14	0	txt
ab_cloud-libs-shared/libs/keyboard/src/main/res/drawable/sym_keyboard_clipboard_rounded.xml	verbatim		24	0	txt
ab_cloud-libs-shared/libs/keyboard/src/main/res/drawable/sym_keyboard_copy.xml	verbatim		12	0	txt
ab_cloud-libs-shared/libs/keyboard/src/main/res/drawable/sym_keyboard_copy_rounded.xml	verbatim		14	0	txt
ab_cloud-libs-shared/libs/keyboard/src/main/res/drawable/sym_keyboard_cut.xml	verbatim		12	0	txt
ab_cloud-libs-shared/libs/keyboard/src/main/res/drawable/sym_keyboard_cut_rounded.xml	verbatim		13	0	txt
ab_cloud-libs-shared/libs/keyboard/src/main/res/drawable/sym_keyboard_delete_holo.xml	verbatim		14	0	txt
ab_cloud-libs-shared/libs/keyboard/src/main/res/drawable/sym_keyboard_delete_lxx.xml	verbatim		12	0	txt
ab_cloud-libs-shared/libs/keyboard/src/main/res/drawable/sym_keyboard_delete_rounded.xml	verbatim		15	0	txt
ab_cloud-libs-shared/libs/keyboard/src/main/res/drawable/sym_keyboard_done_lxx.xml	verbatim		12	0	txt
ab_cloud-libs-shared/libs/keyboard/src/main/res/drawable/sym_keyboard_done_rounded.xml	verbatim		14	0	txt
ab_cloud-libs-shared/libs/keyboard/src/main/res/drawable/sym_keyboard_go_lxx.xml	verbatim		12	0	txt
ab_cloud-libs-shared/libs/keyboard/src/main/res/drawable/sym_keyboard_go_rounded.xml	verbatim		14	0	txt
ab_cloud-libs-shared/libs/keyboard/src/main/res/drawable/sym_keyboard_incognito_holo.xml	verbatim		24	0	txt
ab_cloud-libs-shared/libs/keyboard/src/main/res/drawable/sym_keyboard_incognito_lxx.xml	verbatim		21	0	txt
ab_cloud-libs-shared/libs/keyboard/src/main/res/drawable/sym_keyboard_language_switch.xml	verbatim		27	0	txt
ab_cloud-libs-shared/libs/keyboard/src/main/res/drawable/sym_keyboard_language_switch_lxx.xml	verbatim		14	0	txt
ab_cloud-libs-shared/libs/keyboard/src/main/res/drawable/sym_keyboard_numpad_key_holo.xml	verbatim		24	0	txt
ab_cloud-libs-shared/libs/keyboard/src/main/res/drawable/sym_keyboard_numpad_key_lxx.xml	verbatim		24	0	txt
ab_cloud-libs-shared/libs/keyboard/src/main/res/drawable/sym_keyboard_paste.xml	verbatim		13	0	txt
ab_cloud-libs-shared/libs/keyboard/src/main/res/drawable/sym_keyboard_paste_rounded.xml	verbatim		14	0	txt
ab_cloud-libs-shared/libs/keyboard/src/main/res/drawable/sym_keyboard_return_holo.xml	verbatim		14	0	txt
ab_cloud-libs-shared/libs/keyboard/src/main/res/drawable/sym_keyboard_return_lxx.xml	verbatim		12	0	txt
ab_cloud-libs-shared/libs/keyboard/src/main/res/drawable/sym_keyboard_return_rounded.xml	verbatim		14	0	txt
ab_cloud-libs-shared/libs/keyboard/src/main/res/drawable/sym_keyboard_search_holo.xml	verbatim		14	0	txt
ab_cloud-libs-shared/libs/keyboard/src/main/res/drawable/sym_keyboard_search_lxx.xml	verbatim		12	0	txt
ab_cloud-libs-shared/libs/keyboard/src/main/res/drawable/sym_keyboard_search_rounded.xml	verbatim		14	0	txt
ab_cloud-libs-shared/libs/keyboard/src/main/res/drawable/sym_keyboard_send_lxx.xml	verbatim		12	0	txt
ab_cloud-libs-shared/libs/keyboard/src/main/res/drawable/sym_keyboard_send_rounded.xml	verbatim		14	0	txt
ab_cloud-libs-shared/libs/keyboard/src/main/res/drawable/sym_keyboard_settings_holo.xml	verbatim		15	0	txt
ab_cloud-libs-shared/libs/keyboard/src/main/res/drawable/sym_keyboard_settings_lxx.xml	verbatim		13	0	txt
ab_cloud-libs-shared/libs/keyboard/src/main/res/drawable/sym_keyboard_settings_rounded.xml	verbatim		15	0	txt
ab_cloud-libs-shared/libs/keyboard/src/main/res/drawable/sym_keyboard_shift_holo.xml	verbatim		14	0	txt
ab_cloud-libs-shared/libs/keyboard/src/main/res/drawable/sym_keyboard_shift_lock_holo.xml	verbatim		17	0	txt
ab_cloud-libs-shared/libs/keyboard/src/main/res/drawable/sym_keyboard_shift_lock_lxx.xml	verbatim		14	0	txt
ab_cloud-libs-shared/libs/keyboard/src/main/res/drawable/sym_keyboard_shift_lock_rounded.xml	verbatim		14	0	txt
ab_cloud-libs-shared/libs/keyboard/src/main/res/drawable/sym_keyboard_shift_lxx.xml	verbatim		5	0	txt
ab_cloud-libs-shared/libs/keyboard/src/main/res/drawable/sym_keyboard_shift_rounded.xml	verbatim		5	0	txt
ab_cloud-libs-shared/libs/keyboard/src/main/res/drawable/sym_keyboard_shifted_holo.xml	verbatim		14	0	txt
ab_cloud-libs-shared/libs/keyboard/src/main/res/drawable/sym_keyboard_smiley_holo.xml	verbatim		23	0	txt
ab_cloud-libs-shared/libs/keyboard/src/main/res/drawable/sym_keyboard_smiley_lxx.xml	verbatim		12	0	txt
ab_cloud-libs-shared/libs/keyboard/src/main/res/drawable/sym_keyboard_smiley_rounded.xml	verbatim		14	0	txt
ab_cloud-libs-shared/libs/keyboard/src/main/res/drawable/sym_keyboard_space_holo.xml	verbatim		14	0	txt
ab_cloud-libs-shared/libs/keyboard/src/main/res/drawable/sym_keyboard_space_lxx.xml	verbatim		14	0	txt
ab_cloud-libs-shared/libs/keyboard/src/main/res/drawable/sym_keyboard_space_rounded.xml	verbatim		14	0	txt
ab_cloud-libs-shared/libs/keyboard/src/main/res/drawable/sym_keyboard_start_onehanded_holo.xml	verbatim		12	0	txt
ab_cloud-libs-shared/libs/keyboard/src/main/res/drawable/sym_keyboard_start_onehanded_lxx.xml	verbatim		13	0	txt
ab_cloud-libs-shared/libs/keyboard/src/main/res/drawable/sym_keyboard_start_onehanded_rounded.xml	verbatim		14	0	txt
ab_cloud-libs-shared/libs/keyboard/src/main/res/drawable/sym_keyboard_stop_onehanded_holo.xml	verbatim		12	0	txt
ab_cloud-libs-shared/libs/keyboard/src/main/res/drawable/sym_keyboard_stop_onehanded_lxx.xml	verbatim		13	0	txt
ab_cloud-libs-shared/libs/keyboard/src/main/res/drawable/sym_keyboard_stop_onehanded_rounded.xml	verbatim		15	0	txt
ab_cloud-libs-shared/libs/keyboard/src/main/res/drawable/sym_keyboard_tab_holo.xml	verbatim		15	0	txt
ab_cloud-libs-shared/libs/keyboard/src/main/res/drawable/sym_keyboard_tab_lxx.xml	verbatim		12	0	txt
ab_cloud-libs-shared/libs/keyboard/src/main/res/drawable/sym_keyboard_tab_rounded.xml	verbatim		14	0	txt
ab_cloud-libs-shared/libs/keyboard/src/main/res/drawable/sym_keyboard_voice_holo.xml	verbatim		14	0	txt
ab_cloud-libs-shared/libs/keyboard/src/main/res/drawable/sym_keyboard_voice_lxx.xml	verbatim		12	0	txt
ab_cloud-libs-shared/libs/keyboard/src/main/res/drawable/sym_keyboard_voice_off_holo.xml	verbatim		14	0	txt
ab_cloud-libs-shared/libs/keyboard/src/main/res/drawable/sym_keyboard_voice_off_lxx.xml	verbatim		12	0	txt
ab_cloud-libs-shared/libs/keyboard/src/main/res/drawable/sym_keyboard_voice_off_rounded.xml	verbatim		15	0	txt
ab_cloud-libs-shared/libs/keyboard/src/main/res/drawable/sym_keyboard_voice_rounded.xml	verbatim		14	0	txt
ab_cloud-libs-shared/libs/keyboard/src/main/res/drawable/sym_keyboard_zwj_holo.xml	verbatim		26	0	txt
ab_cloud-libs-shared/libs/keyboard/src/main/res/drawable/sym_keyboard_zwj_lxx.xml	verbatim		20	0	txt
ab_cloud-libs-shared/libs/keyboard/src/main/res/drawable/sym_keyboard_zwnj_holo.xml	verbatim		26	0	txt
ab_cloud-libs-shared/libs/keyboard/src/main/res/drawable/sym_keyboard_zwnj_lxx.xml	verbatim		20	0	txt
ab_cloud-libs-shared/libs/keyboard/src/main/res/drawable/toast_background.xml	verbatim		6	0	txt
ab_cloud-libs-shared/libs/keyboard/src/main/res/drawable/toolbar_expand_key_background.xml	verbatim		14	0	txt
ab_cloud-libs-shared/libs/keyboard/src/main/res/layout/clipboard_entry_key.xml	verbatim		43	0	txt
ab_cloud-libs-shared/libs/keyboard/src/main/res/layout/clipboard_history_view.xml	modified	src/main/res/layout/clipboard_history_view.xml	36	24	txt
ab_cloud-libs-shared/libs/keyboard/src/main/res/layout/clipboard_suggestion.xml	verbatim		42	0	txt
ab_cloud-libs-shared/libs/keyboard/src/main/res/layout/emoji_category_view.xml	verbatim		19	0	txt
ab_cloud-libs-shared/libs/keyboard/src/main/res/layout/emoji_keyboard_page.xml	verbatim		12	0	txt
ab_cloud-libs-shared/libs/keyboard/src/main/res/layout/emoji_palettes_view.xml	modified	src/main/res/layout/emoji_palettes_view.xml	29	28	txt
ab_cloud-libs-shared/libs/keyboard/src/main/res/layout/fake_toast.xml	verbatim		18	0	txt
ab_cloud-libs-shared/libs/keyboard/src/main/res/layout/input_view.xml	verbatim		17	0	txt
ab_cloud-libs-shared/libs/keyboard/src/main/res/layout/main_keyboard_frame.xml	verbatim		87	0	txt
ab_cloud-libs-shared/libs/keyboard/src/main/res/layout/more_suggestions.xml	verbatim		21	0	txt
ab_cloud-libs-shared/libs/keyboard/src/main/res/layout/popup_keys_keyboard.xml	verbatim		26	0	txt
ab_cloud-libs-shared/libs/keyboard/src/main/res/layout/popup_keys_keyboard_for_action_lxx.xml	verbatim		17	0	txt
ab_cloud-libs-shared/libs/keyboard/src/main/res/layout/strip_container.xml	modified	src/main/res/layout/strip_container.xml	40	13	txt
ab_cloud-libs-shared/libs/keyboard/src/main/res/layout/suggestion_divider.xml	verbatim		20	0	txt
ab_cloud-libs-shared/libs/keyboard/src/main/res/layout/suggestions_strip.xml	modified	src/main/res/layout/suggestions_strip.xml	27	73	txt
ab_cloud-libs-shared/libs/keyboard/src/main/res/mipmap-anydpi-v26/ic_launcher.xml	verbatim		6	0	txt
ab_cloud-libs-shared/libs/keyboard/src/main/res/mipmap-anydpi-v26/ic_launcher_round.xml	verbatim		6	0	txt
ab_cloud-libs-shared/libs/keyboard/src/main/res/mipmap-hdpi/ic_launcher.png	verbatim		0	0	bin
ab_cloud-libs-shared/libs/keyboard/src/main/res/mipmap-hdpi/ic_launcher_round.png	verbatim		0	0	bin
ab_cloud-libs-shared/libs/keyboard/src/main/res/mipmap-mdpi/ic_launcher.png	verbatim		0	0	bin
ab_cloud-libs-shared/libs/keyboard/src/main/res/mipmap-mdpi/ic_launcher_round.png	verbatim		0	0	bin
ab_cloud-libs-shared/libs/keyboard/src/main/res/mipmap-xhdpi/ic_launcher.png	verbatim		0	0	bin
ab_cloud-libs-shared/libs/keyboard/src/main/res/mipmap-xhdpi/ic_launcher_round.png	verbatim		0	0	bin
ab_cloud-libs-shared/libs/keyboard/src/main/res/mipmap-xxhdpi/ic_launcher.png	verbatim		0	0	bin
ab_cloud-libs-shared/libs/keyboard/src/main/res/mipmap-xxhdpi/ic_launcher_round.png	verbatim		0	0	bin
ab_cloud-libs-shared/libs/keyboard/src/main/res/mipmap-xxxhdpi/ic_launcher.png	verbatim		0	0	bin
ab_cloud-libs-shared/libs/keyboard/src/main/res/mipmap-xxxhdpi/ic_launcher_round.png	verbatim		0	0	bin
ab_cloud-libs-shared/libs/keyboard/src/main/res/values-af/bools.xml	verbatim		10	0	txt
ab_cloud-libs-shared/libs/keyboard/src/main/res/values-af/strings-talkback-descriptions.xml	verbatim		69	0	txt
ab_cloud-libs-shared/libs/keyboard/src/main/res/values-af/strings.xml	modified	src/main/res/values-af/strings.xml	160	3	txt
ab_cloud-libs-shared/libs/keyboard/src/main/res/values-am/strings-talkback-descriptions.xml	verbatim		69	0	txt
ab_cloud-libs-shared/libs/keyboard/src/main/res/values-am/strings.xml	verbatim		106	0	txt
ab_cloud-libs-shared/libs/keyboard/src/main/res/values-ar-sw600dp/donottranslate-config-spacing-and-punctuations.xml	verbatim		13	0	txt
ab_cloud-libs-shared/libs/keyboard/src/main/res/values-ar/bools.xml	verbatim		10	0	txt
ab_cloud-libs-shared/libs/keyboard/src/main/res/values-ar/donottranslate-config-spacing-and-punctuations.xml	verbatim		14	0	txt
ab_cloud-libs-shared/libs/keyboard/src/main/res/values-ar/strings-talkback-descriptions.xml	verbatim		69	0	txt
ab_cloud-libs-shared/libs/keyboard/src/main/res/values-ar/strings.xml	modified	src/main/res/values-ar/strings.xml	546	4	txt
ab_cloud-libs-shared/libs/keyboard/src/main/res/values-as/strings.xml	verbatim		76	0	txt
ab_cloud-libs-shared/libs/keyboard/src/main/res/values-ast-rES/strings.xml	verbatim		11	0	txt
ab_cloud-libs-shared/libs/keyboard/src/main/res/values-az/bools.xml	verbatim		10	0	txt
ab_cloud-libs-shared/libs/keyboard/src/main/res/values-az/strings-talkback-descriptions.xml	verbatim		69	0	txt
ab_cloud-libs-shared/libs/keyboard/src/main/res/values-az/strings.xml	modified	src/main/res/values-az/strings.xml	188	3	txt
ab_cloud-libs-shared/libs/keyboard/src/main/res/values-b+hi+Latn/donottranslate-config-spacing-and-punctuations.xml	verbatim		7	0	txt
ab_cloud-libs-shared/libs/keyboard/src/main/res/values-b+sr+Latn/strings-talkback-descriptions.xml	verbatim		69	0	txt
ab_cloud-libs-shared/libs/keyboard/src/main/res/values-b+sr+Latn/strings.xml	verbatim		106	0	txt
ab_cloud-libs-shared/libs/keyboard/src/main/res/values-bal/strings.xml	modified	src/main/res/values-bal/strings.xml	9	0	txt
ab_cloud-libs-shared/libs/keyboard/src/main/res/values-be/bools.xml	verbatim		10	0	txt
ab_cloud-libs-shared/libs/keyboard/src/main/res/values-be/strings-talkback-descriptions.xml	verbatim		93	0	txt
ab_cloud-libs-shared/libs/keyboard/src/main/res/values-be/strings.xml	modified	src/main/res/values-be/strings.xml	414	4	txt
ab_cloud-libs-shared/libs/keyboard/src/main/res/values-bg/bools.xml	verbatim		10	0	txt
ab_cloud-libs-shared/libs/keyboard/src/main/res/values-bg/strings-talkback-descriptions.xml	verbatim		69	0	txt
ab_cloud-libs-shared/libs/keyboard/src/main/res/values-bg/strings.xml	modified	src/main/res/values-bg/strings.xml	577	1	txt
ab_cloud-libs-shared/libs/keyboard/src/main/res/values-bn-rIN/bools.xml	verbatim		10	0	txt
ab_cloud-libs-shared/libs/keyboard/src/main/res/values-bn/donottranslate-config-spacing-and-punctuations.xml	verbatim		20	0	txt
ab_cloud-libs-shared/libs/keyboard/src/main/res/values-bn/strings-talkback-descriptions.xml	verbatim		70	0	txt
ab_cloud-libs-shared/libs/keyboard/src/main/res/values-bn/strings.xml	modified	src/main/res/values-bn/strings.xml	541	1	txt
ab_cloud-libs-shared/libs/keyboard/src/main/res/values-bs/strings-talkback-descriptions.xml	verbatim		69	0	txt
ab_cloud-libs-shared/libs/keyboard/src/main/res/values-bs/strings.xml	verbatim		107	0	txt
ab_cloud-libs-shared/libs/keyboard/src/main/res/values-ca/bools.xml	verbatim		10	0	txt
ab_cloud-libs-shared/libs/keyboard/src/main/res/values-ca/strings-talkback-descriptions.xml	verbatim		69	0	txt
ab_cloud-libs-shared/libs/keyboard/src/main/res/values-ca/strings.xml	modified	src/main/res/values-ca/strings.xml	446	4	txt
ab_cloud-libs-shared/libs/keyboard/src/main/res/values-cs/bools.xml	verbatim		10	0	txt
ab_cloud-libs-shared/libs/keyboard/src/main/res/values-cs/strings-talkback-descriptions.xml	verbatim		69	0	txt
ab_cloud-libs-shared/libs/keyboard/src/main/res/values-cs/strings.xml	modified	src/main/res/values-cs/strings.xml	539	4	txt
ab_cloud-libs-shared/libs/keyboard/src/main/res/values-cy/strings.xml	verbatim		11	0	txt
ab_cloud-libs-shared/libs/keyboard/src/main/res/values-da/bools.xml	verbatim		10	0	txt
ab_cloud-libs-shared/libs/keyboard/src/main/res/values-da/strings-talkback-descriptions.xml	verbatim		69	0	txt
ab_cloud-libs-shared/libs/keyboard/src/main/res/values-da/strings.xml	modified	src/main/res/values-da/strings.xml	326	3	txt
ab_cloud-libs-shared/libs/keyboard/src/main/res/values-de/bools.xml	verbatim		10	0	txt
ab_cloud-libs-shared/libs/keyboard/src/main/res/values-de/strings-talkback-descriptions.xml	verbatim		69	0	txt
ab_cloud-libs-shared/libs/keyboard/src/main/res/values-de/strings.xml	modified	src/main/res/values-de/strings.xml	447	4	txt
ab_cloud-libs-shared/libs/keyboard/src/main/res/values-dv/strings.xml	modified	src/main/res/values-dv/strings.xml	3	0	txt
ab_cloud-libs-shared/libs/keyboard/src/main/res/values-el/bools.xml	verbatim		10	0	txt
ab_cloud-libs-shared/libs/keyboard/src/main/res/values-el/donottranslate-config-spacing-and-punctuations.xml	verbatim		9	0	txt
ab_cloud-libs-shared/libs/keyboard/src/main/res/values-el/strings-talkback-descriptions.xml	verbatim		69	0	txt
ab_cloud-libs-shared/libs/keyboard/src/main/res/values-el/strings.xml	modified	src/main/res/values-el/strings.xml	139	3	txt
ab_cloud-libs-shared/libs/keyboard/src/main/res/values-en-rAU/strings-talkback-descriptions.xml	verbatim		69	0	txt
ab_cloud-libs-shared/libs/keyboard/src/main/res/values-en-rAU/strings.xml	modified	src/main/res/values-en-rAU/strings.xml	127	3	txt
ab_cloud-libs-shared/libs/keyboard/src/main/res/values-en-rCA/strings-talkback-descriptions.xml	verbatim		69	0	txt
ab_cloud-libs-shared/libs/keyboard/src/main/res/values-en-rCA/strings.xml	modified	src/main/res/values-en-rCA/strings.xml	111	3	txt
ab_cloud-libs-shared/libs/keyboard/src/main/res/values-en-rGB/strings-talkback-descriptions.xml	verbatim		69	0	txt
ab_cloud-libs-shared/libs/keyboard/src/main/res/values-en-rGB/strings.xml	modified	src/main/res/values-en-rGB/strings.xml	182	3	txt
ab_cloud-libs-shared/libs/keyboard/src/main/res/values-en-rIN/strings-talkback-descriptions.xml	verbatim		69	0	txt
ab_cloud-libs-shared/libs/keyboard/src/main/res/values-en-rIN/strings.xml	verbatim		109	0	txt
ab_cloud-libs-shared/libs/keyboard/src/main/res/values-en/bools.xml	verbatim		10	0	txt
ab_cloud-libs-shared/libs/keyboard/src/main/res/values-es-rUS/strings-talkback-descriptions.xml	verbatim		69	0	txt
ab_cloud-libs-shared/libs/keyboard/src/main/res/values-es-rUS/strings.xml	modified	src/main/res/values-es-rUS/strings.xml	368	4	txt
ab_cloud-libs-shared/libs/keyboard/src/main/res/values-es/bools.xml	verbatim		10	0	txt
ab_cloud-libs-shared/libs/keyboard/src/main/res/values-es/donottranslate-config-spacing-and-punctuations.xml	verbatim		8	0	txt
ab_cloud-libs-shared/libs/keyboard/src/main/res/values-es/strings-talkback-descriptions.xml	modified	src/main/res/values-es/strings-talkback-descriptions.xml	69	3	txt
ab_cloud-libs-shared/libs/keyboard/src/main/res/values-es/strings.xml	modified	src/main/res/values-es/strings.xml	537	167	txt
ab_cloud-libs-shared/libs/keyboard/src/main/res/values-es/superapp_media_strings.xml	new		0	9	txt
ab_cloud-libs-shared/libs/keyboard/src/main/res/values-et/bools.xml	verbatim		10	0	txt
ab_cloud-libs-shared/libs/keyboard/src/main/res/values-et/strings-talkback-descriptions.xml	verbatim		69	0	txt
ab_cloud-libs-shared/libs/keyboard/src/main/res/values-et/strings.xml	modified	src/main/res/values-et/strings.xml	537	4	txt
ab_cloud-libs-shared/libs/keyboard/src/main/res/values-eu/bools.xml	verbatim		10	0	txt
ab_cloud-libs-shared/libs/keyboard/src/main/res/values-eu/strings-talkback-descriptions.xml	verbatim		69	0	txt
ab_cloud-libs-shared/libs/keyboard/src/main/res/values-eu/strings.xml	modified	src/main/res/values-eu/strings.xml	450	4	txt
ab_cloud-libs-shared/libs/keyboard/src/main/res/values-fa-sw600dp/donottranslate-config-spacing-and-punctuations.xml	verbatim		13	0	txt
ab_cloud-libs-shared/libs/keyboard/src/main/res/values-fa/bools.xml	verbatim		10	0	txt
ab_cloud-libs-shared/libs/keyboard/src/main/res/values-fa/donottranslate-config-spacing-and-punctuations.xml	verbatim		14	0	txt
ab_cloud-libs-shared/libs/keyboard/src/main/res/values-fa/strings-talkback-descriptions.xml	verbatim		69	0	txt
ab_cloud-libs-shared/libs/keyboard/src/main/res/values-fa/strings.xml	modified	src/main/res/values-fa/strings.xml	499	4	txt
ab_cloud-libs-shared/libs/keyboard/src/main/res/values-fi/bools.xml	verbatim		10	0	txt
ab_cloud-libs-shared/libs/keyboard/src/main/res/values-fi/strings-talkback-descriptions.xml	verbatim		69	0	txt
ab_cloud-libs-shared/libs/keyboard/src/main/res/values-fi/strings.xml	modified	src/main/res/values-fi/strings.xml	330	4	txt
ab_cloud-libs-shared/libs/keyboard/src/main/res/values-fil/strings.xml	modified	src/main/res/values-fil/strings.xml	91	2	txt
ab_cloud-libs-shared/libs/keyboard/src/main/res/values-fr-rCA/donottranslate-config-spacing-and-punctuations.xml	verbatim		17	0	txt
ab_cloud-libs-shared/libs/keyboard/src/main/res/values-fr-rCA/strings-talkback-descriptions.xml	verbatim		69	0	txt
ab_cloud-libs-shared/libs/keyboard/src/main/res/values-fr-rCA/strings.xml	verbatim		106	0	txt
ab_cloud-libs-shared/libs/keyboard/src/main/res/values-fr/bools.xml	verbatim		10	0	txt
ab_cloud-libs-shared/libs/keyboard/src/main/res/values-fr/donottranslate-config-spacing-and-punctuations.xml	verbatim		18	0	txt
ab_cloud-libs-shared/libs/keyboard/src/main/res/values-fr/strings-talkback-descriptions.xml	verbatim		69	0	txt
ab_cloud-libs-shared/libs/keyboard/src/main/res/values-fr/strings.xml	modified	src/main/res/values-fr/strings.xml	542	4	txt
ab_cloud-libs-shared/libs/keyboard/src/main/res/values-gd/strings.xml	verbatim		11	0	txt
ab_cloud-libs-shared/libs/keyboard/src/main/res/values-gl/bools.xml	verbatim		10	0	txt
ab_cloud-libs-shared/libs/keyboard/src/main/res/values-gl/strings-talkback-descriptions.xml	verbatim		69	0	txt
ab_cloud-libs-shared/libs/keyboard/src/main/res/values-gl/strings.xml	modified	src/main/res/values-gl/strings.xml	509	3	txt
ab_cloud-libs-shared/libs/keyboard/src/main/res/values-gu/strings-talkback-descriptions.xml	verbatim		69	0	txt
ab_cloud-libs-shared/libs/keyboard/src/main/res/values-gu/strings.xml	verbatim		106	0	txt
ab_cloud-libs-shared/libs/keyboard/src/main/res/values-hi/bools.xml	verbatim		10	0	txt
ab_cloud-libs-shared/libs/keyboard/src/main/res/values-hi/donottranslate-config-spacing-and-punctuations.xml	verbatim		10	0	txt
ab_cloud-libs-shared/libs/keyboard/src/main/res/values-hi/strings-talkback-descriptions.xml	verbatim		69	0	txt
ab_cloud-libs-shared/libs/keyboard/src/main/res/values-hi/strings.xml	verbatim		106	0	txt
ab_cloud-libs-shared/libs/keyboard/src/main/res/values-hr/bools.xml	verbatim		10	0	txt
ab_cloud-libs-shared/libs/keyboard/src/main/res/values-hr/strings-talkback-descriptions.xml	verbatim		69	0	txt
ab_cloud-libs-shared/libs/keyboard/src/main/res/values-hr/strings.xml	modified	src/main/res/values-hr/strings.xml	464	4	txt
ab_cloud-libs-shared/libs/keyboard/src/main/res/values-hu/bools.xml	verbatim		10	0	txt
ab_cloud-libs-shared/libs/keyboard/src/main/res/values-hu/strings-talkback-descriptions.xml	verbatim		69	0	txt
ab_cloud-libs-shared/libs/keyboard/src/main/res/values-hu/strings.xml	modified	src/main/res/values-hu/strings.xml	537	4	txt
ab_cloud-libs-shared/libs/keyboard/src/main/res/values-hy/bools.xml	verbatim		10	0	txt
ab_cloud-libs-shared/libs/keyboard/src/main/res/values-hy/donottranslate-config-spacing-and-punctuations.xml	verbatim		18	0	txt
ab_cloud-libs-shared/libs/keyboard/src/main/res/values-hy/strings-talkback-descriptions.xml	verbatim		69	0	txt
ab_cloud-libs-shared/libs/keyboard/src/main/res/values-hy/strings.xml	verbatim		107	0	txt
ab_cloud-libs-shared/libs/keyboard/src/main/res/values-in/bools.xml	verbatim		10	0	txt
ab_cloud-libs-shared/libs/keyboard/src/main/res/values-in/strings-talkback-descriptions.xml	verbatim		69	0	txt
ab_cloud-libs-shared/libs/keyboard/src/main/res/values-in/strings.xml	modified	src/main/res/values-in/strings.xml	420	4	txt
ab_cloud-libs-shared/libs/keyboard/src/main/res/values-is/bools.xml	verbatim		10	0	txt
ab_cloud-libs-shared/libs/keyboard/src/main/res/values-is/strings-talkback-descriptions.xml	verbatim		69	0	txt
ab_cloud-libs-shared/libs/keyboard/src/main/res/values-is/strings.xml	modified	src/main/res/values-is/strings.xml	383	4	txt
ab_cloud-libs-shared/libs/keyboard/src/main/res/values-it/bools.xml	verbatim		10	0	txt
ab_cloud-libs-shared/libs/keyboard/src/main/res/values-it/strings-talkback-descriptions.xml	verbatim		69	0	txt
ab_cloud-libs-shared/libs/keyboard/src/main/res/values-it/strings.xml	modified	src/main/res/values-it/strings.xml	543	6	txt
ab_cloud-libs-shared/libs/keyboard/src/main/res/values-iw-sw600dp/donottranslate-config-spacing-and-punctuations.xml	verbatim		11	0	txt
ab_cloud-libs-shared/libs/keyboard/src/main/res/values-iw/bools.xml	verbatim		10	0	txt
ab_cloud-libs-shared/libs/keyboard/src/main/res/values-iw/donottranslate-config-spacing-and-punctuations.xml	verbatim		11	0	txt
ab_cloud-libs-shared/libs/keyboard/src/main/res/values-iw/strings-talkback-descriptions.xml	verbatim		69	0	txt
ab_cloud-libs-shared/libs/keyboard/src/main/res/values-iw/strings.xml	modified	src/main/res/values-iw/strings.xml	519	4	txt
ab_cloud-libs-shared/libs/keyboard/src/main/res/values-ja/strings-talkback-descriptions.xml	verbatim		69	0	txt
ab_cloud-libs-shared/libs/keyboard/src/main/res/values-ja/strings.xml	verbatim		157	0	txt
ab_cloud-libs-shared/libs/keyboard/src/main/res/values-jpr/strings.xml	modified	src/main/res/values-jpr/strings.xml	67	1	txt
ab_cloud-libs-shared/libs/keyboard/src/main/res/values-ka/bools.xml	verbatim		10	0	txt
ab_cloud-libs-shared/libs/keyboard/src/main/res/values-ka/strings-talkback-descriptions.xml	verbatim		69	0	txt
ab_cloud-libs-shared/libs/keyboard/src/main/res/values-ka/strings.xml	modified	src/main/res/values-ka/strings.xml	139	3	txt
ab_cloud-libs-shared/libs/keyboard/src/main/res/values-kab/strings.xml	modified	src/main/res/values-kab/strings.xml	173	1	txt
ab_cloud-libs-shared/libs/keyboard/src/main/res/values-kk/bools.xml	verbatim		10	0	txt
ab_cloud-libs-shared/libs/keyboard/src/main/res/values-kk/strings-talkback-descriptions.xml	verbatim		69	0	txt
ab_cloud-libs-shared/libs/keyboard/src/main/res/values-kk/strings.xml	verbatim		106	0	txt
ab_cloud-libs-shared/libs/keyboard/src/main/res/values-km/bools.xml	verbatim		10	0	txt
ab_cloud-libs-shared/libs/keyboard/src/main/res/values-km/donottranslate-config-spacing-and-punctuations.xml	verbatim		9	0	txt
ab_cloud-libs-shared/libs/keyboard/src/main/res/values-km/strings-talkback-descriptions.xml	verbatim		69	0	txt
ab_cloud-libs-shared/libs/keyboard/src/main/res/values-km/strings.xml	verbatim		108	0	txt
ab_cloud-libs-shared/libs/keyboard/src/main/res/values-kn/bools.xml	verbatim		10	0	txt
ab_cloud-libs-shared/libs/keyboard/src/main/res/values-kn/strings-talkback-descriptions.xml	verbatim		69	0	txt
ab_cloud-libs-shared/libs/keyboard/src/main/res/values-kn/strings.xml	verbatim		107	0	txt
ab_cloud-libs-shared/libs/keyboard/src/main/res/values-ko/strings-talkback-descriptions.xml	verbatim		69	0	txt
ab_cloud-libs-shared/libs/keyboard/src/main/res/values-ko/strings.xml	modified	src/main/res/values-ko/strings.xml	138	3	txt
ab_cloud-libs-shared/libs/keyboard/src/main/res/values-kw/strings.xml	modified	src/main/res/values-kw/strings.xml	74	3	txt
ab_cloud-libs-shared/libs/keyboard/src/main/res/values-ky/bools.xml	verbatim		10	0	txt
ab_cloud-libs-shared/libs/keyboard/src/main/res/values-ky/strings-talkback-descriptions.xml	verbatim		69	0	txt
ab_cloud-libs-shared/libs/keyboard/src/main/res/values-ky/strings.xml	verbatim		106	0	txt
ab_cloud-libs-shared/libs/keyboard/src/main/res/values-land/config.xml	verbatim		59	0	txt
ab_cloud-libs-shared/libs/keyboard/src/main/res/values-lb/strings.xml	verbatim		11	0	txt
ab_cloud-libs-shared/libs/keyboard/src/main/res/values-lo/bools.xml	verbatim		10	0	txt
ab_cloud-libs-shared/libs/keyboard/src/main/res/values-lo/donottranslate-config-spacing-and-punctuations.xml	verbatim		9	0	txt
ab_cloud-libs-shared/libs/keyboard/src/main/res/values-lo/strings-talkback-descriptions.xml	verbatim		69	0	txt
ab_cloud-libs-shared/libs/keyboard/src/main/res/values-lo/strings.xml	verbatim		107	0	txt
ab_cloud-libs-shared/libs/keyboard/src/main/res/values-lt/bools.xml	verbatim		10	0	txt
ab_cloud-libs-shared/libs/keyboard/src/main/res/values-lt/strings-talkback-descriptions.xml	verbatim		69	0	txt
ab_cloud-libs-shared/libs/keyboard/src/main/res/values-lt/strings.xml	modified	src/main/res/values-lt/strings.xml	436	4	txt
ab_cloud-libs-shared/libs/keyboard/src/main/res/values-lv/bools.xml	verbatim		10	0	txt
ab_cloud-libs-shared/libs/keyboard/src/main/res/values-lv/strings-talkback-descriptions.xml	verbatim		69	0	txt
ab_cloud-libs-shared/libs/keyboard/src/main/res/values-lv/strings.xml	modified	src/main/res/values-lv/strings.xml	115	3	txt
ab_cloud-libs-shared/libs/keyboard/src/main/res/values-mk/bools.xml	verbatim		10	0	txt
ab_cloud-libs-shared/libs/keyboard/src/main/res/values-mk/strings-talkback-descriptions.xml	verbatim		69	0	txt
ab_cloud-libs-shared/libs/keyboard/src/main/res/values-mk/strings.xml	verbatim		106	0	txt
ab_cloud-libs-shared/libs/keyboard/src/main/res/values-ml/bools.xml	verbatim		10	0	txt
ab_cloud-libs-shared/libs/keyboard/src/main/res/values-ml/strings-talkback-descriptions.xml	verbatim		69	0	txt
ab_cloud-libs-shared/libs/keyboard/src/main/res/values-ml/strings.xml	verbatim		141	0	txt
ab_cloud-libs-shared/libs/keyboard/src/main/res/values-mn/bools.xml	verbatim		10	0	txt
ab_cloud-libs-shared/libs/keyboard/src/main/res/values-mn/strings-talkback-descriptions.xml	verbatim		69	0	txt
ab_cloud-libs-shared/libs/keyboard/src/main/res/values-mn/strings.xml	verbatim		107	0	txt
ab_cloud-libs-shared/libs/keyboard/src/main/res/values-mr/bools.xml	verbatim		10	0	txt
ab_cloud-libs-shared/libs/keyboard/src/main/res/values-mr/strings-talkback-descriptions.xml	verbatim		69	0	txt
ab_cloud-libs-shared/libs/keyboard/src/main/res/values-mr/strings.xml	verbatim		106	0	txt
ab_cloud-libs-shared/libs/keyboard/src/main/res/values-ms/bools.xml	verbatim		10	0	txt
ab_cloud-libs-shared/libs/keyboard/src/main/res/values-ms/strings-talkback-descriptions.xml	verbatim		69	0	txt
ab_cloud-libs-shared/libs/keyboard/src/main/res/values-ms/strings.xml	modified	src/main/res/values-ms/strings.xml	194	3	txt
ab_cloud-libs-shared/libs/keyboard/src/main/res/values-my/strings-talkback-descriptions.xml	verbatim		69	0	txt
ab_cloud-libs-shared/libs/keyboard/src/main/res/values-my/strings.xml	verbatim		197	0	txt
ab_cloud-libs-shared/libs/keyboard/src/main/res/values-nb/bools.xml	verbatim		10	0	txt
ab_cloud-libs-shared/libs/keyboard/src/main/res/values-nb/strings-talkback-descriptions.xml	verbatim		69	0	txt
ab_cloud-libs-shared/libs/keyboard/src/main/res/values-nb/strings.xml	modified	src/main/res/values-nb/strings.xml	507	4	txt
ab_cloud-libs-shared/libs/keyboard/src/main/res/values-ne/bools.xml	verbatim		10	0	txt
ab_cloud-libs-shared/libs/keyboard/src/main/res/values-ne/strings-talkback-descriptions.xml	verbatim		69	0	txt
ab_cloud-libs-shared/libs/keyboard/src/main/res/values-ne/strings.xml	verbatim		108	0	txt
ab_cloud-libs-shared/libs/keyboard/src/main/res/values-night-v31/colors.xml	verbatim		15	0	txt
ab_cloud-libs-shared/libs/keyboard/src/main/res/values-night/colors.xml	verbatim		18	0	txt
ab_cloud-libs-shared/libs/keyboard/src/main/res/values-nl-rBE/bools.xml	verbatim		8	0	txt
ab_cloud-libs-shared/libs/keyboard/src/main/res/values-nl/bools.xml	verbatim		10	0	txt
ab_cloud-libs-shared/libs/keyboard/src/main/res/values-nl/strings-talkback-descriptions.xml	verbatim		69	0	txt
ab_cloud-libs-shared/libs/keyboard/src/main/res/values-nl/strings.xml	modified	src/main/res/values-nl/strings.xml	581	4	txt
ab_cloud-libs-shared/libs/keyboard/src/main/res/values-or/strings.xml	verbatim		32	0	txt
ab_cloud-libs-shared/libs/keyboard/src/main/res/values-ota/strings.xml	modified	src/main/res/values-ota/strings.xml	87	3	txt
ab_cloud-libs-shared/libs/keyboard/src/main/res/values-pa-rPK/strings.xml	modified	src/main/res/values-pa-rPK/strings.xml	103	3	txt
ab_cloud-libs-shared/libs/keyboard/src/main/res/values-pa/strings-talkback-descriptions.xml	verbatim		69	0	txt
ab_cloud-libs-shared/libs/keyboard/src/main/res/values-pa/strings.xml	verbatim		106	0	txt
ab_cloud-libs-shared/libs/keyboard/src/main/res/values-pl/bools.xml	verbatim		10	0	txt
ab_cloud-libs-shared/libs/keyboard/src/main/res/values-pl/strings-talkback-descriptions.xml	verbatim		69	0	txt
ab_cloud-libs-shared/libs/keyboard/src/main/res/values-pl/strings.xml	modified	src/main/res/values-pl/strings.xml	548	4	txt
ab_cloud-libs-shared/libs/keyboard/src/main/res/values-pt-rBR/strings.xml	modified	src/main/res/values-pt-rBR/strings.xml	500	4	txt
ab_cloud-libs-shared/libs/keyboard/src/main/res/values-pt-rPT/strings-talkback-descriptions.xml	verbatim		69	0	txt
ab_cloud-libs-shared/libs/keyboard/src/main/res/values-pt-rPT/strings.xml	modified	src/main/res/values-pt-rPT/strings.xml	536	4	txt
ab_cloud-libs-shared/libs/keyboard/src/main/res/values-pt/bools.xml	verbatim		10	0	txt
ab_cloud-libs-shared/libs/keyboard/src/main/res/values-pt/strings-talkback-descriptions.xml	verbatim		69	0	txt
ab_cloud-libs-shared/libs/keyboard/src/main/res/values-pt/strings.xml	modified	src/main/res/values-pt/strings.xml	441	4	txt
ab_cloud-libs-shared/libs/keyboard/src/main/res/values-ro/bools.xml	verbatim		10	0	txt
ab_cloud-libs-shared/libs/keyboard/src/main/res/values-ro/strings-talkback-descriptions.xml	verbatim		69	0	txt
ab_cloud-libs-shared/libs/keyboard/src/main/res/values-ro/strings.xml	modified	src/main/res/values-ro/strings.xml	427	4	txt
ab_cloud-libs-shared/libs/keyboard/src/main/res/values-ru/bools.xml	verbatim		10	0	txt
ab_cloud-libs-shared/libs/keyboard/src/main/res/values-ru/strings-talkback-descriptions.xml	verbatim		69	0	txt
ab_cloud-libs-shared/libs/keyboard/src/main/res/values-ru/strings.xml	modified	src/main/res/values-ru/strings.xml	537	4	txt
ab_cloud-libs-shared/libs/keyboard/src/main/res/values-sc-rIT/strings.xml	verbatim		9	0	txt
ab_cloud-libs-shared/libs/keyboard/src/main/res/values-si/strings-talkback-descriptions.xml	verbatim		69	0	txt
ab_cloud-libs-shared/libs/keyboard/src/main/res/values-si/strings.xml	verbatim		107	0	txt
ab_cloud-libs-shared/libs/keyboard/src/main/res/values-sk/bools.xml	verbatim		10	0	txt
ab_cloud-libs-shared/libs/keyboard/src/main/res/values-sk/strings-talkback-descriptions.xml	verbatim		69	0	txt
ab_cloud-libs-shared/libs/keyboard/src/main/res/values-sk/strings.xml	modified	src/main/res/values-sk/strings.xml	121	3	txt
ab_cloud-libs-shared/libs/keyboard/src/main/res/values-sl/bools.xml	verbatim		10	0	txt
ab_cloud-libs-shared/libs/keyboard/src/main/res/values-sl/strings-talkback-descriptions.xml	verbatim		69	0	txt
ab_cloud-libs-shared/libs/keyboard/src/main/res/values-sl/strings.xml	modified	src/main/res/values-sl/strings.xml	137	3	txt
ab_cloud-libs-shared/libs/keyboard/src/main/res/values-sq/strings-talkback-descriptions.xml	verbatim		69	0	txt
ab_cloud-libs-shared/libs/keyboard/src/main/res/values-sq/strings.xml	verbatim		107	0	txt
ab_cloud-libs-shared/libs/keyboard/src/main/res/values-sr/bools.xml	verbatim		10	0	txt
ab_cloud-libs-shared/libs/keyboard/src/main/res/values-sr/strings-talkback-descriptions.xml	verbatim		69	0	txt
ab_cloud-libs-shared/libs/keyboard/src/main/res/values-sr/strings.xml	verbatim		151	0	txt
ab_cloud-libs-shared/libs/keyboard/src/main/res/values-sv/bools.xml	verbatim		10	0	txt
ab_cloud-libs-shared/libs/keyboard/src/main/res/values-sv/strings-talkback-descriptions.xml	verbatim		69	0	txt
ab_cloud-libs-shared/libs/keyboard/src/main/res/values-sv/strings.xml	modified	src/main/res/values-sv/strings.xml	269	4	txt
ab_cloud-libs-shared/libs/keyboard/src/main/res/values-sw/bools.xml	verbatim		10	0	txt
ab_cloud-libs-shared/libs/keyboard/src/main/res/values-sw/strings-talkback-descriptions.xml	verbatim		69	0	txt
ab_cloud-libs-shared/libs/keyboard/src/main/res/values-sw/strings.xml	verbatim		107	0	txt
ab_cloud-libs-shared/libs/keyboard/src/main/res/values-sw430dp/config-per-form-factor.xml	verbatim		16	0	txt
ab_cloud-libs-shared/libs/keyboard/src/main/res/values-sw430dp/config-screen-metrics.xml	verbatim		9	0	txt
ab_cloud-libs-shared/libs/keyboard/src/main/res/values-sw600dp-land/config.xml	verbatim		49	0	txt
ab_cloud-libs-shared/libs/keyboard/src/main/res/values-sw600dp/config-per-form-factor.xml	verbatim		16	0	txt
ab_cloud-libs-shared/libs/keyboard/src/main/res/values-sw600dp/config-screen-metrics.xml	verbatim		9	0	txt
ab_cloud-libs-shared/libs/keyboard/src/main/res/values-sw600dp/config.xml	verbatim		67	0	txt
ab_cloud-libs-shared/libs/keyboard/src/main/res/values-sw600dp/donottranslate-config-spacing-and-punctuations.xml	verbatim		9	0	txt
ab_cloud-libs-shared/libs/keyboard/src/main/res/values-sw600dp/touch-position-correction.xml	verbatim		33	0	txt
ab_cloud-libs-shared/libs/keyboard/src/main/res/values-sw768dp-land/config.xml	verbatim		45	0	txt
ab_cloud-libs-shared/libs/keyboard/src/main/res/values-sw768dp/config-per-form-factor.xml	verbatim		16	0	txt
ab_cloud-libs-shared/libs/keyboard/src/main/res/values-sw768dp/config-screen-metrics.xml	verbatim		9	0	txt
ab_cloud-libs-shared/libs/keyboard/src/main/res/values-sw768dp/config.xml	verbatim		62	0	txt
ab_cloud-libs-shared/libs/keyboard/src/main/res/values-ta/bools.xml	verbatim		10	0	txt
ab_cloud-libs-shared/libs/keyboard/src/main/res/values-ta/strings-talkback-descriptions.xml	verbatim		69	0	txt
ab_cloud-libs-shared/libs/keyboard/src/main/res/values-ta/strings.xml	modified	src/main/res/values-ta/strings.xml	501	1	txt
ab_cloud-libs-shared/libs/keyboard/src/main/res/values-te/bools.xml	verbatim		10	0	txt
ab_cloud-libs-shared/libs/keyboard/src/main/res/values-te/strings-talkback-descriptions.xml	verbatim		69	0	txt
ab_cloud-libs-shared/libs/keyboard/src/main/res/values-te/strings.xml	verbatim		125	0	txt
ab_cloud-libs-shared/libs/keyboard/src/main/res/values-tg/strings.xml	modified	src/main/res/values-tg/strings.xml	5	3	txt
ab_cloud-libs-shared/libs/keyboard/src/main/res/values-th/bools.xml	verbatim		10	0	txt
ab_cloud-libs-shared/libs/keyboard/src/main/res/values-th/donottranslate-config-spacing-and-punctuations.xml	verbatim		9	0	txt
ab_cloud-libs-shared/libs/keyboard/src/main/res/values-th/strings-talkback-descriptions.xml	verbatim		69	0	txt
ab_cloud-libs-shared/libs/keyboard/src/main/res/values-th/strings.xml	verbatim		107	0	txt
ab_cloud-libs-shared/libs/keyboard/src/main/res/values-tl/bools.xml	verbatim		10	0	txt
ab_cloud-libs-shared/libs/keyboard/src/main/res/values-tl/strings-talkback-descriptions.xml	verbatim		69	0	txt
ab_cloud-libs-shared/libs/keyboard/src/main/res/values-tl/strings.xml	verbatim		107	0	txt
ab_cloud-libs-shared/libs/keyboard/src/main/res/values-tr/bools.xml	verbatim		10	0	txt
ab_cloud-libs-shared/libs/keyboard/src/main/res/values-tr/strings-talkback-descriptions.xml	verbatim		69	0	txt
ab_cloud-libs-shared/libs/keyboard/src/main/res/values-tr/strings.xml	modified	src/main/res/values-tr/strings.xml	447	4	txt
ab_cloud-libs-shared/libs/keyboard/src/main/res/values-uk/bools.xml	verbatim		10	0	txt
ab_cloud-libs-shared/libs/keyboard/src/main/res/values-uk/strings-talkback-descriptions.xml	verbatim		69	0	txt
ab_cloud-libs-shared/libs/keyboard/src/main/res/values-uk/strings.xml	modified	src/main/res/values-uk/strings.xml	502	4	txt
ab_cloud-libs-shared/libs/keyboard/src/main/res/values-ur/strings-talkback-descriptions.xml	verbatim		69	0	txt
ab_cloud-libs-shared/libs/keyboard/src/main/res/values-ur/strings.xml	verbatim		106	0	txt
ab_cloud-libs-shared/libs/keyboard/src/main/res/values-uz/strings-talkback-descriptions.xml	verbatim		69	0	txt
ab_cloud-libs-shared/libs/keyboard/src/main/res/values-uz/strings.xml	modified	src/main/res/values-uz/strings.xml	138	3	txt
ab_cloud-libs-shared/libs/keyboard/src/main/res/values-v28/platform-theme.xml	verbatim		16	0	txt
ab_cloud-libs-shared/libs/keyboard/src/main/res/values-v31/colors.xml	verbatim		24	0	txt
ab_cloud-libs-shared/libs/keyboard/src/main/res/values-v31/platform-theme.xml	verbatim		28	0	txt
ab_cloud-libs-shared/libs/keyboard/src/main/res/values-vi/bools.xml	verbatim		10	0	txt
ab_cloud-libs-shared/libs/keyboard/src/main/res/values-vi/strings-talkback-descriptions.xml	verbatim		69	0	txt
ab_cloud-libs-shared/libs/keyboard/src/main/res/values-vi/strings.xml	verbatim		232	0	txt
ab_cloud-libs-shared/libs/keyboard/src/main/res/values-zh-rCN/strings-talkback-descriptions.xml	verbatim		69	0	txt
ab_cloud-libs-shared/libs/keyboard/src/main/res/values-zh-rCN/strings.xml	modified	src/main/res/values-zh-rCN/strings.xml	536	1	txt
ab_cloud-libs-shared/libs/keyboard/src/main/res/values-zh-rHK/strings-talkback-descriptions.xml	verbatim		69	0	txt
ab_cloud-libs-shared/libs/keyboard/src/main/res/values-zh-rHK/strings.xml	verbatim		122	0	txt
ab_cloud-libs-shared/libs/keyboard/src/main/res/values-zh-rTW/strings-talkback-descriptions.xml	verbatim		69	0	txt
ab_cloud-libs-shared/libs/keyboard/src/main/res/values-zh-rTW/strings.xml	modified	src/main/res/values-zh-rTW/strings.xml	158	1	txt
ab_cloud-libs-shared/libs/keyboard/src/main/res/values-zu/bools.xml	verbatim		10	0	txt
ab_cloud-libs-shared/libs/keyboard/src/main/res/values-zu/strings-talkback-descriptions.xml	verbatim		69	0	txt
ab_cloud-libs-shared/libs/keyboard/src/main/res/values-zu/strings.xml	verbatim		107	0	txt
ab_cloud-libs-shared/libs/keyboard/src/main/res/values/attrs.xml	modified	src/main/res/values/attrs.xml	422	2	txt
ab_cloud-libs-shared/libs/keyboard/src/main/res/values/bools.xml	verbatim		10	0	txt
ab_cloud-libs-shared/libs/keyboard/src/main/res/values/clip_provider.xml	verbatim		4	0	txt
ab_cloud-libs-shared/libs/keyboard/src/main/res/values/colors.xml	verbatim		65	0	txt
ab_cloud-libs-shared/libs/keyboard/src/main/res/values/config-common.xml	modified	src/main/res/values/config-common.xml	88	3	txt
ab_cloud-libs-shared/libs/keyboard/src/main/res/values/config-per-form-factor.xml	verbatim		15	0	txt
ab_cloud-libs-shared/libs/keyboard/src/main/res/values/config-screen-metrics.xml	verbatim		9	0	txt
ab_cloud-libs-shared/libs/keyboard/src/main/res/values/config-spellchecker-thresholds.xml	verbatim		10	0	txt
ab_cloud-libs-shared/libs/keyboard/src/main/res/values/config.xml	verbatim		88	0	txt
ab_cloud-libs-shared/libs/keyboard/src/main/res/values/dimens.xml	verbatim		7	0	txt
ab_cloud-libs-shared/libs/keyboard/src/main/res/values/donottranslate-config-spacing-and-punctuations.xml	verbatim		41	0	txt
ab_cloud-libs-shared/libs/keyboard/src/main/res/values/donottranslate-debug-settings.xml	verbatim		21	0	txt
ab_cloud-libs-shared/libs/keyboard/src/main/res/values/donottranslate.xml	modified	src/main/res/values/donottranslate.xml	66	1	txt
ab_cloud-libs-shared/libs/keyboard/src/main/res/values/gesture_data.xml	verbatim		8	0	txt
ab_cloud-libs-shared/libs/keyboard/src/main/res/values/platform-theme.xml	verbatim		24	0	txt
ab_cloud-libs-shared/libs/keyboard/src/main/res/values/strings-talkback-descriptions.xml	verbatim		138	0	txt
ab_cloud-libs-shared/libs/keyboard/src/main/res/values/strings.xml	modified	src/main/res/values/strings.xml	1278	202	txt
ab_cloud-libs-shared/libs/keyboard/src/main/res/values/superapp_media_strings.xml	new		0	8	txt
ab_cloud-libs-shared/libs/keyboard/src/main/res/values/themes-common.xml	verbatim		119	0	txt
ab_cloud-libs-shared/libs/keyboard/src/main/res/values/themes-holo_base.xml	modified	src/main/res/values/themes-holo_base.xml	129	2	txt
ab_cloud-libs-shared/libs/keyboard/src/main/res/values/themes-lxx-base-border.xml	verbatim		68	0	txt
ab_cloud-libs-shared/libs/keyboard/src/main/res/values/themes-lxx-base.xml	modified	src/main/res/values/themes-lxx-base.xml	125	2	txt
ab_cloud-libs-shared/libs/keyboard/src/main/res/values/themes-lxx.xml	verbatim		33	0	txt
ab_cloud-libs-shared/libs/keyboard/src/main/res/values/themes-rounded-base-border.xml	verbatim		68	0	txt
ab_cloud-libs-shared/libs/keyboard/src/main/res/values/themes-rounded-base.xml	modified	src/main/res/values/themes-rounded-base.xml	128	2	txt
ab_cloud-libs-shared/libs/keyboard/src/main/res/values/touch-position-correction.xml	verbatim		40	0	txt
ab_cloud-libs-shared/libs/keyboard/src/main/res/xml-sw600dp-land/kbd_popup_keys_keyboard_template.xml	verbatim		13	0	txt
ab_cloud-libs-shared/libs/keyboard/src/main/res/xml-sw600dp/kbd_popup_keys_keyboard_template.xml	verbatim		13	0	txt
ab_cloud-libs-shared/libs/keyboard/src/main/res/xml/clipboard_provider_path.xml	verbatim		6	0	txt
ab_cloud-libs-shared/libs/keyboard/src/main/res/xml/gesture_data_path.xml	verbatim		6	0	txt
ab_cloud-libs-shared/libs/keyboard/src/main/res/xml/kbd_emoji.xml	verbatim		14	0	txt
ab_cloud-libs-shared/libs/keyboard/src/main/res/xml/kbd_popup_keys_keyboard_template.xml	verbatim		13	0	txt
ab_cloud-libs-shared/libs/keyboard/src/main/res/xml/kbd_suggestions_pane_template.xml	verbatim		11	0	txt
ab_cloud-libs-shared/libs/keyboard/src/main/res/xml/locales_config.xml	verbatim		105	0	txt
ab_cloud-libs-shared/libs/keyboard/src/main/res/xml/method.xml	verbatim		1320	0	txt
ab_cloud-libs-shared/libs/keyboard/src/main/res/xml/method_dummy.xml	verbatim		28	0	txt
ab_cloud-libs-shared/libs/keyboard/src/main/res/xml/spellchecker.xml	verbatim		159	0	txt
