path	class	upstream_counterpart	lines_derived	lines_new	kind
ac_cloud-mail/.gitignore	modified	.gitignore	18	15	txt
ac_cloud-mail/ARCHITECTURE.md	verbatim		190	0	txt
ac_cloud-mail/CONTRIBUTING.md	verbatim		122	0	txt
ac_cloud-mail/DESIGN.md	verbatim		130	0	txt
ac_cloud-mail/ENCRYPTION.md	verbatim		168	0	txt
ac_cloud-mail/FEATURES.md	verbatim		193	0	txt
ac_cloud-mail/LICENSE	verbatim		553	0	txt
ac_cloud-mail/PRIVACY.md	verbatim		321	0	txt
ac_cloud-mail/README.md	verbatim		162	0	txt
ac_cloud-mail/SECURITY.md	modified	SECURITY.md	338	83	txt
ac_cloud-mail/VENDORING.md	new		0	53	txt
ac_cloud-mail/app/build.gradle.kts	modified	app/build.gradle.kts	194	178	txt
ac_cloud-mail/app/proguard-rules.pro	verbatim		90	0	txt
ac_cloud-mail/app/src/benchShared/kotlin/app/sterna/bench/BenchOutPath.kt	verbatim		63	0	txt
ac_cloud-mail/app/src/main/AndroidManifest.xml	modified	app/src/main/AndroidManifest.xml	194	16	txt
ac_cloud-mail/app/src/main/baseline-prof.txt	verbatim		50448	0	txt
ac_cloud-mail/app/src/main/ic_launcher-playstore.png	verbatim		0	0	bin
ac_cloud-mail/app/src/main/kotlin/app/sterna/AppLocale.kt	verbatim		6	0	txt
ac_cloud-mail/app/src/main/kotlin/app/sterna/MainActivity.kt	modified	app/src/main/kotlin/app/sterna/MainActivity.kt	227	0	txt
ac_cloud-mail/app/src/main/kotlin/app/sterna/SternaApplication.kt	modified	app/src/main/kotlin/app/sterna/SternaApplication.kt	224	10	txt
ac_cloud-mail/app/src/main/kotlin/app/sterna/contacts/AndroidContacts.kt	modified	app/src/main/kotlin/app/sterna/contacts/AndroidContacts.kt	46	25	txt
ac_cloud-mail/app/src/main/kotlin/app/sterna/contacts/ContactPhotos.kt	verbatim		67	0	txt
ac_cloud-mail/app/src/main/kotlin/app/sterna/contacts/ContactSuggestion.kt	verbatim		33	0	txt
ac_cloud-mail/app/src/main/kotlin/app/sterna/contacts/PhotoCache.kt	verbatim		41	0	txt
ac_cloud-mail/app/src/main/kotlin/app/sterna/contacts/SenderAvatarLoader.kt	new		0	112	txt
ac_cloud-mail/app/src/main/kotlin/app/sterna/drafts/LocalDraftUploadWorker.kt	verbatim		32	0	txt
ac_cloud-mail/app/src/main/kotlin/app/sterna/drafts/LocalDraftUploads.kt	verbatim		38	0	txt
ac_cloud-mail/app/src/main/kotlin/app/sterna/folders/FolderDeleteWorker.kt	verbatim		61	0	txt
ac_cloud-mail/app/src/main/kotlin/app/sterna/mail/MessageDestroyWorker.kt	verbatim		180	0	txt
ac_cloud-mail/app/src/main/kotlin/app/sterna/net/ConnectivityWatcher.kt	verbatim		207	0	txt
ac_cloud-mail/app/src/main/kotlin/app/sterna/pgp/OpenKeychainPgpEngine.kt	verbatim		286	0	txt
ac_cloud-mail/app/src/main/kotlin/app/sterna/pgp/PgpApiRequest.kt	verbatim		54	0	txt
ac_cloud-mail/app/src/main/kotlin/app/sterna/pgp/PgpInteractionLauncher.kt	verbatim		25	0	txt
ac_cloud-mail/app/src/main/kotlin/app/sterna/pgp/PgpProviders.kt	verbatim		51	0	txt
ac_cloud-mail/app/src/main/kotlin/app/sterna/push/BannerDelete.kt	verbatim		21	0	txt
ac_cloud-mail/app/src/main/kotlin/app/sterna/push/BootReceiver.kt	verbatim		76	0	txt
ac_cloud-mail/app/src/main/kotlin/app/sterna/push/BootRestart.kt	verbatim		21	0	txt
ac_cloud-mail/app/src/main/kotlin/app/sterna/push/FetchAndNotify.kt	verbatim		171	0	txt
ac_cloud-mail/app/src/main/kotlin/app/sterna/push/MailFetchWorker.kt	verbatim		106	0	txt
ac_cloud-mail/app/src/main/kotlin/app/sterna/push/MailNotificationText.kt	verbatim		115	0	txt
ac_cloud-mail/app/src/main/kotlin/app/sterna/push/NewMailNotifier.kt	verbatim		240	0	txt
ac_cloud-mail/app/src/main/kotlin/app/sterna/push/NotificationActionReceiver.kt	verbatim		178	0	txt
ac_cloud-mail/app/src/main/kotlin/app/sterna/push/NotificationPreviews.kt	verbatim		78	0	txt
ac_cloud-mail/app/src/main/kotlin/app/sterna/push/Notifications.kt	verbatim		451	0	txt
ac_cloud-mail/app/src/main/kotlin/app/sterna/push/PushController.kt	verbatim		200	0	txt
ac_cloud-mail/app/src/main/kotlin/app/sterna/push/PushFetchWorker.kt	verbatim		55	0	txt
ac_cloud-mail/app/src/main/kotlin/app/sterna/push/PushService.kt	verbatim		246	0	txt
ac_cloud-mail/app/src/main/kotlin/app/sterna/push/QuickReply.kt	verbatim		42	0	txt
ac_cloud-mail/app/src/main/kotlin/app/sterna/push/RelayPush.kt	verbatim		116	0	txt
ac_cloud-mail/app/src/main/kotlin/app/sterna/push/UnifiedPushManager.kt	verbatim		426	0	txt
ac_cloud-mail/app/src/main/kotlin/app/sterna/push/UnifiedPushReceiver.kt	verbatim		19	0	txt
ac_cloud-mail/app/src/main/kotlin/app/sterna/push/UnifiedPushStateStore.kt	verbatim		77	0	txt
ac_cloud-mail/app/src/main/kotlin/app/sterna/security/AppLock.kt	verbatim		33	0	txt
ac_cloud-mail/app/src/main/kotlin/app/sterna/security/LockScreen.kt	verbatim		127	0	txt
ac_cloud-mail/app/src/main/kotlin/app/sterna/send/Outbox.kt	verbatim		37	0	txt
ac_cloud-mail/app/src/main/kotlin/app/sterna/send/OutboxWorker.kt	verbatim		72	0	txt
ac_cloud-mail/app/src/main/kotlin/app/sterna/send/ScheduledSendWorker.kt	verbatim		90	0	txt
ac_cloud-mail/app/src/main/kotlin/app/sterna/send/ScheduledSends.kt	verbatim		32	0	txt
ac_cloud-mail/app/src/main/kotlin/app/sterna/send/SendOutbox.kt	verbatim		136	0	txt
ac_cloud-mail/app/src/main/kotlin/app/sterna/snooze/SnoozeWorker.kt	verbatim		50	0	txt
ac_cloud-mail/app/src/main/kotlin/app/sterna/snooze/Snoozes.kt	verbatim		24	0	txt
ac_cloud-mail/app/src/main/kotlin/app/sterna/ui/AccountsUnreadableScreen.kt	verbatim		34	0	txt
ac_cloud-mail/app/src/main/kotlin/app/sterna/ui/ActionFailure.kt	verbatim		10	0	txt
ac_cloud-mail/app/src/main/kotlin/app/sterna/ui/FolderActions.kt	verbatim		57	0	txt
ac_cloud-mail/app/src/main/kotlin/app/sterna/ui/Motion.kt	modified	app/src/main/kotlin/app/sterna/ui/Motion.kt	20	27	txt
ac_cloud-mail/app/src/main/kotlin/app/sterna/ui/NavGuard.kt	modified	app/src/main/kotlin/app/sterna/ui/NavGuard.kt	25	11	txt
ac_cloud-mail/app/src/main/kotlin/app/sterna/ui/NotificationAccountSwitch.kt	verbatim		21	0	txt
ac_cloud-mail/app/src/main/kotlin/app/sterna/ui/NotificationFolderSwitch.kt	verbatim		25	0	txt
ac_cloud-mail/app/src/main/kotlin/app/sterna/ui/PaneConversion.kt	verbatim		22	0	txt
ac_cloud-mail/app/src/main/kotlin/app/sterna/ui/PaneLayout.kt	modified	app/src/main/kotlin/app/sterna/ui/PaneLayout.kt	34	128	txt
ac_cloud-mail/app/src/main/kotlin/app/sterna/ui/PaneOrders.kt	verbatim		27	0	txt
ac_cloud-mail/app/src/main/kotlin/app/sterna/ui/RootRoute.kt	verbatim		14	0	txt
ac_cloud-mail/app/src/main/kotlin/app/sterna/ui/SternaApp.kt	modified	app/src/main/kotlin/app/sterna/ui/SternaApp.kt	698	38	txt
ac_cloud-mail/app/src/main/kotlin/app/sterna/ui/WidgetTapNavigation.kt	verbatim		34	0	txt
ac_cloud-mail/app/src/main/kotlin/app/sterna/ui/WidgetTapRelay.kt	verbatim		27	0	txt
ac_cloud-mail/app/src/main/kotlin/app/sterna/ui/attachment/AttachmentOpen.kt	new		0	109	txt
ac_cloud-mail/app/src/main/kotlin/app/sterna/ui/browser/InAppBrowser.kt	new		0	73	txt
ac_cloud-mail/app/src/main/kotlin/app/sterna/ui/browser/MiniBrowserActivity.kt	new		0	367	txt
ac_cloud-mail/app/src/main/kotlin/app/sterna/ui/components/AccountColor.kt	verbatim		37	0	txt
ac_cloud-mail/app/src/main/kotlin/app/sterna/ui/components/AppPasswordHelpLink.kt	modified	app/src/main/kotlin/app/sterna/ui/components/AppPasswordHelpLink.kt	37	2	txt
ac_cloud-mail/app/src/main/kotlin/app/sterna/ui/components/Autofill.kt	verbatim		36	0	txt
ac_cloud-mail/app/src/main/kotlin/app/sterna/ui/components/ContactAvatar.kt	modified	app/src/main/kotlin/app/sterna/ui/components/ContactAvatar.kt	41	41	txt
ac_cloud-mail/app/src/main/kotlin/app/sterna/ui/components/EmailListItem.kt	modified	app/src/main/kotlin/app/sterna/ui/components/EmailListItem.kt	415	365	txt
ac_cloud-mail/app/src/main/kotlin/app/sterna/ui/components/EmptyState.kt	verbatim		113	0	txt
ac_cloud-mail/app/src/main/kotlin/app/sterna/ui/components/LoadingRing.kt	verbatim		59	0	txt
ac_cloud-mail/app/src/main/kotlin/app/sterna/ui/components/LocalListDensity.kt	modified	app/src/main/kotlin/app/sterna/ui/components/LocalListDensity.kt	15	0	txt
ac_cloud-mail/app/src/main/kotlin/app/sterna/ui/components/Monogram.kt	verbatim		109	0	txt
ac_cloud-mail/app/src/main/kotlin/app/sterna/ui/components/PendingImportAccounts.kt	verbatim		228	0	txt
ac_cloud-mail/app/src/main/kotlin/app/sterna/ui/components/TernRefreshIndicator.kt	verbatim		113	0	txt
ac_cloud-mail/app/src/main/kotlin/app/sterna/ui/components/VerticalScrollbar.kt	verbatim		51	0	txt
ac_cloud-mail/app/src/main/kotlin/app/sterna/ui/compose/ComposeDirty.kt	verbatim		34	0	txt
ac_cloud-mail/app/src/main/kotlin/app/sterna/ui/compose/ComposeScreen.kt	modified	app/src/main/kotlin/app/sterna/ui/compose/ComposeScreen.kt	2153	174	txt
ac_cloud-mail/app/src/main/kotlin/app/sterna/ui/compose/ComposeText.kt	modified	app/src/main/kotlin/app/sterna/ui/compose/ComposeText.kt	1056	123	txt
ac_cloud-mail/app/src/main/kotlin/app/sterna/ui/compose/ComposeViewModel.kt	modified	app/src/main/kotlin/app/sterna/ui/compose/ComposeViewModel.kt	1961	76	txt
ac_cloud-mail/app/src/main/kotlin/app/sterna/ui/compose/ComposerResumeSlot.kt	verbatim		580	0	txt
ac_cloud-mail/app/src/main/kotlin/app/sterna/ui/compose/EmptiedLocalDraft.kt	verbatim		87	0	txt
ac_cloud-mail/app/src/main/kotlin/app/sterna/ui/compose/EmptiedServerDraft.kt	verbatim		18	0	txt
ac_cloud-mail/app/src/main/kotlin/app/sterna/ui/compose/IncognitoKeyboard.kt	verbatim		44	0	txt
ac_cloud-mail/app/src/main/kotlin/app/sterna/ui/compose/LinkDialog.kt	verbatim		124	0	txt
ac_cloud-mail/app/src/main/kotlin/app/sterna/ui/compose/LostBodySend.kt	verbatim		47	0	txt
ac_cloud-mail/app/src/main/kotlin/app/sterna/ui/compose/OutboxResume.kt	verbatim		9	0	txt
ac_cloud-mail/app/src/main/kotlin/app/sterna/ui/compose/RichBodyMarkers.kt	verbatim		111	0	txt
ac_cloud-mail/app/src/main/kotlin/app/sterna/ui/compose/RichBodyRewrite.kt	verbatim		9	0	txt
ac_cloud-mail/app/src/main/kotlin/app/sterna/ui/compose/RichBodyStyle.kt	verbatim		54	0	txt
ac_cloud-mail/app/src/main/kotlin/app/sterna/ui/compose/SuggestionMenuFit.kt	verbatim		30	0	txt
ac_cloud-mail/app/src/main/kotlin/app/sterna/ui/connect/ConnectPreset.kt	verbatim		225	0	txt
ac_cloud-mail/app/src/main/kotlin/app/sterna/ui/connect/ConnectProbes.kt	verbatim		76	0	txt
ac_cloud-mail/app/src/main/kotlin/app/sterna/ui/connect/ConnectScreen.kt	modified	app/src/main/kotlin/app/sterna/ui/connect/ConnectScreen.kt	1287	9	txt
ac_cloud-mail/app/src/main/kotlin/app/sterna/ui/connect/ConnectViewModel.kt	verbatim		898	0	txt
ac_cloud-mail/app/src/main/kotlin/app/sterna/ui/connect/ConnectWalk.kt	verbatim		250	0	txt
ac_cloud-mail/app/src/main/kotlin/app/sterna/ui/connect/DeviceGrantPoll.kt	verbatim		43	0	txt
ac_cloud-mail/app/src/main/kotlin/app/sterna/ui/connect/OAuthCodeSignIn.kt	verbatim		162	0	txt
ac_cloud-mail/app/src/main/kotlin/app/sterna/ui/connect/OAuthErrorMessages.kt	verbatim		109	0	txt
ac_cloud-mail/app/src/main/kotlin/app/sterna/ui/connect/OAuthRedirect.kt	verbatim		107	0	txt
ac_cloud-mail/app/src/main/kotlin/app/sterna/ui/connect/OutlookSignIn.kt	verbatim		105	0	txt
ac_cloud-mail/app/src/main/kotlin/app/sterna/ui/home/AccountMailStats.kt	new		0	184	txt
ac_cloud-mail/app/src/main/kotlin/app/sterna/ui/home/HomeScreen.kt	new		0	516	txt
ac_cloud-mail/app/src/main/kotlin/app/sterna/ui/home/HomeViewModel.kt	new		0	101	txt
ac_cloud-mail/app/src/main/kotlin/app/sterna/ui/inbox/BoundedRefresh.kt	verbatim		66	0	txt
ac_cloud-mail/app/src/main/kotlin/app/sterna/ui/inbox/BulkOutcome.kt	verbatim		18	0	txt
ac_cloud-mail/app/src/main/kotlin/app/sterna/ui/inbox/CollapsedFolders.kt	verbatim		45	0	txt
ac_cloud-mail/app/src/main/kotlin/app/sterna/ui/inbox/ConversationExpansion.kt	verbatim		152	0	txt
ac_cloud-mail/app/src/main/kotlin/app/sterna/ui/inbox/CurrentMessage.kt	verbatim		67	0	txt
ac_cloud-mail/app/src/main/kotlin/app/sterna/ui/inbox/DrawerGesture.kt	verbatim		35	0	txt
ac_cloud-mail/app/src/main/kotlin/app/sterna/ui/inbox/FolderSelection.kt	verbatim		273	0	txt
ac_cloud-mail/app/src/main/kotlin/app/sterna/ui/inbox/FolderUnreadFilter.kt	new		0	38	txt
ac_cloud-mail/app/src/main/kotlin/app/sterna/ui/inbox/InboxBack.kt	verbatim		35	0	txt
ac_cloud-mail/app/src/main/kotlin/app/sterna/ui/inbox/InboxScreen.kt	modified	app/src/main/kotlin/app/sterna/ui/inbox/InboxScreen.kt	2772	338	txt
ac_cloud-mail/app/src/main/kotlin/app/sterna/ui/inbox/InboxViewModel.kt	modified	app/src/main/kotlin/app/sterna/ui/inbox/InboxViewModel.kt	2793	149	txt
ac_cloud-mail/app/src/main/kotlin/app/sterna/ui/inbox/LocalDraftRows.kt	verbatim		138	0	txt
ac_cloud-mail/app/src/main/kotlin/app/sterna/ui/inbox/MoveAccountRow.kt	verbatim		77	0	txt
ac_cloud-mail/app/src/main/kotlin/app/sterna/ui/inbox/PageSource.kt	verbatim		143	0	txt
ac_cloud-mail/app/src/main/kotlin/app/sterna/ui/inbox/ReadingPane.kt	verbatim		100	0	txt
ac_cloud-mail/app/src/main/kotlin/app/sterna/ui/inbox/RefreshFreshness.kt	verbatim		69	0	txt
ac_cloud-mail/app/src/main/kotlin/app/sterna/ui/inbox/RefreshIndicatorGrace.kt	verbatim		81	0	txt
ac_cloud-mail/app/src/main/kotlin/app/sterna/ui/inbox/RefreshNotice.kt	verbatim		19	0	txt
ac_cloud-mail/app/src/main/kotlin/app/sterna/ui/inbox/RowsGuard.kt	verbatim		63	0	txt
ac_cloud-mail/app/src/main/kotlin/app/sterna/ui/inbox/SelectionDeletePlan.kt	verbatim		32	0	txt
ac_cloud-mail/app/src/main/kotlin/app/sterna/ui/inbox/SelectionMemory.kt	verbatim		98	0	txt
ac_cloud-mail/app/src/main/kotlin/app/sterna/ui/inbox/SelectionSnoozePlan.kt	verbatim		18	0	txt
ac_cloud-mail/app/src/main/kotlin/app/sterna/ui/inbox/SelectionTargets.kt	verbatim		37	0	txt
ac_cloud-mail/app/src/main/kotlin/app/sterna/ui/inbox/SelectionUndo.kt	verbatim		30	0	txt
ac_cloud-mail/app/src/main/kotlin/app/sterna/ui/inbox/SubscribedFolders.kt	verbatim		45	0	txt
ac_cloud-mail/app/src/main/kotlin/app/sterna/ui/inbox/SwipeCommit.kt	verbatim		69	0	txt
ac_cloud-mail/app/src/main/kotlin/app/sterna/ui/inbox/TickedNumberingBarrier.kt	verbatim		26	0	txt
ac_cloud-mail/app/src/main/kotlin/app/sterna/ui/message/AttachedMessage.kt	verbatim		51	0	txt
ac_cloud-mail/app/src/main/kotlin/app/sterna/ui/message/BodyReveal.kt	verbatim		169	0	txt
ac_cloud-mail/app/src/main/kotlin/app/sterna/ui/message/BodySpacer.kt	verbatim		11	0	txt
ac_cloud-mail/app/src/main/kotlin/app/sterna/ui/message/LabelSheet.kt	new		0	163	txt
ac_cloud-mail/app/src/main/kotlin/app/sterna/ui/message/MessageMetadata.kt	new		0	221	txt
ac_cloud-mail/app/src/main/kotlin/app/sterna/ui/message/MessagePaging.kt	verbatim		71	0	txt
ac_cloud-mail/app/src/main/kotlin/app/sterna/ui/message/MessageScreen.kt	modified	app/src/main/kotlin/app/sterna/ui/message/MessageScreen.kt	4362	762	txt
ac_cloud-mail/app/src/main/kotlin/app/sterna/ui/message/MessageViewModel.kt	modified	app/src/main/kotlin/app/sterna/ui/message/MessageViewModel.kt	1371	206	txt
ac_cloud-mail/app/src/main/kotlin/app/sterna/ui/message/PagerFlingDistance.kt	verbatim		112	0	txt
ac_cloud-mail/app/src/main/kotlin/app/sterna/ui/message/PrintDocument.kt	verbatim		98	0	txt
ac_cloud-mail/app/src/main/kotlin/app/sterna/ui/message/QuoteFold.kt	verbatim		60	0	txt
ac_cloud-mail/app/src/main/kotlin/app/sterna/ui/message/ReadReceiptOffer.kt	verbatim		198	0	txt
ac_cloud-mail/app/src/main/kotlin/app/sterna/ui/message/ReaderBody.kt	modified	app/src/main/kotlin/app/sterna/ui/message/ReaderBody.kt	75	7	txt
ac_cloud-mail/app/src/main/kotlin/app/sterna/ui/message/ReplyBar.kt	verbatim		26	0	txt
ac_cloud-mail/app/src/main/kotlin/app/sterna/ui/message/ResumeBox.kt	new		0	108	txt
ac_cloud-mail/app/src/main/kotlin/app/sterna/ui/onboarding/WelcomeScreen.kt	verbatim		111	0	txt
ac_cloud-mail/app/src/main/kotlin/app/sterna/ui/outbox/OutboxRowText.kt	verbatim		87	0	txt
ac_cloud-mail/app/src/main/kotlin/app/sterna/ui/outbox/OutboxScreen.kt	verbatim		189	0	txt
ac_cloud-mail/app/src/main/kotlin/app/sterna/ui/outbox/OutboxViewModel.kt	verbatim		61	0	txt
ac_cloud-mail/app/src/main/kotlin/app/sterna/ui/rss/RssScreen.kt	new		0	274	txt
ac_cloud-mail/app/src/main/kotlin/app/sterna/ui/rss/RssViewModel.kt	new		0	93	txt
ac_cloud-mail/app/src/main/kotlin/app/sterna/ui/scheduled/ScheduledSendCancel.kt	verbatim		112	0	txt
ac_cloud-mail/app/src/main/kotlin/app/sterna/ui/scheduled/ScheduledSendsScreen.kt	verbatim		121	0	txt
ac_cloud-mail/app/src/main/kotlin/app/sterna/ui/scheduled/ScheduledSendsViewModel.kt	verbatim		100	0	txt
ac_cloud-mail/app/src/main/kotlin/app/sterna/ui/search/SearchCount.kt	verbatim		32	0	txt
ac_cloud-mail/app/src/main/kotlin/app/sterna/ui/search/SearchCriteria.kt	verbatim		39	0	txt
ac_cloud-mail/app/src/main/kotlin/app/sterna/ui/search/SearchDates.kt	verbatim		21	0	txt
ac_cloud-mail/app/src/main/kotlin/app/sterna/ui/search/SearchPanel.kt	verbatim		19	0	txt
ac_cloud-mail/app/src/main/kotlin/app/sterna/ui/search/SearchScreen.kt	modified	app/src/main/kotlin/app/sterna/ui/search/SearchScreen.kt	576	9	txt
ac_cloud-mail/app/src/main/kotlin/app/sterna/ui/search/SearchViewModel.kt	modified	app/src/main/kotlin/app/sterna/ui/search/SearchViewModel.kt	152	34	txt
ac_cloud-mail/app/src/main/kotlin/app/sterna/ui/sender/MailBySenderScreen.kt	verbatim		349	0	txt
ac_cloud-mail/app/src/main/kotlin/app/sterna/ui/sender/MailBySenderViewModel.kt	verbatim		339	0	txt
ac_cloud-mail/app/src/main/kotlin/app/sterna/ui/settings/AccountEditorSave.kt	modified	app/src/main/kotlin/app/sterna/ui/settings/AccountEditorSave.kt	52	7	txt
ac_cloud-mail/app/src/main/kotlin/app/sterna/ui/settings/AccountsViewModel.kt	verbatim		547	0	txt
ac_cloud-mail/app/src/main/kotlin/app/sterna/ui/settings/AppLanguage.kt	verbatim		35	0	txt
ac_cloud-mail/app/src/main/kotlin/app/sterna/ui/settings/FiltersSaveGate.kt	modified	app/src/main/kotlin/app/sterna/ui/settings/FiltersSaveGate.kt	16	17	txt
ac_cloud-mail/app/src/main/kotlin/app/sterna/ui/settings/FiltersScreen.kt	modified	app/src/main/kotlin/app/sterna/ui/settings/FiltersScreen.kt	419	99	txt
ac_cloud-mail/app/src/main/kotlin/app/sterna/ui/settings/FiltersStatusUpdate.kt	modified	app/src/main/kotlin/app/sterna/ui/settings/FiltersStatusUpdate.kt	34	11	txt
ac_cloud-mail/app/src/main/kotlin/app/sterna/ui/settings/FiltersViewModel.kt	modified	app/src/main/kotlin/app/sterna/ui/settings/FiltersViewModel.kt	160	6	txt
ac_cloud-mail/app/src/main/kotlin/app/sterna/ui/settings/IdentityRows.kt	modified	app/src/main/kotlin/app/sterna/ui/settings/IdentityRows.kt	44	11	txt
ac_cloud-mail/app/src/main/kotlin/app/sterna/ui/settings/NotificationSettingsState.kt	verbatim		38	0	txt
ac_cloud-mail/app/src/main/kotlin/app/sterna/ui/settings/SettingsComponents.kt	verbatim		502	0	txt
ac_cloud-mail/app/src/main/kotlin/app/sterna/ui/settings/SettingsScreen.kt	modified	app/src/main/kotlin/app/sterna/ui/settings/SettingsScreen.kt	2747	93	txt
ac_cloud-mail/app/src/main/kotlin/app/sterna/ui/settings/SettingsViewModel.kt	modified	app/src/main/kotlin/app/sterna/ui/settings/SettingsViewModel.kt	426	2	txt
ac_cloud-mail/app/src/main/kotlin/app/sterna/ui/settings/SharedAccountScreen.kt	verbatim		117	0	txt
ac_cloud-mail/app/src/main/kotlin/app/sterna/ui/settings/SignatureEditor.kt	new		0	201	txt
ac_cloud-mail/app/src/main/kotlin/app/sterna/ui/settings/StorageViewModel.kt	verbatim		73	0	txt
ac_cloud-mail/app/src/main/kotlin/app/sterna/ui/settings/TextToolsScreens.kt	new		0	325	txt
ac_cloud-mail/app/src/main/kotlin/app/sterna/ui/settings/TextToolsSection.kt	new		0	74	txt
ac_cloud-mail/app/src/main/kotlin/app/sterna/ui/settings/UnsavedExit.kt	verbatim		20	0	txt
ac_cloud-mail/app/src/main/kotlin/app/sterna/ui/settings/UpdateLinks.kt	new		0	135	txt
ac_cloud-mail/app/src/main/kotlin/app/sterna/ui/settings/UpdateScreen.kt	new		0	424	txt
ac_cloud-mail/app/src/main/kotlin/app/sterna/ui/settings/VacationViewModel.kt	verbatim		175	0	txt
ac_cloud-mail/app/src/main/kotlin/app/sterna/ui/snoozed/SnoozedScreen.kt	verbatim		153	0	txt
ac_cloud-mail/app/src/main/kotlin/app/sterna/ui/snoozed/SnoozedViewModel.kt	verbatim		44	0	txt
ac_cloud-mail/app/src/main/kotlin/app/sterna/ui/text/MailAiRegistry.kt	new		0	123	txt
ac_cloud-mail/app/src/main/kotlin/app/sterna/ui/text/MailTextToolsPrefs.kt	new		0	172	txt
ac_cloud-mail/app/src/main/kotlin/app/sterna/ui/text/TextToolPanel.kt	new		0	165	txt
ac_cloud-mail/app/src/main/kotlin/app/sterna/ui/text/TextToolRun.kt	new		0	241	txt
ac_cloud-mail/app/src/main/kotlin/app/sterna/ui/text/TextToolScope.kt	new		0	151	txt
ac_cloud-mail/app/src/main/kotlin/app/sterna/ui/theme/Color.kt	modified	app/src/main/kotlin/app/sterna/ui/theme/Color.kt	111	2	txt
ac_cloud-mail/app/src/main/kotlin/app/sterna/ui/theme/MailList.kt	new		0	88	txt
ac_cloud-mail/app/src/main/kotlin/app/sterna/ui/theme/Theme.kt	modified	app/src/main/kotlin/app/sterna/ui/theme/Theme.kt	58	16	txt
ac_cloud-mail/app/src/main/kotlin/app/sterna/ui/theme/Type.kt	verbatim		4	0	txt
ac_cloud-mail/app/src/main/kotlin/app/sterna/util/EmailFormat.kt	verbatim		7	0	txt
ac_cloud-mail/app/src/main/kotlin/app/sterna/util/LinkCleaner.kt	verbatim		78	0	txt
ac_cloud-mail/app/src/main/kotlin/app/sterna/util/MailDates.kt	verbatim		92	0	txt
ac_cloud-mail/app/src/main/kotlin/app/sterna/widget/AllInboxesView.kt	verbatim		8	0	txt
ac_cloud-mail/app/src/main/kotlin/app/sterna/widget/RecentMailWidgetContent.kt	verbatim		179	0	txt
ac_cloud-mail/app/src/main/kotlin/app/sterna/widget/RecentMailWidgetDraw.kt	verbatim		154	0	txt
ac_cloud-mail/app/src/main/kotlin/app/sterna/widget/RecentMailWidgetProvider.kt	verbatim		79	0	txt
ac_cloud-mail/app/src/main/kotlin/app/sterna/widget/RecentMailWidgetPush.kt	verbatim		30	0	txt
ac_cloud-mail/app/src/main/kotlin/app/sterna/widget/RecentMailWidgetService.kt	verbatim		155	0	txt
ac_cloud-mail/app/src/main/kotlin/app/sterna/widget/RecentMailWidgetTap.kt	verbatim		23	0	txt
ac_cloud-mail/app/src/main/kotlin/app/sterna/widget/UnreadWidgetContent.kt	verbatim		78	0	txt
ac_cloud-mail/app/src/main/kotlin/app/sterna/widget/UnreadWidgetDraw.kt	verbatim		186	0	txt
ac_cloud-mail/app/src/main/kotlin/app/sterna/widget/UnreadWidgetProvider.kt	verbatim		68	0	txt
ac_cloud-mail/app/src/main/kotlin/app/sterna/widget/UnreadWidgetPush.kt	verbatim		37	0	txt
ac_cloud-mail/app/src/main/kotlin/app/sterna/widget/UnreadWidgetTap.kt	verbatim		13	0	txt
ac_cloud-mail/app/src/main/kotlin/app/sterna/widget/WidgetMonogram.kt	verbatim		53	0	txt
ac_cloud-mail/app/src/main/kotlin/app/sterna/widget/WidgetMonogramRules.kt	verbatim		22	0	txt
ac_cloud-mail/app/src/main/kotlin/app/sterna/widget/WidgetTheme.kt	verbatim		61	0	txt
ac_cloud-mail/app/src/main/kotlin/app/sterna/widget/WidgetThemeReader.kt	verbatim		57	0	txt
ac_cloud-mail/app/src/main/res/drawable/ic_launcher_background.xml	modified	app/src/main/res/drawable/ic_launcher_background.xml	3	7	txt
ac_cloud-mail/app/src/main/res/drawable/ic_launcher_foreground.xml	modified	app/src/main/res/drawable/ic_launcher_foreground.xml	2	21	txt
ac_cloud-mail/app/src/main/res/drawable/ic_stat_mail.xml	verbatim		10	0	txt
ac_cloud-mail/app/src/main/res/drawable/splash_tern.xml	verbatim		37	0	txt
ac_cloud-mail/app/src/main/res/drawable/splash_tern_anim.xml	verbatim		43	0	txt
ac_cloud-mail/app/src/main/res/drawable/widget_recent_account_dot.xml	verbatim		14	0	txt
ac_cloud-mail/app/src/main/res/drawable/widget_recent_monogram_badge.xml	verbatim		15	0	txt
ac_cloud-mail/app/src/main/res/drawable/widget_surface_black.xml	verbatim		12	0	txt
ac_cloud-mail/app/src/main/res/drawable/widget_surface_dark.xml	verbatim		11	0	txt
ac_cloud-mail/app/src/main/res/drawable/widget_surface_light.xml	verbatim		17	0	txt
ac_cloud-mail/app/src/main/res/drawable/widget_unread_background.xml	verbatim		14	0	txt
ac_cloud-mail/app/src/main/res/layout/widget_recent.xml	verbatim		44	0	txt
ac_cloud-mail/app/src/main/res/layout/widget_recent_preview.xml	verbatim		156	0	txt
ac_cloud-mail/app/src/main/res/layout/widget_recent_row.xml	verbatim		85	0	txt
ac_cloud-mail/app/src/main/res/layout/widget_unread.xml	verbatim		53	0	txt
ac_cloud-mail/app/src/main/res/layout/widget_unread_account_row.xml	verbatim		39	0	txt
ac_cloud-mail/app/src/main/res/layout/widget_unread_accounts.xml	verbatim		36	0	txt
ac_cloud-mail/app/src/main/res/layout/widget_unread_preview.xml	verbatim		45	0	txt
ac_cloud-mail/app/src/main/res/mipmap-anydpi-v26/ic_launcher.xml	modified	app/src/main/res/mipmap-anydpi-v26/ic_launcher.xml	5	1	txt
ac_cloud-mail/app/src/main/res/mipmap-anydpi-v26/ic_launcher_round.xml	modified	app/src/main/res/mipmap-anydpi-v26/ic_launcher_round.xml	5	1	txt
ac_cloud-mail/app/src/main/res/values-de/strings.xml	modified	app/src/main/res/values-de/strings.xml	936	212	txt
ac_cloud-mail/app/src/main/res/values-es/strings.xml	modified	app/src/main/res/values-es/strings.xml	942	253	txt
ac_cloud-mail/app/src/main/res/values-fr/strings.xml	modified	app/src/main/res/values-fr/strings.xml	947	212	txt
ac_cloud-mail/app/src/main/res/values-it/strings.xml	modified	app/src/main/res/values-it/strings.xml	942	212	txt
ac_cloud-mail/app/src/main/res/values-night/colors.xml	verbatim		21	0	txt
ac_cloud-mail/app/src/main/res/values-night/themes.xml	verbatim		5	0	txt
ac_cloud-mail/app/src/main/res/values-nl/strings.xml	modified	app/src/main/res/values-nl/strings.xml	937	212	txt
ac_cloud-mail/app/src/main/res/values-pl/strings.xml	modified	app/src/main/res/values-pl/strings.xml	959	209	txt
ac_cloud-mail/app/src/main/res/values-pt/strings.xml	modified	app/src/main/res/values-pt/strings.xml	944	212	txt
ac_cloud-mail/app/src/main/res/values-ru/strings.xml	modified	app/src/main/res/values-ru/strings.xml	958	212	txt
ac_cloud-mail/app/src/main/res/values-v31/dimens.xml	verbatim		10	0	txt
ac_cloud-mail/app/src/main/res/values-v31/themes.xml	verbatim		10	0	txt
ac_cloud-mail/app/src/main/res/values/colors.xml	verbatim		37	0	txt
ac_cloud-mail/app/src/main/res/values/dimens.xml	verbatim		18	0	txt
ac_cloud-mail/app/src/main/res/values/strings.xml	modified	app/src/main/res/values/strings.xml	990	258	txt
ac_cloud-mail/app/src/main/res/values/themes.xml	verbatim		14	0	txt
ac_cloud-mail/app/src/main/res/xml-v31/appwidget_info_recent.xml	verbatim		20	0	txt
ac_cloud-mail/app/src/main/res/xml-v31/appwidget_info_unread.xml	verbatim		22	0	txt
ac_cloud-mail/app/src/main/res/xml/appwidget_info_recent.xml	verbatim		20	0	txt
ac_cloud-mail/app/src/main/res/xml/appwidget_info_unread.xml	verbatim		26	0	txt
ac_cloud-mail/app/src/main/res/xml/backup_rules.xml	verbatim		14	0	txt
ac_cloud-mail/app/src/main/res/xml/data_extraction_rules.xml	verbatim		23	0	txt
ac_cloud-mail/app/src/main/res/xml/file_paths.xml	verbatim		4	0	txt
ac_cloud-mail/app/src/main/res/xml/locales_config.xml	verbatim		14	0	txt
ac_cloud-mail/app/src/main/res/xml/network_security_config.xml	verbatim		19	0	txt
ac_cloud-mail/app/src/test/kotlin/app/sterna/BodyCachePurgeWiringTest.kt	verbatim		75	0	txt
ac_cloud-mail/app/src/test/kotlin/app/sterna/JmapClientLogTagTest.kt	verbatim		42	0	txt
ac_cloud-mail/app/src/test/kotlin/app/sterna/bench/BenchOutPathTest.kt	verbatim		50	0	txt
ac_cloud-mail/app/src/test/kotlin/app/sterna/bench/BenchProvisionSourceTest.kt	modified	app/src/test/kotlin/app/sterna/bench/BenchProvisionSourceTest.kt	209	1	txt
ac_cloud-mail/app/src/test/kotlin/app/sterna/bench/NoPrivateHostInTreeTest.kt	modified	app/src/test/kotlin/app/sterna/bench/NoPrivateHostInTreeTest.kt	260	9	txt
ac_cloud-mail/app/src/test/kotlin/app/sterna/contacts/ContactSuggestionTest.kt	verbatim		88	0	txt
ac_cloud-mail/app/src/test/kotlin/app/sterna/contacts/PhotoCacheTest.kt	verbatim		71	0	txt
ac_cloud-mail/app/src/test/kotlin/app/sterna/contacts/SenderAvatarLoaderTest.kt	new		0	63	txt
ac_cloud-mail/app/src/test/kotlin/app/sterna/docs/SecurityDocExportedCountTest.kt	verbatim		259	0	txt
ac_cloud-mail/app/src/test/kotlin/app/sterna/drafts/LocalDraftRearmWiringTest.kt	verbatim		160	0	txt
ac_cloud-mail/app/src/test/kotlin/app/sterna/net/OfflineFailureTest.kt	verbatim		64	0	txt
ac_cloud-mail/app/src/test/kotlin/app/sterna/net/ReconnectGateTest.kt	verbatim		356	0	txt
ac_cloud-mail/app/src/test/kotlin/app/sterna/pgp/OpenKeychainPgpEngineWiringTest.kt	verbatim		175	0	txt
ac_cloud-mail/app/src/test/kotlin/app/sterna/pgp/PgpApiRequestTest.kt	verbatim		83	0	txt
ac_cloud-mail/app/src/test/kotlin/app/sterna/pgp/PgpProviderChoiceTest.kt	verbatim		137	0	txt
ac_cloud-mail/app/src/test/kotlin/app/sterna/pgp/PgpProvidersTest.kt	verbatim		101	0	txt
ac_cloud-mail/app/src/test/kotlin/app/sterna/pgp/PgpPublicKeyWiringTest.kt	verbatim		118	0	txt
ac_cloud-mail/app/src/test/kotlin/app/sterna/push/BannerDeleteActTest.kt	verbatim		36	0	txt
ac_cloud-mail/app/src/test/kotlin/app/sterna/push/BootRestartTest.kt	verbatim		56	0	txt
ac_cloud-mail/app/src/test/kotlin/app/sterna/push/DepartedBannerDecisionTest.kt	verbatim		74	0	txt
ac_cloud-mail/app/src/test/kotlin/app/sterna/push/DepartedMailLosesItsBannerWiringTest.kt	verbatim		153	0	txt
ac_cloud-mail/app/src/test/kotlin/app/sterna/push/FallbackPollSaysWhatItSkippedTest.kt	verbatim		286	0	txt
ac_cloud-mail/app/src/test/kotlin/app/sterna/push/GroupAlertTest.kt	verbatim		243	0	txt
ac_cloud-mail/app/src/test/kotlin/app/sterna/push/LiveBannerSurvivesItsSummaryWiringTest.kt	verbatim		403	0	txt
ac_cloud-mail/app/src/test/kotlin/app/sterna/push/MailNotificationTextTest.kt	verbatim		191	0	txt
ac_cloud-mail/app/src/test/kotlin/app/sterna/push/MailNotificationWidgetRowTest.kt	verbatim		182	0	txt
ac_cloud-mail/app/src/test/kotlin/app/sterna/push/NoBannerWithoutItsChannelWiringTest.kt	verbatim		126	0	txt
ac_cloud-mail/app/src/test/kotlin/app/sterna/push/NotificationActionsTest.kt	verbatim		126	0	txt
ac_cloud-mail/app/src/test/kotlin/app/sterna/push/NotificationIdsTest.kt	verbatim		47	0	txt
ac_cloud-mail/app/src/test/kotlin/app/sterna/push/NotificationPreviewGatheringTest.kt	verbatim		296	0	txt
ac_cloud-mail/app/src/test/kotlin/app/sterna/push/NotifyCandidatesWiringTest.kt	verbatim		186	0	txt
ac_cloud-mail/app/src/test/kotlin/app/sterna/push/PreviewReachesTheNotificationWiringTest.kt	verbatim		273	0	txt
ac_cloud-mail/app/src/test/kotlin/app/sterna/push/PushWatchTest.kt	verbatim		625	0	txt
ac_cloud-mail/app/src/test/kotlin/app/sterna/push/QuickReplyOutcomeTest.kt	verbatim		143	0	txt
ac_cloud-mail/app/src/test/kotlin/app/sterna/push/QuickReplyWiringTest.kt	verbatim		477	0	txt
ac_cloud-mail/app/src/test/kotlin/app/sterna/push/RelayPushTest.kt	verbatim		435	0	txt
ac_cloud-mail/app/src/test/kotlin/app/sterna/push/RelayWiringTest.kt	verbatim		426	0	txt
ac_cloud-mail/app/src/test/kotlin/app/sterna/push/SignedOutAccountLeavesNoPushErrorTest.kt	verbatim		298	0	txt
ac_cloud-mail/app/src/test/kotlin/app/sterna/push/SignedOutAccountLosesItsBannersTest.kt	verbatim		244	0	txt
ac_cloud-mail/app/src/test/kotlin/app/sterna/send/OutboxParkWiringTest.kt	verbatim		139	0	txt
ac_cloud-mail/app/src/test/kotlin/app/sterna/send/OutboxPermanentFailureWiringTest.kt	verbatim		65	0	txt
ac_cloud-mail/app/src/test/kotlin/app/sterna/send/OutboxRearmWiringTest.kt	verbatim		128	0	txt
ac_cloud-mail/app/src/test/kotlin/app/sterna/send/ScheduledSendFireWiringTest.kt	verbatim		114	0	txt
ac_cloud-mail/app/src/test/kotlin/app/sterna/send/ScheduledSendRearmWiringTest.kt	verbatim		137	0	txt
ac_cloud-mail/app/src/test/kotlin/app/sterna/send/SendOutboxTest.kt	verbatim		174	0	txt
ac_cloud-mail/app/src/test/kotlin/app/sterna/ui/BottomNavSharedSourceTest.kt	new		0	67	txt
ac_cloud-mail/app/src/test/kotlin/app/sterna/ui/DraftDeleteBodyTest.kt	verbatim		164	0	txt
ac_cloud-mail/app/src/test/kotlin/app/sterna/ui/FolderActionsTest.kt	verbatim		59	0	txt
ac_cloud-mail/app/src/test/kotlin/app/sterna/ui/LeaveLatchTest.kt	verbatim		53	0	txt
ac_cloud-mail/app/src/test/kotlin/app/sterna/ui/MotionTest.kt	new		0	42	txt
ac_cloud-mail/app/src/test/kotlin/app/sterna/ui/NavHostSourceRulesTest.kt	verbatim		197	0	txt
ac_cloud-mail/app/src/test/kotlin/app/sterna/ui/NotificationAccountSwitchTest.kt	verbatim		43	0	txt
ac_cloud-mail/app/src/test/kotlin/app/sterna/ui/NotificationFolderSwitchTest.kt	verbatim		70	0	txt
ac_cloud-mail/app/src/test/kotlin/app/sterna/ui/OwnMessageWiringTest.kt	verbatim		335	0	txt
ac_cloud-mail/app/src/test/kotlin/app/sterna/ui/PaneConversionTest.kt	verbatim		101	0	txt
ac_cloud-mail/app/src/test/kotlin/app/sterna/ui/PaneLayoutTest.kt	modified	app/src/test/kotlin/app/sterna/ui/PaneLayoutTest.kt	72	10	txt
ac_cloud-mail/app/src/test/kotlin/app/sterna/ui/PaneOrdersTest.kt	verbatim		90	0	txt
ac_cloud-mail/app/src/test/kotlin/app/sterna/ui/PendingDeletionLabelTest.kt	verbatim		200	0	txt
ac_cloud-mail/app/src/test/kotlin/app/sterna/ui/PgpProviderNamingTest.kt	verbatim		136	0	txt
ac_cloud-mail/app/src/test/kotlin/app/sterna/ui/RefusedMoveKeepsItsJargonOffTheScreenTest.kt	verbatim		207	0	txt
ac_cloud-mail/app/src/test/kotlin/app/sterna/ui/RestoredViewWiringLintTest.kt	verbatim		118	0	txt
ac_cloud-mail/app/src/test/kotlin/app/sterna/ui/RootRefreshWiringTest.kt	verbatim		110	0	txt
ac_cloud-mail/app/src/test/kotlin/app/sterna/ui/RootRouteTest.kt	verbatim		44	0	txt
ac_cloud-mail/app/src/test/kotlin/app/sterna/ui/SelectionBannerPluralsTest.kt	verbatim		82	0	txt
ac_cloud-mail/app/src/test/kotlin/app/sterna/ui/SenderRuleDialogFitTest.kt	verbatim		293	0	txt
ac_cloud-mail/app/src/test/kotlin/app/sterna/ui/SettingChoiceDialogScrollTest.kt	verbatim		152	0	txt
ac_cloud-mail/app/src/test/kotlin/app/sterna/ui/ShowsDraftBadgeTest.kt	verbatim		88	0	txt
ac_cloud-mail/app/src/test/kotlin/app/sterna/ui/ShowsRecipientsTest.kt	verbatim		118	0	txt
ac_cloud-mail/app/src/test/kotlin/app/sterna/ui/TranslationParityTest.kt	modified	app/src/test/kotlin/app/sterna/ui/TranslationParityTest.kt	947	18	txt
ac_cloud-mail/app/src/test/kotlin/app/sterna/ui/TwoPaneHostLintTest.kt	verbatim		247	0	txt
ac_cloud-mail/app/src/test/kotlin/app/sterna/ui/UnloadedSettingDefaultsTest.kt	verbatim		232	0	txt
ac_cloud-mail/app/src/test/kotlin/app/sterna/ui/WidgetTapNavigationTest.kt	verbatim		152	0	txt
ac_cloud-mail/app/src/test/kotlin/app/sterna/ui/WidgetTapRelayTest.kt	verbatim		88	0	txt
ac_cloud-mail/app/src/test/kotlin/app/sterna/ui/components/ChipFillTest.kt	modified	app/src/test/kotlin/app/sterna/ui/components/ChipFillTest.kt	59	35	txt
ac_cloud-mail/app/src/test/kotlin/app/sterna/ui/components/EmailListItemBackgroundWiringTest.kt	modified	app/src/test/kotlin/app/sterna/ui/components/EmailListItemBackgroundWiringTest.kt	143	95	txt
ac_cloud-mail/app/src/test/kotlin/app/sterna/ui/components/EmailListItemChipFillWiringTest.kt	modified	app/src/test/kotlin/app/sterna/ui/components/EmailListItemChipFillWiringTest.kt	178	22	txt
ac_cloud-mail/app/src/test/kotlin/app/sterna/ui/components/EmailListItemPreviewAndActionsRowTest.kt	new		0	138	txt
ac_cloud-mail/app/src/test/kotlin/app/sterna/ui/components/EmailListItemRow3RenderedTest.kt	new		0	174	txt
ac_cloud-mail/app/src/test/kotlin/app/sterna/ui/components/LoadingRingTest.kt	verbatim		452	0	txt
ac_cloud-mail/app/src/test/kotlin/app/sterna/ui/components/MonogramColorTest.kt	verbatim		198	0	txt
ac_cloud-mail/app/src/test/kotlin/app/sterna/ui/components/MonogramInitialTest.kt	verbatim		27	0	txt
ac_cloud-mail/app/src/test/kotlin/app/sterna/ui/components/MonogramRampsTest.kt	verbatim		69	0	txt
ac_cloud-mail/app/src/test/kotlin/app/sterna/ui/components/RowBackgroundTest.kt	modified	app/src/test/kotlin/app/sterna/ui/components/RowBackgroundTest.kt	92	49	txt
ac_cloud-mail/app/src/test/kotlin/app/sterna/ui/compose/ComposeBarWiringTest.kt	verbatim		300	0	txt
ac_cloud-mail/app/src/test/kotlin/app/sterna/ui/compose/ComposeBodyWiringTest.kt	verbatim		324	0	txt
ac_cloud-mail/app/src/test/kotlin/app/sterna/ui/compose/ComposeDeleteWiringTest.kt	verbatim		443	0	txt
ac_cloud-mail/app/src/test/kotlin/app/sterna/ui/compose/ComposeDirtyTest.kt	verbatim		131	0	txt
ac_cloud-mail/app/src/test/kotlin/app/sterna/ui/compose/ComposeOpeningTest.kt	verbatim		125	0	txt
ac_cloud-mail/app/src/test/kotlin/app/sterna/ui/compose/ComposeScreenCapitalizationTest.kt	verbatim		235	0	txt
ac_cloud-mail/app/src/test/kotlin/app/sterna/ui/compose/ComposeScreenIncognitoTest.kt	verbatim		358	0	txt
ac_cloud-mail/app/src/test/kotlin/app/sterna/ui/compose/ComposeSignatureTest.kt	modified	app/src/test/kotlin/app/sterna/ui/compose/ComposeSignatureTest.kt	397	63	txt
ac_cloud-mail/app/src/test/kotlin/app/sterna/ui/compose/ComposeTextTest.kt	verbatim		1018	0	txt
ac_cloud-mail/app/src/test/kotlin/app/sterna/ui/compose/ComposeTitleTest.kt	verbatim		141	0	txt
ac_cloud-mail/app/src/test/kotlin/app/sterna/ui/compose/ComposeViewModelWiringTest.kt	verbatim		329	0	txt
ac_cloud-mail/app/src/test/kotlin/app/sterna/ui/compose/ComposerBodyLeavesTheParcelTest.kt	modified	app/src/test/kotlin/app/sterna/ui/compose/ComposerBodyLeavesTheParcelTest.kt	318	3	txt
ac_cloud-mail/app/src/test/kotlin/app/sterna/ui/compose/ComposerResumeSlotTest.kt	verbatim		1154	0	txt
ac_cloud-mail/app/src/test/kotlin/app/sterna/ui/compose/DialogFlagsSurviveRotationTest.kt	verbatim		875	0	txt
ac_cloud-mail/app/src/test/kotlin/app/sterna/ui/compose/DiscardChoicesTest.kt	verbatim		138	0	txt
ac_cloud-mail/app/src/test/kotlin/app/sterna/ui/compose/DiscardDialogWiringTest.kt	verbatim		161	0	txt
ac_cloud-mail/app/src/test/kotlin/app/sterna/ui/compose/DiscardWordingTest.kt	verbatim		175	0	txt
ac_cloud-mail/app/src/test/kotlin/app/sterna/ui/compose/DraftAccountCarriedWiringTest.kt	verbatim		310	0	txt
ac_cloud-mail/app/src/test/kotlin/app/sterna/ui/compose/DraftContentTest.kt	verbatim		75	0	txt
ac_cloud-mail/app/src/test/kotlin/app/sterna/ui/compose/DraftDeleteOfferedTest.kt	verbatim		118	0	txt
ac_cloud-mail/app/src/test/kotlin/app/sterna/ui/compose/DraftKeptToastFitTest.kt	verbatim		231	0	txt
ac_cloud-mail/app/src/test/kotlin/app/sterna/ui/compose/DraftNumberingCarriedWiringTest.kt	verbatim		313	0	txt
ac_cloud-mail/app/src/test/kotlin/app/sterna/ui/compose/DraftNumberingFreezeWiringTest.kt	verbatim		302	0	txt
ac_cloud-mail/app/src/test/kotlin/app/sterna/ui/compose/DraftReopenViewTest.kt	verbatim		113	0	txt
ac_cloud-mail/app/src/test/kotlin/app/sterna/ui/compose/DraftReopenWiringTest.kt	verbatim		304	0	txt
ac_cloud-mail/app/src/test/kotlin/app/sterna/ui/compose/DraftSaveAllowedTest.kt	verbatim		102	0	txt
ac_cloud-mail/app/src/test/kotlin/app/sterna/ui/compose/DraftVerdictWiringTest.kt	verbatim		417	0	txt
ac_cloud-mail/app/src/test/kotlin/app/sterna/ui/compose/EmptiedLocalDraftTest.kt	verbatim		474	0	txt
ac_cloud-mail/app/src/test/kotlin/app/sterna/ui/compose/EmptiedServerDraftTest.kt	verbatim		169	0	txt
ac_cloud-mail/app/src/test/kotlin/app/sterna/ui/compose/EmptiedServerDraftWiringTest.kt	verbatim		248	0	txt
ac_cloud-mail/app/src/test/kotlin/app/sterna/ui/compose/EncryptionRecipientsTest.kt	verbatim		117	0	txt
ac_cloud-mail/app/src/test/kotlin/app/sterna/ui/compose/ForwardAttachmentWiringTest.kt	verbatim		190	0	txt
ac_cloud-mail/app/src/test/kotlin/app/sterna/ui/compose/GroupEntryIsNeverARecipientTest.kt	verbatim		79	0	txt
ac_cloud-mail/app/src/test/kotlin/app/sterna/ui/compose/HtmlSignatureLinksReachBothAlternativesTest.kt	new		0	111	txt
ac_cloud-mail/app/src/test/kotlin/app/sterna/ui/compose/IncognitoImeOptionsTest.kt	verbatim		36	0	txt
ac_cloud-mail/app/src/test/kotlin/app/sterna/ui/compose/IncognitoInterceptorTest.kt	verbatim		73	0	txt
ac_cloud-mail/app/src/test/kotlin/app/sterna/ui/compose/LinkDialogTest.kt	verbatim		151	0	txt
ac_cloud-mail/app/src/test/kotlin/app/sterna/ui/compose/LinkDialogWiringTest.kt	verbatim		129	0	txt
ac_cloud-mail/app/src/test/kotlin/app/sterna/ui/compose/LocalDraftReopenWiringTest.kt	modified	app/src/test/kotlin/app/sterna/ui/compose/LocalDraftReopenWiringTest.kt	1104	3	txt
ac_cloud-mail/app/src/test/kotlin/app/sterna/ui/compose/LostBodyNoticeTextTest.kt	verbatim		172	0	txt
ac_cloud-mail/app/src/test/kotlin/app/sterna/ui/compose/LostBodySendTest.kt	verbatim		337	0	txt
ac_cloud-mail/app/src/test/kotlin/app/sterna/ui/compose/OnlyCopyWiringTest.kt	verbatim		363	0	txt
ac_cloud-mail/app/src/test/kotlin/app/sterna/ui/compose/OutboxResumeTest.kt	verbatim		82	0	txt
ac_cloud-mail/app/src/test/kotlin/app/sterna/ui/compose/OutboxResumeWiringTest.kt	verbatim		230	0	txt
ac_cloud-mail/app/src/test/kotlin/app/sterna/ui/compose/OutgoingDateWiringTest.kt	verbatim		130	0	txt
ac_cloud-mail/app/src/test/kotlin/app/sterna/ui/compose/OutgoingDateZoneTest.kt	verbatim		72	0	txt
ac_cloud-mail/app/src/test/kotlin/app/sterna/ui/compose/PgpEncryptArgsTest.kt	verbatim		104	0	txt
ac_cloud-mail/app/src/test/kotlin/app/sterna/ui/compose/PgpModeIconFacesTest.kt	verbatim		338	0	txt
ac_cloud-mail/app/src/test/kotlin/app/sterna/ui/compose/PgpModeWiringTest.kt	verbatim		216	0	txt
ac_cloud-mail/app/src/test/kotlin/app/sterna/ui/compose/PgpRefreshTest.kt	verbatim		104	0	txt
ac_cloud-mail/app/src/test/kotlin/app/sterna/ui/compose/PickedScheduleTest.kt	verbatim		274	0	txt
ac_cloud-mail/app/src/test/kotlin/app/sterna/ui/compose/PresetMillisAtTapTest.kt	verbatim		110	0	txt
ac_cloud-mail/app/src/test/kotlin/app/sterna/ui/compose/ProtectedSubjectTest.kt	verbatim		70	0	txt
ac_cloud-mail/app/src/test/kotlin/app/sterna/ui/compose/QuoteDepthTest.kt	verbatim		87	0	txt
ac_cloud-mail/app/src/test/kotlin/app/sterna/ui/compose/QuoteOnScreenSilencesPrepareWiringTest.kt	modified	app/src/test/kotlin/app/sterna/ui/compose/QuoteOnScreenSilencesPrepareWiringTest.kt	311	12	txt
ac_cloud-mail/app/src/test/kotlin/app/sterna/ui/compose/ReadReceiptWiringTest.kt	verbatim		406	0	txt
ac_cloud-mail/app/src/test/kotlin/app/sterna/ui/compose/RecipientMenuFitTest.kt	verbatim		413	0	txt
ac_cloud-mail/app/src/test/kotlin/app/sterna/ui/compose/ReplyQuoteConsumedWiringTest.kt	verbatim		202	0	txt
ac_cloud-mail/app/src/test/kotlin/app/sterna/ui/compose/RichBodyMarkersTest.kt	verbatim		296	0	txt
ac_cloud-mail/app/src/test/kotlin/app/sterna/ui/compose/RichBodyRewriteTest.kt	verbatim		52	0	txt
ac_cloud-mail/app/src/test/kotlin/app/sterna/ui/compose/RichBodyStyleTest.kt	verbatim		107	0	txt
ac_cloud-mail/app/src/test/kotlin/app/sterna/ui/compose/ScheduleMenuWiringTest.kt	verbatim		274	0	txt
ac_cloud-mail/app/src/test/kotlin/app/sterna/ui/compose/SchedulePickerLayoutTest.kt	verbatim		56	0	txt
ac_cloud-mail/app/src/test/kotlin/app/sterna/ui/compose/SchedulePresetsTest.kt	verbatim		81	0	txt
ac_cloud-mail/app/src/test/kotlin/app/sterna/ui/compose/ScheduleYearRangeTest.kt	verbatim		41	0	txt
ac_cloud-mail/app/src/test/kotlin/app/sterna/ui/compose/SendBodiesWiringTest.kt	verbatim		169	0	txt
ac_cloud-mail/app/src/test/kotlin/app/sterna/ui/compose/SettingsDetailTitleInsetTest.kt	verbatim		164	0	txt
ac_cloud-mail/app/src/test/kotlin/app/sterna/ui/compose/StagedAttachmentSweepTest.kt	verbatim		197	0	txt
ac_cloud-mail/app/src/test/kotlin/app/sterna/ui/compose/StagedAttachmentSweepWiringTest.kt	verbatim		222	0	txt
ac_cloud-mail/app/src/test/kotlin/app/sterna/ui/compose/SuggestionMenuFitTest.kt	verbatim		163	0	txt
ac_cloud-mail/app/src/test/kotlin/app/sterna/ui/connect/AccountAddPrimingTest.kt	verbatim		219	0	txt
ac_cloud-mail/app/src/test/kotlin/app/sterna/ui/connect/AccountAddedToastTest.kt	verbatim		135	0	txt
ac_cloud-mail/app/src/test/kotlin/app/sterna/ui/connect/AccountToastFitTest.kt	verbatim		304	0	txt
ac_cloud-mail/app/src/test/kotlin/app/sterna/ui/connect/AddedInboxBaselineTest.kt	verbatim		63	0	txt
ac_cloud-mail/app/src/test/kotlin/app/sterna/ui/connect/ConnectPresetTest.kt	verbatim		352	0	txt
ac_cloud-mail/app/src/test/kotlin/app/sterna/ui/connect/ConnectPrimingWiringTest.kt	verbatim		567	0	txt
ac_cloud-mail/app/src/test/kotlin/app/sterna/ui/connect/ConnectStatusLineTest.kt	verbatim		409	0	txt
ac_cloud-mail/app/src/test/kotlin/app/sterna/ui/connect/ConnectWalkTest.kt	verbatim		678	0	txt
ac_cloud-mail/app/src/test/kotlin/app/sterna/ui/connect/CredentialsPaneTest.kt	verbatim		411	0	txt
ac_cloud-mail/app/src/test/kotlin/app/sterna/ui/connect/DeviceGrantPollTest.kt	verbatim		197	0	txt
ac_cloud-mail/app/src/test/kotlin/app/sterna/ui/connect/ImapAuthRejectedTest.kt	verbatim		116	0	txt
ac_cloud-mail/app/src/test/kotlin/app/sterna/ui/connect/ImapDiscoveryWiringTest.kt	verbatim		857	0	txt
ac_cloud-mail/app/src/test/kotlin/app/sterna/ui/connect/LoginHintWiringTest.kt	verbatim		136	0	txt
ac_cloud-mail/app/src/test/kotlin/app/sterna/ui/connect/MailOAuthCandidatesTest.kt	verbatim		181	0	txt
ac_cloud-mail/app/src/test/kotlin/app/sterna/ui/connect/OAuthCodeWiringTest.kt	verbatim		192	0	txt
ac_cloud-mail/app/src/test/kotlin/app/sterna/ui/connect/OAuthErrorMessagesTest.kt	verbatim		440	0	txt
ac_cloud-mail/app/src/test/kotlin/app/sterna/ui/connect/OAuthHandoverTest.kt	verbatim		643	0	txt
ac_cloud-mail/app/src/test/kotlin/app/sterna/ui/connect/OAuthRedirectManifestTest.kt	verbatim		49	0	txt
ac_cloud-mail/app/src/test/kotlin/app/sterna/ui/connect/OAuthRedirectTest.kt	verbatim		187	0	txt
ac_cloud-mail/app/src/test/kotlin/app/sterna/ui/connect/OAuthWiringTest.kt	verbatim		161	0	txt
ac_cloud-mail/app/src/test/kotlin/app/sterna/ui/home/AccountMailStatsTest.kt	new		0	300	txt
ac_cloud-mail/app/src/test/kotlin/app/sterna/ui/home/HomeAnimatedStatsWiringTest.kt	new		0	63	txt
ac_cloud-mail/app/src/test/kotlin/app/sterna/ui/home/HomeContentRenderTest.kt	new		0	316	txt
ac_cloud-mail/app/src/test/kotlin/app/sterna/ui/home/HomeDestinationWiringTest.kt	new		0	123	txt
ac_cloud-mail/app/src/test/kotlin/app/sterna/ui/home/ShortcutsRowCircleTest.kt	new		0	148	txt
ac_cloud-mail/app/src/test/kotlin/app/sterna/ui/inbox/ActionFailureMessageTest.kt	verbatim		71	0	txt
ac_cloud-mail/app/src/test/kotlin/app/sterna/ui/inbox/ActionFailureWiringTest.kt	verbatim		264	0	txt
ac_cloud-mail/app/src/test/kotlin/app/sterna/ui/inbox/AtInboxTest.kt	verbatim		55	0	txt
ac_cloud-mail/app/src/test/kotlin/app/sterna/ui/inbox/BoundedRefreshTest.kt	verbatim		116	0	txt
ac_cloud-mail/app/src/test/kotlin/app/sterna/ui/inbox/BoundedRefreshWiringLintTest.kt	verbatim		185	0	txt
ac_cloud-mail/app/src/test/kotlin/app/sterna/ui/inbox/BulkOutcomeTest.kt	verbatim		35	0	txt
ac_cloud-mail/app/src/test/kotlin/app/sterna/ui/inbox/BulkOutcomeWiringTest.kt	verbatim		97	0	txt
ac_cloud-mail/app/src/test/kotlin/app/sterna/ui/inbox/BulkSelectionWiringTest.kt	verbatim		642	0	txt
ac_cloud-mail/app/src/test/kotlin/app/sterna/ui/inbox/CollapsedFolderIdsTest.kt	verbatim		138	0	txt
ac_cloud-mail/app/src/test/kotlin/app/sterna/ui/inbox/CollapsedFoldersSurfaceWiringTest.kt	modified	app/src/test/kotlin/app/sterna/ui/inbox/CollapsedFoldersSurfaceWiringTest.kt	253	9	txt
ac_cloud-mail/app/src/test/kotlin/app/sterna/ui/inbox/ConversationExpansionTest.kt	verbatim		129	0	txt
ac_cloud-mail/app/src/test/kotlin/app/sterna/ui/inbox/ConversationScopeWiringTest.kt	verbatim		483	0	txt
ac_cloud-mail/app/src/test/kotlin/app/sterna/ui/inbox/CrossAccountMoveWiringLintTest.kt	verbatim		653	0	txt
ac_cloud-mail/app/src/test/kotlin/app/sterna/ui/inbox/CrossAccountPickerTest.kt	verbatim		274	0	txt
ac_cloud-mail/app/src/test/kotlin/app/sterna/ui/inbox/DefaultCollapsedFoldersTest.kt	verbatim		219	0	txt
ac_cloud-mail/app/src/test/kotlin/app/sterna/ui/inbox/DrawerDividerMarginLintTest.kt	modified	app/src/test/kotlin/app/sterna/ui/inbox/DrawerDividerMarginLintTest.kt	204	87	txt
ac_cloud-mail/app/src/test/kotlin/app/sterna/ui/inbox/DrawerFolderOrderTest.kt	new		0	168	txt
ac_cloud-mail/app/src/test/kotlin/app/sterna/ui/inbox/DrawerGestureTest.kt	verbatim		105	0	txt
ac_cloud-mail/app/src/test/kotlin/app/sterna/ui/inbox/DrawerRowDensityLintTest.kt	new		0	227	txt
ac_cloud-mail/app/src/test/kotlin/app/sterna/ui/inbox/DrawerSettingsShortcutLintTest.kt	new		0	200	txt
ac_cloud-mail/app/src/test/kotlin/app/sterna/ui/inbox/DrawerUnreadCountTest.kt	verbatim		167	0	txt
ac_cloud-mail/app/src/test/kotlin/app/sterna/ui/inbox/EmptyListSceneTest.kt	verbatim		103	0	txt
ac_cloud-mail/app/src/test/kotlin/app/sterna/ui/inbox/FolderFilterTest.kt	verbatim		140	0	txt
ac_cloud-mail/app/src/test/kotlin/app/sterna/ui/inbox/FolderRolesScopeTest.kt	verbatim		112	0	txt
ac_cloud-mail/app/src/test/kotlin/app/sterna/ui/inbox/FolderSelectionTest.kt	verbatim		46	0	txt
ac_cloud-mail/app/src/test/kotlin/app/sterna/ui/inbox/FolderUnreadFilterTest.kt	new		0	58	txt
ac_cloud-mail/app/src/test/kotlin/app/sterna/ui/inbox/HeldBackDestroyCarriesItsFolderTest.kt	verbatim		433	0	txt
ac_cloud-mail/app/src/test/kotlin/app/sterna/ui/inbox/InboxBackTest.kt	verbatim		121	0	txt
ac_cloud-mail/app/src/test/kotlin/app/sterna/ui/inbox/ListUnreadOnlyTest.kt	verbatim		50	0	txt
ac_cloud-mail/app/src/test/kotlin/app/sterna/ui/inbox/LocalDraftListWiringLintTest.kt	verbatim		409	0	txt
ac_cloud-mail/app/src/test/kotlin/app/sterna/ui/inbox/LocalDraftRowsTest.kt	verbatim		343	0	txt
ac_cloud-mail/app/src/test/kotlin/app/sterna/ui/inbox/LocalRemovalDropsItsBannerTest.kt	verbatim		267	0	txt
ac_cloud-mail/app/src/test/kotlin/app/sterna/ui/inbox/LostRoleClaimBordersTest.kt	modified	app/src/test/kotlin/app/sterna/ui/inbox/LostRoleClaimBordersTest.kt	132	6	txt
ac_cloud-mail/app/src/test/kotlin/app/sterna/ui/inbox/MailboxPathTest.kt	verbatim		188	0	txt
ac_cloud-mail/app/src/test/kotlin/app/sterna/ui/inbox/MailboxTreeTest.kt	modified	app/src/test/kotlin/app/sterna/ui/inbox/MailboxTreeTest.kt	130	4	txt
ac_cloud-mail/app/src/test/kotlin/app/sterna/ui/inbox/MailboxUnreadFallbackTest.kt	new		0	69	txt
ac_cloud-mail/app/src/test/kotlin/app/sterna/ui/inbox/MessageAnchorTest.kt	verbatim		86	0	txt
ac_cloud-mail/app/src/test/kotlin/app/sterna/ui/inbox/MoveFilterWiringLintTest.kt	verbatim		149	0	txt
ac_cloud-mail/app/src/test/kotlin/app/sterna/ui/inbox/MoveNumberingAtTheGestureTest.kt	verbatim		304	0	txt
ac_cloud-mail/app/src/test/kotlin/app/sterna/ui/inbox/MoveRefusalIsNotOfflineTest.kt	verbatim		58	0	txt
ac_cloud-mail/app/src/test/kotlin/app/sterna/ui/inbox/MoveTargetsTest.kt	verbatim		187	0	txt
ac_cloud-mail/app/src/test/kotlin/app/sterna/ui/inbox/NotificationFolderToShowTest.kt	verbatim		66	0	txt
ac_cloud-mail/app/src/test/kotlin/app/sterna/ui/inbox/OutboxCountWiringTest.kt	verbatim		239	0	txt
ac_cloud-mail/app/src/test/kotlin/app/sterna/ui/inbox/PageKeyFlowTest.kt	verbatim		245	0	txt
ac_cloud-mail/app/src/test/kotlin/app/sterna/ui/inbox/PageKeyWiringLintTest.kt	verbatim		313	0	txt
ac_cloud-mail/app/src/test/kotlin/app/sterna/ui/inbox/PermanentDrawerWiringLintTest.kt	modified	app/src/test/kotlin/app/sterna/ui/inbox/PermanentDrawerWiringLintTest.kt	178	7	txt
ac_cloud-mail/app/src/test/kotlin/app/sterna/ui/inbox/ReadingPaneRuleTest.kt	verbatim		183	0	txt
ac_cloud-mail/app/src/test/kotlin/app/sterna/ui/inbox/ReadingPaneWiringLintTest.kt	verbatim		78	0	txt
ac_cloud-mail/app/src/test/kotlin/app/sterna/ui/inbox/RefreshFreshnessTest.kt	verbatim		276	0	txt
ac_cloud-mail/app/src/test/kotlin/app/sterna/ui/inbox/RefreshFreshnessWiringLintTest.kt	verbatim		362	0	txt
ac_cloud-mail/app/src/test/kotlin/app/sterna/ui/inbox/RefreshIndicatorGraceTest.kt	verbatim		235	0	txt
ac_cloud-mail/app/src/test/kotlin/app/sterna/ui/inbox/RefreshIndicatorWiringLintTest.kt	verbatim		466	0	txt
ac_cloud-mail/app/src/test/kotlin/app/sterna/ui/inbox/RefreshNoticeTest.kt	verbatim		38	0	txt
ac_cloud-mail/app/src/test/kotlin/app/sterna/ui/inbox/RefreshedInboxIdTest.kt	verbatim		27	0	txt
ac_cloud-mail/app/src/test/kotlin/app/sterna/ui/inbox/RestoredHeaderWiringLintTest.kt	verbatim		340	0	txt
ac_cloud-mail/app/src/test/kotlin/app/sterna/ui/inbox/RestoredMetaTest.kt	verbatim		114	0	txt
ac_cloud-mail/app/src/test/kotlin/app/sterna/ui/inbox/RoutingTargetsStayVisibleTest.kt	verbatim		125	0	txt
ac_cloud-mail/app/src/test/kotlin/app/sterna/ui/inbox/RowFolderRoleTest.kt	verbatim		144	0	txt
ac_cloud-mail/app/src/test/kotlin/app/sterna/ui/inbox/RowFolderRoleWiringLintTest.kt	verbatim		132	0	txt
ac_cloud-mail/app/src/test/kotlin/app/sterna/ui/inbox/RowTapActionTest.kt	verbatim		88	0	txt
ac_cloud-mail/app/src/test/kotlin/app/sterna/ui/inbox/RowsGuardTest.kt	verbatim		339	0	txt
ac_cloud-mail/app/src/test/kotlin/app/sterna/ui/inbox/RowsGuardWiringLintTest.kt	verbatim		226	0	txt
ac_cloud-mail/app/src/test/kotlin/app/sterna/ui/inbox/SelectAllKeysTest.kt	verbatim		58	0	txt
ac_cloud-mail/app/src/test/kotlin/app/sterna/ui/inbox/SelectAllWiringTest.kt	verbatim		207	0	txt
ac_cloud-mail/app/src/test/kotlin/app/sterna/ui/inbox/SelectionAccountTest.kt	verbatim		31	0	txt
ac_cloud-mail/app/src/test/kotlin/app/sterna/ui/inbox/SelectionDeletePlanTest.kt	verbatim		161	0	txt
ac_cloud-mail/app/src/test/kotlin/app/sterna/ui/inbox/SelectionIsUnreachableTest.kt	verbatim		103	0	txt
ac_cloud-mail/app/src/test/kotlin/app/sterna/ui/inbox/SelectionMemoryTest.kt	verbatim		164	0	txt
ac_cloud-mail/app/src/test/kotlin/app/sterna/ui/inbox/SelectionMemoryWiringLintTest.kt	verbatim		283	0	txt
ac_cloud-mail/app/src/test/kotlin/app/sterna/ui/inbox/SelectionSnoozePlanTest.kt	verbatim		115	0	txt
ac_cloud-mail/app/src/test/kotlin/app/sterna/ui/inbox/SelectionTargetsTest.kt	verbatim		174	0	txt
ac_cloud-mail/app/src/test/kotlin/app/sterna/ui/inbox/SelectionTargetsWiringTest.kt	verbatim		256	0	txt
ac_cloud-mail/app/src/test/kotlin/app/sterna/ui/inbox/SelectionUndoTest.kt	verbatim		129	0	txt
ac_cloud-mail/app/src/test/kotlin/app/sterna/ui/inbox/SelfAuthoredTest.kt	verbatim		30	0	txt
ac_cloud-mail/app/src/test/kotlin/app/sterna/ui/inbox/StarredIsAKeywordNotAMailboxTest.kt	new		0	301	txt
ac_cloud-mail/app/src/test/kotlin/app/sterna/ui/inbox/SubscribedFolderSurfacesTest.kt	verbatim		117	0	txt
ac_cloud-mail/app/src/test/kotlin/app/sterna/ui/inbox/SubscribedFoldersSurfaceWiringTest.kt	modified	app/src/test/kotlin/app/sterna/ui/inbox/SubscribedFoldersSurfaceWiringTest.kt	295	21	txt
ac_cloud-mail/app/src/test/kotlin/app/sterna/ui/inbox/SwipeCommitTest.kt	verbatim		332	0	txt
ac_cloud-mail/app/src/test/kotlin/app/sterna/ui/inbox/SwipeCommitWiringTest.kt	verbatim		472	0	txt
ac_cloud-mail/app/src/test/kotlin/app/sterna/ui/inbox/SwipeDeleteProbeWiringTest.kt	verbatim		106	0	txt
ac_cloud-mail/app/src/test/kotlin/app/sterna/ui/inbox/SwipeDirectionLockTest.kt	verbatim		41	0	txt
ac_cloud-mail/app/src/test/kotlin/app/sterna/ui/inbox/SwipeRewindTest.kt	verbatim		51	0	txt
ac_cloud-mail/app/src/test/kotlin/app/sterna/ui/inbox/SwipeRewindWiringTest.kt	verbatim		329	0	txt
ac_cloud-mail/app/src/test/kotlin/app/sterna/ui/inbox/SyncWindowIsWhatTheRefreshSendsTest.kt	verbatim		97	0	txt
ac_cloud-mail/app/src/test/kotlin/app/sterna/ui/inbox/ThreadMemberStreamTest.kt	verbatim		482	0	txt
ac_cloud-mail/app/src/test/kotlin/app/sterna/ui/inbox/TickedNumberingBarrierTest.kt	verbatim		204	0	txt
ac_cloud-mail/app/src/test/kotlin/app/sterna/ui/inbox/UnifiedTitleWiringLintTest.kt	verbatim		211	0	txt
ac_cloud-mail/app/src/test/kotlin/app/sterna/ui/inbox/UnifiedUnreadWiringLintTest.kt	verbatim		73	0	txt
ac_cloud-mail/app/src/test/kotlin/app/sterna/ui/inbox/UnreadRefreshTargetsTest.kt	verbatim		51	0	txt
ac_cloud-mail/app/src/test/kotlin/app/sterna/ui/inbox/UnreadRefreshWiringLintTest.kt	verbatim		209	0	txt
ac_cloud-mail/app/src/test/kotlin/app/sterna/ui/inbox/UnreadRowFolderTest.kt	verbatim		201	0	txt
ac_cloud-mail/app/src/test/kotlin/app/sterna/ui/inbox/UnreadRowFolderWiringLintTest.kt	verbatim		181	0	txt
ac_cloud-mail/app/src/test/kotlin/app/sterna/ui/inbox/UnreadViewCountTest.kt	verbatim		67	0	txt
ac_cloud-mail/app/src/test/kotlin/app/sterna/ui/inbox/UnreadViewScopesTest.kt	verbatim		94	0	txt
ac_cloud-mail/app/src/test/kotlin/app/sterna/ui/inbox/UnreadViewWiringLintTest.kt	modified	app/src/test/kotlin/app/sterna/ui/inbox/UnreadViewWiringLintTest.kt	483	2	txt
ac_cloud-mail/app/src/test/kotlin/app/sterna/ui/inbox/VisibleFoldersTest.kt	verbatim		273	0	txt
ac_cloud-mail/app/src/test/kotlin/app/sterna/ui/message/AttachedMessageCallSiteTest.kt	verbatim		106	0	txt
ac_cloud-mail/app/src/test/kotlin/app/sterna/ui/message/AttachedMessageTest.kt	verbatim		189	0	txt
ac_cloud-mail/app/src/test/kotlin/app/sterna/ui/message/BodyDragOwnerTest.kt	verbatim		104	0	txt
ac_cloud-mail/app/src/test/kotlin/app/sterna/ui/message/BodyRevealTest.kt	verbatim		561	0	txt
ac_cloud-mail/app/src/test/kotlin/app/sterna/ui/message/BodySideScrollWiringTest.kt	verbatim		297	0	txt
ac_cloud-mail/app/src/test/kotlin/app/sterna/ui/message/BodySpacerTest.kt	verbatim		61	0	txt
ac_cloud-mail/app/src/test/kotlin/app/sterna/ui/message/BodySpacerWiringTest.kt	verbatim		118	0	txt
ac_cloud-mail/app/src/test/kotlin/app/sterna/ui/message/BodyTakesGestureAtDownTest.kt	verbatim		101	0	txt
ac_cloud-mail/app/src/test/kotlin/app/sterna/ui/message/DeliveredToInHeaderCallSiteTest.kt	verbatim		98	0	txt
ac_cloud-mail/app/src/test/kotlin/app/sterna/ui/message/DeliveredToInHeaderTest.kt	verbatim		93	0	txt
ac_cloud-mail/app/src/test/kotlin/app/sterna/ui/message/ExportSourceCallSiteTest.kt	verbatim		97	0	txt
ac_cloud-mail/app/src/test/kotlin/app/sterna/ui/message/KeyArmsResizeProbeTest.kt	verbatim		167	0	txt
ac_cloud-mail/app/src/test/kotlin/app/sterna/ui/message/LoadOnSettleCallSiteTest.kt	verbatim		737	0	txt
ac_cloud-mail/app/src/test/kotlin/app/sterna/ui/message/MessageMetadataTest.kt	new		0	179	txt
ac_cloud-mail/app/src/test/kotlin/app/sterna/ui/message/MessagePagingTest.kt	verbatim		432	0	txt
ac_cloud-mail/app/src/test/kotlin/app/sterna/ui/message/MessageTagRowDensityTest.kt	new		0	218	txt
ac_cloud-mail/app/src/test/kotlin/app/sterna/ui/message/MessageTextTest.kt	verbatim		70	0	txt
ac_cloud-mail/app/src/test/kotlin/app/sterna/ui/message/OriginalSenderCallSiteTest.kt	verbatim		70	0	txt
ac_cloud-mail/app/src/test/kotlin/app/sterna/ui/message/OriginalSenderToShowTest.kt	verbatim		54	0	txt
ac_cloud-mail/app/src/test/kotlin/app/sterna/ui/message/PagerFlingDistanceTest.kt	verbatim		176	0	txt
ac_cloud-mail/app/src/test/kotlin/app/sterna/ui/message/PagerFlingWiringTest.kt	verbatim		260	0	txt
ac_cloud-mail/app/src/test/kotlin/app/sterna/ui/message/PrintDocumentTest.kt	verbatim		202	0	txt
ac_cloud-mail/app/src/test/kotlin/app/sterna/ui/message/QuoteFoldTest.kt	verbatim		275	0	txt
ac_cloud-mail/app/src/test/kotlin/app/sterna/ui/message/ReadFailureTextTest.kt	verbatim		95	0	txt
ac_cloud-mail/app/src/test/kotlin/app/sterna/ui/message/ReadReceiptCoverSubjectCallSiteTest.kt	verbatim		66	0	txt
ac_cloud-mail/app/src/test/kotlin/app/sterna/ui/message/ReadReceiptOfferTest.kt	verbatim		326	0	txt
ac_cloud-mail/app/src/test/kotlin/app/sterna/ui/message/ReadReceiptStripTest.kt	verbatim		456	0	txt
ac_cloud-mail/app/src/test/kotlin/app/sterna/ui/message/ReadReceiptTriggerWiringTest.kt	verbatim		466	0	txt
ac_cloud-mail/app/src/test/kotlin/app/sterna/ui/message/ReaderBodyTest.kt	modified	app/src/test/kotlin/app/sterna/ui/message/ReaderBodyTest.kt	516	1	txt
ac_cloud-mail/app/src/test/kotlin/app/sterna/ui/message/ReaderFitDocumentTest.kt	new		0	191	txt
ac_cloud-mail/app/src/test/kotlin/app/sterna/ui/message/ReaderSpacerDocumentTest.kt	verbatim		73	0	txt
ac_cloud-mail/app/src/test/kotlin/app/sterna/ui/message/ReaderStateResetOnLoadTest.kt	verbatim		77	0	txt
ac_cloud-mail/app/src/test/kotlin/app/sterna/ui/message/ReadingPaneShowImagesIconTest.kt	new		0	56	txt
ac_cloud-mail/app/src/test/kotlin/app/sterna/ui/message/ReplyBarTest.kt	verbatim		65	0	txt
ac_cloud-mail/app/src/test/kotlin/app/sterna/ui/message/ReplyBarWiringTest.kt	modified	app/src/test/kotlin/app/sterna/ui/message/ReplyBarWiringTest.kt	441	24	txt
ac_cloud-mail/app/src/test/kotlin/app/sterna/ui/message/SaveAttachmentCallSiteTest.kt	modified	app/src/test/kotlin/app/sterna/ui/message/SaveAttachmentCallSiteTest.kt	350	41	txt
ac_cloud-mail/app/src/test/kotlin/app/sterna/ui/message/SenderRuleFromReaderTest.kt	modified	app/src/test/kotlin/app/sterna/ui/message/SenderRuleFromReaderTest.kt	347	4	txt
ac_cloud-mail/app/src/test/kotlin/app/sterna/ui/message/UnsubscribeConfirmationNamesTargetTest.kt	verbatim		70	0	txt
ac_cloud-mail/app/src/test/kotlin/app/sterna/ui/message/UnsubscribeConfirmationShowsMailTextTest.kt	verbatim		116	0	txt
ac_cloud-mail/app/src/test/kotlin/app/sterna/ui/message/UnsubscribeFailureIsLoggedTest.kt	verbatim		59	0	txt
ac_cloud-mail/app/src/test/kotlin/app/sterna/ui/message/UnsubscribeOfferTest.kt	verbatim		63	0	txt
ac_cloud-mail/app/src/test/kotlin/app/sterna/ui/message/UnsubscribeStripTest.kt	verbatim		156	0	txt
ac_cloud-mail/app/src/test/kotlin/app/sterna/ui/outbox/OutboxStateWordingTest.kt	verbatim		410	0	txt
ac_cloud-mail/app/src/test/kotlin/app/sterna/ui/scheduled/ScheduledCancelDropOrderTest.kt	verbatim		57	0	txt
ac_cloud-mail/app/src/test/kotlin/app/sterna/ui/scheduled/ScheduledCancelScopeWiringTest.kt	verbatim		244	0	txt
ac_cloud-mail/app/src/test/kotlin/app/sterna/ui/scheduled/ScheduledSendCancelTest.kt	verbatim		375	0	txt
ac_cloud-mail/app/src/test/kotlin/app/sterna/ui/search/SearchCountTest.kt	verbatim		81	0	txt
ac_cloud-mail/app/src/test/kotlin/app/sterna/ui/search/SearchCriteriaTest.kt	verbatim		100	0	txt
ac_cloud-mail/app/src/test/kotlin/app/sterna/ui/search/SearchDateBoundsTest.kt	verbatim		71	0	txt
ac_cloud-mail/app/src/test/kotlin/app/sterna/ui/search/SearchFromArgumentTest.kt	verbatim		85	0	txt
ac_cloud-mail/app/src/test/kotlin/app/sterna/ui/search/SearchPanelTest.kt	verbatim		98	0	txt
ac_cloud-mail/app/src/test/kotlin/app/sterna/ui/search/SearchResultKeyTest.kt	verbatim		35	0	txt
ac_cloud-mail/app/src/test/kotlin/app/sterna/ui/sender/MailBySenderTest.kt	modified	app/src/test/kotlin/app/sterna/ui/sender/MailBySenderTest.kt	512	4	txt
ac_cloud-mail/app/src/test/kotlin/app/sterna/ui/sender/MailBySenderWiringTest.kt	verbatim		771	0	txt
ac_cloud-mail/app/src/test/kotlin/app/sterna/ui/sender/SenderVolumeCopyTest.kt	verbatim		164	0	txt
ac_cloud-mail/app/src/test/kotlin/app/sterna/ui/settings/AccountEditorSaveTest.kt	modified	app/src/test/kotlin/app/sterna/ui/settings/AccountEditorSaveTest.kt	95	55	txt
ac_cloud-mail/app/src/test/kotlin/app/sterna/ui/settings/FilterWarningWiringTest.kt	modified	app/src/test/kotlin/app/sterna/ui/settings/FilterWarningWiringTest.kt	306	36	txt
ac_cloud-mail/app/src/test/kotlin/app/sterna/ui/settings/FiltersSaveGateTest.kt	modified	app/src/test/kotlin/app/sterna/ui/settings/FiltersSaveGateTest.kt	61	58	txt
ac_cloud-mail/app/src/test/kotlin/app/sterna/ui/settings/FiltersStatusUpdateTest.kt	modified	app/src/test/kotlin/app/sterna/ui/settings/FiltersStatusUpdateTest.kt	183	57	txt
ac_cloud-mail/app/src/test/kotlin/app/sterna/ui/settings/IdentityCreationWiringTest.kt	verbatim		285	0	txt
ac_cloud-mail/app/src/test/kotlin/app/sterna/ui/settings/IdentityFailureDetailTest.kt	verbatim		94	0	txt
ac_cloud-mail/app/src/test/kotlin/app/sterna/ui/settings/IdentityRowsTest.kt	verbatim		118	0	txt
ac_cloud-mail/app/src/test/kotlin/app/sterna/ui/settings/ListMonogramWiringTest.kt	modified	app/src/test/kotlin/app/sterna/ui/settings/ListMonogramWiringTest.kt	396	5	txt
ac_cloud-mail/app/src/test/kotlin/app/sterna/ui/settings/MailFleetEntryTest.kt	new		0	440	txt
ac_cloud-mail/app/src/test/kotlin/app/sterna/ui/settings/NotificationContentBackupWiringTest.kt	verbatim		50	0	txt
ac_cloud-mail/app/src/test/kotlin/app/sterna/ui/settings/NotificationSettingsStateTest.kt	verbatim		137	0	txt
ac_cloud-mail/app/src/test/kotlin/app/sterna/ui/settings/NotificationsGateWiringTest.kt	verbatim		247	0	txt
ac_cloud-mail/app/src/test/kotlin/app/sterna/ui/settings/PgpProviderChoiceWiringTest.kt	verbatim		78	0	txt
ac_cloud-mail/app/src/test/kotlin/app/sterna/ui/settings/PgpSubtitleNameTest.kt	verbatim		118	0	txt
ac_cloud-mail/app/src/test/kotlin/app/sterna/ui/settings/PlainTextReadingWiringTest.kt	verbatim		241	0	txt
ac_cloud-mail/app/src/test/kotlin/app/sterna/ui/settings/PureBlackWiringTest.kt	verbatim		277	0	txt
ac_cloud-mail/app/src/test/kotlin/app/sterna/ui/settings/RelayAddressRowWiringTest.kt	verbatim		428	0	txt
ac_cloud-mail/app/src/test/kotlin/app/sterna/ui/settings/RevealIconOfferedTest.kt	verbatim		47	0	txt
ac_cloud-mail/app/src/test/kotlin/app/sterna/ui/settings/SaveScopeCaptionTest.kt	verbatim		392	0	txt
ac_cloud-mail/app/src/test/kotlin/app/sterna/ui/settings/SecretFieldRevealWiringTest.kt	verbatim		216	0	txt
ac_cloud-mail/app/src/test/kotlin/app/sterna/ui/settings/SettingsScreenHonestyTest.kt	verbatim		153	0	txt
ac_cloud-mail/app/src/test/kotlin/app/sterna/ui/settings/SharedAccountScreenTest.kt	verbatim		344	0	txt
ac_cloud-mail/app/src/test/kotlin/app/sterna/ui/settings/ShowOnlySubscribedFoldersWiringTest.kt	verbatim		130	0	txt
ac_cloud-mail/app/src/test/kotlin/app/sterna/ui/settings/SignOutStopsTheSyncWiringTest.kt	verbatim		135	0	txt
ac_cloud-mail/app/src/test/kotlin/app/sterna/ui/settings/SyncEverythingLabelTest.kt	verbatim		61	0	txt
ac_cloud-mail/app/src/test/kotlin/app/sterna/ui/settings/SyncWindowDropWiringTest.kt	verbatim		135	0	txt
ac_cloud-mail/app/src/test/kotlin/app/sterna/ui/settings/SyncWindowPickerScaleTest.kt	verbatim		201	0	txt
ac_cloud-mail/app/src/test/kotlin/app/sterna/ui/settings/UnsavedExitTest.kt	verbatim		81	0	txt
ac_cloud-mail/app/src/test/kotlin/app/sterna/ui/settings/UpdateLinksTest.kt	new		0	199	txt
ac_cloud-mail/app/src/test/kotlin/app/sterna/ui/settings/UploadSentCopyWiringTest.kt	verbatim		101	0	txt
ac_cloud-mail/app/src/test/kotlin/app/sterna/ui/settings/VersionOrderTest.kt	new		0	92	txt
ac_cloud-mail/app/src/test/kotlin/app/sterna/ui/snoozed/PendingSnoozesTest.kt	verbatim		30	0	txt
ac_cloud-mail/app/src/test/kotlin/app/sterna/ui/text/TextToolScopeTest.kt	new		0	99	txt
ac_cloud-mail/app/src/test/kotlin/app/sterna/ui/theme/MailListPaletteTest.kt	new		0	96	txt
ac_cloud-mail/app/src/test/kotlin/app/sterna/ui/theme/PulledToBlackTest.kt	verbatim		256	0	txt
ac_cloud-mail/app/src/test/kotlin/app/sterna/util/LinkCleanerTest.kt	verbatim		71	0	txt
ac_cloud-mail/app/src/test/kotlin/app/sterna/util/MailDatesTest.kt	verbatim		170	0	txt
ac_cloud-mail/app/src/test/kotlin/app/sterna/widget/DeclarationSource.kt	verbatim		104	0	txt
ac_cloud-mail/app/src/test/kotlin/app/sterna/widget/RecentMailRowTapWiringLintTest.kt	verbatim		239	0	txt
ac_cloud-mail/app/src/test/kotlin/app/sterna/widget/RecentMailWidgetContentTest.kt	verbatim		646	0	txt
ac_cloud-mail/app/src/test/kotlin/app/sterna/widget/RecentMailWidgetPaletteWiringLintTest.kt	verbatim		279	0	txt
ac_cloud-mail/app/src/test/kotlin/app/sterna/widget/RecentMailWidgetPresenceTest.kt	verbatim		49	0	txt
ac_cloud-mail/app/src/test/kotlin/app/sterna/widget/RecentMailWidgetPushTest.kt	verbatim		332	0	txt
ac_cloud-mail/app/src/test/kotlin/app/sterna/widget/RecentMailWidgetPushWiringLintTest.kt	verbatim		103	0	txt
ac_cloud-mail/app/src/test/kotlin/app/sterna/widget/RecentMailWidgetTapTest.kt	verbatim		141	0	txt
ac_cloud-mail/app/src/test/kotlin/app/sterna/widget/RecentMailWidgetWiringLintTest.kt	verbatim		193	0	txt
ac_cloud-mail/app/src/test/kotlin/app/sterna/widget/RecentWidgetDeclarationTest.kt	modified	app/src/test/kotlin/app/sterna/widget/RecentWidgetDeclarationTest.kt	211	1	txt
ac_cloud-mail/app/src/test/kotlin/app/sterna/widget/UnreadVentilatedHeightTest.kt	verbatim		150	0	txt
ac_cloud-mail/app/src/test/kotlin/app/sterna/widget/UnreadWidgetAccountRowsTest.kt	verbatim		155	0	txt
ac_cloud-mail/app/src/test/kotlin/app/sterna/widget/UnreadWidgetContentTest.kt	verbatim		81	0	txt
ac_cloud-mail/app/src/test/kotlin/app/sterna/widget/UnreadWidgetDeclarationTest.kt	modified	app/src/test/kotlin/app/sterna/widget/UnreadWidgetDeclarationTest.kt	362	1	txt
ac_cloud-mail/app/src/test/kotlin/app/sterna/widget/UnreadWidgetPaletteWiringLintTest.kt	verbatim		279	0	txt
ac_cloud-mail/app/src/test/kotlin/app/sterna/widget/UnreadWidgetPresenceTest.kt	verbatim		51	0	txt
ac_cloud-mail/app/src/test/kotlin/app/sterna/widget/UnreadWidgetPushTest.kt	verbatim		355	0	txt
ac_cloud-mail/app/src/test/kotlin/app/sterna/widget/UnreadWidgetPushWiringLintTest.kt	verbatim		188	0	txt
ac_cloud-mail/app/src/test/kotlin/app/sterna/widget/UnreadWidgetTapTest.kt	verbatim		55	0	txt
ac_cloud-mail/app/src/test/kotlin/app/sterna/widget/UnreadWidgetTapWiringLintTest.kt	verbatim		306	0	txt
ac_cloud-mail/app/src/test/kotlin/app/sterna/widget/WidgetCellOpensWhatItSaysTest.kt	verbatim		39	0	txt
ac_cloud-mail/app/src/test/kotlin/app/sterna/widget/WidgetCornerRadiusTest.kt	verbatim		73	0	txt
ac_cloud-mail/app/src/test/kotlin/app/sterna/widget/WidgetMonogramRulesTest.kt	verbatim		130	0	txt
ac_cloud-mail/app/src/test/kotlin/app/sterna/widget/WidgetPaletteTest.kt	verbatim		159	0	txt
ac_cloud-mail/app/src/test/kotlin/app/sterna/widget/WidgetSurfaceDrawableTest.kt	verbatim		80	0	txt
ac_cloud-mail/app/src/test/kotlin/app/sterna/widget/WidgetThemeRedrawWiringLintTest.kt	verbatim		65	0	txt
ac_cloud-mail/app/src/test/kotlin/app/sterna/widget/WidgetThemeTest.kt	verbatim		239	0	txt
ac_cloud-mail/app/src/test/resources/fit/wide-email.html	new		0	37	txt
ac_cloud-mail/app/src/testApp/AndroidManifest.xml	verbatim		26	0	txt
ac_cloud-mail/app/src/testApp/kotlin/app/sterna/bench/BenchProvisionReceiver.kt	verbatim		644	0	txt
ac_cloud-mail/app/src/testApp/res/drawable/ic_launcher_background.xml	verbatim		23	0	txt
ac_cloud-mail/build.gradle	new		0	17	txt
ac_cloud-mail/build.json	new		0	741	txt
ac_cloud-mail/build.sh	new		0	1070	txt
ac_cloud-mail/core/data/build.gradle.kts	modified	core/data/build.gradle.kts	44	4	txt
ac_cloud-mail/core/data/src/main/kotlin/app/sterna/core/data/Cancellation.kt	verbatim		18	0	txt
ac_cloud-mail/core/data/src/main/kotlin/app/sterna/core/data/DataFactory.kt	verbatim		80	0	txt
ac_cloud-mail/core/data/src/main/kotlin/app/sterna/core/data/account/AccountBlobGate.kt	verbatim		31	0	txt
ac_cloud-mail/core/data/src/main/kotlin/app/sterna/core/data/account/AccountIdentity.kt	verbatim		70	0	txt
ac_cloud-mail/core/data/src/main/kotlin/app/sterna/core/data/account/AccountStore.kt	verbatim		959	0	txt
ac_cloud-mail/core/data/src/main/kotlin/app/sterna/core/data/account/AutocryptHeaderValue.kt	verbatim		19	0	txt
ac_cloud-mail/core/data/src/main/kotlin/app/sterna/core/data/account/CollapsedFoldersSetting.kt	verbatim		43	0	txt
ac_cloud-mail/core/data/src/main/kotlin/app/sterna/core/data/account/IdentityCreation.kt	verbatim		35	0	txt
ac_cloud-mail/core/data/src/main/kotlin/app/sterna/core/data/account/K9SettingsImporter.kt	verbatim		151	0	txt
ac_cloud-mail/core/data/src/main/kotlin/app/sterna/core/data/account/LinkedAccountMemory.kt	verbatim		123	0	txt
ac_cloud-mail/core/data/src/main/kotlin/app/sterna/core/data/account/MailProtocol.kt	verbatim		11	0	txt
ac_cloud-mail/core/data/src/main/kotlin/app/sterna/core/data/account/PgpPublicKeyCache.kt	verbatim		32	0	txt
ac_cloud-mail/core/data/src/main/kotlin/app/sterna/core/data/account/PgpSignKeyReset.kt	verbatim		6	0	txt
ac_cloud-mail/core/data/src/main/kotlin/app/sterna/core/data/account/SafeXml.kt	verbatim		30	0	txt
ac_cloud-mail/core/data/src/main/kotlin/app/sterna/core/data/account/StoredAccount.kt	modified	core/data/src/main/kotlin/app/sterna/core/data/account/StoredAccount.kt	143	8	txt
ac_cloud-mail/core/data/src/main/kotlin/app/sterna/core/data/account/StoredIdentity.kt	modified	core/data/src/main/kotlin/app/sterna/core/data/account/StoredIdentity.kt	29	67	txt
ac_cloud-mail/core/data/src/main/kotlin/app/sterna/core/data/account/StoredSignature.kt	new		0	74	txt
ac_cloud-mail/core/data/src/main/kotlin/app/sterna/core/data/account/SubscribedFoldersSetting.kt	verbatim		18	0	txt
ac_cloud-mail/core/data/src/main/kotlin/app/sterna/core/data/account/SyncWindow.kt	verbatim		67	0	txt
ac_cloud-mail/core/data/src/main/kotlin/app/sterna/core/data/account/UnifiedInbox.kt	verbatim		49	0	txt
ac_cloud-mail/core/data/src/main/kotlin/app/sterna/core/data/autoconfig/MailAutoconfig.kt	verbatim		253	0	txt
ac_cloud-mail/core/data/src/main/kotlin/app/sterna/core/data/calendar/ICalendar.kt	verbatim		342	0	txt
ac_cloud-mail/core/data/src/main/kotlin/app/sterna/core/data/crypto/KeystoreCrypto.kt	verbatim		58	0	txt
ac_cloud-mail/core/data/src/main/kotlin/app/sterna/core/data/db/ConversationRow.kt	verbatim		15	0	txt
ac_cloud-mail/core/data/src/main/kotlin/app/sterna/core/data/db/EmailAttachments.kt	new		0	34	txt
ac_cloud-mail/core/data/src/main/kotlin/app/sterna/core/data/db/EmailBodyDao.kt	verbatim		44	0	txt
ac_cloud-mail/core/data/src/main/kotlin/app/sterna/core/data/db/EmailBodyEntity.kt	verbatim		17	0	txt
ac_cloud-mail/core/data/src/main/kotlin/app/sterna/core/data/db/EmailDao.kt	modified	core/data/src/main/kotlin/app/sterna/core/data/db/EmailDao.kt	395	23	txt
ac_cloud-mail/core/data/src/main/kotlin/app/sterna/core/data/db/EmailEntity.kt	modified	core/data/src/main/kotlin/app/sterna/core/data/db/EmailEntity.kt	40	7	txt
ac_cloud-mail/core/data/src/main/kotlin/app/sterna/core/data/db/EmailFtsDao.kt	verbatim		91	0	txt
ac_cloud-mail/core/data/src/main/kotlin/app/sterna/core/data/db/EmailFtsEntity.kt	verbatim		40	0	txt
ac_cloud-mail/core/data/src/main/kotlin/app/sterna/core/data/db/EmailRecipients.kt	verbatim		17	0	txt
ac_cloud-mail/core/data/src/main/kotlin/app/sterna/core/data/db/LocalDraftDao.kt	verbatim		67	0	txt
ac_cloud-mail/core/data/src/main/kotlin/app/sterna/core/data/db/LocalDraftEntity.kt	verbatim		61	0	txt
ac_cloud-mail/core/data/src/main/kotlin/app/sterna/core/data/db/MailboxDao.kt	verbatim		87	0	txt
ac_cloud-mail/core/data/src/main/kotlin/app/sterna/core/data/db/MailboxEntity.kt	verbatim		21	0	txt
ac_cloud-mail/core/data/src/main/kotlin/app/sterna/core/data/db/MailboxUidValidityEntity.kt	verbatim		27	0	txt
ac_cloud-mail/core/data/src/main/kotlin/app/sterna/core/data/db/Migrations.kt	modified	core/data/src/main/kotlin/app/sterna/core/data/db/Migrations.kt	316	16	txt
ac_cloud-mail/core/data/src/main/kotlin/app/sterna/core/data/db/OutboxAttachment.kt	verbatim		33	0	txt
ac_cloud-mail/core/data/src/main/kotlin/app/sterna/core/data/db/OutboxDao.kt	verbatim		56	0	txt
ac_cloud-mail/core/data/src/main/kotlin/app/sterna/core/data/db/OutboxEdit.kt	verbatim		37	0	txt
ac_cloud-mail/core/data/src/main/kotlin/app/sterna/core/data/db/OutboxEntity.kt	verbatim		60	0	txt
ac_cloud-mail/core/data/src/main/kotlin/app/sterna/core/data/db/OutboxLogic.kt	verbatim		175	0	txt
ac_cloud-mail/core/data/src/main/kotlin/app/sterna/core/data/db/PurgeSnapshotDao.kt	verbatim		57	0	txt
ac_cloud-mail/core/data/src/main/kotlin/app/sterna/core/data/db/PurgeSnapshotEntity.kt	verbatim		19	0	txt
ac_cloud-mail/core/data/src/main/kotlin/app/sterna/core/data/db/RecentContactEntity.kt	verbatim		28	0	txt
ac_cloud-mail/core/data/src/main/kotlin/app/sterna/core/data/db/RecentEmailRow.kt	verbatim		20	0	txt
ac_cloud-mail/core/data/src/main/kotlin/app/sterna/core/data/db/ScheduledSendDao.kt	verbatim		18	0	txt
ac_cloud-mail/core/data/src/main/kotlin/app/sterna/core/data/db/ScheduledSendEntity.kt	verbatim		29	0	txt
ac_cloud-mail/core/data/src/main/kotlin/app/sterna/core/data/db/SnoozedDao.kt	verbatim		33	0	txt
ac_cloud-mail/core/data/src/main/kotlin/app/sterna/core/data/db/SnoozedEntity.kt	verbatim		23	0	txt
ac_cloud-mail/core/data/src/main/kotlin/app/sterna/core/data/db/SternaDatabase.kt	modified	core/data/src/main/kotlin/app/sterna/core/data/db/SternaDatabase.kt	51	2	txt
ac_cloud-mail/core/data/src/main/kotlin/app/sterna/core/data/filter/FilterRule.kt	verbatim		29	0	txt
ac_cloud-mail/core/data/src/main/kotlin/app/sterna/core/data/filter/FilterRulesRead.kt	modified	core/data/src/main/kotlin/app/sterna/core/data/filter/FilterRulesRead.kt	20	23	txt
ac_cloud-mail/core/data/src/main/kotlin/app/sterna/core/data/filter/FilterScriptStatus.kt	modified	core/data/src/main/kotlin/app/sterna/core/data/filter/FilterScriptStatus.kt	127	13	txt
ac_cloud-mail/core/data/src/main/kotlin/app/sterna/core/data/filter/SenderBlock.kt	verbatim		61	0	txt
ac_cloud-mail/core/data/src/main/kotlin/app/sterna/core/data/filter/SieveCodec.kt	verbatim		77	0	txt
ac_cloud-mail/core/data/src/main/kotlin/app/sterna/core/data/mail/AccountDepartureProof.kt	verbatim		6	0	txt
ac_cloud-mail/core/data/src/main/kotlin/app/sterna/core/data/mail/AccountGoneLog.kt	verbatim		11	0	txt
ac_cloud-mail/core/data/src/main/kotlin/app/sterna/core/data/mail/AccountStillConfigured.kt	verbatim		18	0	txt
ac_cloud-mail/core/data/src/main/kotlin/app/sterna/core/data/mail/ArchiveFolderByName.kt	verbatim		17	0	txt
ac_cloud-mail/core/data/src/main/kotlin/app/sterna/core/data/mail/AutocryptPeerImport.kt	verbatim		70	0	txt
ac_cloud-mail/core/data/src/main/kotlin/app/sterna/core/data/mail/BodyCacheUpgrade.kt	verbatim		34	0	txt
ac_cloud-mail/core/data/src/main/kotlin/app/sterna/core/data/mail/BodyPreview.kt	verbatim		44	0	txt
ac_cloud-mail/core/data/src/main/kotlin/app/sterna/core/data/mail/ConversationScope.kt	verbatim		21	0	txt
ac_cloud-mail/core/data/src/main/kotlin/app/sterna/core/data/mail/CrossAccountMove.kt	verbatim		81	0	txt
ac_cloud-mail/core/data/src/main/kotlin/app/sterna/core/data/mail/DeleteDestroysMessage.kt	verbatim		9	0	txt
ac_cloud-mail/core/data/src/main/kotlin/app/sterna/core/data/mail/DraftDestroyFolder.kt	verbatim		6	0	txt
ac_cloud-mail/core/data/src/main/kotlin/app/sterna/core/data/mail/DraftSave.kt	verbatim		142	0	txt
ac_cloud-mail/core/data/src/main/kotlin/app/sterna/core/data/mail/EmailMapper.kt	modified	core/data/src/main/kotlin/app/sterna/core/data/mail/EmailMapper.kt	153	10	txt
ac_cloud-mail/core/data/src/main/kotlin/app/sterna/core/data/mail/FrozenNumbering.kt	verbatim		23	0	txt
ac_cloud-mail/core/data/src/main/kotlin/app/sterna/core/data/mail/FullQuerySync.kt	verbatim		24	0	txt
ac_cloud-mail/core/data/src/main/kotlin/app/sterna/core/data/mail/IdChunks.kt	verbatim		13	0	txt
ac_cloud-mail/core/data/src/main/kotlin/app/sterna/core/data/mail/ImapMailService.kt	modified	core/data/src/main/kotlin/app/sterna/core/data/mail/ImapMailService.kt	874	23	txt
ac_cloud-mail/core/data/src/main/kotlin/app/sterna/core/data/mail/ImapThreadKey.kt	verbatim		13	0	txt
ac_cloud-mail/core/data/src/main/kotlin/app/sterna/core/data/mail/JmapDiscovery.kt	verbatim		123	0	txt
ac_cloud-mail/core/data/src/main/kotlin/app/sterna/core/data/mail/LocalDraftReopen.kt	modified	core/data/src/main/kotlin/app/sterna/core/data/mail/LocalDraftReopen.kt	246	10	txt
ac_cloud-mail/core/data/src/main/kotlin/app/sterna/core/data/mail/LocalDraftSave.kt	verbatim		302	0	txt
ac_cloud-mail/core/data/src/main/kotlin/app/sterna/core/data/mail/LocalDraftScheduler.kt	verbatim		7	0	txt
ac_cloud-mail/core/data/src/main/kotlin/app/sterna/core/data/mail/LocalDraftUpload.kt	verbatim		221	0	txt
ac_cloud-mail/core/data/src/main/kotlin/app/sterna/core/data/mail/MailRepository.kt	modified	core/data/src/main/kotlin/app/sterna/core/data/mail/MailRepository.kt	5077	166	txt
ac_cloud-mail/core/data/src/main/kotlin/app/sterna/core/data/mail/MailSearchResult.kt	verbatim		34	0	txt
ac_cloud-mail/core/data/src/main/kotlin/app/sterna/core/data/mail/MailboxEvictions.kt	verbatim		11	0	txt
ac_cloud-mail/core/data/src/main/kotlin/app/sterna/core/data/mail/MailboxMapper.kt	modified	core/data/src/main/kotlin/app/sterna/core/data/mail/MailboxMapper.kt	31	2	txt
ac_cloud-mail/core/data/src/main/kotlin/app/sterna/core/data/mail/MessageUnavailable.kt	verbatim		4	0	txt
ac_cloud-mail/core/data/src/main/kotlin/app/sterna/core/data/mail/NotifyCandidates.kt	verbatim		22	0	txt
ac_cloud-mail/core/data/src/main/kotlin/app/sterna/core/data/mail/NumberingStamps.kt	verbatim		17	0	txt
ac_cloud-mail/core/data/src/main/kotlin/app/sterna/core/data/mail/OAuthProvider.kt	verbatim		43	0	txt
ac_cloud-mail/core/data/src/main/kotlin/app/sterna/core/data/mail/OAuthTokenRefresher.kt	verbatim		30	0	txt
ac_cloud-mail/core/data/src/main/kotlin/app/sterna/core/data/mail/OutboxScheduler.kt	verbatim		7	0	txt
ac_cloud-mail/core/data/src/main/kotlin/app/sterna/core/data/mail/ProtectedHeaders.kt	verbatim		7	0	txt
ac_cloud-mail/core/data/src/main/kotlin/app/sterna/core/data/mail/RawSourceCacheRead.kt	verbatim		11	0	txt
ac_cloud-mail/core/data/src/main/kotlin/app/sterna/core/data/mail/ReadReceiptHeader.kt	verbatim		55	0	txt
ac_cloud-mail/core/data/src/main/kotlin/app/sterna/core/data/mail/ReadReceiptMail.kt	verbatim		132	0	txt
ac_cloud-mail/core/data/src/main/kotlin/app/sterna/core/data/mail/RecentLocalMoves.kt	verbatim		30	0	txt
ac_cloud-mail/core/data/src/main/kotlin/app/sterna/core/data/mail/RefreshAnchor.kt	verbatim		36	0	txt
ac_cloud-mail/core/data/src/main/kotlin/app/sterna/core/data/mail/RoutingTargetByName.kt	verbatim		10	0	txt
ac_cloud-mail/core/data/src/main/kotlin/app/sterna/core/data/mail/ScheduledSendRearm.kt	verbatim		11	0	txt
ac_cloud-mail/core/data/src/main/kotlin/app/sterna/core/data/mail/SentCopyUpload.kt	verbatim		6	0	txt
ac_cloud-mail/core/data/src/main/kotlin/app/sterna/core/data/mail/ServerIdentities.kt	verbatim		18	0	txt
ac_cloud-mail/core/data/src/main/kotlin/app/sterna/core/data/mail/SubmissionIdentity.kt	verbatim		23	0	txt
ac_cloud-mail/core/data/src/main/kotlin/app/sterna/core/data/mail/SyncCursors.kt	verbatim		61	0	txt
ac_cloud-mail/core/data/src/main/kotlin/app/sterna/core/data/mail/SyncEvictions.kt	verbatim		183	0	txt
ac_cloud-mail/core/data/src/main/kotlin/app/sterna/core/data/mail/SyncPaging.kt	verbatim		49	0	txt
ac_cloud-mail/core/data/src/main/kotlin/app/sterna/core/data/mail/SyncStateStore.kt	verbatim		32	0	txt
ac_cloud-mail/core/data/src/main/kotlin/app/sterna/core/data/mail/TrashFolderByName.kt	verbatim		28	0	txt
ac_cloud-mail/core/data/src/main/kotlin/app/sterna/core/data/mail/TrashPurge.kt	verbatim		70	0	txt
ac_cloud-mail/core/data/src/main/kotlin/app/sterna/core/data/mail/UidValidity.kt	verbatim		175	0	txt
ac_cloud-mail/core/data/src/main/kotlin/app/sterna/core/data/mail/UnsubscribeBodyScan.kt	new		0	116	txt
ac_cloud-mail/core/data/src/main/kotlin/app/sterna/core/data/mail/UnsubscribeHeader.kt	verbatim		128	0	txt
ac_cloud-mail/core/data/src/main/kotlin/app/sterna/core/data/mail/UnsubscribeMail.kt	verbatim		44	0	txt
ac_cloud-mail/core/data/src/main/kotlin/app/sterna/core/data/pgp/PgpEngine.kt	verbatim		121	0	txt
ac_cloud-mail/core/data/src/main/kotlin/app/sterna/core/data/rss/RssFeed.kt	new		0	25	txt
ac_cloud-mail/core/data/src/main/kotlin/app/sterna/core/data/rss/RssFeedParser.kt	new		0	159	txt
ac_cloud-mail/core/data/src/main/kotlin/app/sterna/core/data/rss/RssFetcher.kt	new		0	94	txt
ac_cloud-mail/core/data/src/main/kotlin/app/sterna/core/data/settings/SettingsBackup.kt	modified	core/data/src/main/kotlin/app/sterna/core/data/settings/SettingsBackup.kt	87	2	txt
ac_cloud-mail/core/data/src/main/kotlin/app/sterna/core/data/settings/SettingsRepository.kt	modified	core/data/src/main/kotlin/app/sterna/core/data/settings/SettingsRepository.kt	456	22	txt
ac_cloud-mail/core/data/src/main/kotlin/app/sterna/core/data/storage/AttachmentMime.kt	new		0	44	txt
ac_cloud-mail/core/data/src/main/kotlin/app/sterna/core/data/storage/OrphanedAccountCache.kt	verbatim		14	0	txt
ac_cloud-mail/core/data/src/main/kotlin/app/sterna/core/data/storage/SafeFileName.kt	new		0	55	txt
ac_cloud-mail/core/data/src/main/kotlin/app/sterna/core/data/storage/StorageRepository.kt	modified	core/data/src/main/kotlin/app/sterna/core/data/storage/StorageRepository.kt	168	25	txt
ac_cloud-mail/core/data/src/main/kotlin/app/sterna/core/data/text/AttachmentFileName.kt	verbatim		14	0	txt
ac_cloud-mail/core/data/src/main/kotlin/app/sterna/core/data/text/DraftRichBody.kt	verbatim		23	0	txt
ac_cloud-mail/core/data/src/main/kotlin/app/sterna/core/data/text/HtmlText.kt	modified	core/data/src/main/kotlin/app/sterna/core/data/text/HtmlText.kt	90	50	txt
ac_cloud-mail/core/data/src/main/kotlin/app/sterna/core/data/text/ReceivedHtml.kt	new		0	416	txt
ac_cloud-mail/core/data/src/main/kotlin/app/sterna/core/data/text/RichBody.kt	verbatim		730	0	txt
ac_cloud-mail/core/data/src/main/kotlin/app/sterna/core/data/text/SafeFileName.kt	verbatim		15	0	txt
ac_cloud-mail/core/data/src/main/kotlin/app/sterna/core/data/text/VerificationCode.kt	new		0	342	txt
ac_cloud-mail/core/data/src/main/kotlin/app/sterna/core/data/unsubscribe/UnsubscribeClient.kt	verbatim		106	0	txt
ac_cloud-mail/core/data/src/test/kotlin/app/sterna/core/data/CancellationTest.kt	verbatim		104	0	txt
ac_cloud-mail/core/data/src/test/kotlin/app/sterna/core/data/account/AccountAddressesTest.kt	verbatim		45	0	txt
ac_cloud-mail/core/data/src/test/kotlin/app/sterna/core/data/account/AccountBlobGateTest.kt	verbatim		127	0	txt
ac_cloud-mail/core/data/src/test/kotlin/app/sterna/core/data/account/AccountIdentityTest.kt	verbatim		412	0	txt
ac_cloud-mail/core/data/src/test/kotlin/app/sterna/core/data/account/AccountStoreGateWiringTest.kt	verbatim		227	0	txt
ac_cloud-mail/core/data/src/test/kotlin/app/sterna/core/data/account/AccountStorePgpResetWiringTest.kt	verbatim		80	0	txt
ac_cloud-mail/core/data/src/test/kotlin/app/sterna/core/data/account/AccountsStateTest.kt	verbatim		89	0	txt
ac_cloud-mail/core/data/src/test/kotlin/app/sterna/core/data/account/AutocryptHeaderValueTest.kt	verbatim		84	0	txt
ac_cloud-mail/core/data/src/test/kotlin/app/sterna/core/data/account/CollapsedFoldersStoreWiringTest.kt	modified	core/data/src/test/kotlin/app/sterna/core/data/account/CollapsedFoldersStoreWiringTest.kt	119	7	txt
ac_cloud-mail/core/data/src/test/kotlin/app/sterna/core/data/account/CollapsedFoldersTest.kt	verbatim		226	0	txt
ac_cloud-mail/core/data/src/test/kotlin/app/sterna/core/data/account/IdentitiesToCreateTest.kt	verbatim		269	0	txt
ac_cloud-mail/core/data/src/test/kotlin/app/sterna/core/data/account/ImapStopsAtTheWindowIsDocumentedTest.kt	verbatim		138	0	txt
ac_cloud-mail/core/data/src/test/kotlin/app/sterna/core/data/account/K9SettingsImporterTest.kt	verbatim		99	0	txt
ac_cloud-mail/core/data/src/test/kotlin/app/sterna/core/data/account/LinkedAccountMemoryStoreWiringTest.kt	verbatim		160	0	txt
ac_cloud-mail/core/data/src/test/kotlin/app/sterna/core/data/account/LinkedAccountMemoryTest.kt	verbatim		514	0	txt
ac_cloud-mail/core/data/src/test/kotlin/app/sterna/core/data/account/LinkedAccountsDiffTest.kt	verbatim		212	0	txt
ac_cloud-mail/core/data/src/test/kotlin/app/sterna/core/data/account/PgpPublicKeyCacheTest.kt	verbatim		102	0	txt
ac_cloud-mail/core/data/src/test/kotlin/app/sterna/core/data/account/PgpSignKeyResetTest.kt	verbatim		86	0	txt
ac_cloud-mail/core/data/src/test/kotlin/app/sterna/core/data/account/ReachableMailAccountsTest.kt	verbatim		151	0	txt
ac_cloud-mail/core/data/src/test/kotlin/app/sterna/core/data/account/RefreshFreshnessStoreWiringTest.kt	verbatim		59	0	txt
ac_cloud-mail/core/data/src/test/kotlin/app/sterna/core/data/account/ResolvedIdentitiesTest.kt	verbatim		216	0	txt
ac_cloud-mail/core/data/src/test/kotlin/app/sterna/core/data/account/SharedAccountTest.kt	verbatim		141	0	txt
ac_cloud-mail/core/data/src/test/kotlin/app/sterna/core/data/account/ShowOnlySubscribedFoldersStoreWiringTest.kt	verbatim		51	0	txt
ac_cloud-mail/core/data/src/test/kotlin/app/sterna/core/data/account/ShowOnlySubscribedFoldersTest.kt	verbatim		106	0	txt
ac_cloud-mail/core/data/src/test/kotlin/app/sterna/core/data/account/StoredAccountDefaultIdentityTest.kt	verbatim		104	0	txt
ac_cloud-mail/core/data/src/test/kotlin/app/sterna/core/data/account/StoredAccountPgpPublicKeyTest.kt	verbatim		67	0	txt
ac_cloud-mail/core/data/src/test/kotlin/app/sterna/core/data/account/StoredAccountReferenceRecordTest.kt	verbatim		386	0	txt
ac_cloud-mail/core/data/src/test/kotlin/app/sterna/core/data/account/StoredIdentitySignatureTest.kt	verbatim		76	0	txt
ac_cloud-mail/core/data/src/test/kotlin/app/sterna/core/data/account/StoredSignatureMigrationTest.kt	new		0	254	txt
ac_cloud-mail/core/data/src/test/kotlin/app/sterna/core/data/account/StoredViewStoreWiringTest.kt	verbatim		57	0	txt
ac_cloud-mail/core/data/src/test/kotlin/app/sterna/core/data/account/SyncWindowStoredNameTest.kt	verbatim		111	0	txt
ac_cloud-mail/core/data/src/test/kotlin/app/sterna/core/data/account/UnifiedInboxRecentRowsTest.kt	verbatim		263	0	txt
ac_cloud-mail/core/data/src/test/kotlin/app/sterna/core/data/account/UnifiedInboxUnreadTest.kt	verbatim		272	0	txt
ac_cloud-mail/core/data/src/test/kotlin/app/sterna/core/data/account/UploadSentCopyDefaultTest.kt	verbatim		36	0	txt
ac_cloud-mail/core/data/src/test/kotlin/app/sterna/core/data/account/UploadSentCopyStoreWiringTest.kt	verbatim		48	0	txt
ac_cloud-mail/core/data/src/test/kotlin/app/sterna/core/data/autoconfig/MailAutoconfigTest.kt	verbatim		471	0	txt
ac_cloud-mail/core/data/src/test/kotlin/app/sterna/core/data/calendar/ICalendarTest.kt	verbatim		352	0	txt
ac_cloud-mail/core/data/src/test/kotlin/app/sterna/core/data/db/CopiesMigrationSqlTest.kt	verbatim		375	0	txt
ac_cloud-mail/core/data/src/test/kotlin/app/sterna/core/data/db/DraftNumberingMigrationSqlTest.kt	modified	core/data/src/test/kotlin/app/sterna/core/data/db/DraftNumberingMigrationSqlTest.kt	502	6	txt
ac_cloud-mail/core/data/src/test/kotlin/app/sterna/core/data/db/EditInterruptedRowTest.kt	verbatim		262	0	txt
ac_cloud-mail/core/data/src/test/kotlin/app/sterna/core/data/db/EmailIndexEntityAndMigrationAgreeTest.kt	verbatim		171	0	txt
ac_cloud-mail/core/data/src/test/kotlin/app/sterna/core/data/db/EmailsMigrationSqlTest.kt	verbatim		404	0	txt
ac_cloud-mail/core/data/src/test/kotlin/app/sterna/core/data/db/FolderOrderIndexMigrationSqlTest.kt	modified	core/data/src/test/kotlin/app/sterna/core/data/db/FolderOrderIndexMigrationSqlTest.kt	426	5	txt
ac_cloud-mail/core/data/src/test/kotlin/app/sterna/core/data/db/FolderRolesSqlTest.kt	verbatim		120	0	txt
ac_cloud-mail/core/data/src/test/kotlin/app/sterna/core/data/db/KeptAsDraftRowTest.kt	verbatim		122	0	txt
ac_cloud-mail/core/data/src/test/kotlin/app/sterna/core/data/db/LocalDraftDaoSqlTest.kt	verbatim		306	0	txt
ac_cloud-mail/core/data/src/test/kotlin/app/sterna/core/data/db/LocalDraftEntityMatchesItsTableTest.kt	verbatim		152	0	txt
ac_cloud-mail/core/data/src/test/kotlin/app/sterna/core/data/db/LocalDraftIdTest.kt	verbatim		32	0	txt
ac_cloud-mail/core/data/src/test/kotlin/app/sterna/core/data/db/LocalDraftsMigrationSqlTest.kt	modified	core/data/src/test/kotlin/app/sterna/core/data/db/LocalDraftsMigrationSqlTest.kt	415	5	txt
ac_cloud-mail/core/data/src/test/kotlin/app/sterna/core/data/db/NotArmedRowTest.kt	verbatim		32	0	txt
ac_cloud-mail/core/data/src/test/kotlin/app/sterna/core/data/db/OutboxAttachmentsTest.kt	verbatim		31	0	txt
ac_cloud-mail/core/data/src/test/kotlin/app/sterna/core/data/db/OutboxBadgeCountTest.kt	verbatim		197	0	txt
ac_cloud-mail/core/data/src/test/kotlin/app/sterna/core/data/db/OutboxEditTest.kt	verbatim		58	0	txt
ac_cloud-mail/core/data/src/test/kotlin/app/sterna/core/data/db/OutboxLogicTest.kt	verbatim		425	0	txt
ac_cloud-mail/core/data/src/test/kotlin/app/sterna/core/data/db/OutboxMigrationSqlTest.kt	verbatim		50	0	txt
ac_cloud-mail/core/data/src/test/kotlin/app/sterna/core/data/db/OutboxQueuedCountTest.kt	verbatim		259	0	txt
ac_cloud-mail/core/data/src/test/kotlin/app/sterna/core/data/db/ReadReceiptMigrationSqlTest.kt	verbatim		361	0	txt
ac_cloud-mail/core/data/src/test/kotlin/app/sterna/core/data/db/ReplyToMigrationSqlTest.kt	verbatim		333	0	txt
ac_cloud-mail/core/data/src/test/kotlin/app/sterna/core/data/db/SubscribedFolderMigrationSqlTest.kt	modified	core/data/src/test/kotlin/app/sterna/core/data/db/SubscribedFolderMigrationSqlTest.kt	334	5	txt
ac_cloud-mail/core/data/src/test/kotlin/app/sterna/core/data/filter/FilterRuleTest.kt	verbatim		26	0	txt
ac_cloud-mail/core/data/src/test/kotlin/app/sterna/core/data/filter/FilterRulesReadTest.kt	modified	core/data/src/test/kotlin/app/sterna/core/data/filter/FilterRulesReadTest.kt	311	157	txt
ac_cloud-mail/core/data/src/test/kotlin/app/sterna/core/data/filter/FilterScriptWarningTest.kt	verbatim		194	0	txt
ac_cloud-mail/core/data/src/test/kotlin/app/sterna/core/data/filter/FilterStatusRefreshTest.kt	modified	core/data/src/test/kotlin/app/sterna/core/data/filter/FilterStatusRefreshTest.kt	459	41	txt
ac_cloud-mail/core/data/src/test/kotlin/app/sterna/core/data/filter/SenderBlockTest.kt	verbatim		191	0	txt
ac_cloud-mail/core/data/src/test/kotlin/app/sterna/core/data/filter/SieveCodecTest.kt	verbatim		121	0	txt
ac_cloud-mail/core/data/src/test/kotlin/app/sterna/core/data/filter/SieveEmissionTest.kt	verbatim		228	0	txt
ac_cloud-mail/core/data/src/test/kotlin/app/sterna/core/data/filter/SourceText.kt	verbatim		53	0	txt
ac_cloud-mail/core/data/src/test/kotlin/app/sterna/core/data/mail/AccountDepartureProofTest.kt	verbatim		69	0	txt
ac_cloud-mail/core/data/src/test/kotlin/app/sterna/core/data/mail/AccountGoneCauseTest.kt	verbatim		52	0	txt
ac_cloud-mail/core/data/src/test/kotlin/app/sterna/core/data/mail/ArchiveFolderByNameTest.kt	verbatim		48	0	txt
ac_cloud-mail/core/data/src/test/kotlin/app/sterna/core/data/mail/ArmingIsNotQueueingTest.kt	verbatim		89	0	txt
ac_cloud-mail/core/data/src/test/kotlin/app/sterna/core/data/mail/ArmingWiringTest.kt	verbatim		93	0	txt
ac_cloud-mail/core/data/src/test/kotlin/app/sterna/core/data/mail/AttachmentCouldNotBeReadTest.kt	verbatim		79	0	txt
ac_cloud-mail/core/data/src/test/kotlin/app/sterna/core/data/mail/AutocryptImportWiringTest.kt	verbatim		153	0	txt
ac_cloud-mail/core/data/src/test/kotlin/app/sterna/core/data/mail/AutocryptPeerImportTest.kt	verbatim		307	0	txt
ac_cloud-mail/core/data/src/test/kotlin/app/sterna/core/data/mail/AutocryptSendWiringTest.kt	verbatim		65	0	txt
ac_cloud-mail/core/data/src/test/kotlin/app/sterna/core/data/mail/AutocryptTestKey.kt	verbatim		24	0	txt
ac_cloud-mail/core/data/src/test/kotlin/app/sterna/core/data/mail/BlankAccountIdIsRefusedTest.kt	verbatim		29	0	txt
ac_cloud-mail/core/data/src/test/kotlin/app/sterna/core/data/mail/BodyCacheUpgradeTest.kt	verbatim		179	0	txt
ac_cloud-mail/core/data/src/test/kotlin/app/sterna/core/data/mail/BodyPreviewTest.kt	verbatim		152	0	txt
ac_cloud-mail/core/data/src/test/kotlin/app/sterna/core/data/mail/BoundedFolderReadsSqlTest.kt	verbatim		315	0	txt
ac_cloud-mail/core/data/src/test/kotlin/app/sterna/core/data/mail/CachedBodyReadTest.kt	verbatim		55	0	txt
ac_cloud-mail/core/data/src/test/kotlin/app/sterna/core/data/mail/CachedBodySeenTest.kt	verbatim		287	0	txt
ac_cloud-mail/core/data/src/test/kotlin/app/sterna/core/data/mail/CachedPreviewNumberingSqlTest.kt	verbatim		124	0	txt
ac_cloud-mail/core/data/src/test/kotlin/app/sterna/core/data/mail/ChunkedIdReadsSourceTest.kt	verbatim		111	0	txt
ac_cloud-mail/core/data/src/test/kotlin/app/sterna/core/data/mail/ConversationIndexPlanSqlTest.kt	verbatim		206	0	txt
ac_cloud-mail/core/data/src/test/kotlin/app/sterna/core/data/mail/ConversationInvariantsSqlTest.kt	verbatim		314	0	txt
ac_cloud-mail/core/data/src/test/kotlin/app/sterna/core/data/mail/ConversationQueryTest.kt	verbatim		186	0	txt
ac_cloud-mail/core/data/src/test/kotlin/app/sterna/core/data/mail/ConversationScopeTest.kt	verbatim		202	0	txt
ac_cloud-mail/core/data/src/test/kotlin/app/sterna/core/data/mail/ConversationSqlTest.kt	verbatim		479	0	txt
ac_cloud-mail/core/data/src/test/kotlin/app/sterna/core/data/mail/CrossAccountMoveTest.kt	verbatim		185	0	txt
ac_cloud-mail/core/data/src/test/kotlin/app/sterna/core/data/mail/DaoQuerySource.kt	verbatim		304	0	txt
ac_cloud-mail/core/data/src/test/kotlin/app/sterna/core/data/mail/DecryptedSubjectCallSiteTest.kt	verbatim		42	0	txt
ac_cloud-mail/core/data/src/test/kotlin/app/sterna/core/data/mail/DeleteAllResolvesOrCreatesTrashWiringTest.kt	verbatim		129	0	txt
ac_cloud-mail/core/data/src/test/kotlin/app/sterna/core/data/mail/DeleteDestroysMessageTest.kt	verbatim		39	0	txt
ac_cloud-mail/core/data/src/test/kotlin/app/sterna/core/data/mail/DeleteOutboxWiringTest.kt	verbatim		68	0	txt
ac_cloud-mail/core/data/src/test/kotlin/app/sterna/core/data/mail/DeleteResolvesOrCreatesTrashWiringTest.kt	verbatim		121	0	txt
ac_cloud-mail/core/data/src/test/kotlin/app/sterna/core/data/mail/DeleteWouldDestroyWiringTest.kt	verbatim		93	0	txt
ac_cloud-mail/core/data/src/test/kotlin/app/sterna/core/data/mail/DeletedMailLeavesTheIndexSqlTest.kt	verbatim		609	0	txt
ac_cloud-mail/core/data/src/test/kotlin/app/sterna/core/data/mail/DeltaEvictsOnlyItsOwnFolderTest.kt	verbatim		175	0	txt
ac_cloud-mail/core/data/src/test/kotlin/app/sterna/core/data/mail/DeparturesComeFromTheServerTest.kt	verbatim		240	0	txt
ac_cloud-mail/core/data/src/test/kotlin/app/sterna/core/data/mail/DestroyChecksTheFolderWiringTest.kt	verbatim		163	0	txt
ac_cloud-mail/core/data/src/test/kotlin/app/sterna/core/data/mail/DestroyNeedsTheNumberingStatedNowTest.kt	verbatim		220	0	txt
ac_cloud-mail/core/data/src/test/kotlin/app/sterna/core/data/mail/DestroyOnlyWhatWasTickedTest.kt	verbatim		84	0	txt
ac_cloud-mail/core/data/src/test/kotlin/app/sterna/core/data/mail/DestroyUnderTheNumberingTheRowWasReadUnderTest.kt	verbatim		273	0	txt
ac_cloud-mail/core/data/src/test/kotlin/app/sterna/core/data/mail/DestroyableIdsTest.kt	verbatim		78	0	txt
ac_cloud-mail/core/data/src/test/kotlin/app/sterna/core/data/mail/DiscoveryIsBoundedTest.kt	verbatim		327	0	txt
ac_cloud-mail/core/data/src/test/kotlin/app/sterna/core/data/mail/DiscoveryWiringTest.kt	verbatim		101	0	txt
ac_cloud-mail/core/data/src/test/kotlin/app/sterna/core/data/mail/DraftAddressingWiringTest.kt	verbatim		155	0	txt
ac_cloud-mail/core/data/src/test/kotlin/app/sterna/core/data/mail/DraftAppendCarriesBccWiringTest.kt	verbatim		54	0	txt
ac_cloud-mail/core/data/src/test/kotlin/app/sterna/core/data/mail/DraftDestroyFolderTest.kt	verbatim		44	0	txt
ac_cloud-mail/core/data/src/test/kotlin/app/sterna/core/data/mail/DraftNumberingCarriedWiringTest.kt	verbatim		226	0	txt
ac_cloud-mail/core/data/src/test/kotlin/app/sterna/core/data/mail/DraftReceiptWiringTest.kt	verbatim		120	0	txt
ac_cloud-mail/core/data/src/test/kotlin/app/sterna/core/data/mail/DraftSaveTest.kt	verbatim		524	0	txt
ac_cloud-mail/core/data/src/test/kotlin/app/sterna/core/data/mail/EmailMapperCopiesTest.kt	verbatim		190	0	txt
ac_cloud-mail/core/data/src/test/kotlin/app/sterna/core/data/mail/EmailMapperRecipientsTest.kt	verbatim		87	0	txt
ac_cloud-mail/core/data/src/test/kotlin/app/sterna/core/data/mail/EmailMapperReplyToTest.kt	verbatim		95	0	txt
ac_cloud-mail/core/data/src/test/kotlin/app/sterna/core/data/mail/EmptyImapWalkIsNotAnEmptyFolderTest.kt	verbatim		105	0	txt
ac_cloud-mail/core/data/src/test/kotlin/app/sterna/core/data/mail/EmptyPushPageIsNotAnEmptyFolderTest.kt	verbatim		236	0	txt
ac_cloud-mail/core/data/src/test/kotlin/app/sterna/core/data/mail/EmptyWindowIsNotAnEmptyFolderTest.kt	verbatim		84	0	txt
ac_cloud-mail/core/data/src/test/kotlin/app/sterna/core/data/mail/EnqueueRollbackTest.kt	verbatim		31	0	txt
ac_cloud-mail/core/data/src/test/kotlin/app/sterna/core/data/mail/FolderSubscriptionCrossesTheMappersTest.kt	verbatim		92	0	txt
ac_cloud-mail/core/data/src/test/kotlin/app/sterna/core/data/mail/ForbiddenSubAccountWiringTest.kt	verbatim		173	0	txt
ac_cloud-mail/core/data/src/test/kotlin/app/sterna/core/data/mail/FrozenNumberingRefusalTest.kt	verbatim		132	0	txt
ac_cloud-mail/core/data/src/test/kotlin/app/sterna/core/data/mail/FullQueryStreamingWiringTest.kt	verbatim		190	0	txt
ac_cloud-mail/core/data/src/test/kotlin/app/sterna/core/data/mail/FullQueryWindowSourceTest.kt	verbatim		179	0	txt
ac_cloud-mail/core/data/src/test/kotlin/app/sterna/core/data/mail/FullQueryWriteThroughTest.kt	verbatim		258	0	txt
ac_cloud-mail/core/data/src/test/kotlin/app/sterna/core/data/mail/GhostSweepScheduleTest.kt	verbatim		179	0	txt
ac_cloud-mail/core/data/src/test/kotlin/app/sterna/core/data/mail/GroupCcIsUnknownNotEmptyTest.kt	verbatim		151	0	txt
ac_cloud-mail/core/data/src/test/kotlin/app/sterna/core/data/mail/GroupTokenSurvivesTheAppendRoundTripTest.kt	verbatim		91	0	txt
ac_cloud-mail/core/data/src/test/kotlin/app/sterna/core/data/mail/HomeCountsSqlTest.kt	new		0	104	txt
ac_cloud-mail/core/data/src/test/kotlin/app/sterna/core/data/mail/IdChunksTest.kt	verbatim		57	0	txt
ac_cloud-mail/core/data/src/test/kotlin/app/sterna/core/data/mail/IdentityRefreshAfterCreateTest.kt	verbatim		188	0	txt
ac_cloud-mail/core/data/src/test/kotlin/app/sterna/core/data/mail/ImapAmbientBudgetReachesTheSocketTest.kt	verbatim		141	0	txt
ac_cloud-mail/core/data/src/test/kotlin/app/sterna/core/data/mail/ImapBudgetTest.kt	verbatim		72	0	txt
ac_cloud-mail/core/data/src/test/kotlin/app/sterna/core/data/mail/ImapCopiesRowTest.kt	verbatim		129	0	txt
ac_cloud-mail/core/data/src/test/kotlin/app/sterna/core/data/mail/ImapDestroyUnderNumberingTest.kt	verbatim		345	0	txt
ac_cloud-mail/core/data/src/test/kotlin/app/sterna/core/data/mail/ImapDraftAppendGoesOutOnceTest.kt	verbatim		293	0	txt
ac_cloud-mail/core/data/src/test/kotlin/app/sterna/core/data/mail/ImapFullQueryWriteThroughTest.kt	verbatim		282	0	txt
ac_cloud-mail/core/data/src/test/kotlin/app/sterna/core/data/mail/ImapMoveUnderNumberingTest.kt	verbatim		322	0	txt
ac_cloud-mail/core/data/src/test/kotlin/app/sterna/core/data/mail/ImapReplyToRowTest.kt	verbatim		75	0	txt
ac_cloud-mail/core/data/src/test/kotlin/app/sterna/core/data/mail/ImapServiceDestroysInOnePlaceTest.kt	verbatim		38	0	txt
ac_cloud-mail/core/data/src/test/kotlin/app/sterna/core/data/mail/ImapSessionExitIsBoundedTest.kt	verbatim		177	0	txt
ac_cloud-mail/core/data/src/test/kotlin/app/sterna/core/data/mail/ImapThreadKeyTest.kt	verbatim		91	0	txt
ac_cloud-mail/core/data/src/test/kotlin/app/sterna/core/data/mail/ImapWindowWiringTest.kt	verbatim		217	0	txt
ac_cloud-mail/core/data/src/test/kotlin/app/sterna/core/data/mail/IndexCrawlSkipsUnelectedTrashSqlTest.kt	verbatim		124	0	txt
ac_cloud-mail/core/data/src/test/kotlin/app/sterna/core/data/mail/JmapSearchScopeTest.kt	verbatim		128	0	txt
ac_cloud-mail/core/data/src/test/kotlin/app/sterna/core/data/mail/ListPreviewDecisionTest.kt	verbatim		79	0	txt
ac_cloud-mail/core/data/src/test/kotlin/app/sterna/core/data/mail/ListPreviewFillTest.kt	verbatim		126	0	txt
ac_cloud-mail/core/data/src/test/kotlin/app/sterna/core/data/mail/ListRowAttachmentChipsReachTheRowTest.kt	new		0	72	txt
ac_cloud-mail/core/data/src/test/kotlin/app/sterna/core/data/mail/LocalDraftAttemptIsBoundedTest.kt	verbatim		237	0	txt
ac_cloud-mail/core/data/src/test/kotlin/app/sterna/core/data/mail/LocalDraftDuplicateAppendTest.kt	verbatim		217	0	txt
ac_cloud-mail/core/data/src/test/kotlin/app/sterna/core/data/mail/LocalDraftLeaseWiringTest.kt	verbatim		183	0	txt
ac_cloud-mail/core/data/src/test/kotlin/app/sterna/core/data/mail/LocalDraftReopenTest.kt	modified	core/data/src/test/kotlin/app/sterna/core/data/mail/LocalDraftReopenTest.kt	652	25	txt
ac_cloud-mail/core/data/src/test/kotlin/app/sterna/core/data/mail/LocalDraftSaveTest.kt	verbatim		1600	0	txt
ac_cloud-mail/core/data/src/test/kotlin/app/sterna/core/data/mail/LocalDraftSaveWiringTest.kt	verbatim		326	0	txt
ac_cloud-mail/core/data/src/test/kotlin/app/sterna/core/data/mail/LocalDraftUploadTest.kt	verbatim		493	0	txt
ac_cloud-mail/core/data/src/test/kotlin/app/sterna/core/data/mail/LocalDraftUploadWiringTest.kt	verbatim		410	0	txt
ac_cloud-mail/core/data/src/test/kotlin/app/sterna/core/data/mail/LocalDraftVersionIsNamedTest.kt	verbatim		148	0	txt
ac_cloud-mail/core/data/src/test/kotlin/app/sterna/core/data/mail/LocalDraftsSurviveTheCachePrunesSqlTest.kt	verbatim		256	0	txt
ac_cloud-mail/core/data/src/test/kotlin/app/sterna/core/data/mail/LocalSearchAccountScopeWiringTest.kt	verbatim		29	0	txt
ac_cloud-mail/core/data/src/test/kotlin/app/sterna/core/data/mail/LocalSearchFolderFilterSqlTest.kt	verbatim		234	0	txt
ac_cloud-mail/core/data/src/test/kotlin/app/sterna/core/data/mail/LostRoleClaimTest.kt	verbatim		47	0	txt
ac_cloud-mail/core/data/src/test/kotlin/app/sterna/core/data/mail/MailboxEvictionsTest.kt	verbatim		223	0	txt
ac_cloud-mail/core/data/src/test/kotlin/app/sterna/core/data/mail/MoveCreditsOnlyWhatLeftTheSourceTest.kt	verbatim		135	0	txt
ac_cloud-mail/core/data/src/test/kotlin/app/sterna/core/data/mail/MoveNeedsTheNumberingStatedNowTest.kt	verbatim		337	0	txt
ac_cloud-mail/core/data/src/test/kotlin/app/sterna/core/data/mail/MoveToAccountWiringTest.kt	verbatim		150	0	txt
ac_cloud-mail/core/data/src/test/kotlin/app/sterna/core/data/mail/NotifierBaselineTwoPassTest.kt	verbatim		149	0	txt
ac_cloud-mail/core/data/src/test/kotlin/app/sterna/core/data/mail/NotifierCandidateWindowTest.kt	verbatim		204	0	txt
ac_cloud-mail/core/data/src/test/kotlin/app/sterna/core/data/mail/NumberedReadsAreNotSwallowedTest.kt	verbatim		112	0	txt
ac_cloud-mail/core/data/src/test/kotlin/app/sterna/core/data/mail/NumberingOfRowsSqlTest.kt	verbatim		113	0	txt
ac_cloud-mail/core/data/src/test/kotlin/app/sterna/core/data/mail/NumberingSettlesBeforePagesTest.kt	verbatim		66	0	txt
ac_cloud-mail/core/data/src/test/kotlin/app/sterna/core/data/mail/NumberingStampsSourceTest.kt	verbatim		51	0	txt
ac_cloud-mail/core/data/src/test/kotlin/app/sterna/core/data/mail/NumberingStampsTest.kt	verbatim		116	0	txt
ac_cloud-mail/core/data/src/test/kotlin/app/sterna/core/data/mail/OAuthAddIdentityWiringTest.kt	verbatim		203	0	txt
ac_cloud-mail/core/data/src/test/kotlin/app/sterna/core/data/mail/OAuthHostWasGuessedTest.kt	verbatim		76	0	txt
ac_cloud-mail/core/data/src/test/kotlin/app/sterna/core/data/mail/OAuthServerToStoreTest.kt	verbatim		43	0	txt
ac_cloud-mail/core/data/src/test/kotlin/app/sterna/core/data/mail/OriginalSenderHeaderTest.kt	verbatim		98	0	txt
ac_cloud-mail/core/data/src/test/kotlin/app/sterna/core/data/mail/OriginalSenderWiringTest.kt	verbatim		111	0	txt
ac_cloud-mail/core/data/src/test/kotlin/app/sterna/core/data/mail/OutgoingAddressesTest.kt	verbatim		26	0	txt
ac_cloud-mail/core/data/src/test/kotlin/app/sterna/core/data/mail/PrebuiltEntityTest.kt	verbatim		176	0	txt
ac_cloud-mail/core/data/src/test/kotlin/app/sterna/core/data/mail/PrefetchStaysInTheInboxWiringTest.kt	verbatim		167	0	txt
ac_cloud-mail/core/data/src/test/kotlin/app/sterna/core/data/mail/PreviewConveyanceTest.kt	verbatim		278	0	txt
ac_cloud-mail/core/data/src/test/kotlin/app/sterna/core/data/mail/PreviewFetchWiringTest.kt	verbatim		314	0	txt
ac_cloud-mail/core/data/src/test/kotlin/app/sterna/core/data/mail/ProtectedSubjectTest.kt	verbatim		90	0	txt
ac_cloud-mail/core/data/src/test/kotlin/app/sterna/core/data/mail/PushPassKeepsCachedPreviewsTest.kt	verbatim		126	0	txt
ac_cloud-mail/core/data/src/test/kotlin/app/sterna/core/data/mail/QueuedDraftKeepsItsStylingTest.kt	verbatim		75	0	txt
ac_cloud-mail/core/data/src/test/kotlin/app/sterna/core/data/mail/RawSourceBytesTest.kt	verbatim		50	0	txt
ac_cloud-mail/core/data/src/test/kotlin/app/sterna/core/data/mail/RawSourceFromCacheTest.kt	verbatim		107	0	txt
ac_cloud-mail/core/data/src/test/kotlin/app/sterna/core/data/mail/RawSourceReadUnderNumberingTest.kt	verbatim		109	0	txt
ac_cloud-mail/core/data/src/test/kotlin/app/sterna/core/data/mail/ReadReceiptHeaderTest.kt	verbatim		167	0	txt
ac_cloud-mail/core/data/src/test/kotlin/app/sterna/core/data/mail/ReadReceiptImapSourceTest.kt	verbatim		135	0	txt
ac_cloud-mail/core/data/src/test/kotlin/app/sterna/core/data/mail/ReadReceiptMailTest.kt	verbatim		521	0	txt
ac_cloud-mail/core/data/src/test/kotlin/app/sterna/core/data/mail/ReadReceiptWiringTest.kt	verbatim		251	0	txt
ac_cloud-mail/core/data/src/test/kotlin/app/sterna/core/data/mail/ReadUnderTheNumberingItWasTickedUnderTest.kt	verbatim		169	0	txt
ac_cloud-mail/core/data/src/test/kotlin/app/sterna/core/data/mail/RecentLocalMovesTest.kt	verbatim		91	0	txt
ac_cloud-mail/core/data/src/test/kotlin/app/sterna/core/data/mail/RecentUnifiedInboxSqlTest.kt	verbatim		242	0	txt
ac_cloud-mail/core/data/src/test/kotlin/app/sterna/core/data/mail/ReconcileMailboxSqlTest.kt	verbatim		284	0	txt
ac_cloud-mail/core/data/src/test/kotlin/app/sterna/core/data/mail/ReconcileSparesWhatArrivedDuringTheWalkTest.kt	verbatim		238	0	txt
ac_cloud-mail/core/data/src/test/kotlin/app/sterna/core/data/mail/RefreshLandsWhereTheReaderIsTest.kt	verbatim		295	0	txt
ac_cloud-mail/core/data/src/test/kotlin/app/sterna/core/data/mail/ReopenedDraftLossyTest.kt	verbatim		250	0	txt
ac_cloud-mail/core/data/src/test/kotlin/app/sterna/core/data/mail/RepresentativeAnchorSqlTest.kt	verbatim		113	0	txt
ac_cloud-mail/core/data/src/test/kotlin/app/sterna/core/data/mail/ResumedWalkIsNotReconciledTest.kt	verbatim		180	0	txt
ac_cloud-mail/core/data/src/test/kotlin/app/sterna/core/data/mail/SavedDraftRowCopiesTest.kt	verbatim		167	0	txt
ac_cloud-mail/core/data/src/test/kotlin/app/sterna/core/data/mail/ScheduledSendRearmTest.kt	verbatim		54	0	txt
ac_cloud-mail/core/data/src/test/kotlin/app/sterna/core/data/mail/ScriptedImapServer.kt	verbatim		85	0	txt
ac_cloud-mail/core/data/src/test/kotlin/app/sterna/core/data/mail/SearchAnswerIsTotalTest.kt	verbatim		72	0	txt
ac_cloud-mail/core/data/src/test/kotlin/app/sterna/core/data/mail/SearchCriteriaOnTheWireTest.kt	verbatim		141	0	txt
ac_cloud-mail/core/data/src/test/kotlin/app/sterna/core/data/mail/SearchHitOpensFromTheServerTest.kt	verbatim		310	0	txt
ac_cloud-mail/core/data/src/test/kotlin/app/sterna/core/data/mail/SearchNeverSyncedAccountTest.kt	verbatim		94	0	txt
ac_cloud-mail/core/data/src/test/kotlin/app/sterna/core/data/mail/SearchQueryToImapTest.kt	verbatim		70	0	txt
ac_cloud-mail/core/data/src/test/kotlin/app/sterna/core/data/mail/SearchableFoldersTest.kt	verbatim		108	0	txt
ac_cloud-mail/core/data/src/test/kotlin/app/sterna/core/data/mail/SelectionIdsSqlTest.kt	verbatim		127	0	txt
ac_cloud-mail/core/data/src/test/kotlin/app/sterna/core/data/mail/SendDraftDestructionWiringTest.kt	verbatim		153	0	txt
ac_cloud-mail/core/data/src/test/kotlin/app/sterna/core/data/mail/SendDraftTargetTest.kt	verbatim		486	0	txt
ac_cloud-mail/core/data/src/test/kotlin/app/sterna/core/data/mail/SendReplacesDraftTest.kt	verbatim		66	0	txt
ac_cloud-mail/core/data/src/test/kotlin/app/sterna/core/data/mail/SenderVolumeSqlTest.kt	verbatim		320	0	txt
ac_cloud-mail/core/data/src/test/kotlin/app/sterna/core/data/mail/SentCopyCallSiteTest.kt	verbatim		70	0	txt
ac_cloud-mail/core/data/src/test/kotlin/app/sterna/core/data/mail/SentCopyUploadTest.kt	verbatim		43	0	txt
ac_cloud-mail/core/data/src/test/kotlin/app/sterna/core/data/mail/SignedOutAccountStopsWritingTest.kt	verbatim		213	0	txt
ac_cloud-mail/core/data/src/test/kotlin/app/sterna/core/data/mail/SignedOutAccountWiringTest.kt	modified	core/data/src/test/kotlin/app/sterna/core/data/mail/SignedOutAccountWiringTest.kt	399	10	txt
ac_cloud-mail/core/data/src/test/kotlin/app/sterna/core/data/mail/SmtpSubmissionCallSiteTest.kt	verbatim		33	0	txt
ac_cloud-mail/core/data/src/test/kotlin/app/sterna/core/data/mail/SnoozeFilterSqlTest.kt	verbatim		67	0	txt
ac_cloud-mail/core/data/src/test/kotlin/app/sterna/core/data/mail/SourceBlocks.kt	verbatim		15	0	txt
ac_cloud-mail/core/data/src/test/kotlin/app/sterna/core/data/mail/SourceCouldNotBeReadTest.kt	verbatim		144	0	txt
ac_cloud-mail/core/data/src/test/kotlin/app/sterna/core/data/mail/SubmissionEnvelopeWiringTest.kt	verbatim		53	0	txt
ac_cloud-mail/core/data/src/test/kotlin/app/sterna/core/data/mail/SubmissionIdentityTest.kt	verbatim		92	0	txt
ac_cloud-mail/core/data/src/test/kotlin/app/sterna/core/data/mail/SubscribedFoldersWiringTest.kt	verbatim		155	0	txt
ac_cloud-mail/core/data/src/test/kotlin/app/sterna/core/data/mail/SubscriptionToggleAsksTheServerTest.kt	verbatim		182	0	txt
ac_cloud-mail/core/data/src/test/kotlin/app/sterna/core/data/mail/SyncCursorDropWiringTest.kt	verbatim		159	0	txt
ac_cloud-mail/core/data/src/test/kotlin/app/sterna/core/data/mail/SyncEvictionsTest.kt	verbatim		509	0	txt
ac_cloud-mail/core/data/src/test/kotlin/app/sterna/core/data/mail/SyncPagingTest.kt	verbatim		52	0	txt
ac_cloud-mail/core/data/src/test/kotlin/app/sterna/core/data/mail/SyncWalkHandOffWiringTest.kt	verbatim		60	0	txt
ac_cloud-mail/core/data/src/test/kotlin/app/sterna/core/data/mail/SyncWindowDropsCursorsTest.kt	verbatim		217	0	txt
ac_cloud-mail/core/data/src/test/kotlin/app/sterna/core/data/mail/SyncWindowReachesBothProtocolsTest.kt	verbatim		79	0	txt
ac_cloud-mail/core/data/src/test/kotlin/app/sterna/core/data/mail/SyncWindowScaleTest.kt	verbatim		253	0	txt
ac_cloud-mail/core/data/src/test/kotlin/app/sterna/core/data/mail/ThreadMembersSqlTest.kt	verbatim		104	0	txt
ac_cloud-mail/core/data/src/test/kotlin/app/sterna/core/data/mail/TrashFolderByNameTest.kt	verbatim		89	0	txt
ac_cloud-mail/core/data/src/test/kotlin/app/sterna/core/data/mail/TrashPurgeImapSnapshotTest.kt	verbatim		82	0	txt
ac_cloud-mail/core/data/src/test/kotlin/app/sterna/core/data/mail/TrashPurgeSnapshotTest.kt	verbatim		54	0	txt
ac_cloud-mail/core/data/src/test/kotlin/app/sterna/core/data/mail/TrashPurgeSqlTest.kt	verbatim		225	0	txt
ac_cloud-mail/core/data/src/test/kotlin/app/sterna/core/data/mail/UidValidityDecisionTest.kt	verbatim		97	0	txt
ac_cloud-mail/core/data/src/test/kotlin/app/sterna/core/data/mail/UidValidityDestroyRoutesTest.kt	verbatim		86	0	txt
ac_cloud-mail/core/data/src/test/kotlin/app/sterna/core/data/mail/UidValiditySqlTest.kt	verbatim		150	0	txt
ac_cloud-mail/core/data/src/test/kotlin/app/sterna/core/data/mail/UnarchiveMembersSqlTest.kt	verbatim		81	0	txt
ac_cloud-mail/core/data/src/test/kotlin/app/sterna/core/data/mail/UndoMovesUnderTheNumberingCopyUidStatedTest.kt	verbatim		284	0	txt
ac_cloud-mail/core/data/src/test/kotlin/app/sterna/core/data/mail/UnelectedRoleStopsAtTheDataBoundaryTest.kt	verbatim		107	0	txt
ac_cloud-mail/core/data/src/test/kotlin/app/sterna/core/data/mail/UnelectedTrashIsMarkedTest.kt	verbatim		79	0	txt
ac_cloud-mail/core/data/src/test/kotlin/app/sterna/core/data/mail/UnifiedRefreshResultTest.kt	verbatim		29	0	txt
ac_cloud-mail/core/data/src/test/kotlin/app/sterna/core/data/mail/UnifiedSearchMergeTest.kt	verbatim		85	0	txt
ac_cloud-mail/core/data/src/test/kotlin/app/sterna/core/data/mail/UnifiedUnreadByAccountTest.kt	verbatim		137	0	txt
ac_cloud-mail/core/data/src/test/kotlin/app/sterna/core/data/mail/UnreadBadgeSqlTest.kt	verbatim		190	0	txt
ac_cloud-mail/core/data/src/test/kotlin/app/sterna/core/data/mail/UnsubscribeBodyScanTest.kt	new		0	109	txt
ac_cloud-mail/core/data/src/test/kotlin/app/sterna/core/data/mail/UnsubscribeConfirmationTargetTest.kt	verbatim		65	0	txt
ac_cloud-mail/core/data/src/test/kotlin/app/sterna/core/data/mail/UnsubscribeHeaderTest.kt	verbatim		211	0	txt
ac_cloud-mail/core/data/src/test/kotlin/app/sterna/core/data/mail/UnsubscribeImapSourceTest.kt	verbatim		79	0	txt
ac_cloud-mail/core/data/src/test/kotlin/app/sterna/core/data/mail/UnsubscribeMailPreviewTest.kt	verbatim		63	0	txt
ac_cloud-mail/core/data/src/test/kotlin/app/sterna/core/data/mail/UnsubscribeMailTest.kt	verbatim		112	0	txt
ac_cloud-mail/core/data/src/test/kotlin/app/sterna/core/data/pgp/PgpModeEncryptsTest.kt	verbatim		23	0	txt
ac_cloud-mail/core/data/src/test/kotlin/app/sterna/core/data/rss/RssFeedAddressTest.kt	new		0	26	txt
ac_cloud-mail/core/data/src/test/kotlin/app/sterna/core/data/rss/RssFeedParserTest.kt	new		0	119	txt
ac_cloud-mail/core/data/src/test/kotlin/app/sterna/core/data/settings/NotificationContentStoredTest.kt	verbatim		101	0	txt
ac_cloud-mail/core/data/src/test/kotlin/app/sterna/core/data/settings/PgpProviderStorageWiringTest.kt	verbatim		67	0	txt
ac_cloud-mail/core/data/src/test/kotlin/app/sterna/core/data/settings/QuietHoursTest.kt	verbatim		42	0	txt
ac_cloud-mail/core/data/src/test/kotlin/app/sterna/core/data/settings/ReadReceiptSettingDefaultTest.kt	verbatim		34	0	txt
ac_cloud-mail/core/data/src/test/kotlin/app/sterna/core/data/settings/SettingsBackupListMonogramTest.kt	verbatim		69	0	txt
ac_cloud-mail/core/data/src/test/kotlin/app/sterna/core/data/settings/SettingsBackupPgpProviderTest.kt	verbatim		33	0	txt
ac_cloud-mail/core/data/src/test/kotlin/app/sterna/core/data/settings/SettingsBackupPlainTextTest.kt	verbatim		68	0	txt
ac_cloud-mail/core/data/src/test/kotlin/app/sterna/core/data/settings/SettingsBackupPureBlackTest.kt	verbatim		69	0	txt
ac_cloud-mail/core/data/src/test/kotlin/app/sterna/core/data/settings/SettingsBackupQuotedDatesUtcTest.kt	verbatim		68	0	txt
ac_cloud-mail/core/data/src/test/kotlin/app/sterna/core/data/settings/SettingsBackupReadReceiptTest.kt	verbatim		42	0	txt
ac_cloud-mail/core/data/src/test/kotlin/app/sterna/core/data/settings/SettingsBackupReplyBarTest.kt	verbatim		66	0	txt
ac_cloud-mail/core/data/src/test/kotlin/app/sterna/core/data/settings/SettingsBackupSignatureTest.kt	verbatim		50	0	txt
ac_cloud-mail/core/data/src/test/kotlin/app/sterna/core/data/storage/AttachmentBoundaryTest.kt	new		0	83	txt
ac_cloud-mail/core/data/src/test/kotlin/app/sterna/core/data/storage/AttachmentCacheWiringTest.kt	verbatim		141	0	txt
ac_cloud-mail/core/data/src/test/kotlin/app/sterna/core/data/storage/ClearAttachmentTreesTest.kt	verbatim		78	0	txt
ac_cloud-mail/core/data/src/test/kotlin/app/sterna/core/data/storage/OrphanedAccountCacheTest.kt	verbatim		60	0	txt
ac_cloud-mail/core/data/src/test/kotlin/app/sterna/core/data/storage/OrphanedAccountSweepSqlTest.kt	verbatim		540	0	txt
ac_cloud-mail/core/data/src/test/kotlin/app/sterna/core/data/text/AttachmentFileNameTest.kt	verbatim		56	0	txt
ac_cloud-mail/core/data/src/test/kotlin/app/sterna/core/data/text/DraftRichBodyTest.kt	verbatim		125	0	txt
ac_cloud-mail/core/data/src/test/kotlin/app/sterna/core/data/text/HtmlTextTest.kt	modified	core/data/src/test/kotlin/app/sterna/core/data/text/HtmlTextTest.kt	83	62	txt
ac_cloud-mail/core/data/src/test/kotlin/app/sterna/core/data/text/ReceivedHtmlTest.kt	new		0	224	txt
ac_cloud-mail/core/data/src/test/kotlin/app/sterna/core/data/text/RichBodyLinkTest.kt	verbatim		540	0	txt
ac_cloud-mail/core/data/src/test/kotlin/app/sterna/core/data/text/RichBodyTest.kt	verbatim		610	0	txt
ac_cloud-mail/core/data/src/test/kotlin/app/sterna/core/data/text/SafeFileNameTest.kt	verbatim		41	0	txt
ac_cloud-mail/core/data/src/test/kotlin/app/sterna/core/data/text/VerificationCodeTest.kt	new		0	280	txt
ac_cloud-mail/core/data/src/test/kotlin/app/sterna/core/data/unsubscribe/UnsubscribeClientTest.kt	verbatim		244	0	txt
ac_cloud-mail/core/data/src/test/resources/k9s/imap-plain.k9s	verbatim		37	0	txt
ac_cloud-mail/core/data/src/test/resources/k9s/malformed-mixed.k9s	verbatim		43	0	txt
ac_cloud-mail/core/data/src/test/resources/k9s/multi.k9s	verbatim		75	0	txt
ac_cloud-mail/core/data/src/test/resources/k9s/outlook-xoauth2.k9s	verbatim		50	0	txt
ac_cloud-mail/core/data/src/test/resources/k9s/pop3.k9s	verbatim		28	0	txt
ac_cloud-mail/core/data/src/test/resources/k9s/security-unknown.k9s	verbatim		40	0	txt
ac_cloud-mail/core/data/src/test/resources/k9s/unknown-version.k9s	verbatim		28	0	txt
ac_cloud-mail/core/imap/build.gradle.kts	verbatim		21	0	txt
ac_cloud-mail/core/imap/src/main/kotlin/app/sterna/core/imap/AutocryptHeader.kt	verbatim		49	0	txt
ac_cloud-mail/core/imap/src/main/kotlin/app/sterna/core/imap/EnvelopeAddresses.kt	verbatim		55	0	txt
ac_cloud-mail/core/imap/src/main/kotlin/app/sterna/core/imap/HeaderText.kt	verbatim		202	0	txt
ac_cloud-mail/core/imap/src/main/kotlin/app/sterna/core/imap/ImapClient.kt	modified	core/imap/src/main/kotlin/app/sterna/core/imap/ImapClient.kt	1303	4	txt
ac_cloud-mail/core/imap/src/main/kotlin/app/sterna/core/imap/ImapFolderWalk.kt	verbatim		42	0	txt
ac_cloud-mail/core/imap/src/main/kotlin/app/sterna/core/imap/ImapIdle.kt	verbatim		41	0	txt
ac_cloud-mail/core/imap/src/main/kotlin/app/sterna/core/imap/ImapModels.kt	modified	core/imap/src/main/kotlin/app/sterna/core/imap/ImapModels.kt	118	5	txt
ac_cloud-mail/core/imap/src/main/kotlin/app/sterna/core/imap/ImapParser.kt	verbatim		145	0	txt
ac_cloud-mail/core/imap/src/main/kotlin/app/sterna/core/imap/ImapSearch.kt	verbatim		124	0	txt
ac_cloud-mail/core/imap/src/main/kotlin/app/sterna/core/imap/ImapUtf7.kt	verbatim		100	0	txt
ac_cloud-mail/core/imap/src/main/kotlin/app/sterna/core/imap/MimeParser.kt	verbatim		408	0	txt
ac_cloud-mail/core/imap/src/main/kotlin/app/sterna/core/imap/PgpMime.kt	verbatim		64	0	txt
ac_cloud-mail/core/imap/src/main/kotlin/app/sterna/core/imap/SmtpClient.kt	verbatim		474	0	txt
ac_cloud-mail/core/imap/src/main/kotlin/app/sterna/core/imap/TextPart.kt	modified	core/imap/src/main/kotlin/app/sterna/core/imap/TextPart.kt	67	79	txt
ac_cloud-mail/core/imap/src/main/kotlin/app/sterna/core/imap/UidSet.kt	verbatim		49	0	txt
ac_cloud-mail/core/imap/src/test/kotlin/app/sterna/core/imap/AllUidsTest.kt	verbatim		231	0	txt
ac_cloud-mail/core/imap/src/test/kotlin/app/sterna/core/imap/AppendOnTheWireTest.kt	verbatim		125	0	txt
ac_cloud-mail/core/imap/src/test/kotlin/app/sterna/core/imap/AttachmentNameTest.kt	verbatim		81	0	txt
ac_cloud-mail/core/imap/src/test/kotlin/app/sterna/core/imap/AutocryptHeaderFoldTest.kt	verbatim		82	0	txt
ac_cloud-mail/core/imap/src/test/kotlin/app/sterna/core/imap/AutocryptKeys.kt	verbatim		37	0	txt
ac_cloud-mail/core/imap/src/test/kotlin/app/sterna/core/imap/BodyPeekOnTheWireTest.kt	verbatim		118	0	txt
ac_cloud-mail/core/imap/src/test/kotlin/app/sterna/core/imap/CcBccEnvelopeTest.kt	verbatim		167	0	txt
ac_cloud-mail/core/imap/src/test/kotlin/app/sterna/core/imap/CopiesEnvelopeTest.kt	verbatim		172	0	txt
ac_cloud-mail/core/imap/src/test/kotlin/app/sterna/core/imap/CreatedFolderIsSubscribedTest.kt	verbatim		91	0	txt
ac_cloud-mail/core/imap/src/test/kotlin/app/sterna/core/imap/CryptoDetectTest.kt	verbatim		106	0	txt
ac_cloud-mail/core/imap/src/test/kotlin/app/sterna/core/imap/DecodedHeaderOfTest.kt	verbatim		69	0	txt
ac_cloud-mail/core/imap/src/test/kotlin/app/sterna/core/imap/DecodedHeaderValueTest.kt	verbatim		17	0	txt
ac_cloud-mail/core/imap/src/test/kotlin/app/sterna/core/imap/DeletedFlagTest.kt	verbatim		152	0	txt
ac_cloud-mail/core/imap/src/test/kotlin/app/sterna/core/imap/EightBitCharsetTest.kt	verbatim		232	0	txt
ac_cloud-mail/core/imap/src/test/kotlin/app/sterna/core/imap/EncodedWordSeparatorTest.kt	verbatim		150	0	txt
ac_cloud-mail/core/imap/src/test/kotlin/app/sterna/core/imap/ExistsThatWasNeverStatedTest.kt	verbatim		110	0	txt
ac_cloud-mail/core/imap/src/test/kotlin/app/sterna/core/imap/ExpungeTest.kt	verbatim		597	0	txt
ac_cloud-mail/core/imap/src/test/kotlin/app/sterna/core/imap/FakeImapServer.kt	verbatim		213	0	txt
ac_cloud-mail/core/imap/src/test/kotlin/app/sterna/core/imap/FakeSmtpServer.kt	verbatim		233	0	txt
ac_cloud-mail/core/imap/src/test/kotlin/app/sterna/core/imap/FirstTextPartTest.kt	verbatim		188	0	txt
ac_cloud-mail/core/imap/src/test/kotlin/app/sterna/core/imap/FolderRolesTest.kt	verbatim		265	0	txt
ac_cloud-mail/core/imap/src/test/kotlin/app/sterna/core/imap/FolderWalkDecisionTest.kt	verbatim		168	0	txt
ac_cloud-mail/core/imap/src/test/kotlin/app/sterna/core/imap/FolderWalkOnTheWireTest.kt	verbatim		312	0	txt
ac_cloud-mail/core/imap/src/test/kotlin/app/sterna/core/imap/GroupSyntaxEnvelopeTest.kt	verbatim		273	0	txt
ac_cloud-mail/core/imap/src/test/kotlin/app/sterna/core/imap/IdOnTheWireTest.kt	verbatim		145	0	txt
ac_cloud-mail/core/imap/src/test/kotlin/app/sterna/core/imap/ImapCutConnectionTest.kt	verbatim		222	0	txt
ac_cloud-mail/core/imap/src/test/kotlin/app/sterna/core/imap/ImapEndOfStreamTest.kt	verbatim		184	0	txt
ac_cloud-mail/core/imap/src/test/kotlin/app/sterna/core/imap/ImapParserTest.kt	verbatim		245	0	txt
ac_cloud-mail/core/imap/src/test/kotlin/app/sterna/core/imap/ImapSearchCommandTest.kt	verbatim		187	0	txt
ac_cloud-mail/core/imap/src/test/kotlin/app/sterna/core/imap/ImapSearchFoldersTest.kt	verbatim		388	0	txt
ac_cloud-mail/core/imap/src/test/kotlin/app/sterna/core/imap/ImapSearchReportsNumberingTest.kt	verbatim		79	0	txt
ac_cloud-mail/core/imap/src/test/kotlin/app/sterna/core/imap/ImapSearchScanCapTest.kt	verbatim		170	0	txt
ac_cloud-mail/core/imap/src/test/kotlin/app/sterna/core/imap/ImapSource.kt	verbatim		81	0	txt
ac_cloud-mail/core/imap/src/test/kotlin/app/sterna/core/imap/InlineArmorKindTest.kt	verbatim		54	0	txt
ac_cloud-mail/core/imap/src/test/kotlin/app/sterna/core/imap/InternalDateOnTheWireTest.kt	verbatim		77	0	txt
ac_cloud-mail/core/imap/src/test/kotlin/app/sterna/core/imap/InternalDateTest.kt	verbatim		59	0	txt
ac_cloud-mail/core/imap/src/test/kotlin/app/sterna/core/imap/ListFoldersOnTheWireTest.kt	verbatim		113	0	txt
ac_cloud-mail/core/imap/src/test/kotlin/app/sterna/core/imap/ListFoldersTest.kt	verbatim		44	0	txt
ac_cloud-mail/core/imap/src/test/kotlin/app/sterna/core/imap/MailboxNameTest.kt	verbatim		306	0	txt
ac_cloud-mail/core/imap/src/test/kotlin/app/sterna/core/imap/MimeParserTest.kt	verbatim		329	0	txt
ac_cloud-mail/core/imap/src/test/kotlin/app/sterna/core/imap/MoveConfirmsWhatLeftTheSourceTest.kt	verbatim		442	0	txt
ac_cloud-mail/core/imap/src/test/kotlin/app/sterna/core/imap/MoveReportsDestinationNumberingTest.kt	verbatim		169	0	txt
ac_cloud-mail/core/imap/src/test/kotlin/app/sterna/core/imap/NewestUidsTest.kt	verbatim		153	0	txt
ac_cloud-mail/core/imap/src/test/kotlin/app/sterna/core/imap/OutgoingMimeAutocryptTest.kt	verbatim		85	0	txt
ac_cloud-mail/core/imap/src/test/kotlin/app/sterna/core/imap/OutgoingMimeTest.kt	verbatim		492	0	txt
ac_cloud-mail/core/imap/src/test/kotlin/app/sterna/core/imap/PgpArmorIsCrlfTest.kt	verbatim		124	0	txt
ac_cloud-mail/core/imap/src/test/kotlin/app/sterna/core/imap/PgpMimeTest.kt	verbatim		98	0	txt
ac_cloud-mail/core/imap/src/test/kotlin/app/sterna/core/imap/PrebuiltEntityOnTheWireTest.kt	verbatim		66	0	txt
ac_cloud-mail/core/imap/src/test/kotlin/app/sterna/core/imap/PreviewPageOnTheWireTest.kt	verbatim		145	0	txt
ac_cloud-mail/core/imap/src/test/kotlin/app/sterna/core/imap/ProtectedHeadersEntityTest.kt	verbatim		217	0	txt
ac_cloud-mail/core/imap/src/test/kotlin/app/sterna/core/imap/ReadTimeoutTwinsTest.kt	verbatim		57	0	txt
ac_cloud-mail/core/imap/src/test/kotlin/app/sterna/core/imap/ReferencesOnTheWireTest.kt	verbatim		166	0	txt
ac_cloud-mail/core/imap/src/test/kotlin/app/sterna/core/imap/ReplyToEnvelopeTest.kt	verbatim		149	0	txt
ac_cloud-mail/core/imap/src/test/kotlin/app/sterna/core/imap/ResponseCodeTest.kt	verbatim		93	0	txt
ac_cloud-mail/core/imap/src/test/kotlin/app/sterna/core/imap/SmtpAuthTest.kt	verbatim		252	0	txt
ac_cloud-mail/core/imap/src/test/kotlin/app/sterna/core/imap/SmtpBccStaysOffTheWireTest.kt	verbatim		64	0	txt
ac_cloud-mail/core/imap/src/test/kotlin/app/sterna/core/imap/SmtpCutConnectionTest.kt	verbatim		262	0	txt
ac_cloud-mail/core/imap/src/test/kotlin/app/sterna/core/imap/SmtpTimeoutTest.kt	verbatim		266	0	txt
ac_cloud-mail/core/imap/src/test/kotlin/app/sterna/core/imap/SubscribedFoldersTest.kt	verbatim		125	0	txt
ac_cloud-mail/core/imap/src/test/kotlin/app/sterna/core/imap/UidSearchHeaderOnTheWireTest.kt	verbatim		36	0	txt
ac_cloud-mail/core/imap/src/test/kotlin/app/sterna/core/imap/UidSetTest.kt	verbatim		59	0	txt
ac_cloud-mail/core/imap/src/test/kotlin/app/sterna/core/imap/UidValidityTest.kt	verbatim		96	0	txt
ac_cloud-mail/core/imap/src/test/kotlin/app/sterna/core/imap/Xoauth2Test.kt	verbatim		13	0	txt
ac_cloud-mail/core/jmap/build.gradle.kts	verbatim		27	0	txt
ac_cloud-mail/core/jmap/src/main/kotlin/app/sterna/core/jmap/DownloadLimits.kt	modified	core/jmap/src/main/kotlin/app/sterna/core/jmap/DownloadLimits.kt	40	23	txt
ac_cloud-mail/core/jmap/src/main/kotlin/app/sterna/core/jmap/EventSourceOrigin.kt	verbatim		13	0	txt
ac_cloud-mail/core/jmap/src/main/kotlin/app/sterna/core/jmap/FolderPageWalk.kt	verbatim		36	0	txt
ac_cloud-mail/core/jmap/src/main/kotlin/app/sterna/core/jmap/Jmap.kt	verbatim		70	0	txt
ac_cloud-mail/core/jmap/src/main/kotlin/app/sterna/core/jmap/JmapAuth.kt	verbatim		16	0	txt
ac_cloud-mail/core/jmap/src/main/kotlin/app/sterna/core/jmap/JmapClient.kt	modified	core/jmap/src/main/kotlin/app/sterna/core/jmap/JmapClient.kt	2606	138	txt
ac_cloud-mail/core/jmap/src/main/kotlin/app/sterna/core/jmap/JmapException.kt	verbatim		20	0	txt
ac_cloud-mail/core/jmap/src/main/kotlin/app/sterna/core/jmap/OAuthClient.kt	verbatim		404	0	txt
ac_cloud-mail/core/jmap/src/main/kotlin/app/sterna/core/jmap/model/Email.kt	verbatim		164	0	txt
ac_cloud-mail/core/jmap/src/main/kotlin/app/sterna/core/jmap/model/Identity.kt	verbatim		13	0	txt
ac_cloud-mail/core/jmap/src/main/kotlin/app/sterna/core/jmap/model/JmapSession.kt	verbatim		69	0	txt
ac_cloud-mail/core/jmap/src/main/kotlin/app/sterna/core/jmap/model/Mailbox.kt	modified	core/jmap/src/main/kotlin/app/sterna/core/jmap/model/Mailbox.kt	24	4	txt
ac_cloud-mail/core/jmap/src/main/kotlin/app/sterna/core/jmap/model/PushMessagePayload.kt	verbatim		33	0	txt
ac_cloud-mail/core/jmap/src/main/kotlin/app/sterna/core/jmap/model/PushSubscription.kt	verbatim		24	0	txt
ac_cloud-mail/core/jmap/src/main/kotlin/app/sterna/core/jmap/model/Quota.kt	verbatim		18	0	txt
ac_cloud-mail/core/jmap/src/main/kotlin/app/sterna/core/jmap/model/SearchQuery.kt	verbatim		20	0	txt
ac_cloud-mail/core/jmap/src/main/kotlin/app/sterna/core/jmap/model/SieveScript.kt	verbatim		12	0	txt
ac_cloud-mail/core/jmap/src/main/kotlin/app/sterna/core/jmap/model/StateChange.kt	verbatim		16	0	txt
ac_cloud-mail/core/jmap/src/main/kotlin/app/sterna/core/jmap/model/SubmissionEnvelope.kt	verbatim		5	0	txt
ac_cloud-mail/core/jmap/src/main/kotlin/app/sterna/core/jmap/model/SyncTypes.kt	verbatim		66	0	txt
ac_cloud-mail/core/jmap/src/main/kotlin/app/sterna/core/jmap/model/VacationResponse.kt	verbatim		15	0	txt
ac_cloud-mail/core/jmap/src/test/kotlin/app/sterna/core/jmap/AutocryptOnTheWireTest.kt	verbatim		257	0	txt
ac_cloud-mail/core/jmap/src/test/kotlin/app/sterna/core/jmap/CopiesOnTheWireTest.kt	modified	core/jmap/src/test/kotlin/app/sterna/core/jmap/CopiesOnTheWireTest.kt	157	23	txt
ac_cloud-mail/core/jmap/src/test/kotlin/app/sterna/core/jmap/CreatedIdentityOnTheWireTest.kt	verbatim		112	0	txt
ac_cloud-mail/core/jmap/src/test/kotlin/app/sterna/core/jmap/CreatedMailboxIsSubscribedTest.kt	verbatim		82	0	txt
ac_cloud-mail/core/jmap/src/test/kotlin/app/sterna/core/jmap/DownloadLimitsTest.kt	verbatim		87	0	txt
ac_cloud-mail/core/jmap/src/test/kotlin/app/sterna/core/jmap/DraftHtmlOnTheWireTest.kt	verbatim		112	0	txt
ac_cloud-mail/core/jmap/src/test/kotlin/app/sterna/core/jmap/EnvelopeOnTheWireTest.kt	verbatim		160	0	txt
ac_cloud-mail/core/jmap/src/test/kotlin/app/sterna/core/jmap/EventSourceLogTest.kt	verbatim		156	0	txt
ac_cloud-mail/core/jmap/src/test/kotlin/app/sterna/core/jmap/EventSourceOriginTest.kt	verbatim		53	0	txt
ac_cloud-mail/core/jmap/src/test/kotlin/app/sterna/core/jmap/FolderPageWalkTest.kt	verbatim		93	0	txt
ac_cloud-mail/core/jmap/src/test/kotlin/app/sterna/core/jmap/ImportEmailOnTheWireTest.kt	verbatim		126	0	txt
ac_cloud-mail/core/jmap/src/test/kotlin/app/sterna/core/jmap/JmapClientTest.kt	modified	core/jmap/src/test/kotlin/app/sterna/core/jmap/JmapClientTest.kt	2169	17	txt
ac_cloud-mail/core/jmap/src/test/kotlin/app/sterna/core/jmap/JmapTest.kt	verbatim		90	0	txt
ac_cloud-mail/core/jmap/src/test/kotlin/app/sterna/core/jmap/MailboxMembershipPatchTest.kt	new		0	88	txt
ac_cloud-mail/core/jmap/src/test/kotlin/app/sterna/core/jmap/OAuthClientTest.kt	verbatim		1053	0	txt
ac_cloud-mail/core/jmap/src/test/kotlin/app/sterna/core/jmap/OriginSenderHeadersOnTheWireTest.kt	verbatim		149	0	txt
ac_cloud-mail/core/jmap/src/test/kotlin/app/sterna/core/jmap/PushSubscriptionTest.kt	verbatim		142	0	txt
ac_cloud-mail/core/jmap/src/test/kotlin/app/sterna/core/jmap/ReadReceiptHeaderOnTheWireTest.kt	verbatim		286	0	txt
ac_cloud-mail/core/jmap/src/test/kotlin/app/sterna/core/jmap/ReadReceiptOnTheWireTest.kt	verbatim		228	0	txt
ac_cloud-mail/core/jmap/src/test/kotlin/app/sterna/core/jmap/ReplyToOnTheWireTest.kt	verbatim		199	0	txt
ac_cloud-mail/core/jmap/src/test/kotlin/app/sterna/core/jmap/SearchFilterEveryCriterionTest.kt	verbatim		133	0	txt
ac_cloud-mail/core/jmap/src/test/kotlin/app/sterna/core/jmap/SearchFilterTest.kt	verbatim		109	0	txt
ac_cloud-mail/core/jmap/src/test/kotlin/app/sterna/core/jmap/StarOnTheWireTest.kt	new		0	227	txt
ac_cloud-mail/core/jmap/src/test/kotlin/app/sterna/core/jmap/UnsubscribeHeadersOnTheWireTest.kt	verbatim		229	0	txt
ac_cloud-mail/core/jmap/src/test/kotlin/app/sterna/core/jmap/model/EmailPartsTest.kt	verbatim		67	0	txt
ac_cloud-mail/core/jmap/src/test/kotlin/app/sterna/core/jmap/model/EmailReplyToTest.kt	verbatim		45	0	txt
ac_cloud-mail/core/jmap/src/test/kotlin/app/sterna/core/jmap/model/JmapSessionPrimaryFallbackTest.kt	verbatim		39	0	txt
ac_cloud-mail/core/jmap/src/test/kotlin/app/sterna/core/jmap/model/JmapSessionTest.kt	verbatim		122	0	txt
ac_cloud-mail/core/jmap/src/test/kotlin/app/sterna/core/jmap/model/MailboxLostRoleClaimDecodeTest.kt	verbatim		53	0	txt
ac_cloud-mail/core/jmap/src/test/kotlin/app/sterna/core/jmap/model/MailboxSubscriptionDecodeTest.kt	verbatim		38	0	txt
ac_cloud-mail/core/jmap/src/test/kotlin/app/sterna/core/jmap/model/PushMessagePayloadTest.kt	verbatim		52	0	txt
ac_cloud-mail/debug-api.json	new		0	14	txt
ac_cloud-mail/docs/PUSH-V2.md	verbatim		548	0	txt
ac_cloud-mail/docs/SELF-HOSTED-TLS.md	verbatim		90	0	txt
ac_cloud-mail/gradle.properties	verbatim		9	0	txt
ac_cloud-mail/gradle/libs.versions.toml	modified	gradle/libs.versions.toml	68	9	txt
ac_cloud-mail/gradle/wrapper/gradle-wrapper.jar	verbatim		0	0	bin
ac_cloud-mail/gradle/wrapper/gradle-wrapper.properties	verbatim		7	0	txt
ac_cloud-mail/gradlew	verbatim		223	0	txt
ac_cloud-mail/gradlew.bat	verbatim		73	0	txt
ac_cloud-mail/libs/openpgp-api/LICENSE	verbatim		169	0	txt
ac_cloud-mail/libs/openpgp-api/NOTICE	verbatim		14	0	txt
ac_cloud-mail/libs/openpgp-api/build.gradle.kts	verbatim		18	0	txt
ac_cloud-mail/libs/openpgp-api/src/main/aidl/org/openintents/openpgp/IOpenPgpService2.aidl	verbatim		26	0	txt
ac_cloud-mail/libs/openpgp-api/src/main/java/org/openintents/openpgp/AutocryptPeerUpdate.java	verbatim		102	0	txt
ac_cloud-mail/libs/openpgp-api/src/main/java/org/openintents/openpgp/OpenPgpDecryptionResult.java	verbatim		102	0	txt
ac_cloud-mail/libs/openpgp-api/src/main/java/org/openintents/openpgp/OpenPgpError.java	verbatim		99	0	txt
ac_cloud-mail/libs/openpgp-api/src/main/java/org/openintents/openpgp/OpenPgpMetadata.java	verbatim		126	0	txt
ac_cloud-mail/libs/openpgp-api/src/main/java/org/openintents/openpgp/OpenPgpSignatureResult.java	verbatim		205	0	txt
ac_cloud-mail/libs/openpgp-api/src/main/java/org/openintents/openpgp/util/OpenPgpApi.java	verbatim		547	0	txt
ac_cloud-mail/libs/openpgp-api/src/main/java/org/openintents/openpgp/util/OpenPgpProviderUtil.java	verbatim		47	0	txt
ac_cloud-mail/libs/openpgp-api/src/main/java/org/openintents/openpgp/util/OpenPgpServiceConnection.java	verbatim		106	0	txt
ac_cloud-mail/libs/openpgp-api/src/main/java/org/openintents/openpgp/util/OpenPgpUtils.java	verbatim		122	0	txt
ac_cloud-mail/libs/openpgp-api/src/main/java/org/openintents/openpgp/util/ParcelFileDescriptorUtil.java	verbatim		151	0	txt
ac_cloud-mail/settings.gradle	new		0	37	txt
ac_cloud-mail/ship.yaml	new		0	216	txt
ac_cloud-mail/test/drawer-folder-labels.json	new		0	124	txt
ac_cloud-mail/test/test-mail-attachment-chips.sh	new		0	225	txt
ac_cloud-mail/test/test-mail-compose-signature-order.sh	new		0	264	txt
ac_cloud-mail/test/test-mail-filters-foreign-script.sh	new		0	133	txt
ac_cloud-mail/test/test-mail-folder-sidebar.sh	new		0	92	txt
ac_cloud-mail/test/test-mail-html.sh	new		0	334	txt
ac_cloud-mail/test/test-mail-list-row-actions.sh	new		0	165	txt
ac_cloud-mail/test/test-mail-list-row-visible.sh	new		0	78	txt
ac_cloud-mail/test/test-mail-message-list-cards.sh	new		0	121	txt
ac_cloud-mail/test/test-mail-mini-browser.sh	new		0	119	txt
ac_cloud-mail/test/test-mail-reader-actions.sh	new		0	454	txt
ac_cloud-mail/test/test-mail-scan-engine.sh	new		0	208	txt
ac_cloud-mail/test/test-mail-self-update.sh	new		0	363	txt
ac_cloud-mail/test/test-mail-signatures.sh	new		0	208	txt
ac_cloud-mail/test/test-mail-text-tool-surfaces.sh	new		0	256	txt
ac_cloud-mail/test/test-mail-text-tools-independent.sh	new		0	209	txt
ac_cloud-mail/test/test-mail-text-tools.sh	new		0	190	txt
