path	class	upstream_counterpart	lines_derived	lines_new	kind
ac_cloud-media-center/.github/FUNDING.yml	verbatim		2	0	txt
ac_cloud-media-center/.github/ISSUE_TEMPLATE/bug_report.md	modified	.github/ISSUE_TEMPLATE/bug_report.md	26	0	txt
ac_cloud-media-center/.github/ISSUE_TEMPLATE/enhancement-feature-request.md	verbatim		16	0	txt
ac_cloud-media-center/.github/RELEASE_BODY.md	verbatim		37	0	txt
ac_cloud-media-center/.github/VARIANT_INFO.md	verbatim		8	0	txt
ac_cloud-media-center/.github/actions/build-native-libs/action.yml	verbatim		69	0	txt
ac_cloud-media-center/.github/workflows/nightly.yml	verbatim		237	0	txt
ac_cloud-media-center/.github/workflows/stable.yml	modified	.github/workflows/stable.yml	309	1	txt
ac_cloud-media-center/.gitignore	new		0	9	txt
ac_cloud-media-center/CONTEXT.md	modified	CONTEXT.md	26	1	txt
ac_cloud-media-center/LICENSE	verbatim		169	0	txt
ac_cloud-media-center/NOTICE.md	new		0	34	txt
ac_cloud-media-center/PQC_HYBRID_SIGNING_PLAN.md	verbatim		99	0	txt
ac_cloud-media-center/README.md	new		0	121	txt
ac_cloud-media-center/UPSTREAM-README.md	verbatim		49	0	txt
ac_cloud-media-center/app.properties	verbatim		8	0	txt
ac_cloud-media-center/app/.gitignore	verbatim		15	0	txt
ac_cloud-media-center/app/build.gradle.kts	modified	app/build.gradle.kts	556	54	txt
ac_cloud-media-center/app/compose_compiler_config.conf	verbatim		19	0	txt
ac_cloud-media-center/app/lint-baseline.xml	modified	app/lint-baseline.xml	11231	78	txt
ac_cloud-media-center/app/proguard-rules.pro	modified	app/proguard-rules.pro	49	15	txt
ac_cloud-media-center/app/schemas/com.diegonmarcos.mediacenter.feature_node.data.data_source.InternalDatabase/1.json	verbatim		34	0	txt
ac_cloud-media-center/app/schemas/com.diegonmarcos.mediacenter.feature_node.data.data_source.InternalDatabase/10.json	modified	app/schemas/com.dot.gallery.feature_node.data.data_source.InternalDatabase/10.json	690	3	txt
ac_cloud-media-center/app/schemas/com.diegonmarcos.mediacenter.feature_node.data.data_source.InternalDatabase/11.json	modified	app/schemas/com.dot.gallery.feature_node.data.data_source.InternalDatabase/11.json	720	3	txt
ac_cloud-media-center/app/schemas/com.diegonmarcos.mediacenter.feature_node.data.data_source.InternalDatabase/12.json	modified	app/schemas/com.dot.gallery.feature_node.data.data_source.InternalDatabase/12.json	735	3	txt
ac_cloud-media-center/app/schemas/com.diegonmarcos.mediacenter.feature_node.data.data_source.InternalDatabase/13.json	modified	app/schemas/com.dot.gallery.feature_node.data.data_source.InternalDatabase/13.json	741	3	txt
ac_cloud-media-center/app/schemas/com.diegonmarcos.mediacenter.feature_node.data.data_source.InternalDatabase/14.json	modified	app/schemas/com.dot.gallery.feature_node.data.data_source.InternalDatabase/14.json	896	3	txt
ac_cloud-media-center/app/schemas/com.diegonmarcos.mediacenter.feature_node.data.data_source.InternalDatabase/15.json	modified	app/schemas/com.dot.gallery.feature_node.data.data_source.InternalDatabase/15.json	891	3	txt
ac_cloud-media-center/app/schemas/com.diegonmarcos.mediacenter.feature_node.data.data_source.InternalDatabase/16.json	modified	app/schemas/com.dot.gallery.feature_node.data.data_source.InternalDatabase/16.json	933	3	txt
ac_cloud-media-center/app/schemas/com.diegonmarcos.mediacenter.feature_node.data.data_source.InternalDatabase/17.json	modified	app/schemas/com.dot.gallery.feature_node.data.data_source.InternalDatabase/17.json	951	3	txt
ac_cloud-media-center/app/schemas/com.diegonmarcos.mediacenter.feature_node.data.data_source.InternalDatabase/18.json	modified	app/schemas/com.dot.gallery.feature_node.data.data_source.InternalDatabase/18.json	1019	3	txt
ac_cloud-media-center/app/schemas/com.diegonmarcos.mediacenter.feature_node.data.data_source.InternalDatabase/19.json	modified	app/schemas/com.dot.gallery.feature_node.data.data_source.InternalDatabase/19.json	1037	3	txt
ac_cloud-media-center/app/schemas/com.diegonmarcos.mediacenter.feature_node.data.data_source.InternalDatabase/2.json	verbatim		60	0	txt
ac_cloud-media-center/app/schemas/com.diegonmarcos.mediacenter.feature_node.data.data_source.InternalDatabase/20.json	modified	app/schemas/com.dot.gallery.feature_node.data.data_source.InternalDatabase/20.json	1154	3	txt
ac_cloud-media-center/app/schemas/com.diegonmarcos.mediacenter.feature_node.data.data_source.InternalDatabase/21.json	modified	app/schemas/com.dot.gallery.feature_node.data.data_source.InternalDatabase/21.json	1161	3	txt
ac_cloud-media-center/app/schemas/com.diegonmarcos.mediacenter.feature_node.data.data_source.InternalDatabase/22.json	modified	app/schemas/com.dot.gallery.feature_node.data.data_source.InternalDatabase/22.json	1225	3	txt
ac_cloud-media-center/app/schemas/com.diegonmarcos.mediacenter.feature_node.data.data_source.InternalDatabase/23.json	modified	app/schemas/com.dot.gallery.feature_node.data.data_source.InternalDatabase/23.json	1243	3	txt
ac_cloud-media-center/app/schemas/com.diegonmarcos.mediacenter.feature_node.data.data_source.InternalDatabase/24.json	modified	app/schemas/com.dot.gallery.feature_node.data.data_source.InternalDatabase/24.json	1823	3	txt
ac_cloud-media-center/app/schemas/com.diegonmarcos.mediacenter.feature_node.data.data_source.InternalDatabase/25.json	modified	app/schemas/com.dot.gallery.feature_node.data.data_source.InternalDatabase/25.json	1883	3	txt
ac_cloud-media-center/app/schemas/com.diegonmarcos.mediacenter.feature_node.data.data_source.InternalDatabase/26.json	modified	app/schemas/com.dot.gallery.feature_node.data.data_source.InternalDatabase/26.json	1926	3	txt
ac_cloud-media-center/app/schemas/com.diegonmarcos.mediacenter.feature_node.data.data_source.InternalDatabase/27.json	modified	app/schemas/com.dot.gallery.feature_node.data.data_source.InternalDatabase/27.json	1962	3	txt
ac_cloud-media-center/app/schemas/com.diegonmarcos.mediacenter.feature_node.data.data_source.InternalDatabase/28.json	modified	app/schemas/com.dot.gallery.feature_node.data.data_source.InternalDatabase/28.json	1962	3	txt
ac_cloud-media-center/app/schemas/com.diegonmarcos.mediacenter.feature_node.data.data_source.InternalDatabase/29.json	modified	app/schemas/com.dot.gallery.feature_node.data.data_source.InternalDatabase/29.json	1969	3	txt
ac_cloud-media-center/app/schemas/com.diegonmarcos.mediacenter.feature_node.data.data_source.InternalDatabase/3.json	verbatim		80	0	txt
ac_cloud-media-center/app/schemas/com.diegonmarcos.mediacenter.feature_node.data.data_source.InternalDatabase/30.json	modified	app/schemas/com.dot.gallery.feature_node.data.data_source.InternalDatabase/30.json	2109	3	txt
ac_cloud-media-center/app/schemas/com.diegonmarcos.mediacenter.feature_node.data.data_source.InternalDatabase/31.json	modified	app/schemas/com.dot.gallery.feature_node.data.data_source.InternalDatabase/31.json	2133	3	txt
ac_cloud-media-center/app/schemas/com.diegonmarcos.mediacenter.feature_node.data.data_source.InternalDatabase/32.json	modified	app/schemas/com.dot.gallery.feature_node.data.data_source.InternalDatabase/32.json	2245	3	txt
ac_cloud-media-center/app/schemas/com.diegonmarcos.mediacenter.feature_node.data.data_source.InternalDatabase/33.json	modified	app/schemas/com.dot.gallery.feature_node.data.data_source.InternalDatabase/33.json	2245	3	txt
ac_cloud-media-center/app/schemas/com.diegonmarcos.mediacenter.feature_node.data.data_source.InternalDatabase/34.json	modified	app/schemas/com.dot.gallery.feature_node.data.data_source.InternalDatabase/34.json	2269	3	txt
ac_cloud-media-center/app/schemas/com.diegonmarcos.mediacenter.feature_node.data.data_source.InternalDatabase/35.json	modified	app/schemas/com.dot.gallery.feature_node.data.data_source.InternalDatabase/35.json	2276	3	txt
ac_cloud-media-center/app/schemas/com.diegonmarcos.mediacenter.feature_node.data.data_source.InternalDatabase/36.json	modified	app/schemas/com.dot.gallery.feature_node.data.data_source.InternalDatabase/36.json	2277	3	txt
ac_cloud-media-center/app/schemas/com.diegonmarcos.mediacenter.feature_node.data.data_source.InternalDatabase/37.json	modified	app/schemas/com.dot.gallery.feature_node.data.data_source.InternalDatabase/37.json	2277	3	txt
ac_cloud-media-center/app/schemas/com.diegonmarcos.mediacenter.feature_node.data.data_source.InternalDatabase/38.json	modified	app/schemas/com.dot.gallery.feature_node.data.data_source.InternalDatabase/38.json	2307	3	txt
ac_cloud-media-center/app/schemas/com.diegonmarcos.mediacenter.feature_node.data.data_source.InternalDatabase/39.json	modified	app/schemas/com.dot.gallery.feature_node.data.data_source.InternalDatabase/39.json	2360	3	txt
ac_cloud-media-center/app/schemas/com.diegonmarcos.mediacenter.feature_node.data.data_source.InternalDatabase/4.json	verbatim		210	0	txt
ac_cloud-media-center/app/schemas/com.diegonmarcos.mediacenter.feature_node.data.data_source.InternalDatabase/40.json	modified	app/schemas/com.dot.gallery.feature_node.data.data_source.InternalDatabase/40.json	2367	3	txt
ac_cloud-media-center/app/schemas/com.diegonmarcos.mediacenter.feature_node.data.data_source.InternalDatabase/41.json	new		0	2370	txt
ac_cloud-media-center/app/schemas/com.diegonmarcos.mediacenter.feature_node.data.data_source.InternalDatabase/42.json	new		0	2466	txt
ac_cloud-media-center/app/schemas/com.diegonmarcos.mediacenter.feature_node.data.data_source.InternalDatabase/5.json	modified	app/schemas/com.dot.gallery.feature_node.data.data_source.InternalDatabase/5.json	255	3	txt
ac_cloud-media-center/app/schemas/com.diegonmarcos.mediacenter.feature_node.data.data_source.InternalDatabase/6.json	modified	app/schemas/com.dot.gallery.feature_node.data.data_source.InternalDatabase/6.json	377	3	txt
ac_cloud-media-center/app/schemas/com.diegonmarcos.mediacenter.feature_node.data.data_source.InternalDatabase/7.json	modified	app/schemas/com.dot.gallery.feature_node.data.data_source.InternalDatabase/7.json	513	3	txt
ac_cloud-media-center/app/schemas/com.diegonmarcos.mediacenter.feature_node.data.data_source.InternalDatabase/8.json	modified	app/schemas/com.dot.gallery.feature_node.data.data_source.InternalDatabase/8.json	666	3	txt
ac_cloud-media-center/app/schemas/com.diegonmarcos.mediacenter.feature_node.data.data_source.InternalDatabase/9.json	modified	app/schemas/com.dot.gallery.feature_node.data.data_source.InternalDatabase/9.json	666	3	txt
ac_cloud-media-center/app/schemas/debug/com.dot.gallery.feature_node.data.data_source.InternalDatabase/1.json	verbatim		34	0	txt
ac_cloud-media-center/app/schemas/release/com.dot.gallery.feature_node.data.data_source.InternalDatabase/1.json	verbatim		34	0	txt
ac_cloud-media-center/app/schemas/staging/com.dot.gallery.feature_node.data.data_source.InternalDatabase/1.json	verbatim		34	0	txt
ac_cloud-media-center/app/src/androidTest/java/com/diegonmarcos/mediacenter/CutoutEngineTest.kt	modified	app/src/androidTest/java/com/dot/gallery/CutoutEngineTest.kt	119	4	txt
ac_cloud-media-center/app/src/androidTest/java/com/diegonmarcos/mediacenter/ExampleInstrumentedTest.kt	modified	app/src/androidTest/java/com/dot/gallery/ExampleInstrumentedTest.kt	18	2	txt
ac_cloud-media-center/app/src/androidTest/java/com/diegonmarcos/mediacenter/benchmark/BenchmarkUtils.kt	modified	app/src/androidTest/java/com/dot/gallery/benchmark/BenchmarkUtils.kt	71	1	txt
ac_cloud-media-center/app/src/androidTest/java/com/diegonmarcos/mediacenter/benchmark/DataProcessingBenchmark.kt	modified	app/src/androidTest/java/com/dot/gallery/benchmark/DataProcessingBenchmark.kt	393	11	txt
ac_cloud-media-center/app/src/androidTest/java/com/diegonmarcos/mediacenter/benchmark/MediaStoreQueryBenchmark.kt	modified	app/src/androidTest/java/com/dot/gallery/benchmark/MediaStoreQueryBenchmark.kt	226	8	txt
ac_cloud-media-center/app/src/androidTest/java/com/diegonmarcos/mediacenter/cloud/CloudMediaDaoTest.kt	modified	app/src/androidTest/java/com/dot/gallery/cloud/CloudMediaDaoTest.kt	151	6	txt
ac_cloud-media-center/app/src/androidTest/java/com/diegonmarcos/mediacenter/cloud/CloudUploadPrefDaoTest.kt	modified	app/src/androidTest/java/com/dot/gallery/cloud/CloudUploadPrefDaoTest.kt	93	5	txt
ac_cloud-media-center/app/src/androidTest/java/com/diegonmarcos/mediacenter/cloud/CloudUriBuilderTest.kt	modified	app/src/androidTest/java/com/dot/gallery/cloud/CloudUriBuilderTest.kt	63	5	txt
ac_cloud-media-center/app/src/androidTest/java/com/diegonmarcos/mediacenter/cloud/ImmichDtoMappingTest.kt	modified	app/src/androidTest/java/com/dot/gallery/cloud/ImmichDtoMappingTest.kt	122	5	txt
ac_cloud-media-center/app/src/androidTest/java/com/diegonmarcos/mediacenter/cloud/ImmichProviderMockServerTest.kt	modified	app/src/androidTest/java/com/dot/gallery/cloud/ImmichProviderMockServerTest.kt	172	9	txt
ac_cloud-media-center/app/src/androidTest/java/com/diegonmarcos/mediacenter/core/util/ext/ContentResolverExtTest.kt	modified	app/src/androidTest/java/com/dot/gallery/core/util/ext/ContentResolverExtTest.kt	80	1	txt
ac_cloud-media-center/app/src/androidTest/java/com/diegonmarcos/mediacenter/metadata/MetadataSanitizerTest.kt	modified	app/src/androidTest/java/com/dot/gallery/metadata/MetadataSanitizerTest.kt	114	6	txt
ac_cloud-media-center/app/src/androidTest/java/com/diegonmarcos/mediacenter/settings/SettingsFocusNavigationTest.kt	modified	app/src/androidTest/java/com/dot/gallery/settings/SettingsFocusNavigationTest.kt	146	6	txt
ac_cloud-media-center/app/src/arm64-v8aRelease/generated/baselineProfiles/baseline-prof.txt	modified	app/src/arm64-v8aRelease/generated/baselineProfiles/baseline-prof.txt	26393	2986	txt
ac_cloud-media-center/app/src/arm64-v8aRelease/generated/baselineProfiles/startup-prof.txt	modified	app/src/arm64-v8aRelease/generated/baselineProfiles/startup-prof.txt	26393	2986	txt
ac_cloud-media-center/app/src/cloud/kotlin/com/diegonmarcos/mediacenter/cloud/util/CloudMediaDownloader.kt	modified	app/src/cloud/kotlin/com/dot/gallery/cloud/util/CloudMediaDownloader.kt	32	5	txt
ac_cloud-media-center/app/src/genericwebdav/kotlin/com/diegonmarcos/mediacenter/cloud/genericwebdav/GenericWebDavDialect.kt	modified	app/src/genericwebdav/kotlin/com/dot/gallery/cloud/genericwebdav/GenericWebDavDialect.kt	19	5	txt
ac_cloud-media-center/app/src/genericwebdav/kotlin/com/diegonmarcos/mediacenter/cloud/genericwebdav/di/WebDavModule.kt	modified	app/src/genericwebdav/kotlin/com/dot/gallery/cloud/genericwebdav/di/WebDavModule.kt	27	7	txt
ac_cloud-media-center/app/src/gplay/AndroidManifest.xml	verbatim		8	0	txt
ac_cloud-media-center/app/src/immich/kotlin/com/diegonmarcos/mediacenter/cloud/immich/ImmichProvider.kt	modified	app/src/immich/kotlin/com/dot/gallery/cloud/immich/ImmichProvider.kt	896	40	txt
ac_cloud-media-center/app/src/immich/kotlin/com/diegonmarcos/mediacenter/cloud/immich/data/api/ImmichApiService.kt	modified	app/src/immich/kotlin/com/dot/gallery/cloud/immich/data/api/ImmichApiService.kt	129	18	txt
ac_cloud-media-center/app/src/immich/kotlin/com/diegonmarcos/mediacenter/cloud/immich/data/api/ImmichAuthInterceptor.kt	modified	app/src/immich/kotlin/com/dot/gallery/cloud/immich/data/api/ImmichAuthInterceptor.kt	25	1	txt
ac_cloud-media-center/app/src/immich/kotlin/com/diegonmarcos/mediacenter/cloud/immich/data/dto/ImmichDtos.kt	modified	app/src/immich/kotlin/com/dot/gallery/cloud/immich/data/dto/ImmichDtos.kt	250	4	txt
ac_cloud-media-center/app/src/immich/kotlin/com/diegonmarcos/mediacenter/cloud/immich/di/ImmichModule.kt	modified	app/src/immich/kotlin/com/dot/gallery/cloud/immich/di/ImmichModule.kt	30	7	txt
ac_cloud-media-center/app/src/main/AndroidManifest.xml	modified	app/src/main/AndroidManifest.xml	352	16	txt
ac_cloud-media-center/app/src/main/assets/changelog/40001.md	verbatim		17	0	txt
ac_cloud-media-center/app/src/main/assets/changelog/41001.md	verbatim		13	0	txt
ac_cloud-media-center/app/src/main/assets/changelog/41101.md	verbatim		12	0	txt
ac_cloud-media-center/app/src/main/assets/changelog/41202.md	verbatim		11	0	txt
ac_cloud-media-center/app/src/main/assets/changelog/41301.md	verbatim		11	0	txt
ac_cloud-media-center/app/src/main/assets/changelog/42001.md	verbatim		24	0	txt
ac_cloud-media-center/app/src/main/assets/changelog/42101.md	verbatim		15	0	txt
ac_cloud-media-center/app/src/main/assets/changelog/42201.md	verbatim		18	0	txt
ac_cloud-media-center/app/src/main/assets/changelog/42301.md	verbatim		19	0	txt
ac_cloud-media-center/app/src/main/assets/changelog/43001.md	verbatim		16	0	txt
ac_cloud-media-center/app/src/main/assets/changelog/50004.md	verbatim		22	0	txt
ac_cloud-media-center/app/src/main/assets/changelog/50101.md	verbatim		17	0	txt
ac_cloud-media-center/app/src/main/assets/changelog/50201.md	verbatim		13	0	txt
ac_cloud-media-center/app/src/main/assets/changelog/50303.md	verbatim		16	0	txt
ac_cloud-media-center/app/src/main/assets/changelog/51006.md	modified	app/src/main/assets/changelog/51006.md	30	1	txt
ac_cloud-media-center/app/src/main/cpp/CMakeLists.txt	verbatim		112	0	txt
ac_cloud-media-center/app/src/main/cpp/heif_encode_jni.cpp	modified	app/src/main/cpp/heif_encode_jni.cpp	152	8	txt
ac_cloud-media-center/app/src/main/cpp/heif_tiles_jni.cpp	modified	app/src/main/cpp/heif_tiles_jni.cpp	187	10	txt
ac_cloud-media-center/app/src/main/cpp/img_stream_jni.cpp	modified	app/src/main/cpp/img_stream_jni.cpp	193	14	txt
ac_cloud-media-center/app/src/main/cpp/raw_codec_jni.cpp	modified	app/src/main/cpp/raw_codec_jni.cpp	434	12	txt
ac_cloud-media-center/app/src/main/ic_launcher-playstore.png	verbatim		0	0	bin
ac_cloud-media-center/app/src/main/kotlin/com/diegonmarcos/mediacenter/GalleryApp.kt	modified	app/src/main/kotlin/com/dot/gallery/GalleryApp.kt	218	37	txt
ac_cloud-media-center/app/src/main/kotlin/com/diegonmarcos/mediacenter/cloud/core/CloudModels.kt	modified	app/src/main/kotlin/com/dot/gallery/cloud/core/CloudModels.kt	212	3	txt
ac_cloud-media-center/app/src/main/kotlin/com/diegonmarcos/mediacenter/cloud/core/CloudRuntimeSettings.kt	modified	app/src/main/kotlin/com/dot/gallery/cloud/core/CloudRuntimeSettings.kt	45	1	txt
ac_cloud-media-center/app/src/main/kotlin/com/diegonmarcos/mediacenter/cloud/core/CloudTrace.kt	modified	app/src/main/kotlin/com/dot/gallery/cloud/core/CloudTrace.kt	53	2	txt
ac_cloud-media-center/app/src/main/kotlin/com/diegonmarcos/mediacenter/cloud/core/CloudUri.kt	modified	app/src/main/kotlin/com/dot/gallery/cloud/core/CloudUri.kt	79	2	txt
ac_cloud-media-center/app/src/main/kotlin/com/diegonmarcos/mediacenter/cloud/core/ConnectionState.kt	modified	app/src/main/kotlin/com/dot/gallery/cloud/core/ConnectionState.kt	11	1	txt
ac_cloud-media-center/app/src/main/kotlin/com/diegonmarcos/mediacenter/cloud/core/CredentialEncryptor.kt	modified	app/src/main/kotlin/com/dot/gallery/cloud/core/CredentialEncryptor.kt	73	1	txt
ac_cloud-media-center/app/src/main/kotlin/com/diegonmarcos/mediacenter/cloud/core/Disconnectable.kt	modified	app/src/main/kotlin/com/dot/gallery/cloud/core/Disconnectable.kt	7	1	txt
ac_cloud-media-center/app/src/main/kotlin/com/diegonmarcos/mediacenter/cloud/core/MediaCapabilityProvider.kt	modified	app/src/main/kotlin/com/dot/gallery/cloud/core/MediaCapabilityProvider.kt	10	1	txt
ac_cloud-media-center/app/src/main/kotlin/com/diegonmarcos/mediacenter/cloud/core/ProviderCapability.kt	modified	app/src/main/kotlin/com/dot/gallery/cloud/core/ProviderCapability.kt	23	1	txt
ac_cloud-media-center/app/src/main/kotlin/com/diegonmarcos/mediacenter/cloud/core/ProviderInstanceFactory.kt	modified	app/src/main/kotlin/com/dot/gallery/cloud/core/ProviderInstanceFactory.kt	18	3	txt
ac_cloud-media-center/app/src/main/kotlin/com/diegonmarcos/mediacenter/cloud/core/ProviderRegistry.kt	modified	app/src/main/kotlin/com/dot/gallery/cloud/core/ProviderRegistry.kt	50	10	txt
ac_cloud-media-center/app/src/main/kotlin/com/diegonmarcos/mediacenter/cloud/core/ProviderType.kt	modified	app/src/main/kotlin/com/dot/gallery/cloud/core/ProviderType.kt	32	2	txt
ac_cloud-media-center/app/src/main/kotlin/com/diegonmarcos/mediacenter/cloud/core/StableIdHash.kt	modified	app/src/main/kotlin/com/dot/gallery/cloud/core/StableIdHash.kt	50	3	txt
ac_cloud-media-center/app/src/main/kotlin/com/diegonmarcos/mediacenter/cloud/core/capabilities/MapCapableProvider.kt	modified	app/src/main/kotlin/com/dot/gallery/cloud/core/capabilities/MapCapableProvider.kt	8	4	txt
ac_cloud-media-center/app/src/main/kotlin/com/diegonmarcos/mediacenter/cloud/core/capabilities/MemoriesCapableProvider.kt	modified	app/src/main/kotlin/com/dot/gallery/cloud/core/capabilities/MemoriesCapableProvider.kt	8	4	txt
ac_cloud-media-center/app/src/main/kotlin/com/diegonmarcos/mediacenter/cloud/core/capabilities/OcrCapableProvider.kt	modified	app/src/main/kotlin/com/dot/gallery/cloud/core/capabilities/OcrCapableProvider.kt	9	5	txt
ac_cloud-media-center/app/src/main/kotlin/com/diegonmarcos/mediacenter/cloud/core/capabilities/PeopleCapableProvider.kt	modified	app/src/main/kotlin/com/dot/gallery/cloud/core/capabilities/PeopleCapableProvider.kt	17	6	txt
ac_cloud-media-center/app/src/main/kotlin/com/diegonmarcos/mediacenter/cloud/core/capabilities/RemoteMediaProvider.kt	modified	app/src/main/kotlin/com/dot/gallery/cloud/core/capabilities/RemoteMediaProvider.kt	50	11	txt
ac_cloud-media-center/app/src/main/kotlin/com/diegonmarcos/mediacenter/cloud/core/capabilities/ShareLinkCapableProvider.kt	modified	app/src/main/kotlin/com/dot/gallery/cloud/core/capabilities/ShareLinkCapableProvider.kt	14	4	txt
ac_cloud-media-center/app/src/main/kotlin/com/diegonmarcos/mediacenter/cloud/core/capabilities/SmartSearchCapableProvider.kt	modified	app/src/main/kotlin/com/dot/gallery/cloud/core/capabilities/SmartSearchCapableProvider.kt	7	3	txt
ac_cloud-media-center/app/src/main/kotlin/com/diegonmarcos/mediacenter/cloud/core/capabilities/SyncCapableProvider.kt	modified	app/src/main/kotlin/com/dot/gallery/cloud/core/capabilities/SyncCapableProvider.kt	19	4	txt
ac_cloud-media-center/app/src/main/kotlin/com/diegonmarcos/mediacenter/cloud/data/CloudConverters.kt	modified	app/src/main/kotlin/com/dot/gallery/cloud/data/CloudConverters.kt	15	3	txt
ac_cloud-media-center/app/src/main/kotlin/com/diegonmarcos/mediacenter/cloud/data/dao/CloudAlbumSyncDao.kt	modified	app/src/main/kotlin/com/dot/gallery/cloud/data/dao/CloudAlbumSyncDao.kt	24	3	txt
ac_cloud-media-center/app/src/main/kotlin/com/diegonmarcos/mediacenter/cloud/data/dao/CloudDeleteLocalPrefDao.kt	modified	app/src/main/kotlin/com/dot/gallery/cloud/data/dao/CloudDeleteLocalPrefDao.kt	23	2	txt
ac_cloud-media-center/app/src/main/kotlin/com/diegonmarcos/mediacenter/cloud/data/dao/CloudMediaDao.kt	modified	app/src/main/kotlin/com/dot/gallery/cloud/data/dao/CloudMediaDao.kt	85	4	txt
ac_cloud-media-center/app/src/main/kotlin/com/diegonmarcos/mediacenter/cloud/data/dao/CloudOfflinePinDao.kt	modified	app/src/main/kotlin/com/dot/gallery/cloud/data/dao/CloudOfflinePinDao.kt	22	2	txt
ac_cloud-media-center/app/src/main/kotlin/com/diegonmarcos/mediacenter/cloud/data/dao/CloudServerConfigDao.kt	modified	app/src/main/kotlin/com/dot/gallery/cloud/data/dao/CloudServerConfigDao.kt	33	3	txt
ac_cloud-media-center/app/src/main/kotlin/com/diegonmarcos/mediacenter/cloud/data/dao/CloudUploadPrefDao.kt	modified	app/src/main/kotlin/com/dot/gallery/cloud/data/dao/CloudUploadPrefDao.kt	31	2	txt
ac_cloud-media-center/app/src/main/kotlin/com/diegonmarcos/mediacenter/cloud/data/dao/DetectedFaceDao.kt	modified	app/src/main/kotlin/com/dot/gallery/cloud/data/dao/DetectedFaceDao.kt	36	2	txt
ac_cloud-media-center/app/src/main/kotlin/com/diegonmarcos/mediacenter/cloud/data/dao/PersonDao.kt	modified	app/src/main/kotlin/com/dot/gallery/cloud/data/dao/PersonDao.kt	40	3	txt
ac_cloud-media-center/app/src/main/kotlin/com/diegonmarcos/mediacenter/cloud/data/dao/SyncStateDao.kt	modified	app/src/main/kotlin/com/dot/gallery/cloud/data/dao/SyncStateDao.kt	20	3	txt
ac_cloud-media-center/app/src/main/kotlin/com/diegonmarcos/mediacenter/cloud/data/entity/CloudAlbumSyncEntity.kt	modified	app/src/main/kotlin/com/dot/gallery/cloud/data/entity/CloudAlbumSyncEntity.kt	16	2	txt
ac_cloud-media-center/app/src/main/kotlin/com/diegonmarcos/mediacenter/cloud/data/entity/CloudDeleteLocalPrefEntity.kt	modified	app/src/main/kotlin/com/dot/gallery/cloud/data/entity/CloudDeleteLocalPrefEntity.kt	22	1	txt
ac_cloud-media-center/app/src/main/kotlin/com/diegonmarcos/mediacenter/cloud/data/entity/CloudMediaEntity.kt	modified	app/src/main/kotlin/com/dot/gallery/cloud/data/entity/CloudMediaEntity.kt	109	7	txt
ac_cloud-media-center/app/src/main/kotlin/com/diegonmarcos/mediacenter/cloud/data/entity/CloudOfflinePinEntity.kt	modified	app/src/main/kotlin/com/dot/gallery/cloud/data/entity/CloudOfflinePinEntity.kt	23	3	txt
ac_cloud-media-center/app/src/main/kotlin/com/diegonmarcos/mediacenter/cloud/data/entity/CloudServerConfigEntity.kt	modified	app/src/main/kotlin/com/dot/gallery/cloud/data/entity/CloudServerConfigEntity.kt	125	3	txt
ac_cloud-media-center/app/src/main/kotlin/com/diegonmarcos/mediacenter/cloud/data/entity/CloudUploadPrefEntity.kt	modified	app/src/main/kotlin/com/dot/gallery/cloud/data/entity/CloudUploadPrefEntity.kt	28	2	txt
ac_cloud-media-center/app/src/main/kotlin/com/diegonmarcos/mediacenter/cloud/data/entity/DetectedFaceEntity.kt	modified	app/src/main/kotlin/com/dot/gallery/cloud/data/entity/DetectedFaceEntity.kt	48	1	txt
ac_cloud-media-center/app/src/main/kotlin/com/diegonmarcos/mediacenter/cloud/data/entity/OcrResultEntity.kt	modified	app/src/main/kotlin/com/dot/gallery/cloud/data/entity/OcrResultEntity.kt	18	1	txt
ac_cloud-media-center/app/src/main/kotlin/com/diegonmarcos/mediacenter/cloud/data/entity/PersonEntity.kt	modified	app/src/main/kotlin/com/dot/gallery/cloud/data/entity/PersonEntity.kt	24	2	txt
ac_cloud-media-center/app/src/main/kotlin/com/diegonmarcos/mediacenter/cloud/data/entity/SyncStateEntity.kt	modified	app/src/main/kotlin/com/dot/gallery/cloud/data/entity/SyncStateEntity.kt	23	2	txt
ac_cloud-media-center/app/src/main/kotlin/com/diegonmarcos/mediacenter/cloud/data/repository/CloudRepository.kt	modified	app/src/main/kotlin/com/dot/gallery/cloud/data/repository/CloudRepository.kt	68	13	txt
ac_cloud-media-center/app/src/main/kotlin/com/diegonmarcos/mediacenter/cloud/data/repository/CloudRepositoryImpl.kt	modified	app/src/main/kotlin/com/dot/gallery/cloud/data/repository/CloudRepositoryImpl.kt	331	26	txt
ac_cloud-media-center/app/src/main/kotlin/com/diegonmarcos/mediacenter/cloud/di/CloudModule.kt	modified	app/src/main/kotlin/com/dot/gallery/cloud/di/CloudModule.kt	61	16	txt
ac_cloud-media-center/app/src/main/kotlin/com/diegonmarcos/mediacenter/cloud/di/CloudProviderInitializer.kt	modified	app/src/main/kotlin/com/dot/gallery/cloud/di/CloudProviderInitializer.kt	233	16	txt
ac_cloud-media-center/app/src/main/kotlin/com/diegonmarcos/mediacenter/cloud/image/CloudGlideModelLoader.kt	modified	app/src/main/kotlin/com/dot/gallery/cloud/image/CloudGlideModelLoader.kt	178	8	txt
ac_cloud-media-center/app/src/main/kotlin/com/diegonmarcos/mediacenter/cloud/image/CloudImageSource.kt	modified	app/src/main/kotlin/com/dot/gallery/cloud/image/CloudImageSource.kt	122	5	txt
ac_cloud-media-center/app/src/main/kotlin/com/diegonmarcos/mediacenter/cloud/image/CloudMediaFetcher.kt	modified	app/src/main/kotlin/com/dot/gallery/cloud/image/CloudMediaFetcher.kt	168	9	txt
ac_cloud-media-center/app/src/main/kotlin/com/diegonmarcos/mediacenter/cloud/local/LocalCapabilityProvider.kt	modified	app/src/main/kotlin/com/dot/gallery/cloud/local/LocalCapabilityProvider.kt	25	3	txt
ac_cloud-media-center/app/src/main/kotlin/com/diegonmarcos/mediacenter/cloud/local/LocalOcrProvider.kt	modified	app/src/main/kotlin/com/dot/gallery/cloud/local/LocalOcrProvider.kt	39	7	txt
ac_cloud-media-center/app/src/main/kotlin/com/diegonmarcos/mediacenter/cloud/local/LocalPeopleBlurrer.kt	modified	app/src/main/kotlin/com/dot/gallery/cloud/local/LocalPeopleBlurrer.kt	88	10	txt
ac_cloud-media-center/app/src/main/kotlin/com/diegonmarcos/mediacenter/cloud/local/LocalPeopleProvider.kt	modified	app/src/main/kotlin/com/dot/gallery/cloud/local/LocalPeopleProvider.kt	66	13	txt
ac_cloud-media-center/app/src/main/kotlin/com/diegonmarcos/mediacenter/cloud/media/CloudDataSource.kt	modified	app/src/main/kotlin/com/dot/gallery/cloud/media/CloudDataSource.kt	142	6	txt
ac_cloud-media-center/app/src/main/kotlin/com/diegonmarcos/mediacenter/cloud/network/LanBindingSocketFactory.kt	modified	app/src/main/kotlin/com/dot/gallery/cloud/network/LanBindingSocketFactory.kt	79	2	txt
ac_cloud-media-center/app/src/main/kotlin/com/diegonmarcos/mediacenter/cloud/network/ServerUrlResolver.kt	modified	app/src/main/kotlin/com/dot/gallery/cloud/network/ServerUrlResolver.kt	51	4	txt
ac_cloud-media-center/app/src/main/kotlin/com/diegonmarcos/mediacenter/cloud/offline/CloudCacheInterceptor.kt	modified	app/src/main/kotlin/com/dot/gallery/cloud/offline/CloudCacheInterceptor.kt	141	2	txt
ac_cloud-media-center/app/src/main/kotlin/com/diegonmarcos/mediacenter/cloud/offline/CloudMediaCache.kt	modified	app/src/main/kotlin/com/dot/gallery/cloud/offline/CloudMediaCache.kt	188	3	txt
ac_cloud-media-center/app/src/main/kotlin/com/diegonmarcos/mediacenter/cloud/offline/OfflineModeManager.kt	modified	app/src/main/kotlin/com/dot/gallery/cloud/offline/OfflineModeManager.kt	138	3	txt
ac_cloud-media-center/app/src/main/kotlin/com/diegonmarcos/mediacenter/cloud/sync/CloudIndexProgressManager.kt	modified	app/src/main/kotlin/com/dot/gallery/cloud/sync/CloudIndexProgressManager.kt	123	3	txt
ac_cloud-media-center/app/src/main/kotlin/com/diegonmarcos/mediacenter/cloud/sync/CloudOfflineDownloadWorker.kt	modified	app/src/main/kotlin/com/dot/gallery/cloud/sync/CloudOfflineDownloadWorker.kt	113	10	txt
ac_cloud-media-center/app/src/main/kotlin/com/diegonmarcos/mediacenter/cloud/sync/CloudSyncScheduler.kt	modified	app/src/main/kotlin/com/dot/gallery/cloud/sync/CloudSyncScheduler.kt	37	3	txt
ac_cloud-media-center/app/src/main/kotlin/com/diegonmarcos/mediacenter/cloud/sync/CloudSyncWorker.kt	modified	app/src/main/kotlin/com/dot/gallery/cloud/sync/CloudSyncWorker.kt	102	10	txt
ac_cloud-media-center/app/src/main/kotlin/com/diegonmarcos/mediacenter/cloud/sync/CloudUploadWorker.kt	modified	app/src/main/kotlin/com/dot/gallery/cloud/sync/CloudUploadWorker.kt	503	24	txt
ac_cloud-media-center/app/src/main/kotlin/com/diegonmarcos/mediacenter/cloud/ui/CloudAccountsScreen.kt	modified	app/src/main/kotlin/com/dot/gallery/cloud/ui/CloudAccountsScreen.kt	566	17	txt
ac_cloud-media-center/app/src/main/kotlin/com/diegonmarcos/mediacenter/cloud/ui/CloudAccountsViewModel.kt	modified	app/src/main/kotlin/com/dot/gallery/cloud/ui/CloudAccountsViewModel.kt	451	28	txt
ac_cloud-media-center/app/src/main/kotlin/com/diegonmarcos/mediacenter/cloud/ui/CloudAddServerScreen.kt	modified	app/src/main/kotlin/com/dot/gallery/cloud/ui/CloudAddServerScreen.kt	723	17	txt
ac_cloud-media-center/app/src/main/kotlin/com/diegonmarcos/mediacenter/cloud/ui/CloudMediaViewModel.kt	modified	app/src/main/kotlin/com/dot/gallery/cloud/ui/CloudMediaViewModel.kt	185	11	txt
ac_cloud-media-center/app/src/main/kotlin/com/diegonmarcos/mediacenter/cloud/ui/CloudSelectionViewModel.kt	modified	app/src/main/kotlin/com/dot/gallery/cloud/ui/CloudSelectionViewModel.kt	68	10	txt
ac_cloud-media-center/app/src/main/kotlin/com/diegonmarcos/mediacenter/cloud/ui/CloudTimelineScreen.kt	modified	app/src/main/kotlin/com/dot/gallery/cloud/ui/CloudTimelineScreen.kt	243	9	txt
ac_cloud-media-center/app/src/main/kotlin/com/diegonmarcos/mediacenter/cloud/ui/CloudUploadSettingsScreen.kt	modified	app/src/main/kotlin/com/dot/gallery/cloud/ui/CloudUploadSettingsScreen.kt	378	8	txt
ac_cloud-media-center/app/src/main/kotlin/com/diegonmarcos/mediacenter/cloud/ui/CloudUploadSettingsViewModel.kt	modified	app/src/main/kotlin/com/dot/gallery/cloud/ui/CloudUploadSettingsViewModel.kt	253	18	txt
ac_cloud-media-center/app/src/main/kotlin/com/diegonmarcos/mediacenter/cloud/ui/WifiSsidPermission.kt	modified	app/src/main/kotlin/com/dot/gallery/cloud/ui/WifiSsidPermission.kt	37	1	txt
ac_cloud-media-center/app/src/main/kotlin/com/diegonmarcos/mediacenter/cloud/ui/WifiSsidPickerSheet.kt	modified	app/src/main/kotlin/com/dot/gallery/cloud/ui/WifiSsidPickerSheet.kt	155	6	txt
ac_cloud-media-center/app/src/main/kotlin/com/diegonmarcos/mediacenter/cloud/ui/archive/CloudArchiveMediaItem.kt	modified	app/src/main/kotlin/com/dot/gallery/cloud/ui/archive/CloudArchiveMediaItem.kt	47	2	txt
ac_cloud-media-center/app/src/main/kotlin/com/diegonmarcos/mediacenter/cloud/ui/archive/CloudArchiveScreen.kt	modified	app/src/main/kotlin/com/dot/gallery/cloud/ui/archive/CloudArchiveScreen.kt	96	12	txt
ac_cloud-media-center/app/src/main/kotlin/com/diegonmarcos/mediacenter/cloud/ui/archive/CloudArchiveViewModel.kt	modified	app/src/main/kotlin/com/dot/gallery/cloud/ui/archive/CloudArchiveViewModel.kt	81	6	txt
ac_cloud-media-center/app/src/main/kotlin/com/diegonmarcos/mediacenter/cloud/ui/backup/BackupOptionsScreen.kt	modified	app/src/main/kotlin/com/dot/gallery/cloud/ui/backup/BackupOptionsScreen.kt	72	6	txt
ac_cloud-media-center/app/src/main/kotlin/com/diegonmarcos/mediacenter/cloud/ui/backup/CloudBackupAndSyncScreen.kt	modified	app/src/main/kotlin/com/dot/gallery/cloud/ui/backup/CloudBackupAndSyncScreen.kt	381	8	txt
ac_cloud-media-center/app/src/main/kotlin/com/diegonmarcos/mediacenter/cloud/ui/backup/CloudBackupDashboardScreen.kt	modified	app/src/main/kotlin/com/dot/gallery/cloud/ui/backup/CloudBackupDashboardScreen.kt	899	12	txt
ac_cloud-media-center/app/src/main/kotlin/com/diegonmarcos/mediacenter/cloud/ui/backup/CloudBackupInfoSheet.kt	modified	app/src/main/kotlin/com/dot/gallery/cloud/ui/backup/CloudBackupInfoSheet.kt	127	7	txt
ac_cloud-media-center/app/src/main/kotlin/com/diegonmarcos/mediacenter/cloud/ui/backup/CloudBackupInfoViewModel.kt	modified	app/src/main/kotlin/com/dot/gallery/cloud/ui/backup/CloudBackupInfoViewModel.kt	41	4	txt
ac_cloud-media-center/app/src/main/kotlin/com/diegonmarcos/mediacenter/cloud/ui/backup/CloudBackupScreen.kt	modified	app/src/main/kotlin/com/dot/gallery/cloud/ui/backup/CloudBackupScreen.kt	307	5	txt
ac_cloud-media-center/app/src/main/kotlin/com/diegonmarcos/mediacenter/cloud/ui/backup/CloudBackupViewModel.kt	modified	app/src/main/kotlin/com/dot/gallery/cloud/ui/backup/CloudBackupViewModel.kt	360	22	txt
ac_cloud-media-center/app/src/main/kotlin/com/diegonmarcos/mediacenter/cloud/ui/backup/UploadDetailsScreen.kt	modified	app/src/main/kotlin/com/dot/gallery/cloud/ui/backup/UploadDetailsScreen.kt	271	5	txt
ac_cloud-media-center/app/src/main/kotlin/com/diegonmarcos/mediacenter/cloud/ui/backup/UploadDetailsViewModel.kt	modified	app/src/main/kotlin/com/dot/gallery/cloud/ui/backup/UploadDetailsViewModel.kt	176	11	txt
ac_cloud-media-center/app/src/main/kotlin/com/diegonmarcos/mediacenter/cloud/ui/descriptor/ProviderBrandIcon.kt	modified	app/src/main/kotlin/com/dot/gallery/cloud/ui/descriptor/ProviderBrandIcon.kt	47	2	txt
ac_cloud-media-center/app/src/main/kotlin/com/diegonmarcos/mediacenter/cloud/ui/descriptor/ProviderUiDescriptor.kt	modified	app/src/main/kotlin/com/dot/gallery/cloud/ui/descriptor/ProviderUiDescriptor.kt	200	5	txt
ac_cloud-media-center/app/src/main/kotlin/com/diegonmarcos/mediacenter/cloud/ui/destinations/CloudDestinationsScreen.kt	modified	app/src/main/kotlin/com/dot/gallery/cloud/ui/destinations/CloudDestinationsScreen.kt	573	8	txt
ac_cloud-media-center/app/src/main/kotlin/com/diegonmarcos/mediacenter/cloud/ui/destinations/CloudDestinationsViewModel.kt	modified	app/src/main/kotlin/com/dot/gallery/cloud/ui/destinations/CloudDestinationsViewModel.kt	132	12	txt
ac_cloud-media-center/app/src/main/kotlin/com/diegonmarcos/mediacenter/cloud/ui/memories/MemoriesScreen.kt	modified	app/src/main/kotlin/com/dot/gallery/cloud/ui/memories/MemoriesScreen.kt	164	6	txt
ac_cloud-media-center/app/src/main/kotlin/com/diegonmarcos/mediacenter/cloud/ui/memories/MemoriesViewModel.kt	modified	app/src/main/kotlin/com/dot/gallery/cloud/ui/memories/MemoriesViewModel.kt	49	5	txt
ac_cloud-media-center/app/src/main/kotlin/com/diegonmarcos/mediacenter/cloud/ui/offline/OfflineModeScreen.kt	modified	app/src/main/kotlin/com/dot/gallery/cloud/ui/offline/OfflineModeScreen.kt	532	5	txt
ac_cloud-media-center/app/src/main/kotlin/com/diegonmarcos/mediacenter/cloud/ui/offline/OfflineModeViewModel.kt	modified	app/src/main/kotlin/com/dot/gallery/cloud/ui/offline/OfflineModeViewModel.kt	265	13	txt
ac_cloud-media-center/app/src/main/kotlin/com/diegonmarcos/mediacenter/cloud/ui/people/PeopleListScreen.kt	modified	app/src/main/kotlin/com/dot/gallery/cloud/ui/people/PeopleListScreen.kt	265	8	txt
ac_cloud-media-center/app/src/main/kotlin/com/diegonmarcos/mediacenter/cloud/ui/people/PeopleListViewModel.kt	modified	app/src/main/kotlin/com/dot/gallery/cloud/ui/people/PeopleListViewModel.kt	76	8	txt
ac_cloud-media-center/app/src/main/kotlin/com/diegonmarcos/mediacenter/cloud/ui/people/PersonDetailScreen.kt	modified	app/src/main/kotlin/com/dot/gallery/cloud/ui/people/PersonDetailScreen.kt	551	10	txt
ac_cloud-media-center/app/src/main/kotlin/com/diegonmarcos/mediacenter/cloud/ui/people/PersonDetailViewModel.kt	modified	app/src/main/kotlin/com/dot/gallery/cloud/ui/people/PersonDetailViewModel.kt	159	18	txt
ac_cloud-media-center/app/src/main/kotlin/com/diegonmarcos/mediacenter/cloud/ui/settings/CloudAdvancedSettingsScreen.kt	modified	app/src/main/kotlin/com/dot/gallery/cloud/ui/settings/CloudAdvancedSettingsScreen.kt	62	5	txt
ac_cloud-media-center/app/src/main/kotlin/com/diegonmarcos/mediacenter/cloud/ui/settings/CloudNetworkingScreen.kt	modified	app/src/main/kotlin/com/dot/gallery/cloud/ui/settings/CloudNetworkingScreen.kt	359	7	txt
ac_cloud-media-center/app/src/main/kotlin/com/diegonmarcos/mediacenter/cloud/ui/settings/CloudNotificationSettingsScreen.kt	modified	app/src/main/kotlin/com/dot/gallery/cloud/ui/settings/CloudNotificationSettingsScreen.kt	57	5	txt
ac_cloud-media-center/app/src/main/kotlin/com/diegonmarcos/mediacenter/cloud/ui/settings/CloudProviderSettingsScreen.kt	modified	app/src/main/kotlin/com/dot/gallery/cloud/ui/settings/CloudProviderSettingsScreen.kt	492	14	txt
ac_cloud-media-center/app/src/main/kotlin/com/diegonmarcos/mediacenter/cloud/ui/settings/CloudSettingsViewModel.kt	modified	app/src/main/kotlin/com/dot/gallery/cloud/ui/settings/CloudSettingsViewModel.kt	90	7	txt
ac_cloud-media-center/app/src/main/kotlin/com/diegonmarcos/mediacenter/cloud/ui/settings/CloudViewerSettingsScreen.kt	modified	app/src/main/kotlin/com/dot/gallery/cloud/ui/settings/CloudViewerSettingsScreen.kt	100	5	txt
ac_cloud-media-center/app/src/main/kotlin/com/diegonmarcos/mediacenter/cloud/ui/sharing/SharedLinksScreen.kt	modified	app/src/main/kotlin/com/dot/gallery/cloud/ui/sharing/SharedLinksScreen.kt	690	8	txt
ac_cloud-media-center/app/src/main/kotlin/com/diegonmarcos/mediacenter/cloud/ui/sharing/SharedLinksViewModel.kt	modified	app/src/main/kotlin/com/dot/gallery/cloud/ui/sharing/SharedLinksViewModel.kt	167	7	txt
ac_cloud-media-center/app/src/main/kotlin/com/diegonmarcos/mediacenter/cloud/ui/space/FreeUpSpaceScreen.kt	modified	app/src/main/kotlin/com/dot/gallery/cloud/ui/space/FreeUpSpaceScreen.kt	148	5	txt
ac_cloud-media-center/app/src/main/kotlin/com/diegonmarcos/mediacenter/cloud/ui/space/FreeUpSpaceViewModel.kt	modified	app/src/main/kotlin/com/dot/gallery/cloud/ui/space/FreeUpSpaceViewModel.kt	145	10	txt
ac_cloud-media-center/app/src/main/kotlin/com/diegonmarcos/mediacenter/cloud/ui/sync/SyncStatusScreen.kt	modified	app/src/main/kotlin/com/dot/gallery/cloud/ui/sync/SyncStatusScreen.kt	145	4	txt
ac_cloud-media-center/app/src/main/kotlin/com/diegonmarcos/mediacenter/cloud/ui/sync/SyncStatusViewModel.kt	modified	app/src/main/kotlin/com/dot/gallery/cloud/ui/sync/SyncStatusViewModel.kt	98	8	txt
ac_cloud-media-center/app/src/main/kotlin/com/diegonmarcos/mediacenter/core/Constants.kt	modified	app/src/main/kotlin/com/dot/gallery/core/Constants.kt	114	1	txt
ac_cloud-media-center/app/src/main/kotlin/com/diegonmarcos/mediacenter/core/DefaultEventHandler.kt	modified	app/src/main/kotlin/com/dot/gallery/core/DefaultEventHandler.kt	26	3	txt
ac_cloud-media-center/app/src/main/kotlin/com/diegonmarcos/mediacenter/core/EditBackupManager.kt	modified	app/src/main/kotlin/com/dot/gallery/core/EditBackupManager.kt	247	5	txt
ac_cloud-media-center/app/src/main/kotlin/com/diegonmarcos/mediacenter/core/MediaDistributor.kt	modified	app/src/main/kotlin/com/dot/gallery/core/MediaDistributor.kt	70	18	txt
ac_cloud-media-center/app/src/main/kotlin/com/diegonmarcos/mediacenter/core/MediaDistributorImpl.kt	modified	app/src/main/kotlin/com/dot/gallery/core/MediaDistributorImpl.kt	1231	62	txt
ac_cloud-media-center/app/src/main/kotlin/com/diegonmarcos/mediacenter/core/MediaHandler.kt	modified	app/src/main/kotlin/com/dot/gallery/core/MediaHandler.kt	60	7	txt
ac_cloud-media-center/app/src/main/kotlin/com/diegonmarcos/mediacenter/core/MediaHandlerImpl.kt	modified	app/src/main/kotlin/com/dot/gallery/core/MediaHandlerImpl.kt	274	21	txt
ac_cloud-media-center/app/src/main/kotlin/com/diegonmarcos/mediacenter/core/MediaSelector.kt	modified	app/src/main/kotlin/com/dot/gallery/core/MediaSelector.kt	23	3	txt
ac_cloud-media-center/app/src/main/kotlin/com/diegonmarcos/mediacenter/core/MediaSelectorImpl.kt	modified	app/src/main/kotlin/com/dot/gallery/core/MediaSelectorImpl.kt	49	3	txt
ac_cloud-media-center/app/src/main/kotlin/com/diegonmarcos/mediacenter/core/Resource.kt	modified	app/src/main/kotlin/com/dot/gallery/core/Resource.kt	8	1	txt
ac_cloud-media-center/app/src/main/kotlin/com/diegonmarcos/mediacenter/core/ScrollToTop.kt	modified	app/src/main/kotlin/com/dot/gallery/core/ScrollToTop.kt	52	1	txt
ac_cloud-media-center/app/src/main/kotlin/com/diegonmarcos/mediacenter/core/Settings.kt	modified	app/src/main/kotlin/com/dot/gallery/core/Settings.kt	1096	42	txt
ac_cloud-media-center/app/src/main/kotlin/com/diegonmarcos/mediacenter/core/backup/BackupCrypto.kt	modified	app/src/main/kotlin/com/dot/gallery/core/backup/BackupCrypto.kt	136	1	txt
ac_cloud-media-center/app/src/main/kotlin/com/diegonmarcos/mediacenter/core/backup/BackupModels.kt	modified	app/src/main/kotlin/com/dot/gallery/core/backup/BackupModels.kt	183	4	txt
ac_cloud-media-center/app/src/main/kotlin/com/diegonmarcos/mediacenter/core/backup/ConfigBackupManager.kt	modified	app/src/main/kotlin/com/dot/gallery/core/backup/ConfigBackupManager.kt	716	16	txt
ac_cloud-media-center/app/src/main/kotlin/com/diegonmarcos/mediacenter/core/decoder/DecoderExt.kt	modified	app/src/main/kotlin/com/dot/gallery/core/decoder/DecoderExt.kt	334	1	txt
ac_cloud-media-center/app/src/main/kotlin/com/diegonmarcos/mediacenter/core/decoder/EncryptedBitmapFactoryDecoder.kt	modified	app/src/main/kotlin/com/dot/gallery/core/decoder/EncryptedBitmapFactoryDecoder.kt	110	3	txt
ac_cloud-media-center/app/src/main/kotlin/com/diegonmarcos/mediacenter/core/decoder/EncryptedDecoderExt.kt	modified	app/src/main/kotlin/com/dot/gallery/core/decoder/EncryptedDecoderExt.kt	177	2	txt
ac_cloud-media-center/app/src/main/kotlin/com/diegonmarcos/mediacenter/core/decoder/EncryptedPanoramaImageLoader.kt	modified	app/src/main/kotlin/com/dot/gallery/core/decoder/EncryptedPanoramaImageLoader.kt	158	4	txt
ac_cloud-media-center/app/src/main/kotlin/com/diegonmarcos/mediacenter/core/decoder/EncryptedRawImageDecoder.kt	modified	app/src/main/kotlin/com/dot/gallery/core/decoder/EncryptedRawImageDecoder.kt	305	3	txt
ac_cloud-media-center/app/src/main/kotlin/com/diegonmarcos/mediacenter/core/decoder/EncryptedRegionDecoder.kt	modified	app/src/main/kotlin/com/dot/gallery/core/decoder/EncryptedRegionDecoder.kt	117	2	txt
ac_cloud-media-center/app/src/main/kotlin/com/diegonmarcos/mediacenter/core/decoder/EncryptedRegionDecoderExt.kt	modified	app/src/main/kotlin/com/dot/gallery/core/decoder/EncryptedRegionDecoderExt.kt	97	2	txt
ac_cloud-media-center/app/src/main/kotlin/com/diegonmarcos/mediacenter/core/decoder/EncryptedVideoFrameDecoder.kt	modified	app/src/main/kotlin/com/dot/gallery/core/decoder/EncryptedVideoFrameDecoder.kt	192	2	txt
ac_cloud-media-center/app/src/main/kotlin/com/diegonmarcos/mediacenter/core/decoder/FullImageRegionDecoder.kt	modified	app/src/main/kotlin/com/dot/gallery/core/decoder/FullImageRegionDecoder.kt	180	5	txt
ac_cloud-media-center/app/src/main/kotlin/com/diegonmarcos/mediacenter/core/decoder/HeifDebug.kt	modified	app/src/main/kotlin/com/dot/gallery/core/decoder/HeifDebug.kt	22	1	txt
ac_cloud-media-center/app/src/main/kotlin/com/diegonmarcos/mediacenter/core/decoder/HeifRegionDecoder.kt	modified	app/src/main/kotlin/com/dot/gallery/core/decoder/HeifRegionDecoder.kt	622	2	txt
ac_cloud-media-center/app/src/main/kotlin/com/diegonmarcos/mediacenter/core/decoder/JxlAnimationDrawable.kt	modified	app/src/main/kotlin/com/dot/gallery/core/decoder/JxlAnimationDrawable.kt	89	1	txt
ac_cloud-media-center/app/src/main/kotlin/com/diegonmarcos/mediacenter/core/decoder/JxlRegionDecoder.kt	modified	app/src/main/kotlin/com/dot/gallery/core/decoder/JxlRegionDecoder.kt	153	2	txt
ac_cloud-media-center/app/src/main/kotlin/com/diegonmarcos/mediacenter/core/decoder/NativeHeifTiler.kt	modified	app/src/main/kotlin/com/dot/gallery/core/decoder/NativeHeifTiler.kt	42	3	txt
ac_cloud-media-center/app/src/main/kotlin/com/diegonmarcos/mediacenter/core/decoder/NativeLibraries.kt	new		0	99	txt
ac_cloud-media-center/app/src/main/kotlin/com/diegonmarcos/mediacenter/core/decoder/NativeRawDecoder.kt	modified	app/src/main/kotlin/com/dot/gallery/core/decoder/NativeRawDecoder.kt	145	2	txt
ac_cloud-media-center/app/src/main/kotlin/com/diegonmarcos/mediacenter/core/decoder/RawDevelopParams.kt	modified	app/src/main/kotlin/com/dot/gallery/core/decoder/RawDevelopParams.kt	170	1	txt
ac_cloud-media-center/app/src/main/kotlin/com/diegonmarcos/mediacenter/core/decoder/RawDevelopStore.kt	modified	app/src/main/kotlin/com/dot/gallery/core/decoder/RawDevelopStore.kt	25	2	txt
ac_cloud-media-center/app/src/main/kotlin/com/diegonmarcos/mediacenter/core/decoder/RawOrientation.kt	modified	app/src/main/kotlin/com/dot/gallery/core/decoder/RawOrientation.kt	67	1	txt
ac_cloud-media-center/app/src/main/kotlin/com/diegonmarcos/mediacenter/core/decoder/RawRegionDecoder.kt	modified	app/src/main/kotlin/com/dot/gallery/core/decoder/RawRegionDecoder.kt	155	1	txt
ac_cloud-media-center/app/src/main/kotlin/com/diegonmarcos/mediacenter/core/decoder/RawThumbnailCache.kt	modified	app/src/main/kotlin/com/dot/gallery/core/decoder/RawThumbnailCache.kt	65	1	txt
ac_cloud-media-center/app/src/main/kotlin/com/diegonmarcos/mediacenter/core/decoder/SandboxedSketchHeifDecoder.kt	modified	app/src/main/kotlin/com/dot/gallery/core/decoder/SandboxedSketchHeifDecoder.kt	124	3	txt
ac_cloud-media-center/app/src/main/kotlin/com/diegonmarcos/mediacenter/core/decoder/SandboxedSketchJxlDecoder.kt	modified	app/src/main/kotlin/com/dot/gallery/core/decoder/SandboxedSketchJxlDecoder.kt	107	4	txt
ac_cloud-media-center/app/src/main/kotlin/com/diegonmarcos/mediacenter/core/decoder/SketchAnimatedJxlDecoder.kt	modified	app/src/main/kotlin/com/dot/gallery/core/decoder/SketchAnimatedJxlDecoder.kt	103	2	txt
ac_cloud-media-center/app/src/main/kotlin/com/diegonmarcos/mediacenter/core/decoder/SketchApngDecoder.kt	modified	app/src/main/kotlin/com/dot/gallery/core/decoder/SketchApngDecoder.kt	203	1	txt
ac_cloud-media-center/app/src/main/kotlin/com/diegonmarcos/mediacenter/core/decoder/SketchFormatDecoders.kt	modified	app/src/main/kotlin/com/dot/gallery/core/decoder/SketchFormatDecoders.kt	240	6	txt
ac_cloud-media-center/app/src/main/kotlin/com/diegonmarcos/mediacenter/core/decoder/SketchHeifDecoder.kt	modified	app/src/main/kotlin/com/dot/gallery/core/decoder/SketchHeifDecoder.kt	101	2	txt
ac_cloud-media-center/app/src/main/kotlin/com/diegonmarcos/mediacenter/core/decoder/SketchJxlDecoder.kt	modified	app/src/main/kotlin/com/dot/gallery/core/decoder/SketchJxlDecoder.kt	56	2	txt
ac_cloud-media-center/app/src/main/kotlin/com/diegonmarcos/mediacenter/core/decoder/VideoFrameDecoder2.kt	modified	app/src/main/kotlin/com/dot/gallery/core/decoder/VideoFrameDecoder2.kt	222	1	txt
ac_cloud-media-center/app/src/main/kotlin/com/diegonmarcos/mediacenter/core/decoder/format/HardwareHeifDecoder.kt	modified	app/src/main/kotlin/com/dot/gallery/core/decoder/format/HardwareHeifDecoder.kt	66	1	txt
ac_cloud-media-center/app/src/main/kotlin/com/diegonmarcos/mediacenter/core/decoder/format/HeifDecodeEngine.kt	modified	app/src/main/kotlin/com/dot/gallery/core/decoder/format/HeifDecodeEngine.kt	112	1	txt
ac_cloud-media-center/app/src/main/kotlin/com/diegonmarcos/mediacenter/core/decoder/format/ImageFormatSniffer.kt	modified	app/src/main/kotlin/com/dot/gallery/core/decoder/format/ImageFormatSniffer.kt	129	1	txt
ac_cloud-media-center/app/src/main/kotlin/com/diegonmarcos/mediacenter/core/decoder/format/ImageReencoder.kt	modified	app/src/main/kotlin/com/dot/gallery/core/decoder/format/ImageReencoder.kt	240	1	txt
ac_cloud-media-center/app/src/main/kotlin/com/diegonmarcos/mediacenter/core/decoder/format/Jp2ImageDecoder.kt	modified	app/src/main/kotlin/com/dot/gallery/core/decoder/format/Jp2ImageDecoder.kt	71	1	txt
ac_cloud-media-center/app/src/main/kotlin/com/diegonmarcos/mediacenter/core/decoder/format/PsdImageDecoder.kt	modified	app/src/main/kotlin/com/dot/gallery/core/decoder/format/PsdImageDecoder.kt	246	1	txt
ac_cloud-media-center/app/src/main/kotlin/com/diegonmarcos/mediacenter/core/decoder/format/SourceQualityProbe.kt	modified	app/src/main/kotlin/com/dot/gallery/core/decoder/format/SourceQualityProbe.kt	98	1	txt
ac_cloud-media-center/app/src/main/kotlin/com/diegonmarcos/mediacenter/core/decoder/format/SpecialFormatProbe.kt	modified	app/src/main/kotlin/com/dot/gallery/core/decoder/format/SpecialFormatProbe.kt	95	1	txt
ac_cloud-media-center/app/src/main/kotlin/com/diegonmarcos/mediacenter/core/decoder/format/StripedTiffDecoder.kt	modified	app/src/main/kotlin/com/dot/gallery/core/decoder/format/StripedTiffDecoder.kt	274	1	txt
ac_cloud-media-center/app/src/main/kotlin/com/diegonmarcos/mediacenter/core/decoder/format/SvgImageDecoder.kt	modified	app/src/main/kotlin/com/dot/gallery/core/decoder/format/SvgImageDecoder.kt	87	1	txt
ac_cloud-media-center/app/src/main/kotlin/com/diegonmarcos/mediacenter/core/decoder/format/TiffImageDecoder.kt	modified	app/src/main/kotlin/com/dot/gallery/core/decoder/format/TiffImageDecoder.kt	451	2	txt
ac_cloud-media-center/app/src/main/kotlin/com/diegonmarcos/mediacenter/core/decoder/glide/DecryptedPayload.kt	modified	app/src/main/kotlin/com/dot/gallery/core/decoder/glide/DecryptedPayload.kt	37	3	txt
ac_cloud-media-center/app/src/main/kotlin/com/diegonmarcos/mediacenter/core/decoder/glide/EncryptedBitmapDecoder.kt	modified	app/src/main/kotlin/com/dot/gallery/core/decoder/glide/EncryptedBitmapDecoder.kt	43	1	txt
ac_cloud-media-center/app/src/main/kotlin/com/diegonmarcos/mediacenter/core/decoder/glide/EncryptedFileModelLoader.kt	modified	app/src/main/kotlin/com/dot/gallery/core/decoder/glide/EncryptedFileModelLoader.kt	101	1	txt
ac_cloud-media-center/app/src/main/kotlin/com/diegonmarcos/mediacenter/core/decoder/glide/EncryptedGenericImageDecoder.kt	modified	app/src/main/kotlin/com/dot/gallery/core/decoder/glide/EncryptedGenericImageDecoder.kt	62	1	txt
ac_cloud-media-center/app/src/main/kotlin/com/diegonmarcos/mediacenter/core/decoder/glide/EncryptedGifDecoder.kt	modified	app/src/main/kotlin/com/dot/gallery/core/decoder/glide/EncryptedGifDecoder.kt	77	1	txt
ac_cloud-media-center/app/src/main/kotlin/com/diegonmarcos/mediacenter/core/decoder/glide/EncryptedMediaSource.kt	modified	app/src/main/kotlin/com/dot/gallery/core/decoder/glide/EncryptedMediaSource.kt	167	7	txt
ac_cloud-media-center/app/src/main/kotlin/com/diegonmarcos/mediacenter/core/decoder/glide/EncryptedMediaStream.kt	modified	app/src/main/kotlin/com/dot/gallery/core/decoder/glide/EncryptedMediaStream.kt	30	1	txt
ac_cloud-media-center/app/src/main/kotlin/com/diegonmarcos/mediacenter/core/decoder/glide/EncryptedSourceBridgeDecoders.kt	modified	app/src/main/kotlin/com/dot/gallery/core/decoder/glide/EncryptedSourceBridgeDecoders.kt	22	1	txt
ac_cloud-media-center/app/src/main/kotlin/com/diegonmarcos/mediacenter/core/decoder/glide/EncryptedStreamingModelLoaders.kt	modified	app/src/main/kotlin/com/dot/gallery/core/decoder/glide/EncryptedStreamingModelLoaders.kt	131	1	txt
ac_cloud-media-center/app/src/main/kotlin/com/diegonmarcos/mediacenter/core/decoder/glide/EncryptedVideoFrameDecoder.kt	modified	app/src/main/kotlin/com/dot/gallery/core/decoder/glide/EncryptedVideoFrameDecoder.kt	42	1	txt
ac_cloud-media-center/app/src/main/kotlin/com/diegonmarcos/mediacenter/core/decoder/glide/FormatBitmapDecoders.kt	modified	app/src/main/kotlin/com/dot/gallery/core/decoder/glide/FormatBitmapDecoders.kt	66	5	txt
ac_cloud-media-center/app/src/main/kotlin/com/diegonmarcos/mediacenter/core/decoder/glide/HeifBitmapDecoder.kt	modified	app/src/main/kotlin/com/dot/gallery/core/decoder/glide/HeifBitmapDecoder.kt	49	1	txt
ac_cloud-media-center/app/src/main/kotlin/com/diegonmarcos/mediacenter/core/decoder/glide/HeifDecoderCore.kt	modified	app/src/main/kotlin/com/dot/gallery/core/decoder/glide/HeifDecoderCore.kt	27	2	txt
ac_cloud-media-center/app/src/main/kotlin/com/diegonmarcos/mediacenter/core/decoder/glide/HeifEncryptedDecoder.kt	modified	app/src/main/kotlin/com/dot/gallery/core/decoder/glide/HeifEncryptedDecoder.kt	23	1	txt
ac_cloud-media-center/app/src/main/kotlin/com/diegonmarcos/mediacenter/core/decoder/glide/HeifMime.kt	modified	app/src/main/kotlin/com/dot/gallery/core/decoder/glide/HeifMime.kt	22	1	txt
ac_cloud-media-center/app/src/main/kotlin/com/diegonmarcos/mediacenter/core/decoder/glide/HeifMimeInputStreamDecoder.kt	modified	app/src/main/kotlin/com/dot/gallery/core/decoder/glide/HeifMimeInputStreamDecoder.kt	36	2	txt
ac_cloud-media-center/app/src/main/kotlin/com/diegonmarcos/mediacenter/core/decoder/glide/HeifPfdBitmapDecoder.kt	modified	app/src/main/kotlin/com/dot/gallery/core/decoder/glide/HeifPfdBitmapDecoder.kt	69	1	txt
ac_cloud-media-center/app/src/main/kotlin/com/diegonmarcos/mediacenter/core/decoder/glide/HeifSniffer.kt	modified	app/src/main/kotlin/com/dot/gallery/core/decoder/glide/HeifSniffer.kt	43	1	txt
ac_cloud-media-center/app/src/main/kotlin/com/diegonmarcos/mediacenter/core/decoder/glide/JxlBitmapDecoder.kt	modified	app/src/main/kotlin/com/dot/gallery/core/decoder/glide/JxlBitmapDecoder.kt	44	1	txt
ac_cloud-media-center/app/src/main/kotlin/com/diegonmarcos/mediacenter/core/decoder/glide/JxlEncryptedDecoder.kt	modified	app/src/main/kotlin/com/dot/gallery/core/decoder/glide/JxlEncryptedDecoder.kt	27	1	txt
ac_cloud-media-center/app/src/main/kotlin/com/diegonmarcos/mediacenter/core/decoder/glide/MimeInputStream.kt	modified	app/src/main/kotlin/com/dot/gallery/core/decoder/glide/MimeInputStream.kt	14	1	txt
ac_cloud-media-center/app/src/main/kotlin/com/diegonmarcos/mediacenter/core/decoder/glide/MimeInputStreamModelLoader.kt	modified	app/src/main/kotlin/com/dot/gallery/core/decoder/glide/MimeInputStreamModelLoader.kt	97	4	txt
ac_cloud-media-center/app/src/main/kotlin/com/diegonmarcos/mediacenter/core/decoder/glide/RawMimeInputStreamDecoder.kt	modified	app/src/main/kotlin/com/dot/gallery/core/decoder/glide/RawMimeInputStreamDecoder.kt	45	4	txt
ac_cloud-media-center/app/src/main/kotlin/com/diegonmarcos/mediacenter/core/decoder/glide/SandboxedHeifBitmapDecoder.kt	modified	app/src/main/kotlin/com/dot/gallery/core/decoder/glide/SandboxedHeifBitmapDecoder.kt	72	2	txt
ac_cloud-media-center/app/src/main/kotlin/com/diegonmarcos/mediacenter/core/decoder/glide/SandboxedJxlBitmapDecoder.kt	modified	app/src/main/kotlin/com/dot/gallery/core/decoder/glide/SandboxedJxlBitmapDecoder.kt	56	3	txt
ac_cloud-media-center/app/src/main/kotlin/com/diegonmarcos/mediacenter/core/decoder/glide/StreamingEncryptedVideoFrameDecoder.kt	modified	app/src/main/kotlin/com/dot/gallery/core/decoder/glide/StreamingEncryptedVideoFrameDecoder.kt	89	2	txt
ac_cloud-media-center/app/src/main/kotlin/com/diegonmarcos/mediacenter/core/decoder/glide/TiffMime.kt	modified	app/src/main/kotlin/com/dot/gallery/core/decoder/glide/TiffMime.kt	14	1	txt
ac_cloud-media-center/app/src/main/kotlin/com/diegonmarcos/mediacenter/core/decoder/glide/TiffMimeInputStreamDecoder.kt	modified	app/src/main/kotlin/com/dot/gallery/core/decoder/glide/TiffMimeInputStreamDecoder.kt	38	2	txt
ac_cloud-media-center/app/src/main/kotlin/com/diegonmarcos/mediacenter/core/decoder/glide/isEncryptedVaultFile.kt	modified	app/src/main/kotlin/com/dot/gallery/core/decoder/glide/isEncryptedVaultFile.kt	20	3	txt
ac_cloud-media-center/app/src/main/kotlin/com/diegonmarcos/mediacenter/core/decryption/DecryptManager.kt	modified	app/src/main/kotlin/com/dot/gallery/core/decryption/DecryptManager.kt	125	3	txt
ac_cloud-media-center/app/src/main/kotlin/com/diegonmarcos/mediacenter/core/encryption/EncryptedDataStoreProvider.kt	modified	app/src/main/kotlin/com/dot/gallery/core/encryption/EncryptedDataStoreProvider.kt	81	5	txt
ac_cloud-media-center/app/src/main/kotlin/com/diegonmarcos/mediacenter/core/encryption/EncryptedDatabaseFactory.kt	modified	app/src/main/kotlin/com/dot/gallery/core/encryption/EncryptedDatabaseFactory.kt	354	12	txt
ac_cloud-media-center/app/src/main/kotlin/com/diegonmarcos/mediacenter/core/encryption/EncryptedPreferencesSerializer.kt	modified	app/src/main/kotlin/com/dot/gallery/core/encryption/EncryptedPreferencesSerializer.kt	108	4	txt
ac_cloud-media-center/app/src/main/kotlin/com/diegonmarcos/mediacenter/core/memory/AdaptiveDecryptConfig.kt	modified	app/src/main/kotlin/com/dot/gallery/core/memory/AdaptiveDecryptConfig.kt	55	1	txt
ac_cloud-media-center/app/src/main/kotlin/com/diegonmarcos/mediacenter/core/memory/ByteArrayPool.kt	modified	app/src/main/kotlin/com/dot/gallery/core/memory/ByteArrayPool.kt	30	1	txt
ac_cloud-media-center/app/src/main/kotlin/com/diegonmarcos/mediacenter/core/metadata/BoxMetadataRewriter.kt	modified	app/src/main/kotlin/com/dot/gallery/core/metadata/BoxMetadataRewriter.kt	146	1	txt
ac_cloud-media-center/app/src/main/kotlin/com/diegonmarcos/mediacenter/core/metadata/LosslessMetadataRewriter.kt	modified	app/src/main/kotlin/com/dot/gallery/core/metadata/LosslessMetadataRewriter.kt	440	1	txt
ac_cloud-media-center/app/src/main/kotlin/com/diegonmarcos/mediacenter/core/metadata/MediaContainerFormat.kt	modified	app/src/main/kotlin/com/dot/gallery/core/metadata/MediaContainerFormat.kt	24	1	txt
ac_cloud-media-center/app/src/main/kotlin/com/diegonmarcos/mediacenter/core/metadata/MediaEssenceFingerprint.kt	modified	app/src/main/kotlin/com/dot/gallery/core/metadata/MediaEssenceFingerprint.kt	203	1	txt
ac_cloud-media-center/app/src/main/kotlin/com/diegonmarcos/mediacenter/core/metadata/MediaFormatDetector.kt	modified	app/src/main/kotlin/com/dot/gallery/core/metadata/MediaFormatDetector.kt	80	1	txt
ac_cloud-media-center/app/src/main/kotlin/com/diegonmarcos/mediacenter/core/metadata/MetadataCapabilities.kt	modified	app/src/main/kotlin/com/dot/gallery/core/metadata/MetadataCapabilities.kt	54	1	txt
ac_cloud-media-center/app/src/main/kotlin/com/diegonmarcos/mediacenter/core/metadata/MetadataModels.kt	new		0	19	txt
ac_cloud-media-center/app/src/main/kotlin/com/diegonmarcos/mediacenter/core/metadata/MetadataPolicy.kt	modified	app/src/main/kotlin/com/dot/gallery/core/metadata/MetadataPolicy.kt	33	1	txt
ac_cloud-media-center/app/src/main/kotlin/com/diegonmarcos/mediacenter/core/metadata/MetadataRemovalMode.kt	modified	app/src/main/kotlin/com/dot/gallery/core/metadata/MetadataRemovalMode.kt	18	1	txt
ac_cloud-media-center/app/src/main/kotlin/com/diegonmarcos/mediacenter/core/metadata/MetadataSanitizer.kt	modified	app/src/main/kotlin/com/dot/gallery/core/metadata/MetadataSanitizer.kt	352	3	txt
ac_cloud-media-center/app/src/main/kotlin/com/diegonmarcos/mediacenter/core/metadata/MetadataVerifier.kt	modified	app/src/main/kotlin/com/dot/gallery/core/metadata/MetadataVerifier.kt	159	1	txt
ac_cloud-media-center/app/src/main/kotlin/com/diegonmarcos/mediacenter/core/metadata/SanitizationResult.kt	modified	app/src/main/kotlin/com/dot/gallery/core/metadata/SanitizationResult.kt	31	1	txt
ac_cloud-media-center/app/src/main/kotlin/com/diegonmarcos/mediacenter/core/metrics/MetricsCollector.kt	modified	app/src/main/kotlin/com/dot/gallery/core/metrics/MetricsCollector.kt	39	1	txt
ac_cloud-media-center/app/src/main/kotlin/com/diegonmarcos/mediacenter/core/metrics/StartupTracer.kt	modified	app/src/main/kotlin/com/dot/gallery/core/metrics/StartupTracer.kt	79	2	txt
ac_cloud-media-center/app/src/main/kotlin/com/diegonmarcos/mediacenter/core/ml/CutoutHelper.kt	modified	app/src/main/kotlin/com/dot/gallery/core/ml/CutoutHelper.kt	660	16	txt
ac_cloud-media-center/app/src/main/kotlin/com/diegonmarcos/mediacenter/core/ml/FaceHelper.kt	modified	app/src/main/kotlin/com/dot/gallery/core/ml/FaceHelper.kt	214	2	txt
ac_cloud-media-center/app/src/main/kotlin/com/diegonmarcos/mediacenter/core/ml/ModelManager.kt	modified	app/src/main/kotlin/com/dot/gallery/core/ml/ModelManager.kt	319	5	txt
ac_cloud-media-center/app/src/main/kotlin/com/diegonmarcos/mediacenter/core/presentation/components/AlbumGroupDialog.kt	modified	app/src/main/kotlin/com/dot/gallery/core/presentation/components/AlbumGroupDialog.kt	167	8	txt
ac_cloud-media-center/app/src/main/kotlin/com/diegonmarcos/mediacenter/core/presentation/components/AlbumSectionDialog.kt	modified	app/src/main/kotlin/com/dot/gallery/core/presentation/components/AlbumSectionDialog.kt	240	6	txt
ac_cloud-media-center/app/src/main/kotlin/com/diegonmarcos/mediacenter/core/presentation/components/AppBar.kt	modified	app/src/main/kotlin/com/dot/gallery/core/presentation/components/AppBar.kt	369	14	txt
ac_cloud-media-center/app/src/main/kotlin/com/diegonmarcos/mediacenter/core/presentation/components/AppTextField.kt	modified	app/src/main/kotlin/com/dot/gallery/core/presentation/components/AppTextField.kt	164	1	txt
ac_cloud-media-center/app/src/main/kotlin/com/diegonmarcos/mediacenter/core/presentation/components/CheckBox.kt	modified	app/src/main/kotlin/com/dot/gallery/core/presentation/components/CheckBox.kt	76	2	txt
ac_cloud-media-center/app/src/main/kotlin/com/diegonmarcos/mediacenter/core/presentation/components/CollectionDialog.kt	modified	app/src/main/kotlin/com/dot/gallery/core/presentation/components/CollectionDialog.kt	128	4	txt
ac_cloud-media-center/app/src/main/kotlin/com/diegonmarcos/mediacenter/core/presentation/components/CutoutSaveChoiceSheet.kt	modified	app/src/main/kotlin/com/dot/gallery/core/presentation/components/CutoutSaveChoiceSheet.kt	112	2	txt
ac_cloud-media-center/app/src/main/kotlin/com/diegonmarcos/mediacenter/core/presentation/components/DragHandle.kt	modified	app/src/main/kotlin/com/dot/gallery/core/presentation/components/DragHandle.kt	23	1	txt
ac_cloud-media-center/app/src/main/kotlin/com/diegonmarcos/mediacenter/core/presentation/components/EmptyAlbum.kt	modified	app/src/main/kotlin/com/dot/gallery/core/presentation/components/EmptyAlbum.kt	29	2	txt
ac_cloud-media-center/app/src/main/kotlin/com/diegonmarcos/mediacenter/core/presentation/components/EmptyMedia.kt	modified	app/src/main/kotlin/com/dot/gallery/core/presentation/components/EmptyMedia.kt	29	2	txt
ac_cloud-media-center/app/src/main/kotlin/com/diegonmarcos/mediacenter/core/presentation/components/ErrorComponent.kt	modified	app/src/main/kotlin/com/dot/gallery/core/presentation/components/ErrorComponent.kt	66	2	txt
ac_cloud-media-center/app/src/main/kotlin/com/diegonmarcos/mediacenter/core/presentation/components/FilterComponent.kt	modified	app/src/main/kotlin/com/dot/gallery/core/presentation/components/FilterComponent.kt	143	5	txt
ac_cloud-media-center/app/src/main/kotlin/com/diegonmarcos/mediacenter/core/presentation/components/LoadingAlbum.kt	modified	app/src/main/kotlin/com/dot/gallery/core/presentation/components/LoadingAlbum.kt	86	4	txt
ac_cloud-media-center/app/src/main/kotlin/com/diegonmarcos/mediacenter/core/presentation/components/LoadingMedia.kt	modified	app/src/main/kotlin/com/dot/gallery/core/presentation/components/LoadingMedia.kt	164	4	txt
ac_cloud-media-center/app/src/main/kotlin/com/diegonmarcos/mediacenter/core/presentation/components/MediaImageRenderer.kt	modified	app/src/main/kotlin/com/dot/gallery/core/presentation/components/MediaImageRenderer.kt	30	1	txt
ac_cloud-media-center/app/src/main/kotlin/com/diegonmarcos/mediacenter/core/presentation/components/MediaItemHeader.kt	modified	app/src/main/kotlin/com/dot/gallery/core/presentation/components/MediaItemHeader.kt	93	5	txt
ac_cloud-media-center/app/src/main/kotlin/com/diegonmarcos/mediacenter/core/presentation/components/ModalSheet.kt	modified	app/src/main/kotlin/com/dot/gallery/core/presentation/components/ModalSheet.kt	103	2	txt
ac_cloud-media-center/app/src/main/kotlin/com/diegonmarcos/mediacenter/core/presentation/components/NavigationActions.kt	modified	app/src/main/kotlin/com/dot/gallery/core/presentation/components/NavigationActions.kt	28	1	txt
ac_cloud-media-center/app/src/main/kotlin/com/diegonmarcos/mediacenter/core/presentation/components/NavigationBackButton.kt	modified	app/src/main/kotlin/com/dot/gallery/core/presentation/components/NavigationBackButton.kt	53	4	txt
ac_cloud-media-center/app/src/main/kotlin/com/diegonmarcos/mediacenter/core/presentation/components/NavigationBarSpacer.kt	modified	app/src/main/kotlin/com/dot/gallery/core/presentation/components/NavigationBarSpacer.kt	13	2	txt
ac_cloud-media-center/app/src/main/kotlin/com/diegonmarcos/mediacenter/core/presentation/components/NavigationButton.kt	modified	app/src/main/kotlin/com/dot/gallery/core/presentation/components/NavigationButton.kt	52	5	txt
ac_cloud-media-center/app/src/main/kotlin/com/diegonmarcos/mediacenter/core/presentation/components/NavigationComp.kt	modified	app/src/main/kotlin/com/dot/gallery/core/presentation/components/NavigationComp.kt	1677	112	txt
ac_cloud-media-center/app/src/main/kotlin/com/diegonmarcos/mediacenter/core/presentation/components/OverwriteFallbackSheet.kt	modified	app/src/main/kotlin/com/dot/gallery/core/presentation/components/OverwriteFallbackSheet.kt	103	2	txt
ac_cloud-media-center/app/src/main/kotlin/com/diegonmarcos/mediacenter/core/presentation/components/SelectionSheet.kt	modified	app/src/main/kotlin/com/dot/gallery/core/presentation/components/SelectionSheet.kt	1265	42	txt
ac_cloud-media-center/app/src/main/kotlin/com/diegonmarcos/mediacenter/core/presentation/components/SetupButton.kt	modified	app/src/main/kotlin/com/dot/gallery/core/presentation/components/SetupButton.kt	105	4	txt
ac_cloud-media-center/app/src/main/kotlin/com/diegonmarcos/mediacenter/core/presentation/components/SetupWizard.kt	modified	app/src/main/kotlin/com/dot/gallery/core/presentation/components/SetupWizard.kt	220	3	txt
ac_cloud-media-center/app/src/main/kotlin/com/diegonmarcos/mediacenter/core/presentation/components/util/AutoResizeText.kt	modified	app/src/main/kotlin/com/dot/gallery/core/presentation/components/util/AutoResizeText.kt	90	1	txt
ac_cloud-media-center/app/src/main/kotlin/com/diegonmarcos/mediacenter/core/presentation/components/util/BatteryExt.kt	modified	app/src/main/kotlin/com/dot/gallery/core/presentation/components/util/BatteryExt.kt	60	1	txt
ac_cloud-media-center/app/src/main/kotlin/com/diegonmarcos/mediacenter/core/presentation/components/util/OnLifecycleEvent.kt	modified	app/src/main/kotlin/com/dot/gallery/core/presentation/components/util/OnLifecycleEvent.kt	22	1	txt
ac_cloud-media-center/app/src/main/kotlin/com/diegonmarcos/mediacenter/core/presentation/components/util/PermissionsExt.kt	modified	app/src/main/kotlin/com/dot/gallery/core/presentation/components/util/PermissionsExt.kt	9	1	txt
ac_cloud-media-center/app/src/main/kotlin/com/diegonmarcos/mediacenter/core/presentation/components/util/ShadowModifier.kt	modified	app/src/main/kotlin/com/dot/gallery/core/presentation/components/util/ShadowModifier.kt	44	1	txt
ac_cloud-media-center/app/src/main/kotlin/com/diegonmarcos/mediacenter/core/presentation/components/util/StickyHeaderGrid.kt	modified	app/src/main/kotlin/com/dot/gallery/core/presentation/components/util/StickyHeaderGrid.kt	58	1	txt
ac_cloud-media-center/app/src/main/kotlin/com/diegonmarcos/mediacenter/core/presentation/components/util/swipe.kt	modified	app/src/main/kotlin/com/dot/gallery/core/presentation/components/util/swipe.kt	73	2	txt
ac_cloud-media-center/app/src/main/kotlin/com/diegonmarcos/mediacenter/core/presentation/vm/NavigationViewModel.kt	modified	app/src/main/kotlin/com/dot/gallery/core/presentation/vm/NavigationViewModel.kt	47	7	txt
ac_cloud-media-center/app/src/main/kotlin/com/diegonmarcos/mediacenter/core/sandbox/IsolatedDecoderService.kt	modified	app/src/main/kotlin/com/dot/gallery/core/sandbox/IsolatedDecoderService.kt	148	1	txt
ac_cloud-media-center/app/src/main/kotlin/com/diegonmarcos/mediacenter/core/sandbox/IsolatedImageDecoder.kt	modified	app/src/main/kotlin/com/dot/gallery/core/sandbox/IsolatedImageDecoder.kt	196	16	txt
ac_cloud-media-center/app/src/main/kotlin/com/diegonmarcos/mediacenter/core/sandbox/IsolatedMetadataParser.kt	modified	app/src/main/kotlin/com/dot/gallery/core/sandbox/IsolatedMetadataParser.kt	379	14	txt
ac_cloud-media-center/app/src/main/kotlin/com/diegonmarcos/mediacenter/core/sandbox/IsolatedMetadataService.kt	modified	app/src/main/kotlin/com/dot/gallery/core/sandbox/IsolatedMetadataService.kt	593	1	txt
ac_cloud-media-center/app/src/main/kotlin/com/diegonmarcos/mediacenter/core/sandbox/PerFileConnection.kt	modified	app/src/main/kotlin/com/dot/gallery/core/sandbox/PerFileConnection.kt	19	1	txt
ac_cloud-media-center/app/src/main/kotlin/com/diegonmarcos/mediacenter/core/sandbox/PrivateFolderManager.kt	modified	app/src/main/kotlin/com/dot/gallery/core/sandbox/PrivateFolderManager.kt	227	4	txt
ac_cloud-media-center/app/src/main/kotlin/com/diegonmarcos/mediacenter/core/sandbox/PrivateFolderRepository.kt	modified	app/src/main/kotlin/com/dot/gallery/core/sandbox/PrivateFolderRepository.kt	285	5	txt
ac_cloud-media-center/app/src/main/kotlin/com/diegonmarcos/mediacenter/core/sandbox/SandboxedDecoderHolder.kt	modified	app/src/main/kotlin/com/dot/gallery/core/sandbox/SandboxedDecoderHolder.kt	44	3	txt
ac_cloud-media-center/app/src/main/kotlin/com/diegonmarcos/mediacenter/core/security/AdvancedProtectionMonitor.kt	modified	app/src/main/kotlin/com/dot/gallery/core/security/AdvancedProtectionMonitor.kt	60	4	txt
ac_cloud-media-center/app/src/main/kotlin/com/diegonmarcos/mediacenter/core/util/Column.kt	modified	app/src/main/kotlin/com/dot/gallery/core/util/Column.kt	35	1	txt
ac_cloud-media-center/app/src/main/kotlin/com/diegonmarcos/mediacenter/core/util/DateExt.kt	modified	app/src/main/kotlin/com/dot/gallery/feature_node/presentation/util/DateExt.kt	277	21	txt
ac_cloud-media-center/app/src/main/kotlin/com/diegonmarcos/mediacenter/core/util/FileUtils.kt	modified	app/src/main/kotlin/com/dot/gallery/feature_node/presentation/util/FileUtils.kt	324	3	txt
ac_cloud-media-center/app/src/main/kotlin/com/diegonmarcos/mediacenter/core/util/GeoFormat.kt	new		0	27	txt
ac_cloud-media-center/app/src/main/kotlin/com/diegonmarcos/mediacenter/core/util/HdrCapabilities.kt	modified	app/src/main/kotlin/com/dot/gallery/core/util/HdrCapabilities.kt	37	1	txt
ac_cloud-media-center/app/src/main/kotlin/com/diegonmarcos/mediacenter/core/util/ImageObscure.kt	modified	app/src/main/kotlin/com/dot/gallery/feature_node/presentation/edit/utils/ImageObscure.kt	51	1	txt
ac_cloud-media-center/app/src/main/kotlin/com/diegonmarcos/mediacenter/core/util/LogExt.kt	modified	app/src/main/kotlin/com/dot/gallery/feature_node/presentation/util/LogExt.kt	19	2	txt
ac_cloud-media-center/app/src/main/kotlin/com/diegonmarcos/mediacenter/core/util/MediaStoreBuckets.kt	modified	app/src/main/kotlin/com/dot/gallery/core/util/MediaStoreBuckets.kt	31	1	txt
ac_cloud-media-center/app/src/main/kotlin/com/diegonmarcos/mediacenter/core/util/MediaUtilsProvider.kt	modified	app/src/main/kotlin/com/dot/gallery/core/util/MediaUtilsProvider.kt	90	12	txt
ac_cloud-media-center/app/src/main/kotlin/com/diegonmarcos/mediacenter/core/util/NetworkExt.kt	modified	app/src/main/kotlin/com/dot/gallery/feature_node/presentation/util/NetworkExt.kt	44	9	txt
ac_cloud-media-center/app/src/main/kotlin/com/diegonmarcos/mediacenter/core/util/PickerUtils.kt	modified	app/src/main/kotlin/com/dot/gallery/core/util/PickerUtils.kt	50	2	txt
ac_cloud-media-center/app/src/main/kotlin/com/diegonmarcos/mediacenter/core/util/ProgressThrottler.kt	modified	app/src/main/kotlin/com/dot/gallery/core/util/ProgressThrottler.kt	29	1	txt
ac_cloud-media-center/app/src/main/kotlin/com/diegonmarcos/mediacenter/core/util/SafeExif.kt	modified	app/src/main/kotlin/com/dot/gallery/core/util/SafeExif.kt	38	1	txt
ac_cloud-media-center/app/src/main/kotlin/com/diegonmarcos/mediacenter/core/util/SdkCompat.kt	modified	app/src/main/kotlin/com/dot/gallery/core/util/SdkCompat.kt	65	1	txt
ac_cloud-media-center/app/src/main/kotlin/com/diegonmarcos/mediacenter/core/util/SettingsExt.kt	modified	app/src/main/kotlin/com/dot/gallery/core/util/SettingsExt.kt	70	2	txt
ac_cloud-media-center/app/src/main/kotlin/com/diegonmarcos/mediacenter/core/util/ext/ContentResolverExt.kt	modified	app/src/main/kotlin/com/dot/gallery/core/util/ext/ContentResolverExt.kt	751	6	txt
ac_cloud-media-center/app/src/main/kotlin/com/diegonmarcos/mediacenter/core/util/ext/CursorExt.kt	modified	app/src/main/kotlin/com/dot/gallery/core/util/ext/CursorExt.kt	49	3	txt
ac_cloud-media-center/app/src/main/kotlin/com/diegonmarcos/mediacenter/core/util/ext/ExifInterfaceExt.kt	modified	app/src/main/kotlin/com/dot/gallery/core/util/ext/ExifInterfaceExt.kt	105	1	txt
ac_cloud-media-center/app/src/main/kotlin/com/diegonmarcos/mediacenter/core/util/ext/FlowExt.kt	modified	app/src/main/kotlin/com/dot/gallery/core/util/ext/FlowExt.kt	11	1	txt
ac_cloud-media-center/app/src/main/kotlin/com/diegonmarcos/mediacenter/core/video/DecryptionProgressRegistry.kt	modified	app/src/main/kotlin/com/dot/gallery/core/video/DecryptionProgressRegistry.kt	16	1	txt
ac_cloud-media-center/app/src/main/kotlin/com/diegonmarcos/mediacenter/core/video/StreamingEncryptedDataSource.kt	modified	app/src/main/kotlin/com/dot/gallery/core/video/StreamingEncryptedDataSource.kt	85	3	txt
ac_cloud-media-center/app/src/main/kotlin/com/diegonmarcos/mediacenter/core/workers/CategoryWorker.kt	modified	app/src/main/kotlin/com/dot/gallery/core/workers/CategoryWorker.kt	267	12	txt
ac_cloud-media-center/app/src/main/kotlin/com/diegonmarcos/mediacenter/core/workers/ClassifierWorker.kt	modified	app/src/main/kotlin/com/dot/gallery/core/workers/ClassifierWorker.kt	61	2	txt
ac_cloud-media-center/app/src/main/kotlin/com/diegonmarcos/mediacenter/core/workers/DatabaseEncryptionWorker.kt	modified	app/src/main/kotlin/com/dot/gallery/core/workers/DatabaseEncryptionWorker.kt	70	4	txt
ac_cloud-media-center/app/src/main/kotlin/com/diegonmarcos/mediacenter/core/workers/DatabaseUpdaterWorker.kt	modified	app/src/main/kotlin/com/dot/gallery/core/workers/DatabaseUpdaterWorker.kt	92	7	txt
ac_cloud-media-center/app/src/main/kotlin/com/diegonmarcos/mediacenter/core/workers/EditBackupWorker.kt	modified	app/src/main/kotlin/com/dot/gallery/core/workers/EditBackupWorker.kt	169	4	txt
ac_cloud-media-center/app/src/main/kotlin/com/diegonmarcos/mediacenter/core/workers/FaceIndexerWorker.kt	modified	app/src/main/kotlin/com/dot/gallery/core/workers/FaceIndexerWorker.kt	245	16	txt
ac_cloud-media-center/app/src/main/kotlin/com/diegonmarcos/mediacenter/core/workers/MediaCopyWorker.kt	modified	app/src/main/kotlin/com/dot/gallery/core/workers/MediaCopyWorker.kt	204	8	txt
ac_cloud-media-center/app/src/main/kotlin/com/diegonmarcos/mediacenter/core/workers/MetadataCollectionWorker.kt	modified	app/src/main/kotlin/com/dot/gallery/core/workers/MetadataCollectionWorker.kt	173	14	txt
ac_cloud-media-center/app/src/main/kotlin/com/diegonmarcos/mediacenter/core/workers/ModelDownloadWorker.kt	modified	app/src/main/kotlin/com/dot/gallery/core/workers/ModelDownloadWorker.kt	305	7	txt
ac_cloud-media-center/app/src/main/kotlin/com/diegonmarcos/mediacenter/core/workers/RotateMediaWorker.kt	modified	app/src/main/kotlin/com/dot/gallery/core/workers/RotateMediaWorker.kt	312	10	txt
ac_cloud-media-center/app/src/main/kotlin/com/diegonmarcos/mediacenter/core/workers/SearchIndexerUpdaterWorker.kt	modified	app/src/main/kotlin/com/dot/gallery/core/workers/SearchIndexerUpdaterWorker.kt	141	15	txt
ac_cloud-media-center/app/src/main/kotlin/com/diegonmarcos/mediacenter/core/workers/TempVaultCleanupWorker.kt	modified	app/src/main/kotlin/com/dot/gallery/core/workers/TempVaultCleanupWorker.kt	126	3	txt
ac_cloud-media-center/app/src/main/kotlin/com/diegonmarcos/mediacenter/core/workers/VaultOperationWorker.kt	modified	app/src/main/kotlin/com/dot/gallery/core/workers/VaultOperationWorker.kt	240	8	txt
ac_cloud-media-center/app/src/main/kotlin/com/diegonmarcos/mediacenter/feature_node/data/data_source/AlbumGroupDao.kt	modified	app/src/main/kotlin/com/dot/gallery/feature_node/data/data_source/AlbumGroupDao.kt	44	3	txt
ac_cloud-media-center/app/src/main/kotlin/com/diegonmarcos/mediacenter/feature_node/data/data_source/AlbumSectionDao.kt	modified	app/src/main/kotlin/com/dot/gallery/feature_node/data/data_source/AlbumSectionDao.kt	52	3	txt
ac_cloud-media-center/app/src/main/kotlin/com/diegonmarcos/mediacenter/feature_node/data/data_source/AlbumThumbnailDao.kt	modified	app/src/main/kotlin/com/dot/gallery/feature_node/data/data_source/AlbumThumbnailDao.kt	19	2	txt
ac_cloud-media-center/app/src/main/kotlin/com/diegonmarcos/mediacenter/feature_node/data/data_source/BlacklistDao.kt	modified	app/src/main/kotlin/com/dot/gallery/feature_node/data/data_source/BlacklistDao.kt	16	2	txt
ac_cloud-media-center/app/src/main/kotlin/com/diegonmarcos/mediacenter/feature_node/data/data_source/CategoryDao.kt	modified	app/src/main/kotlin/com/dot/gallery/feature_node/data/data_source/CategoryDao.kt	229	3	txt
ac_cloud-media-center/app/src/main/kotlin/com/diegonmarcos/mediacenter/feature_node/data/data_source/ClassifierDao.kt	modified	app/src/main/kotlin/com/dot/gallery/feature_node/data/data_source/ClassifierDao.kt	68	3	txt
ac_cloud-media-center/app/src/main/kotlin/com/diegonmarcos/mediacenter/feature_node/data/data_source/CollectionDao.kt	modified	app/src/main/kotlin/com/dot/gallery/feature_node/data/data_source/CollectionDao.kt	128	5	txt
ac_cloud-media-center/app/src/main/kotlin/com/diegonmarcos/mediacenter/feature_node/data/data_source/EditHistoryDao.kt	modified	app/src/main/kotlin/com/dot/gallery/feature_node/data/data_source/EditHistoryDao.kt	27	2	txt
ac_cloud-media-center/app/src/main/kotlin/com/diegonmarcos/mediacenter/feature_node/data/data_source/ImageEmbeddingDao.kt	modified	app/src/main/kotlin/com/dot/gallery/feature_node/data/data_source/ImageEmbeddingDao.kt	13	2	txt
ac_cloud-media-center/app/src/main/kotlin/com/diegonmarcos/mediacenter/feature_node/data/data_source/InternalDatabase.kt	modified	app/src/main/kotlin/com/dot/gallery/feature_node/data/data_source/InternalDatabase.kt	128	53	txt
ac_cloud-media-center/app/src/main/kotlin/com/diegonmarcos/mediacenter/feature_node/data/data_source/KeychainHolder.kt	modified	app/src/main/kotlin/com/dot/gallery/feature_node/data/data_source/KeychainHolder.kt	479	6	txt
ac_cloud-media-center/app/src/main/kotlin/com/diegonmarcos/mediacenter/feature_node/data/data_source/LockedAlbumDao.kt	modified	app/src/main/kotlin/com/dot/gallery/feature_node/data/data_source/LockedAlbumDao.kt	22	2	txt
ac_cloud-media-center/app/src/main/kotlin/com/diegonmarcos/mediacenter/feature_node/data/data_source/MediaDao.kt	modified	app/src/main/kotlin/com/dot/gallery/feature_node/data/data_source/MediaDao.kt	44	5	txt
ac_cloud-media-center/app/src/main/kotlin/com/diegonmarcos/mediacenter/feature_node/data/data_source/MergedSubfolderDao.kt	modified	app/src/main/kotlin/com/dot/gallery/feature_node/data/data_source/MergedSubfolderDao.kt	20	2	txt
ac_cloud-media-center/app/src/main/kotlin/com/diegonmarcos/mediacenter/feature_node/data/data_source/MetadataDao.kt	modified	app/src/main/kotlin/com/dot/gallery/feature_node/data/data_source/MetadataDao.kt	84	10	txt
ac_cloud-media-center/app/src/main/kotlin/com/diegonmarcos/mediacenter/feature_node/data/data_source/PinnedDao.kt	modified	app/src/main/kotlin/com/dot/gallery/feature_node/data/data_source/PinnedDao.kt	22	2	txt
ac_cloud-media-center/app/src/main/kotlin/com/diegonmarcos/mediacenter/feature_node/data/data_source/ScannedMediaDao.kt	modified	app/src/main/kotlin/com/dot/gallery/feature_node/data/data_source/ScannedMediaDao.kt	16	2	txt
ac_cloud-media-center/app/src/main/kotlin/com/diegonmarcos/mediacenter/feature_node/data/data_source/VaultDao.kt	modified	app/src/main/kotlin/com/dot/gallery/feature_node/data/data_source/VaultDao.kt	53	3	txt
ac_cloud-media-center/app/src/main/kotlin/com/diegonmarcos/mediacenter/feature_node/data/data_source/contentindex/FolderContentIndexer.kt	new		0	89	txt
ac_cloud-media-center/app/src/main/kotlin/com/diegonmarcos/mediacenter/feature_node/data/data_source/contentindex/IndexTypes.kt	new		0	49	txt
ac_cloud-media-center/app/src/main/kotlin/com/diegonmarcos/mediacenter/feature_node/data/data_source/contentindex/MediaContentIndexDao.kt	new		0	23	txt
ac_cloud-media-center/app/src/main/kotlin/com/diegonmarcos/mediacenter/feature_node/data/data_source/contentindex/MediaContentIndexEntity.kt	new		0	42	txt
ac_cloud-media-center/app/src/main/kotlin/com/diegonmarcos/mediacenter/feature_node/data/data_source/mediastore/MediaQuery.kt	modified	app/src/main/kotlin/com/dot/gallery/feature_node/data/data_source/mediastore/MediaQuery.kt	168	10	txt
ac_cloud-media-center/app/src/main/kotlin/com/diegonmarcos/mediacenter/feature_node/data/data_source/mediastore/queries/AlbumsFlow.kt	modified	app/src/main/kotlin/com/dot/gallery/feature_node/data/data_source/mediastore/queries/AlbumsFlow.kt	150	13	txt
ac_cloud-media-center/app/src/main/kotlin/com/diegonmarcos/mediacenter/feature_node/data/data_source/mediastore/queries/MediaFlow.kt	modified	app/src/main/kotlin/com/dot/gallery/feature_node/data/data_source/mediastore/queries/MediaFlow.kt	168	19	txt
ac_cloud-media-center/app/src/main/kotlin/com/diegonmarcos/mediacenter/feature_node/data/data_source/mediastore/queries/MediaUriFlow.kt	modified	app/src/main/kotlin/com/dot/gallery/feature_node/data/data_source/mediastore/queries/MediaUriFlow.kt	219	20	txt
ac_cloud-media-center/app/src/main/kotlin/com/diegonmarcos/mediacenter/feature_node/data/data_source/mediastore/queries/QueryFlow.kt	modified	app/src/main/kotlin/com/dot/gallery/feature_node/data/data_source/mediastore/queries/QueryFlow.kt	20	1	txt
ac_cloud-media-center/app/src/main/kotlin/com/diegonmarcos/mediacenter/feature_node/data/data_source/migration/CloudDeleteLocalPrefMigration.kt	modified	app/src/main/kotlin/com/dot/gallery/feature_node/data/data_source/migration/CloudDeleteLocalPrefMigration.kt	41	2	txt
ac_cloud-media-center/app/src/main/kotlin/com/diegonmarcos/mediacenter/feature_node/data/data_source/migration/CloudMediaPkMigration.kt	modified	app/src/main/kotlin/com/dot/gallery/feature_node/data/data_source/migration/CloudMediaPkMigration.kt	84	2	txt
ac_cloud-media-center/app/src/main/kotlin/com/diegonmarcos/mediacenter/feature_node/data/data_source/migration/CloudUploadPrefMigration.kt	modified	app/src/main/kotlin/com/dot/gallery/feature_node/data/data_source/migration/CloudUploadPrefMigration.kt	65	2	txt
ac_cloud-media-center/app/src/main/kotlin/com/diegonmarcos/mediacenter/feature_node/data/data_source/migration/IgnoredAlbumMigration.kt	modified	app/src/main/kotlin/com/dot/gallery/feature_node/data/data_source/migration/IgnoredAlbumMigration.kt	99	1	txt
ac_cloud-media-center/app/src/main/kotlin/com/diegonmarcos/mediacenter/feature_node/data/data_source/migration/TimelineOrderTypeRenameMigration.kt	new		0	56	txt
ac_cloud-media-center/app/src/main/kotlin/com/diegonmarcos/mediacenter/feature_node/data/repository/MediaRepositoryImpl.kt	modified	app/src/main/kotlin/com/dot/gallery/feature_node/data/repository/MediaRepositoryImpl.kt	1124	82	txt
ac_cloud-media-center/app/src/main/kotlin/com/diegonmarcos/mediacenter/feature_node/domain/model/Album.kt	modified	app/src/main/kotlin/com/dot/gallery/feature_node/domain/model/Album.kt	53	1	txt
ac_cloud-media-center/app/src/main/kotlin/com/diegonmarcos/mediacenter/feature_node/domain/model/AlbumGroup.kt	modified	app/src/main/kotlin/com/dot/gallery/feature_node/domain/model/AlbumGroup.kt	15	1	txt
ac_cloud-media-center/app/src/main/kotlin/com/diegonmarcos/mediacenter/feature_node/domain/model/AlbumGroupMember.kt	modified	app/src/main/kotlin/com/dot/gallery/feature_node/domain/model/AlbumGroupMember.kt	24	1	txt
ac_cloud-media-center/app/src/main/kotlin/com/diegonmarcos/mediacenter/feature_node/domain/model/AlbumGroupWithAlbums.kt	modified	app/src/main/kotlin/com/dot/gallery/feature_node/domain/model/AlbumGroupWithAlbums.kt	14	1	txt
ac_cloud-media-center/app/src/main/kotlin/com/diegonmarcos/mediacenter/feature_node/domain/model/AlbumSection.kt	modified	app/src/main/kotlin/com/dot/gallery/feature_node/domain/model/AlbumSection.kt	41	1	txt
ac_cloud-media-center/app/src/main/kotlin/com/diegonmarcos/mediacenter/feature_node/domain/model/AlbumSectionMember.kt	modified	app/src/main/kotlin/com/dot/gallery/feature_node/domain/model/AlbumSectionMember.kt	24	1	txt
ac_cloud-media-center/app/src/main/kotlin/com/diegonmarcos/mediacenter/feature_node/domain/model/AlbumSectionWithAlbums.kt	modified	app/src/main/kotlin/com/dot/gallery/feature_node/domain/model/AlbumSectionWithAlbums.kt	14	1	txt
ac_cloud-media-center/app/src/main/kotlin/com/diegonmarcos/mediacenter/feature_node/domain/model/AlbumState.kt	modified	app/src/main/kotlin/com/dot/gallery/feature_node/domain/model/AlbumState.kt	15	1	txt
ac_cloud-media-center/app/src/main/kotlin/com/diegonmarcos/mediacenter/feature_node/domain/model/AlbumThumbnail.kt	modified	app/src/main/kotlin/com/dot/gallery/feature_node/domain/model/AlbumThumbnail.kt	10	2	txt
ac_cloud-media-center/app/src/main/kotlin/com/diegonmarcos/mediacenter/feature_node/domain/model/AllowedMedia.kt	new		0	24	txt
ac_cloud-media-center/app/src/main/kotlin/com/diegonmarcos/mediacenter/feature_node/domain/model/Category.kt	modified	app/src/main/kotlin/com/dot/gallery/feature_node/domain/model/Category.kt	141	1	txt
ac_cloud-media-center/app/src/main/kotlin/com/diegonmarcos/mediacenter/feature_node/domain/model/Collection.kt	modified	app/src/main/kotlin/com/dot/gallery/feature_node/domain/model/Collection.kt	31	1	txt
ac_cloud-media-center/app/src/main/kotlin/com/diegonmarcos/mediacenter/feature_node/domain/model/CollectionAlbum.kt	modified	app/src/main/kotlin/com/dot/gallery/feature_node/domain/model/CollectionAlbum.kt	32	1	txt
ac_cloud-media-center/app/src/main/kotlin/com/diegonmarcos/mediacenter/feature_node/domain/model/CollectionMedia.kt	modified	app/src/main/kotlin/com/dot/gallery/feature_node/domain/model/CollectionMedia.kt	32	1	txt
ac_cloud-media-center/app/src/main/kotlin/com/diegonmarcos/mediacenter/feature_node/domain/model/EditedMedia.kt	modified	app/src/main/kotlin/com/dot/gallery/feature_node/domain/model/EditedMedia.kt	18	2	txt
ac_cloud-media-center/app/src/main/kotlin/com/diegonmarcos/mediacenter/feature_node/domain/model/ExifAttributes.kt	modified	app/src/main/kotlin/com/dot/gallery/feature_node/domain/model/ExifAttributes.kt	89	1	txt
ac_cloud-media-center/app/src/main/kotlin/com/diegonmarcos/mediacenter/feature_node/domain/model/GeoMedia.kt	modified	app/src/main/kotlin/com/dot/gallery/feature_node/domain/model/GeoMedia.kt	10	1	txt
ac_cloud-media-center/app/src/main/kotlin/com/diegonmarcos/mediacenter/feature_node/domain/model/IgnoredAlbum.kt	modified	app/src/main/kotlin/com/dot/gallery/feature_node/domain/model/IgnoredAlbum.kt	70	2	txt
ac_cloud-media-center/app/src/main/kotlin/com/diegonmarcos/mediacenter/feature_node/domain/model/ImageEmbedding.kt	modified	app/src/main/kotlin/com/dot/gallery/feature_node/domain/model/ImageEmbedding.kt	27	1	txt
ac_cloud-media-center/app/src/main/kotlin/com/diegonmarcos/mediacenter/feature_node/domain/model/InfoRow.kt	modified	app/src/main/kotlin/com/dot/gallery/feature_node/domain/model/InfoRow.kt	12	1	txt
ac_cloud-media-center/app/src/main/kotlin/com/diegonmarcos/mediacenter/feature_node/domain/model/LibraryIndicatorState.kt	modified	app/src/main/kotlin/com/dot/gallery/feature_node/domain/model/LibraryIndicatorState.kt	8	1	txt
ac_cloud-media-center/app/src/main/kotlin/com/diegonmarcos/mediacenter/feature_node/domain/model/LocationData.kt	modified	app/src/main/kotlin/com/dot/gallery/feature_node/domain/model/LocationData.kt	7	1	txt
ac_cloud-media-center/app/src/main/kotlin/com/diegonmarcos/mediacenter/feature_node/domain/model/LocationMedia.kt	modified	app/src/main/kotlin/com/dot/gallery/feature_node/domain/model/LocationMedia.kt	8	1	txt
ac_cloud-media-center/app/src/main/kotlin/com/diegonmarcos/mediacenter/feature_node/domain/model/LockedAlbum.kt	modified	app/src/main/kotlin/com/dot/gallery/feature_node/domain/model/LockedAlbum.kt	13	1	txt
ac_cloud-media-center/app/src/main/kotlin/com/diegonmarcos/mediacenter/feature_node/domain/model/Media.kt	modified	app/src/main/kotlin/com/dot/gallery/feature_node/domain/model/Media.kt	343	5	txt
ac_cloud-media-center/app/src/main/kotlin/com/diegonmarcos/mediacenter/feature_node/domain/model/MediaCategory.kt	modified	app/src/main/kotlin/com/dot/gallery/feature_node/domain/model/MediaCategory.kt	64	1	txt
ac_cloud-media-center/app/src/main/kotlin/com/diegonmarcos/mediacenter/feature_node/domain/model/MediaDateCaption.kt	modified	app/src/main/kotlin/com/dot/gallery/feature_node/domain/model/MediaDateCaption.kt	7	1	txt
ac_cloud-media-center/app/src/main/kotlin/com/diegonmarcos/mediacenter/feature_node/domain/model/MediaItem.kt	modified	app/src/main/kotlin/com/dot/gallery/feature_node/domain/model/MediaItem.kt	30	1	txt
ac_cloud-media-center/app/src/main/kotlin/com/diegonmarcos/mediacenter/feature_node/domain/model/MediaMetadata.kt	modified	app/src/main/kotlin/com/dot/gallery/feature_node/domain/model/MediaMetadata.kt	567	11	txt
ac_cloud-media-center/app/src/main/kotlin/com/diegonmarcos/mediacenter/feature_node/domain/model/MediaMetadataState.kt	modified	app/src/main/kotlin/com/dot/gallery/feature_node/domain/model/MediaMetadataState.kt	9	1	txt
ac_cloud-media-center/app/src/main/kotlin/com/diegonmarcos/mediacenter/feature_node/domain/model/MediaState.kt	modified	app/src/main/kotlin/com/dot/gallery/feature_node/domain/model/MediaState.kt	21	1	txt
ac_cloud-media-center/app/src/main/kotlin/com/diegonmarcos/mediacenter/feature_node/domain/model/MediaType.kt	modified	app/src/main/kotlin/com/dot/gallery/feature_node/domain/model/MediaType.kt	40	1	txt
ac_cloud-media-center/app/src/main/kotlin/com/diegonmarcos/mediacenter/feature_node/domain/model/MediaTypeAlbum.kt	modified	app/src/main/kotlin/com/dot/gallery/feature_node/domain/model/MediaTypeAlbum.kt	28	6	txt
ac_cloud-media-center/app/src/main/kotlin/com/diegonmarcos/mediacenter/feature_node/domain/model/MediaVersion.kt	modified	app/src/main/kotlin/com/dot/gallery/feature_node/domain/model/MediaVersion.kt	5	1	txt
ac_cloud-media-center/app/src/main/kotlin/com/diegonmarcos/mediacenter/feature_node/domain/model/MergedSubfolderAlbum.kt	modified	app/src/main/kotlin/com/dot/gallery/feature_node/domain/model/MergedSubfolderAlbum.kt	13	1	txt
ac_cloud-media-center/app/src/main/kotlin/com/diegonmarcos/mediacenter/feature_node/domain/model/MosaicDisplayItem.kt	modified	app/src/main/kotlin/com/dot/gallery/feature_node/domain/model/MosaicDisplayItem.kt	107	1	txt
ac_cloud-media-center/app/src/main/kotlin/com/diegonmarcos/mediacenter/feature_node/domain/model/PinnedAlbum.kt	modified	app/src/main/kotlin/com/dot/gallery/feature_node/domain/model/PinnedAlbum.kt	13	1	txt
ac_cloud-media-center/app/src/main/kotlin/com/diegonmarcos/mediacenter/feature_node/domain/model/PlaybackSpeed.kt	modified	app/src/main/kotlin/com/dot/gallery/feature_node/domain/model/PlaybackSpeed.kt	5	1	txt
ac_cloud-media-center/app/src/main/kotlin/com/diegonmarcos/mediacenter/feature_node/domain/model/ScannedMedia.kt	modified	app/src/main/kotlin/com/dot/gallery/feature_node/domain/model/ScannedMedia.kt	11	1	txt
ac_cloud-media-center/app/src/main/kotlin/com/diegonmarcos/mediacenter/feature_node/domain/model/SearchHistory.kt	modified	app/src/main/kotlin/com/dot/gallery/feature_node/domain/model/SearchHistory.kt	9	1	txt
ac_cloud-media-center/app/src/main/kotlin/com/diegonmarcos/mediacenter/feature_node/domain/model/SelectionAction.kt	modified	app/src/main/kotlin/com/dot/gallery/feature_node/domain/model/SelectionAction.kt	181	2	txt
ac_cloud-media-center/app/src/main/kotlin/com/diegonmarcos/mediacenter/feature_node/domain/model/SlideshowTransition.kt	modified	app/src/main/kotlin/com/dot/gallery/feature_node/domain/model/SlideshowTransition.kt	19	1	txt
ac_cloud-media-center/app/src/main/kotlin/com/diegonmarcos/mediacenter/feature_node/domain/model/StoryCard.kt	modified	app/src/main/kotlin/com/dot/gallery/feature_node/domain/model/StoryCard.kt	57	1	txt
ac_cloud-media-center/app/src/main/kotlin/com/diegonmarcos/mediacenter/feature_node/domain/model/SubtitleTrack.kt	modified	app/src/main/kotlin/com/dot/gallery/feature_node/domain/model/SubtitleTrack.kt	20	1	txt
ac_cloud-media-center/app/src/main/kotlin/com/diegonmarcos/mediacenter/feature_node/domain/model/TimelineFilter.kt	modified	app/src/main/kotlin/com/dot/gallery/feature_node/domain/model/TimelineFilter.kt	25	1	txt
ac_cloud-media-center/app/src/main/kotlin/com/diegonmarcos/mediacenter/feature_node/domain/model/TimelineSettings.kt	modified	app/src/main/kotlin/com/dot/gallery/feature_node/domain/model/TimelineSettings.kt	24	5	txt
ac_cloud-media-center/app/src/main/kotlin/com/diegonmarcos/mediacenter/feature_node/domain/model/UIEvent.kt	modified	app/src/main/kotlin/com/dot/gallery/feature_node/domain/model/UIEvent.kt	7	1	txt
ac_cloud-media-center/app/src/main/kotlin/com/diegonmarcos/mediacenter/feature_node/domain/model/Vault.kt	modified	app/src/main/kotlin/com/dot/gallery/feature_node/domain/model/Vault.kt	28	1	txt
ac_cloud-media-center/app/src/main/kotlin/com/diegonmarcos/mediacenter/feature_node/domain/model/VaultInfo.kt	modified	app/src/main/kotlin/com/dot/gallery/feature_node/domain/model/VaultInfo.kt	16	1	txt
ac_cloud-media-center/app/src/main/kotlin/com/diegonmarcos/mediacenter/feature_node/domain/model/VaultState.kt	modified	app/src/main/kotlin/com/dot/gallery/feature_node/domain/model/VaultState.kt	6	1	txt
ac_cloud-media-center/app/src/main/kotlin/com/diegonmarcos/mediacenter/feature_node/domain/model/editor/Adjustment.kt	modified	app/src/main/kotlin/com/dot/gallery/feature_node/domain/model/editor/Adjustment.kt	13	2	txt
ac_cloud-media-center/app/src/main/kotlin/com/diegonmarcos/mediacenter/feature_node/domain/model/editor/ColourTool.kt	modified	app/src/main/kotlin/com/dot/gallery/feature_node/domain/model/editor/ColourTool.kt	48	2	txt
ac_cloud-media-center/app/src/main/kotlin/com/diegonmarcos/mediacenter/feature_node/domain/model/editor/CropState.kt	modified	app/src/main/kotlin/com/dot/gallery/feature_node/domain/model/editor/CropState.kt	11	1	txt
ac_cloud-media-center/app/src/main/kotlin/com/diegonmarcos/mediacenter/feature_node/domain/model/editor/DevelopCategory.kt	modified	app/src/main/kotlin/com/dot/gallery/feature_node/domain/model/editor/DevelopCategory.kt	20	1	txt
ac_cloud-media-center/app/src/main/kotlin/com/diegonmarcos/mediacenter/feature_node/domain/model/editor/DrawMode.kt	modified	app/src/main/kotlin/com/dot/gallery/feature_node/domain/model/editor/DrawMode.kt	3	1	txt
ac_cloud-media-center/app/src/main/kotlin/com/diegonmarcos/mediacenter/feature_node/domain/model/editor/DrawType.kt	modified	app/src/main/kotlin/com/dot/gallery/feature_node/domain/model/editor/DrawType.kt	3	1	txt
ac_cloud-media-center/app/src/main/kotlin/com/diegonmarcos/mediacenter/feature_node/domain/model/editor/EditorDestination.kt	modified	app/src/main/kotlin/com/dot/gallery/feature_node/domain/model/editor/EditorDestination.kt	49	2	txt
ac_cloud-media-center/app/src/main/kotlin/com/diegonmarcos/mediacenter/feature_node/domain/model/editor/EditorItems.kt	modified	app/src/main/kotlin/com/dot/gallery/feature_node/domain/model/editor/EditorItems.kt	93	2	txt
ac_cloud-media-center/app/src/main/kotlin/com/diegonmarcos/mediacenter/feature_node/domain/model/editor/EffectTool.kt	modified	app/src/main/kotlin/com/dot/gallery/feature_node/domain/model/editor/EffectTool.kt	29	2	txt
ac_cloud-media-center/app/src/main/kotlin/com/diegonmarcos/mediacenter/feature_node/domain/model/editor/FilterStyle.kt	modified	app/src/main/kotlin/com/dot/gallery/feature_node/domain/model/editor/FilterStyle.kt	62	2	txt
ac_cloud-media-center/app/src/main/kotlin/com/diegonmarcos/mediacenter/feature_node/domain/model/editor/ImageFilter.kt	modified	app/src/main/kotlin/com/dot/gallery/feature_node/domain/model/editor/ImageFilter.kt	6	1	txt
ac_cloud-media-center/app/src/main/kotlin/com/diegonmarcos/mediacenter/feature_node/domain/model/editor/LightingTool.kt	modified	app/src/main/kotlin/com/dot/gallery/feature_node/domain/model/editor/LightingTool.kt	57	2	txt
ac_cloud-media-center/app/src/main/kotlin/com/diegonmarcos/mediacenter/feature_node/domain/model/editor/MarkupBrush.kt	modified	app/src/main/kotlin/com/dot/gallery/feature_node/domain/model/editor/MarkupBrush.kt	8	1	txt
ac_cloud-media-center/app/src/main/kotlin/com/diegonmarcos/mediacenter/feature_node/domain/model/editor/MarkupItems.kt	modified	app/src/main/kotlin/com/dot/gallery/feature_node/domain/model/editor/MarkupItems.kt	47	7	txt
ac_cloud-media-center/app/src/main/kotlin/com/diegonmarcos/mediacenter/feature_node/domain/model/editor/PainterMotionEvent.kt	modified	app/src/main/kotlin/com/dot/gallery/feature_node/domain/model/editor/PainterMotionEvent.kt	3	1	txt
ac_cloud-media-center/app/src/main/kotlin/com/diegonmarcos/mediacenter/feature_node/domain/model/editor/PathProperties.kt	modified	app/src/main/kotlin/com/dot/gallery/feature_node/domain/model/editor/PathProperties.kt	38	1	txt
ac_cloud-media-center/app/src/main/kotlin/com/diegonmarcos/mediacenter/feature_node/domain/model/editor/SaveFormat.kt	modified	app/src/main/kotlin/com/dot/gallery/feature_node/domain/model/editor/SaveFormat.kt	25	1	txt
ac_cloud-media-center/app/src/main/kotlin/com/diegonmarcos/mediacenter/feature_node/domain/model/editor/SuggestionPreset.kt	modified	app/src/main/kotlin/com/dot/gallery/feature_node/domain/model/editor/SuggestionPreset.kt	60	2	txt
ac_cloud-media-center/app/src/main/kotlin/com/diegonmarcos/mediacenter/feature_node/domain/model/editor/TextAnnotation.kt	modified	app/src/main/kotlin/com/dot/gallery/feature_node/domain/model/editor/TextAnnotation.kt	12	1	txt
ac_cloud-media-center/app/src/main/kotlin/com/diegonmarcos/mediacenter/feature_node/domain/model/editor/TileBehavior.kt	modified	app/src/main/kotlin/com/dot/gallery/feature_node/domain/model/editor/TileBehavior.kt	41	1	txt
ac_cloud-media-center/app/src/main/kotlin/com/diegonmarcos/mediacenter/feature_node/domain/model/editor/TileableAdjustment.kt	modified	app/src/main/kotlin/com/dot/gallery/feature_node/domain/model/editor/TileableAdjustment.kt	27	1	txt
ac_cloud-media-center/app/src/main/kotlin/com/diegonmarcos/mediacenter/feature_node/domain/model/editor/VariableFilter.kt	modified	app/src/main/kotlin/com/dot/gallery/feature_node/domain/model/editor/VariableFilter.kt	12	1	txt
ac_cloud-media-center/app/src/main/kotlin/com/diegonmarcos/mediacenter/feature_node/domain/model/editor/VariableFilterTypes.kt	modified	app/src/main/kotlin/com/dot/gallery/feature_node/presentation/edit/adjustments/varfilter/VariableFilterTypes.kt	15	12	txt
ac_cloud-media-center/app/src/main/kotlin/com/diegonmarcos/mediacenter/feature_node/domain/repository/MediaRepository.kt	modified	app/src/main/kotlin/com/dot/gallery/feature_node/domain/repository/MediaRepository.kt	236	31	txt
ac_cloud-media-center/app/src/main/kotlin/com/diegonmarcos/mediacenter/feature_node/domain/util/AlbumClassifier.kt	modified	app/src/main/kotlin/com/dot/gallery/feature_node/domain/util/AlbumClassifier.kt	67	3	txt
ac_cloud-media-center/app/src/main/kotlin/com/diegonmarcos/mediacenter/feature_node/domain/util/Converters.kt	modified	app/src/main/kotlin/com/dot/gallery/feature_node/domain/util/Converters.kt	34	2	txt
ac_cloud-media-center/app/src/main/kotlin/com/diegonmarcos/mediacenter/feature_node/domain/util/EventHandler.kt	modified	app/src/main/kotlin/com/dot/gallery/feature_node/domain/util/EventHandler.kt	9	2	txt
ac_cloud-media-center/app/src/main/kotlin/com/diegonmarcos/mediacenter/feature_node/domain/util/MediaExt.kt	modified	app/src/main/kotlin/com/dot/gallery/feature_node/domain/util/MediaExt.kt	428	7	txt
ac_cloud-media-center/app/src/main/kotlin/com/diegonmarcos/mediacenter/feature_node/domain/util/MediaOrder.kt	modified	app/src/main/kotlin/com/dot/gallery/feature_node/domain/util/MediaOrder.kt	72	3	txt
ac_cloud-media-center/app/src/main/kotlin/com/diegonmarcos/mediacenter/feature_node/domain/util/MotionPhotoHelper.kt	modified	app/src/main/kotlin/com/dot/gallery/feature_node/domain/util/MotionPhotoHelper.kt	358	3	txt
ac_cloud-media-center/app/src/main/kotlin/com/diegonmarcos/mediacenter/feature_node/domain/util/OrderType.kt	modified	app/src/main/kotlin/com/dot/gallery/feature_node/domain/util/OrderType.kt	17	1	txt
ac_cloud-media-center/app/src/main/kotlin/com/diegonmarcos/mediacenter/feature_node/domain/util/UriSerializer.kt	modified	app/src/main/kotlin/com/dot/gallery/feature_node/domain/util/UriSerializer.kt	17	1	txt
ac_cloud-media-center/app/src/main/kotlin/com/diegonmarcos/mediacenter/feature_node/presentation/actions/ActionsScreen.kt	modified	app/src/main/kotlin/com/dot/gallery/feature_node/presentation/actions/ActionsScreen.kt	6	1	txt
ac_cloud-media-center/app/src/main/kotlin/com/diegonmarcos/mediacenter/feature_node/presentation/actions/ActionsViewModel.kt	modified	app/src/main/kotlin/com/dot/gallery/feature_node/presentation/actions/ActionsViewModel.kt	8	2	txt
ac_cloud-media-center/app/src/main/kotlin/com/diegonmarcos/mediacenter/feature_node/presentation/albums/AlbumGroupViewScreen.kt	modified	app/src/main/kotlin/com/dot/gallery/feature_node/presentation/albums/AlbumGroupViewScreen.kt	135	11	txt
ac_cloud-media-center/app/src/main/kotlin/com/diegonmarcos/mediacenter/feature_node/presentation/albums/AlbumsScreen.kt	modified	app/src/main/kotlin/com/dot/gallery/feature_node/presentation/albums/AlbumsScreen.kt	872	49	txt
ac_cloud-media-center/app/src/main/kotlin/com/diegonmarcos/mediacenter/feature_node/presentation/albums/AlbumsViewModel.kt	modified	app/src/main/kotlin/com/dot/gallery/feature_node/presentation/albums/AlbumsViewModel.kt	294	28	txt
ac_cloud-media-center/app/src/main/kotlin/com/diegonmarcos/mediacenter/feature_node/presentation/albums/EditGroupScreen.kt	modified	app/src/main/kotlin/com/dot/gallery/feature_node/presentation/albums/EditGroupScreen.kt	281	8	txt
ac_cloud-media-center/app/src/main/kotlin/com/diegonmarcos/mediacenter/feature_node/presentation/albums/components/AlbumComponent.kt	modified	app/src/main/kotlin/com/dot/gallery/feature_node/presentation/albums/components/AlbumComponent.kt	733	18	txt
ac_cloud-media-center/app/src/main/kotlin/com/diegonmarcos/mediacenter/feature_node/presentation/albums/components/AlbumGroupComponent.kt	modified	app/src/main/kotlin/com/dot/gallery/feature_node/presentation/albums/components/AlbumGroupComponent.kt	547	9	txt
ac_cloud-media-center/app/src/main/kotlin/com/diegonmarcos/mediacenter/feature_node/presentation/albums/components/AlbumSectionHeader.kt	modified	app/src/main/kotlin/com/dot/gallery/feature_node/presentation/albums/components/AlbumSectionHeader.kt	98	4	txt
ac_cloud-media-center/app/src/main/kotlin/com/diegonmarcos/mediacenter/feature_node/presentation/albums/components/AlbumThumbnailPresentation.kt	modified	app/src/main/kotlin/com/dot/gallery/feature_node/presentation/albums/components/AlbumThumbnailPresentation.kt	12	1	txt
ac_cloud-media-center/app/src/main/kotlin/com/diegonmarcos/mediacenter/feature_node/presentation/albums/components/PinnedAlbumsCarousel.kt	modified	app/src/main/kotlin/com/dot/gallery/feature_node/presentation/albums/components/PinnedAlbumsCarousel.kt	331	8	txt
ac_cloud-media-center/app/src/main/kotlin/com/diegonmarcos/mediacenter/feature_node/presentation/albumtimeline/AlbumTimelineScreen.kt	modified	app/src/main/kotlin/com/dot/gallery/feature_node/presentation/albumtimeline/AlbumTimelineScreen.kt	456	62	txt
ac_cloud-media-center/app/src/main/kotlin/com/diegonmarcos/mediacenter/feature_node/presentation/albumtimeline/components/AlbumSortDropdown.kt	modified	app/src/main/kotlin/com/dot/gallery/feature_node/presentation/albumtimeline/components/AlbumSortDropdown.kt	112	5	txt
ac_cloud-media-center/app/src/main/kotlin/com/diegonmarcos/mediacenter/feature_node/presentation/albumtimeline/components/SlideshowOptionsSheet.kt	modified	app/src/main/kotlin/com/dot/gallery/feature_node/presentation/albumtimeline/components/SlideshowOptionsSheet.kt	186	10	txt
ac_cloud-media-center/app/src/main/kotlin/com/diegonmarcos/mediacenter/feature_node/presentation/cast/FCastModule.kt	modified	app/src/main/kotlin/com/dot/gallery/feature_node/presentation/cast/FCastModule.kt	14	1	txt
ac_cloud-media-center/app/src/main/kotlin/com/diegonmarcos/mediacenter/feature_node/presentation/cast/FCastProtocol.kt	modified	app/src/main/kotlin/com/dot/gallery/feature_node/presentation/cast/FCastProtocol.kt	136	1	txt
ac_cloud-media-center/app/src/main/kotlin/com/diegonmarcos/mediacenter/feature_node/presentation/cast/FCastSession.kt	modified	app/src/main/kotlin/com/dot/gallery/feature_node/presentation/cast/FCastSession.kt	596	7	txt
ac_cloud-media-center/app/src/main/kotlin/com/diegonmarcos/mediacenter/feature_node/presentation/cast/FCastViewModel.kt	modified	app/src/main/kotlin/com/dot/gallery/feature_node/presentation/cast/FCastViewModel.kt	68	5	txt
ac_cloud-media-center/app/src/main/kotlin/com/diegonmarcos/mediacenter/feature_node/presentation/cast/LocalMediaHttpServer.kt	modified	app/src/main/kotlin/com/dot/gallery/feature_node/presentation/cast/LocalMediaHttpServer.kt	140	1	txt
ac_cloud-media-center/app/src/main/kotlin/com/diegonmarcos/mediacenter/feature_node/presentation/cast/components/CastButton.kt	modified	app/src/main/kotlin/com/dot/gallery/feature_node/presentation/cast/components/CastButton.kt	79	2	txt
ac_cloud-media-center/app/src/main/kotlin/com/diegonmarcos/mediacenter/feature_node/presentation/cast/components/CastPermissionsDialog.kt	modified	app/src/main/kotlin/com/dot/gallery/feature_node/presentation/cast/components/CastPermissionsDialog.kt	123	3	txt
ac_cloud-media-center/app/src/main/kotlin/com/diegonmarcos/mediacenter/feature_node/presentation/cast/components/FCastDevicePickerDialog.kt	modified	app/src/main/kotlin/com/dot/gallery/feature_node/presentation/cast/components/FCastDevicePickerDialog.kt	274	5	txt
ac_cloud-media-center/app/src/main/kotlin/com/diegonmarcos/mediacenter/feature_node/presentation/cast/components/FCastMiniController.kt	modified	app/src/main/kotlin/com/dot/gallery/feature_node/presentation/cast/components/FCastMiniController.kt	94	4	txt
ac_cloud-media-center/app/src/main/kotlin/com/diegonmarcos/mediacenter/feature_node/presentation/classifier/AddCategoryScreen.kt	modified	app/src/main/kotlin/com/dot/gallery/feature_node/presentation/classifier/AddCategoryScreen.kt	483	16	txt
ac_cloud-media-center/app/src/main/kotlin/com/diegonmarcos/mediacenter/feature_node/presentation/classifier/AddCategoryViewModel.kt	modified	app/src/main/kotlin/com/dot/gallery/feature_node/presentation/classifier/AddCategoryViewModel.kt	179	11	txt
ac_cloud-media-center/app/src/main/kotlin/com/diegonmarcos/mediacenter/feature_node/presentation/classifier/CategoriesScreen.kt	modified	app/src/main/kotlin/com/dot/gallery/feature_node/presentation/classifier/CategoriesScreen.kt	383	24	txt
ac_cloud-media-center/app/src/main/kotlin/com/diegonmarcos/mediacenter/feature_node/presentation/classifier/CategoriesSettingsScreen.kt	modified	app/src/main/kotlin/com/dot/gallery/feature_node/presentation/classifier/CategoriesSettingsScreen.kt	117	8	txt
ac_cloud-media-center/app/src/main/kotlin/com/diegonmarcos/mediacenter/feature_node/presentation/classifier/CategoriesViewModel.kt	modified	app/src/main/kotlin/com/dot/gallery/feature_node/presentation/classifier/CategoriesViewModel.kt	258	21	txt
ac_cloud-media-center/app/src/main/kotlin/com/diegonmarcos/mediacenter/feature_node/presentation/classifier/CategoryEditorScreen.kt	modified	app/src/main/kotlin/com/dot/gallery/feature_node/presentation/classifier/CategoryEditorScreen.kt	909	20	txt
ac_cloud-media-center/app/src/main/kotlin/com/diegonmarcos/mediacenter/feature_node/presentation/classifier/CategoryEditorViewModel.kt	modified	app/src/main/kotlin/com/dot/gallery/feature_node/presentation/classifier/CategoryEditorViewModel.kt	305	12	txt
ac_cloud-media-center/app/src/main/kotlin/com/diegonmarcos/mediacenter/feature_node/presentation/classifier/CategoryViewModel.kt	modified	app/src/main/kotlin/com/dot/gallery/feature_node/presentation/classifier/CategoryViewModel.kt	167	16	txt
ac_cloud-media-center/app/src/main/kotlin/com/diegonmarcos/mediacenter/feature_node/presentation/classifier/CategoryViewScreen.kt	modified	app/src/main/kotlin/com/dot/gallery/feature_node/presentation/classifier/CategoryViewScreen.kt	112	9	txt
ac_cloud-media-center/app/src/main/kotlin/com/diegonmarcos/mediacenter/feature_node/presentation/classifier/EditCategoryScreen.kt	modified	app/src/main/kotlin/com/dot/gallery/feature_node/presentation/classifier/EditCategoryScreen.kt	301	15	txt
ac_cloud-media-center/app/src/main/kotlin/com/diegonmarcos/mediacenter/feature_node/presentation/classifier/EditCategoryViewModel.kt	modified	app/src/main/kotlin/com/dot/gallery/feature_node/presentation/classifier/EditCategoryViewModel.kt	207	12	txt
ac_cloud-media-center/app/src/main/kotlin/com/diegonmarcos/mediacenter/feature_node/presentation/classifier/LocationsScreen.kt	modified	app/src/main/kotlin/com/dot/gallery/feature_node/presentation/classifier/LocationsScreen.kt	265	16	txt
ac_cloud-media-center/app/src/main/kotlin/com/diegonmarcos/mediacenter/feature_node/presentation/classifier/components/CategoryCarousel.kt	modified	app/src/main/kotlin/com/dot/gallery/feature_node/presentation/classifier/components/CategoryCarousel.kt	360	11	txt
ac_cloud-media-center/app/src/main/kotlin/com/diegonmarcos/mediacenter/feature_node/presentation/collection/CollectionAlbumSelectorScreen.kt	modified	app/src/main/kotlin/com/dot/gallery/feature_node/presentation/collection/CollectionAlbumSelectorScreen.kt	169	7	txt
ac_cloud-media-center/app/src/main/kotlin/com/diegonmarcos/mediacenter/feature_node/presentation/collection/CollectionViewModel.kt	modified	app/src/main/kotlin/com/dot/gallery/feature_node/presentation/collection/CollectionViewModel.kt	77	4	txt
ac_cloud-media-center/app/src/main/kotlin/com/diegonmarcos/mediacenter/feature_node/presentation/collection/CollectionViewScreen.kt	modified	app/src/main/kotlin/com/dot/gallery/feature_node/presentation/collection/CollectionViewScreen.kt	266	34	txt
ac_cloud-media-center/app/src/main/kotlin/com/diegonmarcos/mediacenter/feature_node/presentation/collection/components/AddToCollectionSheet.kt	modified	app/src/main/kotlin/com/dot/gallery/feature_node/presentation/collection/components/AddToCollectionSheet.kt	226	3	txt
ac_cloud-media-center/app/src/main/kotlin/com/diegonmarcos/mediacenter/feature_node/presentation/collection/components/CollectionComponent.kt	modified	app/src/main/kotlin/com/dot/gallery/feature_node/presentation/collection/components/CollectionComponent.kt	454	8	txt
ac_cloud-media-center/app/src/main/kotlin/com/diegonmarcos/mediacenter/feature_node/presentation/collection/components/CreateCollectionComponent.kt	modified	app/src/main/kotlin/com/dot/gallery/feature_node/presentation/collection/components/CreateCollectionComponent.kt	129	2	txt
ac_cloud-media-center/app/src/main/kotlin/com/diegonmarcos/mediacenter/feature_node/presentation/common/MediaScreen.kt	modified	app/src/main/kotlin/com/dot/gallery/feature_node/presentation/common/MediaScreen.kt	327	34	txt
ac_cloud-media-center/app/src/main/kotlin/com/diegonmarcos/mediacenter/feature_node/presentation/common/components/GridPinchZoomState.kt	modified	app/src/main/kotlin/com/dot/gallery/feature_node/presentation/common/components/GridPinchZoomState.kt	353	1	txt
ac_cloud-media-center/app/src/main/kotlin/com/diegonmarcos/mediacenter/feature_node/presentation/common/components/MediaGrid.kt	modified	app/src/main/kotlin/com/dot/gallery/feature_node/presentation/common/components/MediaGrid.kt	500	20	txt
ac_cloud-media-center/app/src/main/kotlin/com/diegonmarcos/mediacenter/feature_node/presentation/common/components/MediaGridView.kt	modified	app/src/main/kotlin/com/dot/gallery/feature_node/presentation/common/components/MediaGridView.kt	227	14	txt
ac_cloud-media-center/app/src/main/kotlin/com/diegonmarcos/mediacenter/feature_node/presentation/common/components/MediaImage.kt	modified	app/src/main/kotlin/com/dot/gallery/feature_node/presentation/common/components/MediaImage.kt	360	19	txt
ac_cloud-media-center/app/src/main/kotlin/com/diegonmarcos/mediacenter/feature_node/presentation/common/components/MetadataCollectionStatus.kt	modified	app/src/main/kotlin/com/dot/gallery/feature_node/presentation/common/components/MetadataCollectionStatus.kt	41	5	txt
ac_cloud-media-center/app/src/main/kotlin/com/diegonmarcos/mediacenter/feature_node/presentation/common/components/MosaicMediaGrid.kt	modified	app/src/main/kotlin/com/dot/gallery/feature_node/presentation/common/components/MosaicMediaGrid.kt	613	27	txt
ac_cloud-media-center/app/src/main/kotlin/com/diegonmarcos/mediacenter/feature_node/presentation/common/components/MosaicPinchZoomState.kt	modified	app/src/main/kotlin/com/dot/gallery/feature_node/presentation/common/components/MosaicPinchZoomState.kt	336	2	txt
ac_cloud-media-center/app/src/main/kotlin/com/diegonmarcos/mediacenter/feature_node/presentation/common/components/OptionSheet.kt	modified	app/src/main/kotlin/com/dot/gallery/feature_node/presentation/common/components/OptionSheet.kt	555	11	txt
ac_cloud-media-center/app/src/main/kotlin/com/diegonmarcos/mediacenter/feature_node/presentation/common/components/TimelineScroller.kt	modified	app/src/main/kotlin/com/dot/gallery/feature_node/presentation/common/components/TimelineScroller.kt	268	16	txt
ac_cloud-media-center/app/src/main/kotlin/com/diegonmarcos/mediacenter/feature_node/presentation/common/components/TwoLinedDateToolbarTitle.kt	modified	app/src/main/kotlin/com/dot/gallery/feature_node/presentation/common/components/TwoLinedDateToolbarTitle.kt	34	1	txt
ac_cloud-media-center/app/src/main/kotlin/com/diegonmarcos/mediacenter/feature_node/presentation/common/components/rememberHeaderOffset.kt	modified	app/src/main/kotlin/com/dot/gallery/feature_node/presentation/common/components/rememberHeaderOffset.kt	117	1	txt
ac_cloud-media-center/app/src/main/kotlin/com/diegonmarcos/mediacenter/feature_node/presentation/common/components/rememberStickyHeaderItem.kt	modified	app/src/main/kotlin/com/dot/gallery/feature_node/presentation/common/components/rememberStickyHeaderItem.kt	44	8	txt
ac_cloud-media-center/app/src/main/kotlin/com/diegonmarcos/mediacenter/feature_node/presentation/contentindex/FolderIndexSheet.kt	new		0	165	txt
ac_cloud-media-center/app/src/main/kotlin/com/diegonmarcos/mediacenter/feature_node/presentation/contentindex/FolderIndexViewModel.kt	new		0	112	txt
ac_cloud-media-center/app/src/main/kotlin/com/diegonmarcos/mediacenter/feature_node/presentation/crop/CropActivity.kt	modified	app/src/main/kotlin/com/dot/gallery/feature_node/presentation/crop/CropActivity.kt	320	5	txt
ac_cloud-media-center/app/src/main/kotlin/com/diegonmarcos/mediacenter/feature_node/presentation/dateformat/DateFormatInfoSheet.kt	modified	app/src/main/kotlin/com/dot/gallery/feature_node/presentation/dateformat/DateFormatInfoSheet.kt	150	2	txt
ac_cloud-media-center/app/src/main/kotlin/com/diegonmarcos/mediacenter/feature_node/presentation/dateformat/DateFormatScreen.kt	modified	app/src/main/kotlin/com/dot/gallery/feature_node/presentation/dateformat/DateFormatScreen.kt	694	20	txt
ac_cloud-media-center/app/src/main/kotlin/com/diegonmarcos/mediacenter/feature_node/presentation/edit/EditActivity.kt	modified	app/src/main/kotlin/com/dot/gallery/feature_node/presentation/edit/EditActivity.kt	450	13	txt
ac_cloud-media-center/app/src/main/kotlin/com/diegonmarcos/mediacenter/feature_node/presentation/edit/EditScreen.kt	modified	app/src/main/kotlin/com/dot/gallery/feature_node/presentation/edit/EditScreen.kt	1201	27	txt
ac_cloud-media-center/app/src/main/kotlin/com/diegonmarcos/mediacenter/feature_node/presentation/edit/EditViewModel.kt	modified	app/src/main/kotlin/com/dot/gallery/feature_node/presentation/edit/EditViewModel.kt	1572	57	txt
ac_cloud-media-center/app/src/main/kotlin/com/diegonmarcos/mediacenter/feature_node/presentation/edit/adjustments/Crop.kt	modified	app/src/main/kotlin/com/dot/gallery/feature_node/presentation/edit/adjustments/Crop.kt	19	3	txt
ac_cloud-media-center/app/src/main/kotlin/com/diegonmarcos/mediacenter/feature_node/presentation/edit/adjustments/Cutout.kt	modified	app/src/main/kotlin/com/dot/gallery/feature_node/presentation/edit/adjustments/Cutout.kt	54	3	txt
ac_cloud-media-center/app/src/main/kotlin/com/diegonmarcos/mediacenter/feature_node/presentation/edit/adjustments/FlattenBackground.kt	modified	app/src/main/kotlin/com/dot/gallery/feature_node/presentation/edit/adjustments/FlattenBackground.kt	16	2	txt
ac_cloud-media-center/app/src/main/kotlin/com/diegonmarcos/mediacenter/feature_node/presentation/edit/adjustments/Flip.kt	modified	app/src/main/kotlin/com/dot/gallery/feature_node/presentation/edit/adjustments/Flip.kt	9	5	txt
ac_cloud-media-center/app/src/main/kotlin/com/diegonmarcos/mediacenter/feature_node/presentation/edit/adjustments/Markup.kt	modified	app/src/main/kotlin/com/dot/gallery/feature_node/presentation/edit/adjustments/Markup.kt	46	4	txt
ac_cloud-media-center/app/src/main/kotlin/com/diegonmarcos/mediacenter/feature_node/presentation/edit/adjustments/MatrixAdjustment.kt	modified	app/src/main/kotlin/com/dot/gallery/feature_node/presentation/edit/adjustments/MatrixAdjustment.kt	26	4	txt
ac_cloud-media-center/app/src/main/kotlin/com/diegonmarcos/mediacenter/feature_node/presentation/edit/adjustments/Rotate90CW.kt	modified	app/src/main/kotlin/com/dot/gallery/feature_node/presentation/edit/adjustments/Rotate90CW.kt	9	4	txt
ac_cloud-media-center/app/src/main/kotlin/com/diegonmarcos/mediacenter/feature_node/presentation/edit/adjustments/filters/Cool.kt	modified	app/src/main/kotlin/com/dot/gallery/feature_node/presentation/edit/adjustments/filters/Cool.kt	14	3	txt
ac_cloud-media-center/app/src/main/kotlin/com/diegonmarcos/mediacenter/feature_node/presentation/edit/adjustments/filters/ImageFilterTypes.kt	modified	app/src/main/kotlin/com/dot/gallery/feature_node/presentation/edit/adjustments/filters/ImageFilterTypes.kt	42	2	txt
ac_cloud-media-center/app/src/main/kotlin/com/diegonmarcos/mediacenter/feature_node/presentation/edit/adjustments/filters/Monochrome.kt	modified	app/src/main/kotlin/com/dot/gallery/feature_node/presentation/edit/adjustments/filters/Monochrome.kt	14	3	txt
ac_cloud-media-center/app/src/main/kotlin/com/diegonmarcos/mediacenter/feature_node/presentation/edit/adjustments/filters/Negative.kt	modified	app/src/main/kotlin/com/dot/gallery/feature_node/presentation/edit/adjustments/filters/Negative.kt	25	2	txt
ac_cloud-media-center/app/src/main/kotlin/com/diegonmarcos/mediacenter/feature_node/presentation/edit/adjustments/filters/NewFilters.kt	modified	app/src/main/kotlin/com/dot/gallery/feature_node/presentation/edit/adjustments/filters/NewFilters.kt	277	3	txt
ac_cloud-media-center/app/src/main/kotlin/com/diegonmarcos/mediacenter/feature_node/presentation/edit/adjustments/filters/None.kt	modified	app/src/main/kotlin/com/dot/gallery/feature_node/presentation/edit/adjustments/filters/None.kt	6	2	txt
ac_cloud-media-center/app/src/main/kotlin/com/diegonmarcos/mediacenter/feature_node/presentation/edit/adjustments/filters/Posterize.kt	modified	app/src/main/kotlin/com/dot/gallery/feature_node/presentation/edit/adjustments/filters/Posterize.kt	14	3	txt
ac_cloud-media-center/app/src/main/kotlin/com/diegonmarcos/mediacenter/feature_node/presentation/edit/adjustments/filters/Sepia.kt	modified	app/src/main/kotlin/com/dot/gallery/feature_node/presentation/edit/adjustments/filters/Sepia.kt	14	3	txt
ac_cloud-media-center/app/src/main/kotlin/com/diegonmarcos/mediacenter/feature_node/presentation/edit/adjustments/filters/Vintage.kt	modified	app/src/main/kotlin/com/dot/gallery/feature_node/presentation/edit/adjustments/filters/Vintage.kt	14	3	txt
ac_cloud-media-center/app/src/main/kotlin/com/diegonmarcos/mediacenter/feature_node/presentation/edit/adjustments/filters/Warm.kt	modified	app/src/main/kotlin/com/dot/gallery/feature_node/presentation/edit/adjustments/filters/Warm.kt	14	3	txt
ac_cloud-media-center/app/src/main/kotlin/com/diegonmarcos/mediacenter/feature_node/presentation/edit/adjustments/varfilter/BlackPoint.kt	modified	app/src/main/kotlin/com/dot/gallery/feature_node/presentation/edit/adjustments/varfilter/BlackPoint.kt	23	3	txt
ac_cloud-media-center/app/src/main/kotlin/com/diegonmarcos/mediacenter/feature_node/presentation/edit/adjustments/varfilter/BlackWhite.kt	modified	app/src/main/kotlin/com/dot/gallery/feature_node/presentation/edit/adjustments/varfilter/BlackWhite.kt	32	3	txt
ac_cloud-media-center/app/src/main/kotlin/com/diegonmarcos/mediacenter/feature_node/presentation/edit/adjustments/varfilter/BlueTone.kt	modified	app/src/main/kotlin/com/dot/gallery/feature_node/presentation/edit/adjustments/varfilter/BlueTone.kt	24	3	txt
ac_cloud-media-center/app/src/main/kotlin/com/diegonmarcos/mediacenter/feature_node/presentation/edit/adjustments/varfilter/Borders.kt	modified	app/src/main/kotlin/com/dot/gallery/feature_node/presentation/edit/adjustments/varfilter/Borders.kt	36	3	txt
ac_cloud-media-center/app/src/main/kotlin/com/diegonmarcos/mediacenter/feature_node/presentation/edit/adjustments/varfilter/Brightness.kt	modified	app/src/main/kotlin/com/dot/gallery/feature_node/presentation/edit/adjustments/varfilter/Brightness.kt	24	3	txt
ac_cloud-media-center/app/src/main/kotlin/com/diegonmarcos/mediacenter/feature_node/presentation/edit/adjustments/varfilter/Contrast.kt	modified	app/src/main/kotlin/com/dot/gallery/feature_node/presentation/edit/adjustments/varfilter/Contrast.kt	24	3	txt
ac_cloud-media-center/app/src/main/kotlin/com/diegonmarcos/mediacenter/feature_node/presentation/edit/adjustments/varfilter/Denoise.kt	modified	app/src/main/kotlin/com/dot/gallery/feature_node/presentation/edit/adjustments/varfilter/Denoise.kt	22	3	txt
ac_cloud-media-center/app/src/main/kotlin/com/diegonmarcos/mediacenter/feature_node/presentation/edit/adjustments/varfilter/Edges.kt	modified	app/src/main/kotlin/com/dot/gallery/feature_node/presentation/edit/adjustments/varfilter/Edges.kt	76	3	txt
ac_cloud-media-center/app/src/main/kotlin/com/diegonmarcos/mediacenter/feature_node/presentation/edit/adjustments/varfilter/Highlights.kt	modified	app/src/main/kotlin/com/dot/gallery/feature_node/presentation/edit/adjustments/varfilter/Highlights.kt	24	3	txt
ac_cloud-media-center/app/src/main/kotlin/com/diegonmarcos/mediacenter/feature_node/presentation/edit/adjustments/varfilter/Hue.kt	modified	app/src/main/kotlin/com/dot/gallery/feature_node/presentation/edit/adjustments/varfilter/Hue.kt	38	3	txt
ac_cloud-media-center/app/src/main/kotlin/com/diegonmarcos/mediacenter/feature_node/presentation/edit/adjustments/varfilter/Pop.kt	modified	app/src/main/kotlin/com/dot/gallery/feature_node/presentation/edit/adjustments/varfilter/Pop.kt	35	3	txt
ac_cloud-media-center/app/src/main/kotlin/com/diegonmarcos/mediacenter/feature_node/presentation/edit/adjustments/varfilter/Posterize.kt	modified	app/src/main/kotlin/com/dot/gallery/feature_node/presentation/edit/adjustments/varfilter/Posterize.kt	45	2	txt
ac_cloud-media-center/app/src/main/kotlin/com/diegonmarcos/mediacenter/feature_node/presentation/edit/adjustments/varfilter/Rotate.kt	modified	app/src/main/kotlin/com/dot/gallery/feature_node/presentation/edit/adjustments/varfilter/Rotate.kt	13	4	txt
ac_cloud-media-center/app/src/main/kotlin/com/diegonmarcos/mediacenter/feature_node/presentation/edit/adjustments/varfilter/Saturation.kt	modified	app/src/main/kotlin/com/dot/gallery/feature_node/presentation/edit/adjustments/varfilter/Saturation.kt	24	3	txt
ac_cloud-media-center/app/src/main/kotlin/com/diegonmarcos/mediacenter/feature_node/presentation/edit/adjustments/varfilter/Shadows.kt	modified	app/src/main/kotlin/com/dot/gallery/feature_node/presentation/edit/adjustments/varfilter/Shadows.kt	23	3	txt
ac_cloud-media-center/app/src/main/kotlin/com/diegonmarcos/mediacenter/feature_node/presentation/edit/adjustments/varfilter/Sharpness.kt	modified	app/src/main/kotlin/com/dot/gallery/feature_node/presentation/edit/adjustments/varfilter/Sharpness.kt	30	3	txt
ac_cloud-media-center/app/src/main/kotlin/com/diegonmarcos/mediacenter/feature_node/presentation/edit/adjustments/varfilter/SkinTone.kt	modified	app/src/main/kotlin/com/dot/gallery/feature_node/presentation/edit/adjustments/varfilter/SkinTone.kt	25	3	txt
ac_cloud-media-center/app/src/main/kotlin/com/diegonmarcos/mediacenter/feature_node/presentation/edit/adjustments/varfilter/Tint.kt	modified	app/src/main/kotlin/com/dot/gallery/feature_node/presentation/edit/adjustments/varfilter/Tint.kt	24	3	txt
ac_cloud-media-center/app/src/main/kotlin/com/diegonmarcos/mediacenter/feature_node/presentation/edit/adjustments/varfilter/Tone.kt	modified	app/src/main/kotlin/com/dot/gallery/feature_node/presentation/edit/adjustments/varfilter/Tone.kt	24	3	txt
ac_cloud-media-center/app/src/main/kotlin/com/diegonmarcos/mediacenter/feature_node/presentation/edit/adjustments/varfilter/VariableFilterTypes.kt	modified	app/src/main/kotlin/com/dot/gallery/feature_node/presentation/edit/adjustments/varfilter/VariableFilterTypes.kt	30	77	txt
ac_cloud-media-center/app/src/main/kotlin/com/diegonmarcos/mediacenter/feature_node/presentation/edit/adjustments/varfilter/Vignette.kt	modified	app/src/main/kotlin/com/dot/gallery/feature_node/presentation/edit/adjustments/varfilter/Vignette.kt	59	4	txt
ac_cloud-media-center/app/src/main/kotlin/com/diegonmarcos/mediacenter/feature_node/presentation/edit/adjustments/varfilter/Warmth.kt	modified	app/src/main/kotlin/com/dot/gallery/feature_node/presentation/edit/adjustments/varfilter/Warmth.kt	24	3	txt
ac_cloud-media-center/app/src/main/kotlin/com/diegonmarcos/mediacenter/feature_node/presentation/edit/adjustments/varfilter/WhitePoint.kt	modified	app/src/main/kotlin/com/dot/gallery/feature_node/presentation/edit/adjustments/varfilter/WhitePoint.kt	23	3	txt
ac_cloud-media-center/app/src/main/kotlin/com/diegonmarcos/mediacenter/feature_node/presentation/edit/bake/EditReplay.kt	modified	app/src/main/kotlin/com/dot/gallery/feature_node/presentation/edit/bake/EditReplay.kt	52	2	txt
ac_cloud-media-center/app/src/main/kotlin/com/diegonmarcos/mediacenter/feature_node/presentation/edit/bake/NativeHeifEncoder.kt	modified	app/src/main/kotlin/com/dot/gallery/feature_node/presentation/edit/bake/NativeHeifEncoder.kt	42	3	txt
ac_cloud-media-center/app/src/main/kotlin/com/diegonmarcos/mediacenter/feature_node/presentation/edit/bake/NativeImageEncoder.kt	modified	app/src/main/kotlin/com/dot/gallery/feature_node/presentation/edit/bake/NativeImageEncoder.kt	24	3	txt
ac_cloud-media-center/app/src/main/kotlin/com/diegonmarcos/mediacenter/feature_node/presentation/edit/bake/TiledBakeEngine.kt	modified	app/src/main/kotlin/com/dot/gallery/feature_node/presentation/edit/bake/TiledBakeEngine.kt	286	5	txt
ac_cloud-media-center/app/src/main/kotlin/com/diegonmarcos/mediacenter/feature_node/presentation/edit/components/adjustment/AdjustScrubber.kt	modified	app/src/main/kotlin/com/dot/gallery/feature_node/presentation/edit/components/adjustment/AdjustScrubber.kt	82	8	txt
ac_cloud-media-center/app/src/main/kotlin/com/diegonmarcos/mediacenter/feature_node/presentation/edit/components/adjustment/SelectableItem.kt	modified	app/src/main/kotlin/com/dot/gallery/feature_node/presentation/edit/components/adjustment/SelectableItem.kt	137	3	txt
ac_cloud-media-center/app/src/main/kotlin/com/diegonmarcos/mediacenter/feature_node/presentation/edit/components/colour/ColourSection.kt	modified	app/src/main/kotlin/com/dot/gallery/feature_node/presentation/edit/components/colour/ColourSection.kt	61	7	txt
ac_cloud-media-center/app/src/main/kotlin/com/diegonmarcos/mediacenter/feature_node/presentation/edit/components/core/HorizontalScrubber.kt	modified	app/src/main/kotlin/com/dot/gallery/feature_node/presentation/edit/components/core/HorizontalScrubber.kt	239	3	txt
ac_cloud-media-center/app/src/main/kotlin/com/diegonmarcos/mediacenter/feature_node/presentation/edit/components/core/SupportiveLayout.kt	modified	app/src/main/kotlin/com/dot/gallery/feature_node/presentation/edit/components/core/SupportiveLayout.kt	39	1	txt
ac_cloud-media-center/app/src/main/kotlin/com/diegonmarcos/mediacenter/feature_node/presentation/edit/components/core/SupportiveLazyGridLayout.kt	modified	app/src/main/kotlin/com/dot/gallery/feature_node/presentation/edit/components/core/SupportiveLazyGridLayout.kt	37	1	txt
ac_cloud-media-center/app/src/main/kotlin/com/diegonmarcos/mediacenter/feature_node/presentation/edit/components/core/SupportiveLazyLayout.kt	modified	app/src/main/kotlin/com/dot/gallery/feature_node/presentation/edit/components/core/SupportiveLazyLayout.kt	37	1	txt
ac_cloud-media-center/app/src/main/kotlin/com/diegonmarcos/mediacenter/feature_node/presentation/edit/components/core/VerticalScrubber.kt	modified	app/src/main/kotlin/com/dot/gallery/feature_node/presentation/edit/components/core/VerticalScrubber.kt	219	3	txt
ac_cloud-media-center/app/src/main/kotlin/com/diegonmarcos/mediacenter/feature_node/presentation/edit/components/cutout/CutoutEditControls.kt	modified	app/src/main/kotlin/com/dot/gallery/feature_node/presentation/edit/components/cutout/CutoutEditControls.kt	84	7	txt
ac_cloud-media-center/app/src/main/kotlin/com/diegonmarcos/mediacenter/feature_node/presentation/edit/components/cutout/SmartSelector.kt	modified	app/src/main/kotlin/com/dot/gallery/feature_node/presentation/edit/components/cutout/SmartSelector.kt	59	4	txt
ac_cloud-media-center/app/src/main/kotlin/com/diegonmarcos/mediacenter/feature_node/presentation/edit/components/develop/DevelopSection.kt	modified	app/src/main/kotlin/com/dot/gallery/feature_node/presentation/edit/components/develop/DevelopSection.kt	314	9	txt
ac_cloud-media-center/app/src/main/kotlin/com/diegonmarcos/mediacenter/feature_node/presentation/edit/components/develop/DevelopThumbnail.kt	modified	app/src/main/kotlin/com/dot/gallery/feature_node/presentation/edit/components/develop/DevelopThumbnail.kt	110	2	txt
ac_cloud-media-center/app/src/main/kotlin/com/diegonmarcos/mediacenter/feature_node/presentation/edit/components/develop/RawExportSheet.kt	modified	app/src/main/kotlin/com/dot/gallery/feature_node/presentation/edit/components/develop/RawExportSheet.kt	110	2	txt
ac_cloud-media-center/app/src/main/kotlin/com/diegonmarcos/mediacenter/feature_node/presentation/edit/components/develop/RawSaveFormat.kt	modified	app/src/main/kotlin/com/dot/gallery/feature_node/presentation/edit/components/develop/RawSaveFormat.kt	24	2	txt
ac_cloud-media-center/app/src/main/kotlin/com/diegonmarcos/mediacenter/feature_node/presentation/edit/components/editor/CutoutPainter.kt	modified	app/src/main/kotlin/com/dot/gallery/feature_node/presentation/edit/components/editor/CutoutPainter.kt	145	3	txt
ac_cloud-media-center/app/src/main/kotlin/com/diegonmarcos/mediacenter/feature_node/presentation/edit/components/editor/EditorItem.kt	modified	app/src/main/kotlin/com/dot/gallery/feature_node/presentation/edit/components/editor/EditorItem.kt	103	1	txt
ac_cloud-media-center/app/src/main/kotlin/com/diegonmarcos/mediacenter/feature_node/presentation/edit/components/editor/EditorNavigator.kt	modified	app/src/main/kotlin/com/dot/gallery/feature_node/presentation/edit/components/editor/EditorNavigator.kt	251	30	txt
ac_cloud-media-center/app/src/main/kotlin/com/diegonmarcos/mediacenter/feature_node/presentation/edit/components/editor/EditorSelector.kt	modified	app/src/main/kotlin/com/dot/gallery/feature_node/presentation/edit/components/editor/EditorSelector.kt	105	4	txt
ac_cloud-media-center/app/src/main/kotlin/com/diegonmarcos/mediacenter/feature_node/presentation/edit/components/editor/ExternalEditor.kt	modified	app/src/main/kotlin/com/dot/gallery/feature_node/presentation/edit/components/editor/ExternalEditor.kt	207	7	txt
ac_cloud-media-center/app/src/main/kotlin/com/diegonmarcos/mediacenter/feature_node/presentation/edit/components/editor/ImageViewer.kt	modified	app/src/main/kotlin/com/dot/gallery/feature_node/presentation/edit/components/editor/ImageViewer.kt	323	12	txt
ac_cloud-media-center/app/src/main/kotlin/com/diegonmarcos/mediacenter/feature_node/presentation/edit/components/effects/EffectsSection.kt	modified	app/src/main/kotlin/com/dot/gallery/feature_node/presentation/edit/components/effects/EffectsSection.kt	57	7	txt
ac_cloud-media-center/app/src/main/kotlin/com/diegonmarcos/mediacenter/feature_node/presentation/edit/components/filters/FiltersSelector.kt	modified	app/src/main/kotlin/com/dot/gallery/feature_node/presentation/edit/components/filters/FiltersSelector.kt	210	7	txt
ac_cloud-media-center/app/src/main/kotlin/com/diegonmarcos/mediacenter/feature_node/presentation/edit/components/lighting/LightingSection.kt	modified	app/src/main/kotlin/com/dot/gallery/feature_node/presentation/edit/components/lighting/LightingSection.kt	62	7	txt
ac_cloud-media-center/app/src/main/kotlin/com/diegonmarcos/mediacenter/feature_node/presentation/edit/components/markup/ColorBars.kt	modified	app/src/main/kotlin/com/dot/gallery/feature_node/presentation/edit/components/markup/ColorBars.kt	564	2	txt
ac_cloud-media-center/app/src/main/kotlin/com/diegonmarcos/mediacenter/feature_node/presentation/edit/components/markup/MarkupColorSelector.kt	modified	app/src/main/kotlin/com/dot/gallery/feature_node/presentation/edit/components/markup/MarkupColorSelector.kt	73	4	txt
ac_cloud-media-center/app/src/main/kotlin/com/diegonmarcos/mediacenter/feature_node/presentation/edit/components/markup/MarkupPainter.kt	modified	app/src/main/kotlin/com/dot/gallery/feature_node/presentation/edit/components/markup/MarkupPainter.kt	892	8	txt
ac_cloud-media-center/app/src/main/kotlin/com/diegonmarcos/mediacenter/feature_node/presentation/edit/components/markup/MarkupPathPreview.kt	modified	app/src/main/kotlin/com/dot/gallery/feature_node/presentation/edit/components/markup/MarkupPathPreview.kt	36	2	txt
ac_cloud-media-center/app/src/main/kotlin/com/diegonmarcos/mediacenter/feature_node/presentation/edit/components/markup/MarkupSelector.kt	modified	app/src/main/kotlin/com/dot/gallery/feature_node/presentation/edit/components/markup/MarkupSelector.kt	541	12	txt
ac_cloud-media-center/app/src/main/kotlin/com/diegonmarcos/mediacenter/feature_node/presentation/edit/components/markup/MarkupSizeSelector.kt	modified	app/src/main/kotlin/com/dot/gallery/feature_node/presentation/edit/components/markup/MarkupSizeSelector.kt	71	5	txt
ac_cloud-media-center/app/src/main/kotlin/com/diegonmarcos/mediacenter/feature_node/presentation/edit/components/markup/MarkupToolSelector.kt	modified	app/src/main/kotlin/com/dot/gallery/feature_node/presentation/edit/components/markup/MarkupToolSelector.kt	56	4	txt
ac_cloud-media-center/app/src/main/kotlin/com/diegonmarcos/mediacenter/feature_node/presentation/edit/components/markup/TextMarkupOverlay.kt	modified	app/src/main/kotlin/com/dot/gallery/feature_node/presentation/edit/components/markup/TextMarkupOverlay.kt	174	3	txt
ac_cloud-media-center/app/src/main/kotlin/com/diegonmarcos/mediacenter/feature_node/presentation/edit/utils/awaitDragMotionEvent.kt	modified	app/src/main/kotlin/com/dot/gallery/feature_node/presentation/edit/utils/awaitDragMotionEvent.kt	89	2	txt
ac_cloud-media-center/app/src/main/kotlin/com/diegonmarcos/mediacenter/feature_node/presentation/edit/utils/isApplied.kt	modified	app/src/main/kotlin/com/dot/gallery/feature_node/presentation/edit/utils/isApplied.kt	5	3	txt
ac_cloud-media-center/app/src/main/kotlin/com/diegonmarcos/mediacenter/feature_node/presentation/exif/AddAlbumSheet.kt	modified	app/src/main/kotlin/com/dot/gallery/feature_node/presentation/exif/AddAlbumSheet.kt	137	6	txt
ac_cloud-media-center/app/src/main/kotlin/com/diegonmarcos/mediacenter/feature_node/presentation/exif/CopyMediaSheet.kt	modified	app/src/main/kotlin/com/dot/gallery/feature_node/presentation/exif/CopyMediaSheet.kt	388	19	txt
ac_cloud-media-center/app/src/main/kotlin/com/diegonmarcos/mediacenter/feature_node/presentation/exif/CopyMediaViewModel.kt	modified	app/src/main/kotlin/com/dot/gallery/feature_node/presentation/exif/CopyMediaViewModel.kt	37	3	txt
ac_cloud-media-center/app/src/main/kotlin/com/diegonmarcos/mediacenter/feature_node/presentation/exif/MetadataEditSheet.kt	modified	app/src/main/kotlin/com/dot/gallery/feature_node/presentation/exif/MetadataEditSheet.kt	206	15	txt
ac_cloud-media-center/app/src/main/kotlin/com/diegonmarcos/mediacenter/feature_node/presentation/exif/MetadataViewScreen.kt	modified	app/src/main/kotlin/com/dot/gallery/feature_node/presentation/exif/MetadataViewScreen.kt	183	6	txt
ac_cloud-media-center/app/src/main/kotlin/com/diegonmarcos/mediacenter/feature_node/presentation/exif/MetadataViewViewModel.kt	modified	app/src/main/kotlin/com/dot/gallery/feature_node/presentation/exif/MetadataViewViewModel.kt	51	4	txt
ac_cloud-media-center/app/src/main/kotlin/com/diegonmarcos/mediacenter/feature_node/presentation/exif/MoveMediaSheet.kt	modified	app/src/main/kotlin/com/dot/gallery/feature_node/presentation/exif/MoveMediaSheet.kt	405	23	txt
ac_cloud-media-center/app/src/main/kotlin/com/diegonmarcos/mediacenter/feature_node/presentation/exif/PickerAlbumGroupHeader.kt	modified	app/src/main/kotlin/com/dot/gallery/feature_node/presentation/exif/PickerAlbumGroupHeader.kt	57	3	txt
ac_cloud-media-center/app/src/main/kotlin/com/diegonmarcos/mediacenter/feature_node/presentation/favorites/FavoriteScreen.kt	modified	app/src/main/kotlin/com/dot/gallery/feature_node/presentation/favorites/FavoriteScreen.kt	84	14	txt
ac_cloud-media-center/app/src/main/kotlin/com/diegonmarcos/mediacenter/feature_node/presentation/favorites/components/EmptyFavorites.kt	modified	app/src/main/kotlin/com/dot/gallery/feature_node/presentation/favorites/components/EmptyFavorites.kt	41	2	txt
ac_cloud-media-center/app/src/main/kotlin/com/diegonmarcos/mediacenter/feature_node/presentation/favorites/components/FavoriteNavActions.kt	modified	app/src/main/kotlin/com/dot/gallery/feature_node/presentation/favorites/components/FavoriteNavActions.kt	50	9	txt
ac_cloud-media-center/app/src/main/kotlin/com/diegonmarcos/mediacenter/feature_node/presentation/help/HelpScreen.kt	modified	app/src/main/kotlin/com/dot/gallery/feature_node/presentation/help/HelpScreen.kt	273	19	txt
ac_cloud-media-center/app/src/main/kotlin/com/diegonmarcos/mediacenter/feature_node/presentation/help/TutorialCategoryScreen.kt	modified	app/src/main/kotlin/com/dot/gallery/feature_node/presentation/help/TutorialCategoryScreen.kt	87	10	txt
ac_cloud-media-center/app/src/main/kotlin/com/diegonmarcos/mediacenter/feature_node/presentation/help/TutorialDetailScreen.kt	modified	app/src/main/kotlin/com/dot/gallery/feature_node/presentation/help/TutorialDetailScreen.kt	259	11	txt
ac_cloud-media-center/app/src/main/kotlin/com/diegonmarcos/mediacenter/feature_node/presentation/help/WhatsNewScreen.kt	modified	app/src/main/kotlin/com/dot/gallery/feature_node/presentation/help/WhatsNewScreen.kt	174	10	txt
ac_cloud-media-center/app/src/main/kotlin/com/diegonmarcos/mediacenter/feature_node/presentation/help/changelog/MarkdownText.kt	modified	app/src/main/kotlin/com/dot/gallery/feature_node/presentation/help/changelog/MarkdownText.kt	135	1	txt
ac_cloud-media-center/app/src/main/kotlin/com/diegonmarcos/mediacenter/feature_node/presentation/help/components/DeviceFramePreview.kt	modified	app/src/main/kotlin/com/dot/gallery/feature_node/presentation/help/components/DeviceFramePreview.kt	93	1	txt
ac_cloud-media-center/app/src/main/kotlin/com/diegonmarcos/mediacenter/feature_node/presentation/help/components/WhatsNewHeroCard.kt	modified	app/src/main/kotlin/com/dot/gallery/feature_node/presentation/help/components/WhatsNewHeroCard.kt	147	3	txt
ac_cloud-media-center/app/src/main/kotlin/com/diegonmarcos/mediacenter/feature_node/presentation/help/components/WhatsNewTimelineCard.kt	modified	app/src/main/kotlin/com/dot/gallery/feature_node/presentation/help/components/WhatsNewTimelineCard.kt	144	3	txt
ac_cloud-media-center/app/src/main/kotlin/com/diegonmarcos/mediacenter/feature_node/presentation/help/data/ChangelogRepository.kt	modified	app/src/main/kotlin/com/dot/gallery/feature_node/presentation/help/data/ChangelogRepository.kt	79	1	txt
ac_cloud-media-center/app/src/main/kotlin/com/diegonmarcos/mediacenter/feature_node/presentation/help/data/HelpMockData.kt	modified	app/src/main/kotlin/com/dot/gallery/feature_node/presentation/help/data/HelpMockData.kt	231	15	txt
ac_cloud-media-center/app/src/main/kotlin/com/diegonmarcos/mediacenter/feature_node/presentation/help/data/HelpRepository.kt	modified	app/src/main/kotlin/com/dot/gallery/feature_node/presentation/help/data/HelpRepository.kt	960	3	txt
ac_cloud-media-center/app/src/main/kotlin/com/diegonmarcos/mediacenter/feature_node/presentation/help/data/HelpSearchIndex.kt	modified	app/src/main/kotlin/com/dot/gallery/feature_node/presentation/help/data/HelpSearchIndex.kt	257	3	txt
ac_cloud-media-center/app/src/main/kotlin/com/diegonmarcos/mediacenter/feature_node/presentation/help/data/HelpTip.kt	modified	app/src/main/kotlin/com/dot/gallery/feature_node/presentation/help/data/HelpTip.kt	200	3	txt
ac_cloud-media-center/app/src/main/kotlin/com/diegonmarcos/mediacenter/feature_node/presentation/help/data/ReleaseNotes.kt	modified	app/src/main/kotlin/com/dot/gallery/feature_node/presentation/help/data/ReleaseNotes.kt	28	1	txt
ac_cloud-media-center/app/src/main/kotlin/com/diegonmarcos/mediacenter/feature_node/presentation/help/data/SettingsSearchRegistry.kt	modified	app/src/main/kotlin/com/dot/gallery/feature_node/presentation/help/data/SettingsSearchRegistry.kt	30	2	txt
ac_cloud-media-center/app/src/main/kotlin/com/diegonmarcos/mediacenter/feature_node/presentation/help/previews/GestureOverlays.kt	modified	app/src/main/kotlin/com/dot/gallery/feature_node/presentation/help/previews/GestureOverlays.kt	157	1	txt
ac_cloud-media-center/app/src/main/kotlin/com/diegonmarcos/mediacenter/feature_node/presentation/help/previews/HelpPreviewRegistry.kt	modified	app/src/main/kotlin/com/dot/gallery/feature_node/presentation/help/previews/HelpPreviewRegistry.kt	748	26	txt
ac_cloud-media-center/app/src/main/kotlin/com/diegonmarcos/mediacenter/feature_node/presentation/help/previews/PreviewAnimation.kt	modified	app/src/main/kotlin/com/dot/gallery/feature_node/presentation/help/previews/PreviewAnimation.kt	118	1	txt
ac_cloud-media-center/app/src/main/kotlin/com/diegonmarcos/mediacenter/feature_node/presentation/help/previews/PreviewImageProvider.kt	modified	app/src/main/kotlin/com/dot/gallery/feature_node/presentation/help/previews/PreviewImageProvider.kt	47	8	txt
ac_cloud-media-center/app/src/main/kotlin/com/diegonmarcos/mediacenter/feature_node/presentation/help/search/HelpFuzzyMatcher.kt	modified	app/src/main/kotlin/com/dot/gallery/feature_node/presentation/help/search/HelpFuzzyMatcher.kt	65	3	txt
ac_cloud-media-center/app/src/main/kotlin/com/diegonmarcos/mediacenter/feature_node/presentation/ignored/IgnoredScreen.kt	modified	app/src/main/kotlin/com/dot/gallery/feature_node/presentation/ignored/IgnoredScreen.kt	343	13	txt
ac_cloud-media-center/app/src/main/kotlin/com/diegonmarcos/mediacenter/feature_node/presentation/ignored/IgnoredState.kt	modified	app/src/main/kotlin/com/dot/gallery/feature_node/presentation/ignored/IgnoredState.kt	8	2	txt
ac_cloud-media-center/app/src/main/kotlin/com/diegonmarcos/mediacenter/feature_node/presentation/ignored/IgnoredViewModel.kt	modified	app/src/main/kotlin/com/dot/gallery/feature_node/presentation/ignored/IgnoredViewModel.kt	43	6	txt
ac_cloud-media-center/app/src/main/kotlin/com/diegonmarcos/mediacenter/feature_node/presentation/ignored/setup/IgnoredOptionsSheet.kt	modified	app/src/main/kotlin/com/dot/gallery/feature_node/presentation/ignored/setup/IgnoredOptionsSheet.kt	437	11	txt
ac_cloud-media-center/app/src/main/kotlin/com/diegonmarcos/mediacenter/feature_node/presentation/ignored/setup/IgnoredOptionsViewModel.kt	modified	app/src/main/kotlin/com/dot/gallery/feature_node/presentation/ignored/setup/IgnoredOptionsViewModel.kt	210	5	txt
ac_cloud-media-center/app/src/main/kotlin/com/diegonmarcos/mediacenter/feature_node/presentation/ignored/setup/IgnoredSetupSheet.kt	modified	app/src/main/kotlin/com/dot/gallery/feature_node/presentation/ignored/setup/IgnoredSetupSheet.kt	1119	19	txt
ac_cloud-media-center/app/src/main/kotlin/com/diegonmarcos/mediacenter/feature_node/presentation/ignored/setup/IgnoredSetupUiState.kt	modified	app/src/main/kotlin/com/dot/gallery/feature_node/presentation/ignored/setup/IgnoredSetupUiState.kt	71	3	txt
ac_cloud-media-center/app/src/main/kotlin/com/diegonmarcos/mediacenter/feature_node/presentation/ignored/setup/IgnoredSetupViewModel.kt	modified	app/src/main/kotlin/com/dot/gallery/feature_node/presentation/ignored/setup/IgnoredSetupViewModel.kt	196	6	txt
ac_cloud-media-center/app/src/main/kotlin/com/diegonmarcos/mediacenter/feature_node/presentation/ignored/setup/IgnoredType.kt	modified	app/src/main/kotlin/com/dot/gallery/feature_node/presentation/ignored/setup/IgnoredType.kt	5	2	txt
ac_cloud-media-center/app/src/main/kotlin/com/diegonmarcos/mediacenter/feature_node/presentation/ignored/setup/components/ConfirmationCard.kt	modified	app/src/main/kotlin/com/dot/gallery/feature_node/presentation/ignored/setup/components/ConfirmationCard.kt	133	2	txt
ac_cloud-media-center/app/src/main/kotlin/com/diegonmarcos/mediacenter/feature_node/presentation/ignored/setup/components/EditAlbumItem.kt	modified	app/src/main/kotlin/com/dot/gallery/feature_node/presentation/ignored/setup/components/EditAlbumItem.kt	138	3	txt
ac_cloud-media-center/app/src/main/kotlin/com/diegonmarcos/mediacenter/feature_node/presentation/ignored/setup/components/EditAlbumsStep.kt	modified	app/src/main/kotlin/com/dot/gallery/feature_node/presentation/ignored/setup/components/EditAlbumsStep.kt	314	10	txt
ac_cloud-media-center/app/src/main/kotlin/com/diegonmarcos/mediacenter/feature_node/presentation/ignored/setup/components/EditConfirmationStep.kt	modified	app/src/main/kotlin/com/dot/gallery/feature_node/presentation/ignored/setup/components/EditConfirmationStep.kt	375	9	txt
ac_cloud-media-center/app/src/main/kotlin/com/diegonmarcos/mediacenter/feature_node/presentation/ignored/setup/components/EditLocationStep.kt	modified	app/src/main/kotlin/com/dot/gallery/feature_node/presentation/ignored/setup/components/EditLocationStep.kt	176	6	txt
ac_cloud-media-center/app/src/main/kotlin/com/diegonmarcos/mediacenter/feature_node/presentation/ignored/setup/components/OptionItem.kt	modified	app/src/main/kotlin/com/dot/gallery/feature_node/presentation/ignored/setup/components/OptionItem.kt	84	2	txt
ac_cloud-media-center/app/src/main/kotlin/com/diegonmarcos/mediacenter/feature_node/presentation/ignored/setup/components/OptionsMenuStep.kt	modified	app/src/main/kotlin/com/dot/gallery/feature_node/presentation/ignored/setup/components/OptionsMenuStep.kt	385	10	txt
ac_cloud-media-center/app/src/main/kotlin/com/diegonmarcos/mediacenter/feature_node/presentation/ignored/setup/components/RegexExample.kt	modified	app/src/main/kotlin/com/dot/gallery/feature_node/presentation/ignored/setup/components/RegexExample.kt	71	2	txt
ac_cloud-media-center/app/src/main/kotlin/com/diegonmarcos/mediacenter/feature_node/presentation/ignored/setup/components/SectionHeader.kt	modified	app/src/main/kotlin/com/dot/gallery/feature_node/presentation/ignored/setup/components/SectionHeader.kt	53	2	txt
ac_cloud-media-center/app/src/main/kotlin/com/diegonmarcos/mediacenter/feature_node/presentation/ignored/setup/components/SelectableAlbumItem.kt	modified	app/src/main/kotlin/com/dot/gallery/feature_node/presentation/ignored/setup/components/SelectableAlbumItem.kt	220	6	txt
ac_cloud-media-center/app/src/main/kotlin/com/diegonmarcos/mediacenter/feature_node/presentation/ignored/setup/components/SelectedAlbumChip.kt	modified	app/src/main/kotlin/com/dot/gallery/feature_node/presentation/ignored/setup/components/SelectedAlbumChip.kt	107	4	txt
ac_cloud-media-center/app/src/main/kotlin/com/diegonmarcos/mediacenter/feature_node/presentation/ignored/setup/components/StepHeader.kt	modified	app/src/main/kotlin/com/dot/gallery/feature_node/presentation/ignored/setup/components/StepHeader.kt	104	3	txt
ac_cloud-media-center/app/src/main/kotlin/com/diegonmarcos/mediacenter/feature_node/presentation/ignored/setup/components/TypeOptionCard.kt	modified	app/src/main/kotlin/com/dot/gallery/feature_node/presentation/ignored/setup/components/TypeOptionCard.kt	114	2	txt
ac_cloud-media-center/app/src/main/kotlin/com/diegonmarcos/mediacenter/feature_node/presentation/library/LibraryScreen.kt	modified	app/src/main/kotlin/com/dot/gallery/feature_node/presentation/library/LibraryScreen.kt	686	35	txt
ac_cloud-media-center/app/src/main/kotlin/com/diegonmarcos/mediacenter/feature_node/presentation/library/LibraryViewModel.kt	modified	app/src/main/kotlin/com/dot/gallery/feature_node/presentation/library/LibraryViewModel.kt	219	21	txt
ac_cloud-media-center/app/src/main/kotlin/com/diegonmarcos/mediacenter/feature_node/presentation/library/components/EditableLibraryShortcutsGrid.kt	modified	app/src/main/kotlin/com/dot/gallery/feature_node/presentation/library/components/EditableLibraryShortcutsGrid.kt	471	2	txt
ac_cloud-media-center/app/src/main/kotlin/com/diegonmarcos/mediacenter/feature_node/presentation/library/components/LibraryShortcut.kt	modified	app/src/main/kotlin/com/dot/gallery/feature_node/presentation/library/components/LibraryShortcut.kt	159	1	txt
ac_cloud-media-center/app/src/main/kotlin/com/diegonmarcos/mediacenter/feature_node/presentation/library/components/LibraryShortcutBuilders.kt	modified	app/src/main/kotlin/com/dot/gallery/feature_node/presentation/library/components/LibraryShortcutBuilders.kt	136	9	txt
ac_cloud-media-center/app/src/main/kotlin/com/diegonmarcos/mediacenter/feature_node/presentation/library/components/LibrarySmallItem.kt	modified	app/src/main/kotlin/com/dot/gallery/feature_node/presentation/library/components/LibrarySmallItem.kt	87	3	txt
ac_cloud-media-center/app/src/main/kotlin/com/diegonmarcos/mediacenter/feature_node/presentation/library/components/MapPreviewCard.kt	modified	app/src/main/kotlin/com/dot/gallery/feature_node/presentation/library/components/MapPreviewCard.kt	79	6	txt
ac_cloud-media-center/app/src/main/kotlin/com/diegonmarcos/mediacenter/feature_node/presentation/library/components/dashedBorder.kt	modified	app/src/main/kotlin/com/dot/gallery/feature_node/presentation/library/components/dashedBorder.kt	67	1	txt
ac_cloud-media-center/app/src/main/kotlin/com/diegonmarcos/mediacenter/feature_node/presentation/location/LocationTimelineScreen.kt	modified	app/src/main/kotlin/com/dot/gallery/feature_node/presentation/location/LocationTimelineScreen.kt	150	27	txt
ac_cloud-media-center/app/src/main/kotlin/com/diegonmarcos/mediacenter/feature_node/presentation/location/LocationsScreen.kt	modified	app/src/main/kotlin/com/dot/gallery/feature_node/presentation/location/LocationsScreen.kt	268	15	txt
ac_cloud-media-center/app/src/main/kotlin/com/diegonmarcos/mediacenter/feature_node/presentation/location/LocationsViewModel.kt	modified	app/src/main/kotlin/com/dot/gallery/feature_node/presentation/location/LocationsViewModel.kt	36	4	txt
ac_cloud-media-center/app/src/main/kotlin/com/diegonmarcos/mediacenter/feature_node/presentation/location/MapAppearance.kt	modified	app/src/main/kotlin/com/dot/gallery/feature_node/presentation/location/MapAppearance.kt	20	1	txt
ac_cloud-media-center/app/src/main/kotlin/com/diegonmarcos/mediacenter/feature_node/presentation/main/FolderRequest.kt	new		0	71	txt
ac_cloud-media-center/app/src/main/kotlin/com/diegonmarcos/mediacenter/feature_node/presentation/main/MainActivity.kt	modified	app/src/main/kotlin/com/dot/gallery/feature_node/presentation/main/MainActivity.kt	186	67	txt
ac_cloud-media-center/app/src/main/kotlin/com/diegonmarcos/mediacenter/feature_node/presentation/mediaview/MediaViewScreen.kt	modified	app/src/main/kotlin/com/dot/gallery/feature_node/presentation/mediaview/MediaViewScreen.kt	1546	71	txt
ac_cloud-media-center/app/src/main/kotlin/com/diegonmarcos/mediacenter/feature_node/presentation/mediaview/MediaViewViewModel.kt	modified	app/src/main/kotlin/com/dot/gallery/feature_node/presentation/mediaview/MediaViewViewModel.kt	337	13	txt
ac_cloud-media-center/app/src/main/kotlin/com/diegonmarcos/mediacenter/feature_node/presentation/mediaview/MediaViewerVisualPolicy.kt	modified	app/src/main/kotlin/com/dot/gallery/feature_node/presentation/mediaview/MediaViewerVisualPolicy.kt	9	1	txt
ac_cloud-media-center/app/src/main/kotlin/com/diegonmarcos/mediacenter/feature_node/presentation/mediaview/components/DateHeader.kt	modified	app/src/main/kotlin/com/dot/gallery/feature_node/presentation/mediaview/components/DateHeader.kt	49	3	txt
ac_cloud-media-center/app/src/main/kotlin/com/diegonmarcos/mediacenter/feature_node/presentation/mediaview/components/GroupMemberStrip.kt	modified	app/src/main/kotlin/com/dot/gallery/feature_node/presentation/mediaview/components/GroupMemberStrip.kt	258	6	txt
ac_cloud-media-center/app/src/main/kotlin/com/diegonmarcos/mediacenter/feature_node/presentation/mediaview/components/LocationDetailSheet.kt	modified	app/src/main/kotlin/com/dot/gallery/feature_node/presentation/mediaview/components/LocationDetailSheet.kt	191	8	txt
ac_cloud-media-center/app/src/main/kotlin/com/diegonmarcos/mediacenter/feature_node/presentation/mediaview/components/LocationItem.kt	modified	app/src/main/kotlin/com/dot/gallery/feature_node/presentation/mediaview/components/LocationItem.kt	136	12	txt
ac_cloud-media-center/app/src/main/kotlin/com/diegonmarcos/mediacenter/feature_node/presentation/mediaview/components/MediaInfo.kt	modified	app/src/main/kotlin/com/dot/gallery/feature_node/presentation/mediaview/components/MediaInfo.kt	274	9	txt
ac_cloud-media-center/app/src/main/kotlin/com/diegonmarcos/mediacenter/feature_node/presentation/mediaview/components/MediaInfoChip.kt	modified	app/src/main/kotlin/com/dot/gallery/feature_node/presentation/mediaview/components/MediaInfoChip.kt	47	2	txt
ac_cloud-media-center/app/src/main/kotlin/com/diegonmarcos/mediacenter/feature_node/presentation/mediaview/components/MediaViewAppBar.kt	modified	app/src/main/kotlin/com/dot/gallery/feature_node/presentation/mediaview/components/MediaViewAppBar.kt	328	14	txt
ac_cloud-media-center/app/src/main/kotlin/com/diegonmarcos/mediacenter/feature_node/presentation/mediaview/components/MediaViewQuickBottomBar.kt	modified	app/src/main/kotlin/com/dot/gallery/feature_node/presentation/mediaview/components/MediaViewQuickBottomBar.kt	172	34	txt
ac_cloud-media-center/app/src/main/kotlin/com/diegonmarcos/mediacenter/feature_node/presentation/mediaview/components/MediaViewSheetActions.kt	modified	app/src/main/kotlin/com/dot/gallery/feature_node/presentation/mediaview/components/MediaViewSheetActions.kt	506	63	txt
ac_cloud-media-center/app/src/main/kotlin/com/diegonmarcos/mediacenter/feature_node/presentation/mediaview/components/MediaViewSheetDetails.kt	modified	app/src/main/kotlin/com/dot/gallery/feature_node/presentation/mediaview/components/MediaViewSheetDetails.kt	601	47	txt
ac_cloud-media-center/app/src/main/kotlin/com/diegonmarcos/mediacenter/feature_node/presentation/mediaview/components/MetadataRemovalSheet.kt	modified	app/src/main/kotlin/com/dot/gallery/feature_node/presentation/mediaview/components/MetadataRemovalSheet.kt	193	9	txt
ac_cloud-media-center/app/src/main/kotlin/com/diegonmarcos/mediacenter/feature_node/presentation/mediaview/components/SlideshowControls.kt	modified	app/src/main/kotlin/com/dot/gallery/feature_node/presentation/mediaview/components/SlideshowControls.kt	71	2	txt
ac_cloud-media-center/app/src/main/kotlin/com/diegonmarcos/mediacenter/feature_node/presentation/mediaview/components/actionbuttons/AddToCollectionButton.kt	modified	app/src/main/kotlin/com/dot/gallery/feature_node/presentation/mediaview/components/actionbuttons/AddToCollectionButton.kt	47	6	txt
ac_cloud-media-center/app/src/main/kotlin/com/diegonmarcos/mediacenter/feature_node/presentation/mediaview/components/actionbuttons/CopyButton.kt	modified	app/src/main/kotlin/com/dot/gallery/feature_node/presentation/mediaview/components/actionbuttons/CopyButton.kt	34	6	txt
ac_cloud-media-center/app/src/main/kotlin/com/diegonmarcos/mediacenter/feature_node/presentation/mediaview/components/actionbuttons/CopyToClipboardButton.kt	modified	app/src/main/kotlin/com/dot/gallery/feature_node/presentation/mediaview/components/actionbuttons/CopyToClipboardButton.kt	33	8	txt
ac_cloud-media-center/app/src/main/kotlin/com/diegonmarcos/mediacenter/feature_node/presentation/mediaview/components/actionbuttons/DownloadButton.kt	modified	app/src/main/kotlin/com/dot/gallery/feature_node/presentation/mediaview/components/actionbuttons/DownloadButton.kt	39	4	txt
ac_cloud-media-center/app/src/main/kotlin/com/diegonmarcos/mediacenter/feature_node/presentation/mediaview/components/actionbuttons/EditButton.kt	modified	app/src/main/kotlin/com/dot/gallery/feature_node/presentation/mediaview/components/actionbuttons/EditButton.kt	35	8	txt
ac_cloud-media-center/app/src/main/kotlin/com/diegonmarcos/mediacenter/feature_node/presentation/mediaview/components/actionbuttons/FavoriteButton.kt	modified	app/src/main/kotlin/com/dot/gallery/feature_node/presentation/mediaview/components/actionbuttons/FavoriteButton.kt	45	7	txt
ac_cloud-media-center/app/src/main/kotlin/com/diegonmarcos/mediacenter/feature_node/presentation/mediaview/components/actionbuttons/HideButton.kt	modified	app/src/main/kotlin/com/dot/gallery/feature_node/presentation/mediaview/components/actionbuttons/HideButton.kt	120	13	txt
ac_cloud-media-center/app/src/main/kotlin/com/diegonmarcos/mediacenter/feature_node/presentation/mediaview/components/actionbuttons/MediaViewButton.kt	modified	app/src/main/kotlin/com/dot/gallery/feature_node/presentation/mediaview/components/actionbuttons/MediaViewButton.kt	90	2	txt
ac_cloud-media-center/app/src/main/kotlin/com/diegonmarcos/mediacenter/feature_node/presentation/mediaview/components/actionbuttons/MoveButton.kt	modified	app/src/main/kotlin/com/dot/gallery/feature_node/presentation/mediaview/components/actionbuttons/MoveButton.kt	34	6	txt
ac_cloud-media-center/app/src/main/kotlin/com/diegonmarcos/mediacenter/feature_node/presentation/mediaview/components/actionbuttons/OpenAsButton.kt	modified	app/src/main/kotlin/com/dot/gallery/feature_node/presentation/mediaview/components/actionbuttons/OpenAsButton.kt	37	6	txt
ac_cloud-media-center/app/src/main/kotlin/com/diegonmarcos/mediacenter/feature_node/presentation/mediaview/components/actionbuttons/PrivateFolderDeleteButton.kt	modified	app/src/main/kotlin/com/dot/gallery/feature_node/presentation/mediaview/components/actionbuttons/PrivateFolderDeleteButton.kt	46	7	txt
ac_cloud-media-center/app/src/main/kotlin/com/diegonmarcos/mediacenter/feature_node/presentation/mediaview/components/actionbuttons/RestoreButton.kt	modified	app/src/main/kotlin/com/dot/gallery/feature_node/presentation/mediaview/components/actionbuttons/RestoreButton.kt	34	6	txt
ac_cloud-media-center/app/src/main/kotlin/com/diegonmarcos/mediacenter/feature_node/presentation/mediaview/components/actionbuttons/ShareButton.kt	modified	app/src/main/kotlin/com/dot/gallery/feature_node/presentation/mediaview/components/actionbuttons/ShareButton.kt	39	8	txt
ac_cloud-media-center/app/src/main/kotlin/com/diegonmarcos/mediacenter/feature_node/presentation/mediaview/components/actionbuttons/TrashButton.kt	modified	app/src/main/kotlin/com/dot/gallery/feature_node/presentation/mediaview/components/actionbuttons/TrashButton.kt	87	12	txt
ac_cloud-media-center/app/src/main/kotlin/com/diegonmarcos/mediacenter/feature_node/presentation/mediaview/components/media/CutoutOverlay.kt	modified	app/src/main/kotlin/com/dot/gallery/feature_node/presentation/mediaview/components/media/CutoutOverlay.kt	333	2	txt
ac_cloud-media-center/app/src/main/kotlin/com/diegonmarcos/mediacenter/feature_node/presentation/mediaview/components/media/CutoutState.kt	modified	app/src/main/kotlin/com/dot/gallery/feature_node/presentation/mediaview/components/media/CutoutState.kt	102	4	txt
ac_cloud-media-center/app/src/main/kotlin/com/diegonmarcos/mediacenter/feature_node/presentation/mediaview/components/media/MediaPreviewComponent.kt	modified	app/src/main/kotlin/com/dot/gallery/feature_node/presentation/mediaview/components/media/MediaPreviewComponent.kt	137	7	txt
ac_cloud-media-center/app/src/main/kotlin/com/diegonmarcos/mediacenter/feature_node/presentation/mediaview/components/media/MotionPhotoViewer.kt	modified	app/src/main/kotlin/com/dot/gallery/feature_node/presentation/mediaview/components/media/MotionPhotoViewer.kt	415	7	txt
ac_cloud-media-center/app/src/main/kotlin/com/diegonmarcos/mediacenter/feature_node/presentation/mediaview/components/media/PanoramaImageViewer.kt	modified	app/src/main/kotlin/com/dot/gallery/feature_node/presentation/mediaview/components/media/PanoramaImageViewer.kt	170	13	txt
ac_cloud-media-center/app/src/main/kotlin/com/diegonmarcos/mediacenter/feature_node/presentation/mediaview/components/media/SubjectSuggestionState.kt	modified	app/src/main/kotlin/com/dot/gallery/feature_node/presentation/mediaview/components/media/SubjectSuggestionState.kt	147	7	txt
ac_cloud-media-center/app/src/main/kotlin/com/diegonmarcos/mediacenter/feature_node/presentation/mediaview/components/media/ZoomablePagerImage.kt	modified	app/src/main/kotlin/com/dot/gallery/feature_node/presentation/mediaview/components/media/ZoomablePagerImage.kt	966	43	txt
ac_cloud-media-center/app/src/main/kotlin/com/diegonmarcos/mediacenter/feature_node/presentation/mediaview/components/rawdevelop/RawDevelopButton.kt	modified	app/src/main/kotlin/com/dot/gallery/feature_node/presentation/mediaview/components/rawdevelop/RawDevelopButton.kt	30	7	txt
ac_cloud-media-center/app/src/main/kotlin/com/diegonmarcos/mediacenter/feature_node/presentation/mediaview/components/video/SubtitleBottomSheet.kt	modified	app/src/main/kotlin/com/dot/gallery/feature_node/presentation/mediaview/components/video/SubtitleBottomSheet.kt	208	5	txt
ac_cloud-media-center/app/src/main/kotlin/com/diegonmarcos/mediacenter/feature_node/presentation/mediaview/components/video/VideoControllerState.kt	modified	app/src/main/kotlin/com/dot/gallery/feature_node/presentation/mediaview/components/video/VideoControllerState.kt	12	2	txt
ac_cloud-media-center/app/src/main/kotlin/com/diegonmarcos/mediacenter/feature_node/presentation/mediaview/components/video/VideoDurationHeader.kt	modified	app/src/main/kotlin/com/dot/gallery/feature_node/presentation/mediaview/components/video/VideoDurationHeader.kt	59	5	txt
ac_cloud-media-center/app/src/main/kotlin/com/diegonmarcos/mediacenter/feature_node/presentation/mediaview/components/video/VideoPlayer.kt	modified	app/src/main/kotlin/com/dot/gallery/feature_node/presentation/mediaview/components/video/VideoPlayer.kt	484	12	txt
ac_cloud-media-center/app/src/main/kotlin/com/diegonmarcos/mediacenter/feature_node/presentation/mediaview/components/video/VideoPlayerController.kt	modified	app/src/main/kotlin/com/dot/gallery/feature_node/presentation/mediaview/components/video/VideoPlayerController.kt	595	8	txt
ac_cloud-media-center/app/src/main/kotlin/com/diegonmarcos/mediacenter/feature_node/presentation/mediaview/components/video/VideoPlayerViewModel.kt	modified	app/src/main/kotlin/com/dot/gallery/feature_node/presentation/mediaview/components/video/VideoPlayerViewModel.kt	422	11	txt
ac_cloud-media-center/app/src/main/kotlin/com/diegonmarcos/mediacenter/feature_node/presentation/mediaview/components/video/createDecryptedVideoFile.kt	modified	app/src/main/kotlin/com/dot/gallery/feature_node/presentation/mediaview/components/video/createDecryptedVideoFile.kt	16	4	txt
ac_cloud-media-center/app/src/main/kotlin/com/diegonmarcos/mediacenter/feature_node/presentation/mediaview/slideshow/SlideshowPlaylist.kt	modified	app/src/main/kotlin/com/dot/gallery/feature_node/presentation/mediaview/slideshow/SlideshowPlaylist.kt	66	4	txt
ac_cloud-media-center/app/src/main/kotlin/com/diegonmarcos/mediacenter/feature_node/presentation/picker/PickerActivity.kt	modified	app/src/main/kotlin/com/dot/gallery/feature_node/presentation/picker/PickerActivity.kt	172	15	txt
ac_cloud-media-center/app/src/main/kotlin/com/diegonmarcos/mediacenter/feature_node/presentation/picker/PickerViewModel.kt	modified	app/src/main/kotlin/com/dot/gallery/feature_node/presentation/picker/PickerViewModel.kt	287	30	txt
ac_cloud-media-center/app/src/main/kotlin/com/diegonmarcos/mediacenter/feature_node/presentation/picker/components/PickerMediaScreen.kt	modified	app/src/main/kotlin/com/dot/gallery/feature_node/presentation/picker/components/PickerMediaScreen.kt	171	15	txt
ac_cloud-media-center/app/src/main/kotlin/com/diegonmarcos/mediacenter/feature_node/presentation/picker/components/PickerScreen.kt	modified	app/src/main/kotlin/com/dot/gallery/feature_node/presentation/picker/components/PickerScreen.kt	1118	33	txt
ac_cloud-media-center/app/src/main/kotlin/com/diegonmarcos/mediacenter/feature_node/presentation/privatefolder/PrivateFolderMoveViewModel.kt	modified	app/src/main/kotlin/com/dot/gallery/feature_node/presentation/privatefolder/PrivateFolderMoveViewModel.kt	58	5	txt
ac_cloud-media-center/app/src/main/kotlin/com/diegonmarcos/mediacenter/feature_node/presentation/privatefolder/PrivateFolderScreen.kt	modified	app/src/main/kotlin/com/dot/gallery/feature_node/presentation/privatefolder/PrivateFolderScreen.kt	257	27	txt
ac_cloud-media-center/app/src/main/kotlin/com/diegonmarcos/mediacenter/feature_node/presentation/privatefolder/PrivateFolderSecuritySetupScreen.kt	modified	app/src/main/kotlin/com/dot/gallery/feature_node/presentation/privatefolder/PrivateFolderSecuritySetupScreen.kt	109	11	txt
ac_cloud-media-center/app/src/main/kotlin/com/diegonmarcos/mediacenter/feature_node/presentation/privatefolder/PrivateFolderViewModel.kt	modified	app/src/main/kotlin/com/dot/gallery/feature_node/presentation/privatefolder/PrivateFolderViewModel.kt	74	8	txt
ac_cloud-media-center/app/src/main/kotlin/com/diegonmarcos/mediacenter/feature_node/presentation/scan/ImageScanSheet.kt	new		0	369	txt
ac_cloud-media-center/app/src/main/kotlin/com/diegonmarcos/mediacenter/feature_node/presentation/scan/ImageScanViewModel.kt	new		0	65	txt
ac_cloud-media-center/app/src/main/kotlin/com/diegonmarcos/mediacenter/feature_node/presentation/scan/ScanActions.kt	new		0	171	txt
ac_cloud-media-center/app/src/main/kotlin/com/diegonmarcos/mediacenter/feature_node/presentation/scan/ScanModels.kt	new		0	78	txt
ac_cloud-media-center/app/src/main/kotlin/com/diegonmarcos/mediacenter/feature_node/presentation/search/ImageSearchComponents.kt	modified	app/src/main/kotlin/com/dot/gallery/feature_node/presentation/search/ImageSearchComponents.kt	528	16	txt
ac_cloud-media-center/app/src/main/kotlin/com/diegonmarcos/mediacenter/feature_node/presentation/search/MainSearchBar.kt	modified	app/src/main/kotlin/com/dot/gallery/feature_node/presentation/search/MainSearchBar.kt	167	10	txt
ac_cloud-media-center/app/src/main/kotlin/com/diegonmarcos/mediacenter/feature_node/presentation/search/SearchHelper.kt	modified	app/src/main/kotlin/com/dot/gallery/feature_node/presentation/search/SearchHelper.kt	14	1	txt
ac_cloud-media-center/app/src/main/kotlin/com/diegonmarcos/mediacenter/feature_node/presentation/search/SearchHelperImpl.kt	modified	app/src/main/kotlin/com/dot/gallery/feature_node/presentation/search/SearchHelperImpl.kt	37	6	txt
ac_cloud-media-center/app/src/main/kotlin/com/diegonmarcos/mediacenter/feature_node/presentation/search/SearchIndexerState.kt	modified	app/src/main/kotlin/com/dot/gallery/feature_node/presentation/search/SearchIndexerState.kt	6	1	txt
ac_cloud-media-center/app/src/main/kotlin/com/diegonmarcos/mediacenter/feature_node/presentation/search/SearchMediaItem.kt	modified	app/src/main/kotlin/com/dot/gallery/feature_node/presentation/search/SearchMediaItem.kt	85	2	txt
ac_cloud-media-center/app/src/main/kotlin/com/diegonmarcos/mediacenter/feature_node/presentation/search/SearchScreen.kt	modified	app/src/main/kotlin/com/dot/gallery/feature_node/presentation/search/SearchScreen.kt	846	41	txt
ac_cloud-media-center/app/src/main/kotlin/com/diegonmarcos/mediacenter/feature_node/presentation/search/SearchSuggestion.kt	modified	app/src/main/kotlin/com/dot/gallery/feature_node/presentation/search/SearchSuggestion.kt	81	3	txt
ac_cloud-media-center/app/src/main/kotlin/com/diegonmarcos/mediacenter/feature_node/presentation/search/SearchViewModel.kt	modified	app/src/main/kotlin/com/dot/gallery/feature_node/presentation/search/SearchViewModel.kt	690	23	txt
ac_cloud-media-center/app/src/main/kotlin/com/diegonmarcos/mediacenter/feature_node/presentation/search/helpers/SearchVisionHelper.kt	modified	app/src/main/kotlin/com/dot/gallery/feature_node/presentation/search/helpers/SearchVisionHelper.kt	113	9	txt
ac_cloud-media-center/app/src/main/kotlin/com/diegonmarcos/mediacenter/feature_node/presentation/search/tokenizer/ClipByteEncoder.kt	modified	app/src/main/kotlin/com/dot/gallery/feature_node/presentation/search/tokenizer/ClipByteEncoder.kt	267	1	txt
ac_cloud-media-center/app/src/main/kotlin/com/diegonmarcos/mediacenter/feature_node/presentation/search/tokenizer/ClipTokenizer.kt	modified	app/src/main/kotlin/com/dot/gallery/feature_node/presentation/search/tokenizer/ClipTokenizer.kt	103	1	txt
ac_cloud-media-center/app/src/main/kotlin/com/diegonmarcos/mediacenter/feature_node/presentation/search/util/ImageUtil.kt	modified	app/src/main/kotlin/com/dot/gallery/feature_node/presentation/search/util/ImageUtil.kt	57	1	txt
ac_cloud-media-center/app/src/main/kotlin/com/diegonmarcos/mediacenter/feature_node/presentation/search/util/VectorUtil.kt	modified	app/src/main/kotlin/com/dot/gallery/feature_node/presentation/search/util/VectorUtil.kt	14	1	txt
ac_cloud-media-center/app/src/main/kotlin/com/diegonmarcos/mediacenter/feature_node/presentation/search/util/loadModelFile.kt	modified	app/src/main/kotlin/com/dot/gallery/feature_node/presentation/search/util/loadModelFile.kt	25	1	txt
ac_cloud-media-center/app/src/main/kotlin/com/diegonmarcos/mediacenter/feature_node/presentation/settings/SettingsScreen.kt	modified	app/src/main/kotlin/com/dot/gallery/feature_node/presentation/settings/SettingsScreen.kt	199	15	txt
ac_cloud-media-center/app/src/main/kotlin/com/diegonmarcos/mediacenter/feature_node/presentation/settings/components/AppHeader.kt	modified	app/src/main/kotlin/com/dot/gallery/feature_node/presentation/settings/components/AppHeader.kt	435	7	txt
ac_cloud-media-center/app/src/main/kotlin/com/diegonmarcos/mediacenter/feature_node/presentation/settings/components/BaseSettingsScreen.kt	modified	app/src/main/kotlin/com/dot/gallery/feature_node/presentation/settings/components/BaseSettingsScreen.kt	115	6	txt
ac_cloud-media-center/app/src/main/kotlin/com/diegonmarcos/mediacenter/feature_node/presentation/settings/components/PreferenceDetailScreen.kt	modified	app/src/main/kotlin/com/dot/gallery/feature_node/presentation/settings/components/PreferenceDetailScreen.kt	447	4	txt
ac_cloud-media-center/app/src/main/kotlin/com/diegonmarcos/mediacenter/feature_node/presentation/settings/components/SettingsExt.kt	modified	app/src/main/kotlin/com/dot/gallery/feature_node/presentation/settings/components/SettingsExt.kt	61	3	txt
ac_cloud-media-center/app/src/main/kotlin/com/diegonmarcos/mediacenter/feature_node/presentation/settings/components/SettingsFocus.kt	modified	app/src/main/kotlin/com/dot/gallery/feature_node/presentation/settings/components/SettingsFocus.kt	68	1	txt
ac_cloud-media-center/app/src/main/kotlin/com/diegonmarcos/mediacenter/feature_node/presentation/settings/components/SettingsItems.kt	modified	app/src/main/kotlin/com/dot/gallery/feature_node/presentation/settings/components/SettingsItems.kt	1199	9	txt
ac_cloud-media-center/app/src/main/kotlin/com/diegonmarcos/mediacenter/feature_node/presentation/settings/components/SettingsLayout.kt	modified	app/src/main/kotlin/com/dot/gallery/feature_node/presentation/settings/components/SettingsLayout.kt	486	3	txt
ac_cloud-media-center/app/src/main/kotlin/com/diegonmarcos/mediacenter/feature_node/presentation/settings/subsettings/AIModelsManagerScreen.kt	modified	app/src/main/kotlin/com/dot/gallery/feature_node/presentation/settings/subsettings/AIModelsManagerScreen.kt	740	6	txt
ac_cloud-media-center/app/src/main/kotlin/com/diegonmarcos/mediacenter/feature_node/presentation/settings/subsettings/BackupRestoreViewModel.kt	modified	app/src/main/kotlin/com/dot/gallery/feature_node/presentation/settings/subsettings/BackupRestoreViewModel.kt	153	6	txt
ac_cloud-media-center/app/src/main/kotlin/com/diegonmarcos/mediacenter/feature_node/presentation/settings/subsettings/BackupWizardScreens.kt	modified	app/src/main/kotlin/com/dot/gallery/feature_node/presentation/settings/subsettings/BackupWizardScreens.kt	1067	24	txt
ac_cloud-media-center/app/src/main/kotlin/com/diegonmarcos/mediacenter/feature_node/presentation/settings/subsettings/ColorPaletteScreen.kt	modified	app/src/main/kotlin/com/dot/gallery/feature_node/presentation/settings/subsettings/ColorPaletteScreen.kt	1008	22	txt
ac_cloud-media-center/app/src/main/kotlin/com/diegonmarcos/mediacenter/feature_node/presentation/settings/subsettings/ColorPalettes.kt	modified	app/src/main/kotlin/com/dot/gallery/feature_node/presentation/settings/subsettings/ColorPalettes.kt	27	1	txt
ac_cloud-media-center/app/src/main/kotlin/com/diegonmarcos/mediacenter/feature_node/presentation/settings/subsettings/EditBackupsViewModel.kt	modified	app/src/main/kotlin/com/dot/gallery/feature_node/presentation/settings/subsettings/EditBackupsViewModel.kt	114	8	txt
ac_cloud-media-center/app/src/main/kotlin/com/diegonmarcos/mediacenter/feature_node/presentation/settings/subsettings/EditBackupsViewerScreen.kt	modified	app/src/main/kotlin/com/dot/gallery/feature_node/presentation/settings/subsettings/EditBackupsViewerScreen.kt	791	21	txt
ac_cloud-media-center/app/src/main/kotlin/com/diegonmarcos/mediacenter/feature_node/presentation/settings/subsettings/PrivateFolderDetailScreen.kt	modified	app/src/main/kotlin/com/dot/gallery/feature_node/presentation/settings/subsettings/PrivateFolderDetailScreen.kt	254	4	txt
ac_cloud-media-center/app/src/main/kotlin/com/diegonmarcos/mediacenter/feature_node/presentation/settings/subsettings/SettingsBackupScreen.kt	modified	app/src/main/kotlin/com/dot/gallery/feature_node/presentation/settings/subsettings/SettingsBackupScreen.kt	153	3	txt
ac_cloud-media-center/app/src/main/kotlin/com/diegonmarcos/mediacenter/feature_node/presentation/settings/subsettings/SettingsGeneralScreen.kt	modified	app/src/main/kotlin/com/dot/gallery/feature_node/presentation/settings/subsettings/SettingsGeneralScreen.kt	446	24	txt
ac_cloud-media-center/app/src/main/kotlin/com/diegonmarcos/mediacenter/feature_node/presentation/settings/subsettings/SettingsMediaViewerScreen.kt	modified	app/src/main/kotlin/com/dot/gallery/feature_node/presentation/settings/subsettings/SettingsMediaViewerScreen.kt	880	33	txt
ac_cloud-media-center/app/src/main/kotlin/com/diegonmarcos/mediacenter/feature_node/presentation/settings/subsettings/SettingsNavigationScreen.kt	modified	app/src/main/kotlin/com/dot/gallery/feature_node/presentation/settings/subsettings/SettingsNavigationScreen.kt	453	21	txt
ac_cloud-media-center/app/src/main/kotlin/com/diegonmarcos/mediacenter/feature_node/presentation/settings/subsettings/SettingsSecurityScreen.kt	modified	app/src/main/kotlin/com/dot/gallery/feature_node/presentation/settings/subsettings/SettingsSecurityScreen.kt	227	14	txt
ac_cloud-media-center/app/src/main/kotlin/com/diegonmarcos/mediacenter/feature_node/presentation/settings/subsettings/SettingsSelectionActionsScreen.kt	modified	app/src/main/kotlin/com/dot/gallery/feature_node/presentation/settings/subsettings/SettingsSelectionActionsScreen.kt	1200	16	txt
ac_cloud-media-center/app/src/main/kotlin/com/diegonmarcos/mediacenter/feature_node/presentation/settings/subsettings/SettingsSmartFeaturesScreen.kt	modified	app/src/main/kotlin/com/dot/gallery/feature_node/presentation/settings/subsettings/SettingsSmartFeaturesScreen.kt	117	9	txt
ac_cloud-media-center/app/src/main/kotlin/com/diegonmarcos/mediacenter/feature_node/presentation/settings/subsettings/SettingsTimelineAlbumsScreen.kt	modified	app/src/main/kotlin/com/dot/gallery/feature_node/presentation/settings/subsettings/SettingsTimelineAlbumsScreen.kt	1653	48	txt
ac_cloud-media-center/app/src/main/kotlin/com/diegonmarcos/mediacenter/feature_node/presentation/settings/subsettings/SlideshowSettingsScreen.kt	modified	app/src/main/kotlin/com/dot/gallery/feature_node/presentation/settings/subsettings/SlideshowSettingsScreen.kt	174	8	txt
ac_cloud-media-center/app/src/main/kotlin/com/diegonmarcos/mediacenter/feature_node/presentation/settings/subsettings/SmartFeaturesViewModel.kt	modified	app/src/main/kotlin/com/dot/gallery/feature_node/presentation/settings/subsettings/SmartFeaturesViewModel.kt	69	9	txt
ac_cloud-media-center/app/src/main/kotlin/com/diegonmarcos/mediacenter/feature_node/presentation/setup/SetupScreen.kt	modified	app/src/main/kotlin/com/dot/gallery/feature_node/presentation/setup/SetupScreen.kt	118	20	txt
ac_cloud-media-center/app/src/main/kotlin/com/diegonmarcos/mediacenter/feature_node/presentation/setup/components/SetupAnimatedBackground.kt	modified	app/src/main/kotlin/com/dot/gallery/feature_node/presentation/setup/components/SetupAnimatedBackground.kt	103	1	txt
ac_cloud-media-center/app/src/main/kotlin/com/diegonmarcos/mediacenter/feature_node/presentation/setup/components/SetupPermissionItem.kt	modified	app/src/main/kotlin/com/dot/gallery/feature_node/presentation/setup/components/SetupPermissionItem.kt	141	2	txt
ac_cloud-media-center/app/src/main/kotlin/com/diegonmarcos/mediacenter/feature_node/presentation/setup/components/SetupSectionCard.kt	modified	app/src/main/kotlin/com/dot/gallery/feature_node/presentation/setup/components/SetupSectionCard.kt	51	1	txt
ac_cloud-media-center/app/src/main/kotlin/com/diegonmarcos/mediacenter/feature_node/presentation/setup/components/SetupWizardScaffold.kt	modified	app/src/main/kotlin/com/dot/gallery/feature_node/presentation/setup/components/SetupWizardScaffold.kt	258	3	txt
ac_cloud-media-center/app/src/main/kotlin/com/diegonmarcos/mediacenter/feature_node/presentation/setup/pages/SetupAiModelsPage.kt	modified	app/src/main/kotlin/com/dot/gallery/feature_node/presentation/setup/pages/SetupAiModelsPage.kt	443	9	txt
ac_cloud-media-center/app/src/main/kotlin/com/diegonmarcos/mediacenter/feature_node/presentation/setup/pages/SetupCloudPage.kt	modified	app/src/main/kotlin/com/dot/gallery/feature_node/presentation/setup/pages/SetupCloudPage.kt	273	12	txt
ac_cloud-media-center/app/src/main/kotlin/com/diegonmarcos/mediacenter/feature_node/presentation/setup/pages/SetupLooksFeelPage.kt	modified	app/src/main/kotlin/com/dot/gallery/feature_node/presentation/setup/pages/SetupLooksFeelPage.kt	173	15	txt
ac_cloud-media-center/app/src/main/kotlin/com/diegonmarcos/mediacenter/feature_node/presentation/setup/pages/SetupPermissionsPage.kt	modified	app/src/main/kotlin/com/dot/gallery/feature_node/presentation/setup/pages/SetupPermissionsPage.kt	166	11	txt
ac_cloud-media-center/app/src/main/kotlin/com/diegonmarcos/mediacenter/feature_node/presentation/setup/pages/SetupTipsPage.kt	modified	app/src/main/kotlin/com/dot/gallery/feature_node/presentation/setup/pages/SetupTipsPage.kt	84	4	txt
ac_cloud-media-center/app/src/main/kotlin/com/diegonmarcos/mediacenter/feature_node/presentation/setup/pages/SetupWelcomePage.kt	modified	app/src/main/kotlin/com/dot/gallery/feature_node/presentation/setup/pages/SetupWelcomePage.kt	85	5	txt
ac_cloud-media-center/app/src/main/kotlin/com/diegonmarcos/mediacenter/feature_node/presentation/standalone/SecureStandaloneActivity.kt	modified	app/src/main/kotlin/com/dot/gallery/feature_node/presentation/standalone/SecureStandaloneActivity.kt	18	1	txt
ac_cloud-media-center/app/src/main/kotlin/com/diegonmarcos/mediacenter/feature_node/presentation/standalone/StandaloneActivity.kt	modified	app/src/main/kotlin/com/dot/gallery/feature_node/presentation/standalone/StandaloneActivity.kt	173	16	txt
ac_cloud-media-center/app/src/main/kotlin/com/diegonmarcos/mediacenter/feature_node/presentation/standalone/StandaloneViewModel.kt	modified	app/src/main/kotlin/com/dot/gallery/feature_node/presentation/standalone/StandaloneViewModel.kt	160	13	txt
ac_cloud-media-center/app/src/main/kotlin/com/diegonmarcos/mediacenter/feature_node/presentation/storycards/StoryCardsSettingsScreen.kt	modified	app/src/main/kotlin/com/dot/gallery/feature_node/presentation/storycards/StoryCardsSettingsScreen.kt	433	11	txt
ac_cloud-media-center/app/src/main/kotlin/com/diegonmarcos/mediacenter/feature_node/presentation/storycards/StoryCardsViewModel.kt	modified	app/src/main/kotlin/com/dot/gallery/feature_node/presentation/storycards/StoryCardsViewModel.kt	294	15	txt
ac_cloud-media-center/app/src/main/kotlin/com/diegonmarcos/mediacenter/feature_node/presentation/storycards/StoryViewerScreen.kt	modified	app/src/main/kotlin/com/dot/gallery/feature_node/presentation/storycards/StoryViewerScreen.kt	480	15	txt
ac_cloud-media-center/app/src/main/kotlin/com/diegonmarcos/mediacenter/feature_node/presentation/storycards/components/StoryCardsRow.kt	modified	app/src/main/kotlin/com/dot/gallery/feature_node/presentation/storycards/components/StoryCardsRow.kt	181	8	txt
ac_cloud-media-center/app/src/main/kotlin/com/diegonmarcos/mediacenter/feature_node/presentation/support/SupportSheet.kt	modified	app/src/main/kotlin/com/dot/gallery/feature_node/presentation/support/SupportSheet.kt	164	6	txt
ac_cloud-media-center/app/src/main/kotlin/com/diegonmarcos/mediacenter/feature_node/presentation/thumbnail/ThumbnailChangerScreen.kt	modified	app/src/main/kotlin/com/dot/gallery/feature_node/presentation/thumbnail/ThumbnailChangerScreen.kt	26	1	txt
ac_cloud-media-center/app/src/main/kotlin/com/diegonmarcos/mediacenter/feature_node/presentation/thumbnail/ThumbnailChangerViewModel.kt	modified	app/src/main/kotlin/com/dot/gallery/feature_node/presentation/thumbnail/ThumbnailChangerViewModel.kt	25	2	txt
ac_cloud-media-center/app/src/main/kotlin/com/diegonmarcos/mediacenter/feature_node/presentation/timeline/TimelineMediaContent.kt	modified	app/src/main/kotlin/com/dot/gallery/feature_node/presentation/timeline/TimelineMediaContent.kt	229	31	txt
ac_cloud-media-center/app/src/main/kotlin/com/diegonmarcos/mediacenter/feature_node/presentation/timeline/TimelineScreen.kt	modified	app/src/main/kotlin/com/dot/gallery/feature_node/presentation/timeline/TimelineScreen.kt	271	63	txt
ac_cloud-media-center/app/src/main/kotlin/com/diegonmarcos/mediacenter/feature_node/presentation/timeline/components/TimelineFilterSheet.kt	modified	app/src/main/kotlin/com/dot/gallery/feature_node/presentation/timeline/components/TimelineFilterSheet.kt	232	7	txt
ac_cloud-media-center/app/src/main/kotlin/com/diegonmarcos/mediacenter/feature_node/presentation/timeline/components/TimelineNavActions.kt	modified	app/src/main/kotlin/com/dot/gallery/feature_node/presentation/timeline/components/TimelineNavActions.kt	103	10	txt
ac_cloud-media-center/app/src/main/kotlin/com/diegonmarcos/mediacenter/feature_node/presentation/trashed/TrashedScreen.kt	modified	app/src/main/kotlin/com/dot/gallery/feature_node/presentation/trashed/TrashedScreen.kt	58	12	txt
ac_cloud-media-center/app/src/main/kotlin/com/diegonmarcos/mediacenter/feature_node/presentation/trashed/components/AutoDeleteFooter.kt	modified	app/src/main/kotlin/com/dot/gallery/feature_node/presentation/trashed/components/AutoDeleteFooter.kt	128	14	txt
ac_cloud-media-center/app/src/main/kotlin/com/diegonmarcos/mediacenter/feature_node/presentation/trashed/components/EmptyTrash.kt	modified	app/src/main/kotlin/com/dot/gallery/feature_node/presentation/trashed/components/EmptyTrash.kt	41	2	txt
ac_cloud-media-center/app/src/main/kotlin/com/diegonmarcos/mediacenter/feature_node/presentation/trashed/components/TrashDialog.kt	modified	app/src/main/kotlin/com/dot/gallery/feature_node/presentation/trashed/components/TrashDialog.kt	335	19	txt
ac_cloud-media-center/app/src/main/kotlin/com/diegonmarcos/mediacenter/feature_node/presentation/trashed/components/TrashSelectionSheet.kt	modified	app/src/main/kotlin/com/dot/gallery/feature_node/presentation/trashed/components/TrashSelectionSheet.kt	265	14	txt
ac_cloud-media-center/app/src/main/kotlin/com/diegonmarcos/mediacenter/feature_node/presentation/trashed/components/TrashedNavActions.kt	modified	app/src/main/kotlin/com/dot/gallery/feature_node/presentation/trashed/components/TrashedNavActions.kt	123	11	txt
ac_cloud-media-center/app/src/main/kotlin/com/diegonmarcos/mediacenter/feature_node/presentation/util/AppBottomSheetState.kt	modified	app/src/main/kotlin/com/dot/gallery/feature_node/presentation/util/AppBottomSheetState.kt	96	1	txt
ac_cloud-media-center/app/src/main/kotlin/com/diegonmarcos/mediacenter/feature_node/presentation/util/BlurUtils.kt	modified	app/src/main/kotlin/com/dot/gallery/feature_node/presentation/util/BlurUtils.kt	36	1	txt
ac_cloud-media-center/app/src/main/kotlin/com/diegonmarcos/mediacenter/feature_node/presentation/util/ContextExt.kt	modified	app/src/main/kotlin/com/dot/gallery/feature_node/presentation/util/ContextExt.kt	477	17	txt
ac_cloud-media-center/app/src/main/kotlin/com/diegonmarcos/mediacenter/feature_node/presentation/util/ExifMetadata.kt	modified	app/src/main/kotlin/com/dot/gallery/feature_node/presentation/util/ExifMetadata.kt	47	1	txt
ac_cloud-media-center/app/src/main/kotlin/com/diegonmarcos/mediacenter/feature_node/presentation/util/Geolocation.kt	modified	app/src/main/kotlin/com/dot/gallery/feature_node/presentation/util/Geolocation.kt	24	1	txt
ac_cloud-media-center/app/src/main/kotlin/com/diegonmarcos/mediacenter/feature_node/presentation/util/GlideInvalidation.kt	modified	app/src/main/kotlin/com/dot/gallery/feature_node/presentation/util/GlideInvalidation.kt	7	1	txt
ac_cloud-media-center/app/src/main/kotlin/com/diegonmarcos/mediacenter/feature_node/presentation/util/ImageUtils.kt	modified	app/src/main/kotlin/com/dot/gallery/feature_node/presentation/util/ImageUtils.kt	442	16	txt
ac_cloud-media-center/app/src/main/kotlin/com/diegonmarcos/mediacenter/feature_node/presentation/util/IntExt.kt	modified	app/src/main/kotlin/com/dot/gallery/feature_node/presentation/util/IntExt.kt	64	1	txt
ac_cloud-media-center/app/src/main/kotlin/com/diegonmarcos/mediacenter/feature_node/presentation/util/LocalHazeState.kt	modified	app/src/main/kotlin/com/dot/gallery/feature_node/presentation/util/LocalHazeState.kt	26	1	txt
ac_cloud-media-center/app/src/main/kotlin/com/diegonmarcos/mediacenter/feature_node/presentation/util/LocationDataExt.kt	new		0	52	txt
ac_cloud-media-center/app/src/main/kotlin/com/diegonmarcos/mediacenter/feature_node/presentation/util/MediaDateCaptionExt.kt	new		0	35	txt
ac_cloud-media-center/app/src/main/kotlin/com/diegonmarcos/mediacenter/feature_node/presentation/util/MockedProviders.kt	modified	app/src/main/kotlin/com/dot/gallery/feature_node/presentation/util/MockedProviders.kt	180	30	txt
ac_cloud-media-center/app/src/main/kotlin/com/diegonmarcos/mediacenter/feature_node/presentation/util/ModifierExt.kt	modified	app/src/main/kotlin/com/dot/gallery/feature_node/presentation/util/ModifierExt.kt	59	1	txt
ac_cloud-media-center/app/src/main/kotlin/com/diegonmarcos/mediacenter/feature_node/presentation/util/MultiSelectExt.kt	modified	app/src/main/kotlin/com/dot/gallery/feature_node/presentation/util/MultiSelectExt.kt	213	3	txt
ac_cloud-media-center/app/src/main/kotlin/com/diegonmarcos/mediacenter/feature_node/presentation/util/NavigationItem.kt	modified	app/src/main/kotlin/com/dot/gallery/feature_node/presentation/util/NavigationItem.kt	10	1	txt
ac_cloud-media-center/app/src/main/kotlin/com/diegonmarcos/mediacenter/feature_node/presentation/util/NetworkExt.kt	modified	app/src/main/kotlin/com/dot/gallery/feature_node/presentation/util/NetworkExt.kt	93	1	txt
ac_cloud-media-center/app/src/main/kotlin/com/diegonmarcos/mediacenter/feature_node/presentation/util/PreviewExt.kt	modified	app/src/main/kotlin/com/dot/gallery/feature_node/presentation/util/PreviewExt.kt	15	4	txt
ac_cloud-media-center/app/src/main/kotlin/com/diegonmarcos/mediacenter/feature_node/presentation/util/Screen.kt	modified	app/src/main/kotlin/com/dot/gallery/feature_node/presentation/util/Screen.kt	190	1	txt
ac_cloud-media-center/app/src/main/kotlin/com/diegonmarcos/mediacenter/feature_node/presentation/util/SharedElementsExt.kt	modified	app/src/main/kotlin/com/dot/gallery/feature_node/presentation/util/SharedElementsExt.kt	62	4	txt
ac_cloud-media-center/app/src/main/kotlin/com/diegonmarcos/mediacenter/feature_node/presentation/util/StateExt.kt	modified	app/src/main/kotlin/com/dot/gallery/feature_node/presentation/util/StateExt.kt	309	22	txt
ac_cloud-media-center/app/src/main/kotlin/com/diegonmarcos/mediacenter/feature_node/presentation/util/StaticMapURL.kt	modified	app/src/main/kotlin/com/dot/gallery/feature_node/presentation/util/StaticMapURL.kt	48	2	txt
ac_cloud-media-center/app/src/main/kotlin/com/diegonmarcos/mediacenter/feature_node/presentation/util/SurfaceViewHazeBridge.kt	modified	app/src/main/kotlin/com/dot/gallery/feature_node/presentation/util/SurfaceViewHazeBridge.kt	153	1	txt
ac_cloud-media-center/app/src/main/kotlin/com/diegonmarcos/mediacenter/feature_node/presentation/util/ViewScreenConstants.kt	modified	app/src/main/kotlin/com/dot/gallery/feature_node/presentation/util/ViewScreenConstants.kt	17	2	txt
ac_cloud-media-center/app/src/main/kotlin/com/diegonmarcos/mediacenter/feature_node/presentation/util/WindowInsetsControllerExt.kt	modified	app/src/main/kotlin/com/dot/gallery/feature_node/presentation/util/WindowInsetsControllerExt.kt	10	1	txt
ac_cloud-media-center/app/src/main/kotlin/com/diegonmarcos/mediacenter/feature_node/presentation/util/launchMap.kt	modified	app/src/main/kotlin/com/dot/gallery/feature_node/presentation/util/launchMap.kt	29	2	txt
ac_cloud-media-center/app/src/main/kotlin/com/diegonmarcos/mediacenter/feature_node/presentation/vault/VaultDisplay.kt	modified	app/src/main/kotlin/com/dot/gallery/feature_node/presentation/vault/VaultDisplay.kt	529	40	txt
ac_cloud-media-center/app/src/main/kotlin/com/diegonmarcos/mediacenter/feature_node/presentation/vault/VaultGateSetupScreen.kt	modified	app/src/main/kotlin/com/dot/gallery/feature_node/presentation/vault/VaultGateSetupScreen.kt	105	11	txt
ac_cloud-media-center/app/src/main/kotlin/com/diegonmarcos/mediacenter/feature_node/presentation/vault/VaultPasswordSetupScreen.kt	modified	app/src/main/kotlin/com/dot/gallery/feature_node/presentation/vault/VaultPasswordSetupScreen.kt	75	10	txt
ac_cloud-media-center/app/src/main/kotlin/com/diegonmarcos/mediacenter/feature_node/presentation/vault/VaultScreen.kt	modified	app/src/main/kotlin/com/dot/gallery/feature_node/presentation/vault/VaultScreen.kt	528	21	txt
ac_cloud-media-center/app/src/main/kotlin/com/diegonmarcos/mediacenter/feature_node/presentation/vault/VaultScreens.kt	modified	app/src/main/kotlin/com/dot/gallery/feature_node/presentation/vault/VaultScreens.kt	20	1	txt
ac_cloud-media-center/app/src/main/kotlin/com/diegonmarcos/mediacenter/feature_node/presentation/vault/VaultSelectScreen.kt	modified	app/src/main/kotlin/com/dot/gallery/feature_node/presentation/vault/VaultSelectScreen.kt	213	7	txt
ac_cloud-media-center/app/src/main/kotlin/com/diegonmarcos/mediacenter/feature_node/presentation/vault/VaultSetup.kt	modified	app/src/main/kotlin/com/dot/gallery/feature_node/presentation/vault/VaultSetup.kt	146	8	txt
ac_cloud-media-center/app/src/main/kotlin/com/diegonmarcos/mediacenter/feature_node/presentation/vault/VaultViewModel.kt	modified	app/src/main/kotlin/com/dot/gallery/feature_node/presentation/vault/VaultViewModel.kt	293	20	txt
ac_cloud-media-center/app/src/main/kotlin/com/diegonmarcos/mediacenter/feature_node/presentation/vault/components/AddToVaultSheet.kt	modified	app/src/main/kotlin/com/dot/gallery/feature_node/presentation/vault/components/AddToVaultSheet.kt	150	6	txt
ac_cloud-media-center/app/src/main/kotlin/com/diegonmarcos/mediacenter/feature_node/presentation/vault/components/ConfirmationSheet.kt	modified	app/src/main/kotlin/com/dot/gallery/feature_node/presentation/vault/components/ConfirmationSheet.kt	114	5	txt
ac_cloud-media-center/app/src/main/kotlin/com/diegonmarcos/mediacenter/feature_node/presentation/vault/components/DeleteVaultSheet.kt	modified	app/src/main/kotlin/com/dot/gallery/feature_node/presentation/vault/components/DeleteVaultSheet.kt	17	3	txt
ac_cloud-media-center/app/src/main/kotlin/com/diegonmarcos/mediacenter/feature_node/presentation/vault/components/NewVaultSheet.kt	modified	app/src/main/kotlin/com/dot/gallery/feature_node/presentation/vault/components/NewVaultSheet.kt	14	3	txt
ac_cloud-media-center/app/src/main/kotlin/com/diegonmarcos/mediacenter/feature_node/presentation/vault/components/RemovePasswordSheet.kt	modified	app/src/main/kotlin/com/dot/gallery/feature_node/presentation/vault/components/RemovePasswordSheet.kt	14	3	txt
ac_cloud-media-center/app/src/main/kotlin/com/diegonmarcos/mediacenter/feature_node/presentation/vault/components/RestoreVaultSheet.kt	modified	app/src/main/kotlin/com/dot/gallery/feature_node/presentation/vault/components/RestoreVaultSheet.kt	14	3	txt
ac_cloud-media-center/app/src/main/kotlin/com/diegonmarcos/mediacenter/feature_node/presentation/vault/components/SelectVaultSheet.kt	modified	app/src/main/kotlin/com/dot/gallery/feature_node/presentation/vault/components/SelectVaultSheet.kt	127	9	txt
ac_cloud-media-center/app/src/main/kotlin/com/diegonmarcos/mediacenter/feature_node/presentation/vault/components/VaultPasswordDialog.kt	modified	app/src/main/kotlin/com/dot/gallery/feature_node/presentation/vault/components/VaultPasswordDialog.kt	623	9	txt
ac_cloud-media-center/app/src/main/kotlin/com/diegonmarcos/mediacenter/feature_node/presentation/vault/components/VaultPatternLock.kt	modified	app/src/main/kotlin/com/dot/gallery/feature_node/presentation/vault/components/VaultPatternLock.kt	168	2	txt
ac_cloud-media-center/app/src/main/kotlin/com/diegonmarcos/mediacenter/feature_node/presentation/vault/components/VaultPinInput.kt	modified	app/src/main/kotlin/com/dot/gallery/feature_node/presentation/vault/components/VaultPinInput.kt	162	3	txt
ac_cloud-media-center/app/src/main/kotlin/com/diegonmarcos/mediacenter/feature_node/presentation/vault/components/VaultSecuritySheet.kt	modified	app/src/main/kotlin/com/dot/gallery/feature_node/presentation/vault/components/VaultSecuritySheet.kt	97	8	txt
ac_cloud-media-center/app/src/main/kotlin/com/diegonmarcos/mediacenter/feature_node/presentation/vault/utils/BiometricManagerExt.kt	modified	app/src/main/kotlin/com/dot/gallery/feature_node/presentation/vault/utils/BiometricManagerExt.kt	104	1	txt
ac_cloud-media-center/app/src/main/kotlin/com/diegonmarcos/mediacenter/feature_node/presentation/vault/utils/VaultPasswordManager.kt	modified	app/src/main/kotlin/com/dot/gallery/feature_node/presentation/vault/utils/VaultPasswordManager.kt	202	2	txt
ac_cloud-media-center/app/src/main/kotlin/com/diegonmarcos/mediacenter/feature_node/presentation/wallpaper/SetWallpaperActivity.kt	modified	app/src/main/kotlin/com/dot/gallery/feature_node/presentation/wallpaper/SetWallpaperActivity.kt	38	2	txt
ac_cloud-media-center/app/src/main/kotlin/com/diegonmarcos/mediacenter/feature_node/presentation/widget/GridMediaWidget.kt	modified	app/src/main/kotlin/com/dot/gallery/feature_node/presentation/widget/GridMediaWidget.kt	115	5	txt
ac_cloud-media-center/app/src/main/kotlin/com/diegonmarcos/mediacenter/feature_node/presentation/widget/SingleMediaWidget.kt	modified	app/src/main/kotlin/com/dot/gallery/feature_node/presentation/widget/SingleMediaWidget.kt	76	5	txt
ac_cloud-media-center/app/src/main/kotlin/com/diegonmarcos/mediacenter/feature_node/presentation/widget/WidgetConfigActivity.kt	modified	app/src/main/kotlin/com/dot/gallery/feature_node/presentation/widget/WidgetConfigActivity.kt	173	16	txt
ac_cloud-media-center/app/src/main/kotlin/com/diegonmarcos/mediacenter/feature_node/presentation/widget/data/WidgetBitmapLoader.kt	modified	app/src/main/kotlin/com/dot/gallery/feature_node/presentation/widget/data/WidgetBitmapLoader.kt	95	1	txt
ac_cloud-media-center/app/src/main/kotlin/com/diegonmarcos/mediacenter/feature_node/presentation/widget/data/WidgetPreferences.kt	modified	app/src/main/kotlin/com/dot/gallery/feature_node/presentation/widget/data/WidgetPreferences.kt	55	1	txt
ac_cloud-media-center/app/src/main/kotlin/com/diegonmarcos/mediacenter/injection/AppModule.kt	modified	app/src/main/kotlin/com/dot/gallery/injection/AppModule.kt	155	39	txt
ac_cloud-media-center/app/src/main/kotlin/com/diegonmarcos/mediacenter/injection/GlideModule.kt	modified	app/src/main/kotlin/com/dot/gallery/injection/GlideModule.kt	160	29	txt
ac_cloud-media-center/app/src/main/kotlin/com/diegonmarcos/mediacenter/ui/ComposeInitializer.kt	modified	app/src/main/kotlin/com/dot/gallery/ui/ComposeInitializer.kt	47	4	txt
ac_cloud-media-center/app/src/main/kotlin/com/diegonmarcos/mediacenter/ui/core/Icons.kt	modified	app/src/main/kotlin/com/dot/gallery/ui/core/Icons.kt	1	1	txt
ac_cloud-media-center/app/src/main/kotlin/com/diegonmarcos/mediacenter/ui/core/icons/Albums.kt	modified	app/src/main/kotlin/com/dot/gallery/ui/core/icons/Albums.kt	74	2	txt
ac_cloud-media-center/app/src/main/kotlin/com/diegonmarcos/mediacenter/ui/core/icons/Encrypted.kt	modified	app/src/main/kotlin/com/dot/gallery/ui/core/icons/Encrypted.kt	61	2	txt
ac_cloud-media-center/app/src/main/kotlin/com/diegonmarcos/mediacenter/ui/core/icons/Face.kt	modified	app/src/main/kotlin/com/dot/gallery/ui/core/icons/Face.kt	75	2	txt
ac_cloud-media-center/app/src/main/kotlin/com/diegonmarcos/mediacenter/ui/core/icons/InkHighlighter.kt	modified	app/src/main/kotlin/com/dot/gallery/ui/core/icons/InkHighlighter.kt	68	2	txt
ac_cloud-media-center/app/src/main/kotlin/com/diegonmarcos/mediacenter/ui/core/icons/InkMarker.kt	modified	app/src/main/kotlin/com/dot/gallery/ui/core/icons/InkMarker.kt	47	2	txt
ac_cloud-media-center/app/src/main/kotlin/com/diegonmarcos/mediacenter/ui/core/icons/Ink_eraser.kt	modified	app/src/main/kotlin/com/dot/gallery/ui/core/icons/Ink_eraser.kt	60	2	txt
ac_cloud-media-center/app/src/main/kotlin/com/diegonmarcos/mediacenter/ui/core/icons/NoImage.kt	modified	app/src/main/kotlin/com/dot/gallery/ui/core/icons/NoImage.kt	77	2	txt
ac_cloud-media-center/app/src/main/kotlin/com/diegonmarcos/mediacenter/ui/core/icons/RegularExpression.kt	modified	app/src/main/kotlin/com/dot/gallery/ui/core/icons/RegularExpression.kt	82	2	txt
ac_cloud-media-center/app/src/main/kotlin/com/diegonmarcos/mediacenter/ui/core/icons/Star.kt	modified	app/src/main/kotlin/com/dot/gallery/ui/core/icons/Star.kt	43	2	txt
ac_cloud-media-center/app/src/main/kotlin/com/diegonmarcos/mediacenter/ui/core/icons/Stylus.kt	modified	app/src/main/kotlin/com/dot/gallery/ui/core/icons/Stylus.kt	51	2	txt
ac_cloud-media-center/app/src/main/kotlin/com/diegonmarcos/mediacenter/ui/theme/Color.kt	modified	app/src/main/kotlin/com/dot/gallery/ui/theme/Color.kt	66	1	txt
ac_cloud-media-center/app/src/main/kotlin/com/diegonmarcos/mediacenter/ui/theme/Dimens.kt	modified	app/src/main/kotlin/com/dot/gallery/ui/theme/Dimens.kt	13	1	txt
ac_cloud-media-center/app/src/main/kotlin/com/diegonmarcos/mediacenter/ui/theme/Shape.kt	modified	app/src/main/kotlin/com/dot/gallery/ui/theme/Shape.kt	13	1	txt
ac_cloud-media-center/app/src/main/kotlin/com/diegonmarcos/mediacenter/ui/theme/Theme.kt	modified	app/src/main/kotlin/com/dot/gallery/ui/theme/Theme.kt	327	7	txt
ac_cloud-media-center/app/src/main/kotlin/com/diegonmarcos/mediacenter/ui/theme/Type.kt	modified	app/src/main/kotlin/com/dot/gallery/ui/theme/Type.kt	33	2	txt
ac_cloud-media-center/app/src/main/res/drawable/ic_album_locked.xml	verbatim		9	0	txt
ac_cloud-media-center/app/src/main/res/drawable/ic_cloud_upload.xml	verbatim		10	0	txt
ac_cloud-media-center/app/src/main/res/drawable/ic_donate.xml	verbatim		4	0	txt
ac_cloud-media-center/app/src/main/res/drawable/ic_github.xml	verbatim		4	0	txt
ac_cloud-media-center/app/src/main/res/drawable/ic_launcher_foreground.xml	modified	app/src/main/res/drawable/ic_launcher_foreground.xml	3	13	txt
ac_cloud-media-center/app/src/main/res/drawable/ic_launcher_foreground_monochrome.xml	modified	app/src/main/res/drawable/ic_launcher_foreground_monochrome.xml	2	6	txt
ac_cloud-media-center/app/src/main/res/drawable/ic_provider_azure.xml	verbatim		52	0	txt
ac_cloud-media-center/app/src/main/res/drawable/ic_provider_immich.xml	verbatim		9	0	txt
ac_cloud-media-center/app/src/main/res/drawable/ic_provider_nextcloud.xml	verbatim		9	0	txt
ac_cloud-media-center/app/src/main/res/drawable/ic_provider_owncloud.xml	verbatim		9	0	txt
ac_cloud-media-center/app/src/main/res/drawable/ic_scroll_arrow.xml	verbatim		18	0	txt
ac_cloud-media-center/app/src/main/res/drawable/ic_vault.xml	verbatim		12	0	txt
ac_cloud-media-center/app/src/main/res/drawable/image_sample_2.webp	verbatim		0	0	bin
ac_cloud-media-center/app/src/main/res/drawable/widget_preview_bg.xml	verbatim		6	0	txt
ac_cloud-media-center/app/src/main/res/font/google_sans_bold.ttf	verbatim		0	0	bin
ac_cloud-media-center/app/src/main/res/font/google_sans_bold_italic.ttf	verbatim		0	0	bin
ac_cloud-media-center/app/src/main/res/font/google_sans_italic.ttf	verbatim		0	0	bin
ac_cloud-media-center/app/src/main/res/font/google_sans_medium.ttf	verbatim		0	0	bin
ac_cloud-media-center/app/src/main/res/font/google_sans_medium_italic.ttf	verbatim		0	0	bin
ac_cloud-media-center/app/src/main/res/font/google_sans_regular.ttf	verbatim		0	0	bin
ac_cloud-media-center/app/src/main/res/font/google_sans_semibold.ttf	verbatim		0	0	bin
ac_cloud-media-center/app/src/main/res/layout/album_pin_frame.xml	modified	app/src/main/res/layout/album_pin_frame.xml	43	0	txt
ac_cloud-media-center/app/src/main/res/layout/widget_grid_preview.xml	verbatim		25	0	txt
ac_cloud-media-center/app/src/main/res/layout/widget_single_content.xml	verbatim		24	0	txt
ac_cloud-media-center/app/src/main/res/layout/widget_single_preview.xml	verbatim		12	0	txt
ac_cloud-media-center/app/src/main/res/mipmap-anydpi/ic_launcher.xml	verbatim		6	0	txt
ac_cloud-media-center/app/src/main/res/mipmap-anydpi/ic_launcher_gallery.xml	modified	app/src/main/res/mipmap-anydpi/ic_launcher_gallery.xml	3	3	txt
ac_cloud-media-center/app/src/main/res/mipmap-anydpi/ic_launcher_gallery_round.xml	modified	app/src/main/res/mipmap-anydpi/ic_launcher_gallery_round.xml	3	3	txt
ac_cloud-media-center/app/src/main/res/mipmap-anydpi/ic_launcher_round.xml	verbatim		6	0	txt
ac_cloud-media-center/app/src/main/res/mipmap-hdpi/ic_launcher.webp	verbatim		0	0	bin
ac_cloud-media-center/app/src/main/res/mipmap-hdpi/ic_launcher_round.webp	verbatim		0	0	bin
ac_cloud-media-center/app/src/main/res/mipmap-mdpi/ic_launcher.webp	verbatim		0	0	bin
ac_cloud-media-center/app/src/main/res/mipmap-mdpi/ic_launcher_round.webp	verbatim		0	0	bin
ac_cloud-media-center/app/src/main/res/mipmap-xhdpi/ic_launcher.webp	verbatim		0	0	bin
ac_cloud-media-center/app/src/main/res/mipmap-xhdpi/ic_launcher_round.webp	verbatim		0	0	bin
ac_cloud-media-center/app/src/main/res/mipmap-xxhdpi/ic_launcher.webp	verbatim		0	0	bin
ac_cloud-media-center/app/src/main/res/mipmap-xxhdpi/ic_launcher_round.webp	verbatim		0	0	bin
ac_cloud-media-center/app/src/main/res/mipmap-xxxhdpi/ic_launcher.webp	verbatim		0	0	bin
ac_cloud-media-center/app/src/main/res/mipmap-xxxhdpi/ic_launcher_round.webp	verbatim		0	0	bin
ac_cloud-media-center/app/src/main/res/values-af-rZA/help_strings.xml	verbatim		1076	0	txt
ac_cloud-media-center/app/src/main/res/values-af-rZA/strings.xml	modified	app/src/main/res/values-af-rZA/strings.xml	1333	3	txt
ac_cloud-media-center/app/src/main/res/values-ar-rSA/help_strings.xml	verbatim		1076	0	txt
ac_cloud-media-center/app/src/main/res/values-ar-rSA/strings.xml	modified	app/src/main/res/values-ar-rSA/strings.xml	1341	3	txt
ac_cloud-media-center/app/src/main/res/values-be-rBY/help_strings.xml	verbatim		1076	0	txt
ac_cloud-media-center/app/src/main/res/values-be-rBY/strings.xml	modified	app/src/main/res/values-be-rBY/strings.xml	1337	3	txt
ac_cloud-media-center/app/src/main/res/values-bg-rBG/help_strings.xml	verbatim		1076	0	txt
ac_cloud-media-center/app/src/main/res/values-bg-rBG/strings.xml	modified	app/src/main/res/values-bg-rBG/strings.xml	1333	3	txt
ac_cloud-media-center/app/src/main/res/values-bn-rBD/help_strings.xml	verbatim		1076	0	txt
ac_cloud-media-center/app/src/main/res/values-bn-rBD/strings.xml	modified	app/src/main/res/values-bn-rBD/strings.xml	1333	3	txt
ac_cloud-media-center/app/src/main/res/values-ca-rES/help_strings.xml	verbatim		1076	0	txt
ac_cloud-media-center/app/src/main/res/values-ca-rES/strings.xml	modified	app/src/main/res/values-ca-rES/strings.xml	1333	3	txt
ac_cloud-media-center/app/src/main/res/values-cs-rCZ/help_strings.xml	verbatim		1076	0	txt
ac_cloud-media-center/app/src/main/res/values-cs-rCZ/strings.xml	modified	app/src/main/res/values-cs-rCZ/strings.xml	1338	2	txt
ac_cloud-media-center/app/src/main/res/values-da-rDK/help_strings.xml	verbatim		1076	0	txt
ac_cloud-media-center/app/src/main/res/values-da-rDK/strings.xml	modified	app/src/main/res/values-da-rDK/strings.xml	1334	2	txt
ac_cloud-media-center/app/src/main/res/values-de-rDE/help_strings.xml	verbatim		1076	0	txt
ac_cloud-media-center/app/src/main/res/values-de-rDE/strings.xml	modified	app/src/main/res/values-de-rDE/strings.xml	1334	2	txt
ac_cloud-media-center/app/src/main/res/values-el-rGR/help_strings.xml	verbatim		1076	0	txt
ac_cloud-media-center/app/src/main/res/values-el-rGR/strings.xml	modified	app/src/main/res/values-el-rGR/strings.xml	1333	3	txt
ac_cloud-media-center/app/src/main/res/values-en-rUS/help_strings.xml	verbatim		1076	0	txt
ac_cloud-media-center/app/src/main/res/values-en-rUS/strings.xml	modified	app/src/main/res/values-en-rUS/strings.xml	1333	3	txt
ac_cloud-media-center/app/src/main/res/values-es-rES/help_strings.xml	verbatim		1076	0	txt
ac_cloud-media-center/app/src/main/res/values-es-rES/strings.xml	modified	app/src/main/res/values-es-rES/strings.xml	1334	3	txt
ac_cloud-media-center/app/src/main/res/values-fi-rFI/help_strings.xml	verbatim		1076	0	txt
ac_cloud-media-center/app/src/main/res/values-fi-rFI/strings.xml	modified	app/src/main/res/values-fi-rFI/strings.xml	1333	3	txt
ac_cloud-media-center/app/src/main/res/values-fr-rFR/help_strings.xml	verbatim		1076	0	txt
ac_cloud-media-center/app/src/main/res/values-fr-rFR/strings.xml	modified	app/src/main/res/values-fr-rFR/strings.xml	1334	2	txt
ac_cloud-media-center/app/src/main/res/values-ga-rIE/help_strings.xml	verbatim		1076	0	txt
ac_cloud-media-center/app/src/main/res/values-ga-rIE/strings.xml	modified	app/src/main/res/values-ga-rIE/strings.xml	1339	3	txt
ac_cloud-media-center/app/src/main/res/values-gl-rES/help_strings.xml	verbatim		1076	0	txt
ac_cloud-media-center/app/src/main/res/values-gl-rES/strings.xml	modified	app/src/main/res/values-gl-rES/strings.xml	1333	3	txt
ac_cloud-media-center/app/src/main/res/values-hi-rIN/help_strings.xml	verbatim		1076	0	txt
ac_cloud-media-center/app/src/main/res/values-hi-rIN/strings.xml	modified	app/src/main/res/values-hi-rIN/strings.xml	1333	3	txt
ac_cloud-media-center/app/src/main/res/values-hr-rHR/help_strings.xml	verbatim		1076	0	txt
ac_cloud-media-center/app/src/main/res/values-hr-rHR/strings.xml	modified	app/src/main/res/values-hr-rHR/strings.xml	1335	3	txt
ac_cloud-media-center/app/src/main/res/values-hu-rHU/help_strings.xml	verbatim		1076	0	txt
ac_cloud-media-center/app/src/main/res/values-hu-rHU/strings.xml	modified	app/src/main/res/values-hu-rHU/strings.xml	1333	3	txt
ac_cloud-media-center/app/src/main/res/values-in-rID/help_strings.xml	verbatim		1076	0	txt
ac_cloud-media-center/app/src/main/res/values-in-rID/strings.xml	modified	app/src/main/res/values-in-rID/strings.xml	1331	3	txt
ac_cloud-media-center/app/src/main/res/values-it-rIT/help_strings.xml	verbatim		1076	0	txt
ac_cloud-media-center/app/src/main/res/values-it-rIT/strings.xml	modified	app/src/main/res/values-it-rIT/strings.xml	1334	2	txt
ac_cloud-media-center/app/src/main/res/values-iw-rIL/help_strings.xml	verbatim		1076	0	txt
ac_cloud-media-center/app/src/main/res/values-iw-rIL/strings.xml	modified	app/src/main/res/values-iw-rIL/strings.xml	1337	3	txt
ac_cloud-media-center/app/src/main/res/values-ja-rJP/help_strings.xml	verbatim		1076	0	txt
ac_cloud-media-center/app/src/main/res/values-ja-rJP/strings.xml	modified	app/src/main/res/values-ja-rJP/strings.xml	1332	2	txt
ac_cloud-media-center/app/src/main/res/values-ko-rKR/help_strings.xml	verbatim		1076	0	txt
ac_cloud-media-center/app/src/main/res/values-ko-rKR/strings.xml	modified	app/src/main/res/values-ko-rKR/strings.xml	1331	3	txt
ac_cloud-media-center/app/src/main/res/values-lt-rLT/help_strings.xml	verbatim		1076	0	txt
ac_cloud-media-center/app/src/main/res/values-lt-rLT/strings.xml	modified	app/src/main/res/values-lt-rLT/strings.xml	1338	2	txt
ac_cloud-media-center/app/src/main/res/values-ne-rNP/help_strings.xml	verbatim		1076	0	txt
ac_cloud-media-center/app/src/main/res/values-ne-rNP/strings.xml	modified	app/src/main/res/values-ne-rNP/strings.xml	1333	3	txt
ac_cloud-media-center/app/src/main/res/values-night/colors.xml	verbatim		4	0	txt
ac_cloud-media-center/app/src/main/res/values-nl-rNL/help_strings.xml	verbatim		1076	0	txt
ac_cloud-media-center/app/src/main/res/values-nl-rNL/strings.xml	modified	app/src/main/res/values-nl-rNL/strings.xml	1333	3	txt
ac_cloud-media-center/app/src/main/res/values-nn-rNO/help_strings.xml	verbatim		1076	0	txt
ac_cloud-media-center/app/src/main/res/values-nn-rNO/strings.xml	modified	app/src/main/res/values-nn-rNO/strings.xml	1333	3	txt
ac_cloud-media-center/app/src/main/res/values-no-rNO/help_strings.xml	verbatim		1076	0	txt
ac_cloud-media-center/app/src/main/res/values-no-rNO/strings.xml	modified	app/src/main/res/values-no-rNO/strings.xml	1333	3	txt
ac_cloud-media-center/app/src/main/res/values-or-rIN/help_strings.xml	verbatim		1076	0	txt
ac_cloud-media-center/app/src/main/res/values-or-rIN/strings.xml	modified	app/src/main/res/values-or-rIN/strings.xml	1333	3	txt
ac_cloud-media-center/app/src/main/res/values-pa-rIN/help_strings.xml	verbatim		1076	0	txt
ac_cloud-media-center/app/src/main/res/values-pa-rIN/strings.xml	modified	app/src/main/res/values-pa-rIN/strings.xml	1333	3	txt
ac_cloud-media-center/app/src/main/res/values-pl-rPL/help_strings.xml	verbatim		1076	0	txt
ac_cloud-media-center/app/src/main/res/values-pl-rPL/strings.xml	modified	app/src/main/res/values-pl-rPL/strings.xml	1338	2	txt
ac_cloud-media-center/app/src/main/res/values-pt-rBR/help_strings.xml	verbatim		1076	0	txt
ac_cloud-media-center/app/src/main/res/values-pt-rBR/strings.xml	modified	app/src/main/res/values-pt-rBR/strings.xml	1333	3	txt
ac_cloud-media-center/app/src/main/res/values-pt-rPT/help_strings.xml	verbatim		1076	0	txt
ac_cloud-media-center/app/src/main/res/values-pt-rPT/strings.xml	modified	app/src/main/res/values-pt-rPT/strings.xml	1333	3	txt
ac_cloud-media-center/app/src/main/res/values-ro-rRO/help_strings.xml	verbatim		1076	0	txt
ac_cloud-media-center/app/src/main/res/values-ro-rRO/strings.xml	modified	app/src/main/res/values-ro-rRO/strings.xml	1335	3	txt
ac_cloud-media-center/app/src/main/res/values-ru-rBY/help_strings.xml	verbatim		1076	0	txt
ac_cloud-media-center/app/src/main/res/values-ru-rBY/strings.xml	modified	app/src/main/res/values-ru-rBY/strings.xml	1337	3	txt
ac_cloud-media-center/app/src/main/res/values-ru-rRU/help_strings.xml	verbatim		1076	0	txt
ac_cloud-media-center/app/src/main/res/values-ru-rRU/strings.xml	modified	app/src/main/res/values-ru-rRU/strings.xml	1338	2	txt
ac_cloud-media-center/app/src/main/res/values-sr-rSP/help_strings.xml	verbatim		1076	0	txt
ac_cloud-media-center/app/src/main/res/values-sr-rSP/strings.xml	modified	app/src/main/res/values-sr-rSP/strings.xml	1335	3	txt
ac_cloud-media-center/app/src/main/res/values-sv-rSE/help_strings.xml	verbatim		1076	0	txt
ac_cloud-media-center/app/src/main/res/values-sv-rSE/strings.xml	modified	app/src/main/res/values-sv-rSE/strings.xml	1333	3	txt
ac_cloud-media-center/app/src/main/res/values-tr-rTR/help_strings.xml	verbatim		1076	0	txt
ac_cloud-media-center/app/src/main/res/values-tr-rTR/strings.xml	modified	app/src/main/res/values-tr-rTR/strings.xml	1334	2	txt
ac_cloud-media-center/app/src/main/res/values-uk-rUA/help_strings.xml	verbatim		1076	0	txt
ac_cloud-media-center/app/src/main/res/values-uk-rUA/strings.xml	modified	app/src/main/res/values-uk-rUA/strings.xml	1338	2	txt
ac_cloud-media-center/app/src/main/res/values-vi-rVN/help_strings.xml	verbatim		1076	0	txt
ac_cloud-media-center/app/src/main/res/values-vi-rVN/strings.xml	modified	app/src/main/res/values-vi-rVN/strings.xml	1331	3	txt
ac_cloud-media-center/app/src/main/res/values-zh-rCN/help_strings.xml	verbatim		1076	0	txt
ac_cloud-media-center/app/src/main/res/values-zh-rCN/strings.xml	modified	app/src/main/res/values-zh-rCN/strings.xml	1332	2	txt
ac_cloud-media-center/app/src/main/res/values-zh-rTW/help_strings.xml	verbatim		1076	0	txt
ac_cloud-media-center/app/src/main/res/values-zh-rTW/strings.xml	modified	app/src/main/res/values-zh-rTW/strings.xml	1332	2	txt
ac_cloud-media-center/app/src/main/res/values/attrs.xml	verbatim		6	0	txt
ac_cloud-media-center/app/src/main/res/values/colors.xml	verbatim		4	0	txt
ac_cloud-media-center/app/src/main/res/values/help_strings.xml	modified	app/src/main/res/values/help_strings.xml	1193	8	txt
ac_cloud-media-center/app/src/main/res/values/ic_launcher_background.xml	modified	app/src/main/res/values/ic_launcher_background.xml	3	1	txt
ac_cloud-media-center/app/src/main/res/values/mapbox_access_token.xml	verbatim		4	0	txt
ac_cloud-media-center/app/src/main/res/values/strings.xml	modified	app/src/main/res/values/strings.xml	1819	48	txt
ac_cloud-media-center/app/src/main/res/values/themes.xml	verbatim		11	0	txt
ac_cloud-media-center/app/src/main/res/xml/backup_rules.xml	verbatim		13	0	txt
ac_cloud-media-center/app/src/main/res/xml/data_extraction_rules.xml	verbatim		19	0	txt
ac_cloud-media-center/app/src/main/res/xml/filepaths.xml	verbatim		5	0	txt
ac_cloud-media-center/app/src/main/res/xml/grid_media_widget_info.xml	modified	app/src/main/res/xml/grid_media_widget_info.xml	20	1	txt
ac_cloud-media-center/app/src/main/res/xml/network_security_config.xml	verbatim		11	0	txt
ac_cloud-media-center/app/src/main/res/xml/single_media_widget_info.xml	modified	app/src/main/res/xml/single_media_widget_info.xml	20	1	txt
ac_cloud-media-center/app/src/maps/kotlin/com/diegonmarcos/mediacenter/feature_node/presentation/location/GalleryCameraPosition.kt	modified	app/src/maps/kotlin/com/dot/gallery/feature_node/presentation/location/GalleryCameraPosition.kt	29	1	txt
ac_cloud-media-center/app/src/maps/kotlin/com/diegonmarcos/mediacenter/feature_node/presentation/location/GalleryMapState.kt	modified	app/src/maps/kotlin/com/dot/gallery/feature_node/presentation/location/GalleryMapState.kt	354	1	txt
ac_cloud-media-center/app/src/maps/kotlin/com/diegonmarcos/mediacenter/feature_node/presentation/location/GalleryMapView.kt	modified	app/src/maps/kotlin/com/dot/gallery/feature_node/presentation/location/GalleryMapView.kt	116	1	txt
ac_cloud-media-center/app/src/maps/kotlin/com/diegonmarcos/mediacenter/feature_node/presentation/location/MapClusterSheet.kt	modified	app/src/maps/kotlin/com/dot/gallery/feature_node/presentation/location/MapClusterSheet.kt	74	5	txt
ac_cloud-media-center/app/src/maps/kotlin/com/diegonmarcos/mediacenter/feature_node/presentation/location/MapLocationsContent.kt	modified	app/src/maps/kotlin/com/dot/gallery/feature_node/presentation/location/MapLocationsContent.kt	735	18	txt
ac_cloud-media-center/app/src/maps/kotlin/com/diegonmarcos/mediacenter/feature_node/presentation/location/MapMarkerIconFactory.kt	modified	app/src/maps/kotlin/com/dot/gallery/feature_node/presentation/location/MapMarkerIconFactory.kt	103	4	txt
ac_cloud-media-center/app/src/maps/kotlin/com/diegonmarcos/mediacenter/feature_node/presentation/location/MapPhotoClusterer.kt	modified	app/src/maps/kotlin/com/dot/gallery/feature_node/presentation/location/MapPhotoClusterer.kt	207	1	txt
ac_cloud-media-center/app/src/maps/kotlin/com/diegonmarcos/mediacenter/feature_node/presentation/location/MapToolbar.kt	modified	app/src/maps/kotlin/com/dot/gallery/feature_node/presentation/location/MapToolbar.kt	82	2	txt
ac_cloud-media-center/app/src/netfs/kotlin/com/diegonmarcos/mediacenter/cloud/netfs/FileSystemBackend.kt	modified	app/src/netfs/kotlin/com/dot/gallery/cloud/netfs/FileSystemBackend.kt	60	3	txt
ac_cloud-media-center/app/src/netfs/kotlin/com/diegonmarcos/mediacenter/cloud/netfs/NetFsThumbnailer.kt	modified	app/src/netfs/kotlin/com/dot/gallery/cloud/netfs/NetFsThumbnailer.kt	108	3	txt
ac_cloud-media-center/app/src/netfs/kotlin/com/diegonmarcos/mediacenter/cloud/netfs/NetworkFileSystemProvider.kt	modified	app/src/netfs/kotlin/com/dot/gallery/cloud/netfs/NetworkFileSystemProvider.kt	578	25	txt
ac_cloud-media-center/app/src/netfs/kotlin/com/diegonmarcos/mediacenter/cloud/netfs/bridge/NetFsLoopbackServer.kt	modified	app/src/netfs/kotlin/com/dot/gallery/cloud/netfs/bridge/NetFsLoopbackServer.kt	172	6	txt
ac_cloud-media-center/app/src/nextcloud/kotlin/com/diegonmarcos/mediacenter/cloud/nextcloud/NextcloudDialect.kt	modified	app/src/nextcloud/kotlin/com/dot/gallery/cloud/nextcloud/NextcloudDialect.kt	29	6	txt
ac_cloud-media-center/app/src/nextcloud/kotlin/com/diegonmarcos/mediacenter/cloud/nextcloud/di/NextcloudModule.kt	modified	app/src/nextcloud/kotlin/com/dot/gallery/cloud/nextcloud/di/NextcloudModule.kt	27	7	txt
ac_cloud-media-center/app/src/nfs/kotlin/com/diegonmarcos/mediacenter/cloud/nfs/NfsBackend.kt	modified	app/src/nfs/kotlin/com/dot/gallery/cloud/nfs/NfsBackend.kt	102	7	txt
ac_cloud-media-center/app/src/nfs/kotlin/com/diegonmarcos/mediacenter/cloud/nfs/di/NfsModule.kt	modified	app/src/nfs/kotlin/com/dot/gallery/cloud/nfs/di/NfsModule.kt	27	7	txt
ac_cloud-media-center/app/src/nocloud/kotlin/com/diegonmarcos/mediacenter/cloud/util/CloudMediaDownloader.kt	modified	app/src/cloud/kotlin/com/dot/gallery/cloud/util/CloudMediaDownloader.kt	4	3	txt
ac_cloud-media-center/app/src/nogenericwebdav/kotlin/com/diegonmarcos/mediacenter/cloud/genericwebdav/di/WebDavModule.kt	modified	app/src/genericwebdav/kotlin/com/dot/gallery/cloud/genericwebdav/di/WebDavModule.kt	9	2	txt
ac_cloud-media-center/app/src/noimmich/kotlin/com/diegonmarcos/mediacenter/cloud/immich/di/ImmichModule.kt	modified	app/src/immich/kotlin/com/dot/gallery/cloud/immich/di/ImmichModule.kt	9	2	txt
ac_cloud-media-center/app/src/nonextcloud/kotlin/com/diegonmarcos/mediacenter/cloud/nextcloud/di/NextcloudModule.kt	modified	app/src/nextcloud/kotlin/com/dot/gallery/cloud/nextcloud/di/NextcloudModule.kt	9	2	txt
ac_cloud-media-center/app/src/nonfs/kotlin/com/diegonmarcos/mediacenter/cloud/nfs/di/NfsModule.kt	modified	app/src/nfs/kotlin/com/dot/gallery/cloud/nfs/di/NfsModule.kt	9	2	txt
ac_cloud-media-center/app/src/noowncloud/kotlin/com/diegonmarcos/mediacenter/cloud/owncloud/di/OwnCloudModule.kt	modified	app/src/noowncloud/kotlin/com/dot/gallery/cloud/owncloud/di/OwnCloudModule.kt	10	1	txt
ac_cloud-media-center/app/src/nosmb/kotlin/com/diegonmarcos/mediacenter/cloud/smb/di/SmbModule.kt	modified	app/src/nosmb/kotlin/com/dot/gallery/cloud/smb/di/SmbModule.kt	10	1	txt
ac_cloud-media-center/app/src/offline/kotlin/com/diegonmarcos/mediacenter/feature_node/presentation/location/MapLocationsContent.kt	modified	app/src/maps/kotlin/com/dot/gallery/feature_node/presentation/location/MapLocationsContent.kt	14	6	txt
ac_cloud-media-center/app/src/owncloud/kotlin/com/diegonmarcos/mediacenter/cloud/owncloud/OwnCloudDialect.kt	modified	app/src/owncloud/kotlin/com/dot/gallery/cloud/owncloud/OwnCloudDialect.kt	37	5	txt
ac_cloud-media-center/app/src/owncloud/kotlin/com/diegonmarcos/mediacenter/cloud/owncloud/di/OwnCloudModule.kt	modified	app/src/noowncloud/kotlin/com/dot/gallery/cloud/owncloud/di/OwnCloudModule.kt	9	25	txt
ac_cloud-media-center/app/src/release/generated/baselineProfiles/baseline-prof.txt	modified	app/src/release/generated/baselineProfiles/baseline-prof.txt	20005	1769	txt
ac_cloud-media-center/app/src/release/generated/baselineProfiles/startup-prof.txt	verbatim		0	0	txt
ac_cloud-media-center/app/src/smb/kotlin/com/diegonmarcos/mediacenter/cloud/smb/SmbBackend.kt	modified	app/src/smb/kotlin/com/dot/gallery/cloud/smb/SmbBackend.kt	167	8	txt
ac_cloud-media-center/app/src/smb/kotlin/com/diegonmarcos/mediacenter/cloud/smb/di/SmbModule.kt	modified	app/src/nosmb/kotlin/com/dot/gallery/cloud/smb/di/SmbModule.kt	9	25	txt
ac_cloud-media-center/app/src/test/java/com/diegonmarcos/mediacenter/DefaultEventHandlerTest.kt	modified	app/src/test/java/com/dot/gallery/DefaultEventHandlerTest.kt	54	4	txt
ac_cloud-media-center/app/src/test/java/com/diegonmarcos/mediacenter/ExampleUnitTest.kt	modified	app/src/test/java/com/dot/gallery/ExampleUnitTest.kt	13	1	txt
ac_cloud-media-center/app/src/test/java/com/diegonmarcos/mediacenter/ImageFormatSnifferTest.kt	modified	app/src/test/java/com/dot/gallery/ImageFormatSnifferTest.kt	70	2	txt
ac_cloud-media-center/app/src/test/java/com/diegonmarcos/mediacenter/ParseTimestampFromFilenameTest.kt	modified	app/src/test/java/com/dot/gallery/ParseTimestampFromFilenameTest.kt	39	2	txt
ac_cloud-media-center/app/src/test/java/com/diegonmarcos/mediacenter/cloud/CloudMediaIdTest.kt	modified	app/src/test/java/com/dot/gallery/cloud/CloudMediaIdTest.kt	80	4	txt
ac_cloud-media-center/app/src/test/java/com/diegonmarcos/mediacenter/cloud/CloudUriTest.kt	modified	app/src/test/java/com/dot/gallery/cloud/CloudUriTest.kt	105	3	txt
ac_cloud-media-center/app/src/test/java/com/diegonmarcos/mediacenter/decoder/RawDevelopParamsTest.kt	modified	app/src/test/java/com/dot/gallery/decoder/RawDevelopParamsTest.kt	123	7	txt
ac_cloud-media-center/app/src/test/java/com/diegonmarcos/mediacenter/feature_node/data/data_source/contentindex/FolderContentIndexerTest.kt	new		0	210	txt
ac_cloud-media-center/app/src/test/java/com/diegonmarcos/mediacenter/feature_node/presentation/albums/components/AlbumThumbnailPresentationTest.kt	modified	app/src/test/java/com/dot/gallery/feature_node/presentation/albums/components/AlbumThumbnailPresentationTest.kt	18	1	txt
ac_cloud-media-center/app/src/test/java/com/diegonmarcos/mediacenter/feature_node/presentation/common/components/MosaicGridBoundsTest.kt	modified	app/src/test/java/com/dot/gallery/feature_node/presentation/common/components/MosaicGridBoundsTest.kt	22	1	txt
ac_cloud-media-center/app/src/test/java/com/diegonmarcos/mediacenter/feature_node/presentation/mediaview/MediaViewerVisualPolicyTest.kt	modified	app/src/test/java/com/dot/gallery/feature_node/presentation/mediaview/MediaViewerVisualPolicyTest.kt	17	1	txt
ac_cloud-media-center/app/src/test/java/com/diegonmarcos/mediacenter/feature_node/presentation/mediaview/slideshow/SlideshowPlaylistTest.kt	modified	app/src/test/java/com/dot/gallery/feature_node/presentation/mediaview/slideshow/SlideshowPlaylistTest.kt	111	3	txt
ac_cloud-media-center/app/src/test/java/com/diegonmarcos/mediacenter/feature_node/presentation/scan/ScanOutcomeReducerTest.kt	new		0	83	txt
ac_cloud-media-center/app/src/test/java/com/diegonmarcos/mediacenter/location/MapAppearanceTest.kt	modified	app/src/test/java/com/dot/gallery/location/MapAppearanceTest.kt	27	3	txt
ac_cloud-media-center/app/src/test/java/com/diegonmarcos/mediacenter/location/MapPhotoClustererTest.kt	modified	app/src/test/java/com/dot/gallery/location/MapPhotoClustererTest.kt	99	4	txt
ac_cloud-media-center/app/src/test/java/com/diegonmarcos/mediacenter/location/StaticMapURLTest.kt	modified	app/src/test/java/com/dot/gallery/location/StaticMapURLTest.kt	27	3	txt
ac_cloud-media-center/app/src/test/java/com/diegonmarcos/mediacenter/metadata/BoxMetadataRewriterTest.kt	modified	app/src/test/java/com/dot/gallery/metadata/BoxMetadataRewriterTest.kt	50	2	txt
ac_cloud-media-center/app/src/test/java/com/diegonmarcos/mediacenter/metadata/LosslessMetadataRewriterTest.kt	modified	app/src/test/java/com/dot/gallery/metadata/LosslessMetadataRewriterTest.kt	128	6	txt
ac_cloud-media-center/app/src/test/java/com/diegonmarcos/mediacenter/metadata/MediaFormatDetectorTest.kt	modified	app/src/test/java/com/dot/gallery/metadata/MediaFormatDetectorTest.kt	40	3	txt
ac_cloud-media-center/app/src/test/java/com/diegonmarcos/mediacenter/metadata/MetadataCapabilitiesTest.kt	modified	app/src/test/java/com/dot/gallery/metadata/MetadataCapabilitiesTest.kt	25	4	txt
ac_cloud-media-center/app/src/test/java/com/diegonmarcos/mediacenter/metadata/MetadataPolicyTest.kt	modified	app/src/test/java/com/dot/gallery/metadata/MetadataPolicyTest.kt	29	4	txt
ac_cloud-media-center/app/src/webdav/kotlin/com/diegonmarcos/mediacenter/cloud/webdav/OcsWebDavDialect.kt	modified	app/src/webdav/kotlin/com/dot/gallery/cloud/webdav/OcsWebDavDialect.kt	126	4	txt
ac_cloud-media-center/app/src/webdav/kotlin/com/diegonmarcos/mediacenter/cloud/webdav/WebDavDialect.kt	modified	app/src/webdav/kotlin/com/dot/gallery/cloud/webdav/WebDavDialect.kt	82	6	txt
ac_cloud-media-center/app/src/webdav/kotlin/com/diegonmarcos/mediacenter/cloud/webdav/WebDavMediaProvider.kt	modified	app/src/webdav/kotlin/com/dot/gallery/cloud/webdav/WebDavMediaProvider.kt	561	25	txt
ac_cloud-media-center/app/src/webdav/kotlin/com/diegonmarcos/mediacenter/cloud/webdav/WebDavSession.kt	modified	app/src/webdav/kotlin/com/dot/gallery/cloud/webdav/WebDavSession.kt	26	4	txt
ac_cloud-media-center/app/src/webdav/kotlin/com/diegonmarcos/mediacenter/cloud/webdav/data/api/OcsApiClient.kt	modified	app/src/webdav/kotlin/com/dot/gallery/cloud/webdav/data/api/OcsApiClient.kt	144	1	txt
ac_cloud-media-center/app/src/webdav/kotlin/com/diegonmarcos/mediacenter/cloud/webdav/data/api/WebDavClient.kt	modified	app/src/webdav/kotlin/com/dot/gallery/cloud/webdav/data/api/WebDavClient.kt	239	2	txt
ac_cloud-media-center/baselineprofile/.gitignore	verbatim		1	0	txt
ac_cloud-media-center/baselineprofile/build.gradle.kts	modified	baselineprofile/build.gradle.kts	72	1	txt
ac_cloud-media-center/baselineprofile/src/main/AndroidManifest.xml	verbatim		1	0	txt
ac_cloud-media-center/baselineprofile/src/main/java/com/diegonmarcos/mediacenter/baselineprofile/BaselineProfileGenerator.kt	modified	baselineprofile/src/main/java/com/dot/baselineprofile/BaselineProfileGenerator.kt	51	2	txt
ac_cloud-media-center/baselineprofile/src/main/java/com/diegonmarcos/mediacenter/baselineprofile/StartupBenchmarks.kt	modified	baselineprofile/src/main/java/com/dot/baselineprofile/StartupBenchmarks.kt	62	2	txt
ac_cloud-media-center/build.gradle.kts	verbatim		12	0	txt
ac_cloud-media-center/build.json	new		0	155	txt
ac_cloud-media-center/build.sh	new		0	1160	txt
ac_cloud-media-center/commonMain/androidx/compose/foundation/layout/Grid.kt	verbatim		1987	0	txt
ac_cloud-media-center/crowdin.yml	verbatim		5	0	txt
ac_cloud-media-center/data/media-profiles.json	new		0	78	txt
ac_cloud-media-center/debug-api.json	new		0	14	txt
ac_cloud-media-center/docs/adr/0001-mlkit-subject-segmentation-cutout.md	verbatim		20	0	txt
ac_cloud-media-center/docs/adr/0002-two-pass-cutout-mobilesam-birefnet.md	verbatim		23	0	txt
ac_cloud-media-center/docs/adr/0003-single-pass-cutout-mobilesam-refinement.md	verbatim		25	0	txt
ac_cloud-media-center/docs/adr/0004-cutout-ux-polish.md	verbatim		22	0	txt
ac_cloud-media-center/fastlane/metadata/android/en-US/changelogs/10216.txt	verbatim		10	0	txt
ac_cloud-media-center/fastlane/metadata/android/en-US/changelogs/20111.txt	verbatim		11	0	txt
ac_cloud-media-center/fastlane/metadata/android/en-US/changelogs/21000.txt	verbatim		24	0	txt
ac_cloud-media-center/fastlane/metadata/android/en-US/changelogs/21009.txt	verbatim		10	0	txt
ac_cloud-media-center/fastlane/metadata/android/en-US/changelogs/30033.txt	verbatim		26	0	txt
ac_cloud-media-center/fastlane/metadata/android/en-US/changelogs/40070.txt	verbatim		36	0	txt
ac_cloud-media-center/fastlane/metadata/android/en-US/changelogs/41002.txt	verbatim		31	0	txt
ac_cloud-media-center/fastlane/metadata/android/en-US/changelogs/41106.txt	verbatim		16	0	txt
ac_cloud-media-center/fastlane/metadata/android/en-US/changelogs/41203.txt	verbatim		9	0	txt
ac_cloud-media-center/fastlane/metadata/android/en-US/changelogs/41301.txt	verbatim		9	0	txt
ac_cloud-media-center/fastlane/metadata/android/en-US/changelogs/42001.txt	verbatim		21	0	txt
ac_cloud-media-center/fastlane/metadata/android/en-US/changelogs/42101.txt	verbatim		11	0	txt
ac_cloud-media-center/fastlane/metadata/android/en-US/changelogs/42201.txt	verbatim		19	0	txt
ac_cloud-media-center/fastlane/metadata/android/en-US/changelogs/42301.txt	verbatim		17	0	txt
ac_cloud-media-center/fastlane/metadata/android/en-US/changelogs/43001.txt	verbatim		16	0	txt
ac_cloud-media-center/fastlane/metadata/android/en-US/changelogs/50004.txt	verbatim		22	0	txt
ac_cloud-media-center/fastlane/metadata/android/en-US/changelogs/50101.txt	verbatim		27	0	txt
ac_cloud-media-center/fastlane/metadata/android/en-US/changelogs/50201.txt	verbatim		12	0	txt
ac_cloud-media-center/fastlane/metadata/android/en-US/changelogs/50303.txt	verbatim		18	0	txt
ac_cloud-media-center/fastlane/metadata/android/en-US/changelogs/51006.txt	verbatim		10	0	txt
ac_cloud-media-center/fastlane/metadata/android/en-US/full_description.txt	modified	fastlane/metadata/android/en-US/full_description.txt	65	0	txt
ac_cloud-media-center/fastlane/metadata/android/en-US/images/featureGraphic.png	verbatim		0	0	bin
ac_cloud-media-center/fastlane/metadata/android/en-US/images/icon.png	verbatim		0	0	bin
ac_cloud-media-center/fastlane/metadata/android/en-US/images/phoneScreenshots/1.png	verbatim		0	0	bin
ac_cloud-media-center/fastlane/metadata/android/en-US/images/phoneScreenshots/10.png	verbatim		0	0	bin
ac_cloud-media-center/fastlane/metadata/android/en-US/images/phoneScreenshots/2.png	verbatim		0	0	bin
ac_cloud-media-center/fastlane/metadata/android/en-US/images/phoneScreenshots/3.png	verbatim		0	0	bin
ac_cloud-media-center/fastlane/metadata/android/en-US/images/phoneScreenshots/4.png	verbatim		0	0	bin
ac_cloud-media-center/fastlane/metadata/android/en-US/images/phoneScreenshots/5.png	verbatim		0	0	bin
ac_cloud-media-center/fastlane/metadata/android/en-US/images/phoneScreenshots/6.png	verbatim		0	0	bin
ac_cloud-media-center/fastlane/metadata/android/en-US/images/phoneScreenshots/7.png	verbatim		0	0	bin
ac_cloud-media-center/fastlane/metadata/android/en-US/images/phoneScreenshots/8.png	verbatim		0	0	bin
ac_cloud-media-center/fastlane/metadata/android/en-US/images/phoneScreenshots/9.png	verbatim		0	0	bin
ac_cloud-media-center/fastlane/metadata/android/en-US/short_description.txt	verbatim		1	0	txt
ac_cloud-media-center/flake.nix	new		0	76	txt
ac_cloud-media-center/gradle.properties	verbatim		26	0	txt
ac_cloud-media-center/gradle/gradle-daemon-jvm.properties	verbatim		13	0	txt
ac_cloud-media-center/gradle/libs.versions.toml	verbatim		195	0	txt
ac_cloud-media-center/gradle/wrapper/gradle-wrapper.jar	verbatim		0	0	bin
ac_cloud-media-center/gradle/wrapper/gradle-wrapper.properties	verbatim		9	0	txt
ac_cloud-media-center/gradlew	verbatim		224	0	txt
ac_cloud-media-center/gradlew.bat	modified	gradlew.bat	73	0	txt
ac_cloud-media-center/ml-models/README.md	verbatim		84	0	txt
ac_cloud-media-center/ml-models/build.gradle.kts	verbatim		251	0	txt
ac_cloud-media-center/patches/.gitkeep	verbatim		0	0	txt
ac_cloud-media-center/patches/0001-applicationId-rename.patch	new		0	54	txt
ac_cloud-media-center/patches/README.md	new		0	17	txt
ac_cloud-media-center/plugins/gradle-manifest-config-plugin/build.gradle.kts	verbatim		14	0	txt
ac_cloud-media-center/plugins/gradle-manifest-config-plugin/src/main/kotlin/ManifestConfigExtension.kt	verbatim		23	0	txt
ac_cloud-media-center/plugins/gradle-manifest-config-plugin/src/main/kotlin/ManifestConfigPlugin.kt	verbatim		44	0	txt
ac_cloud-media-center/plugins/gradle-manifest-config-plugin/src/main/kotlin/StripPermissionsTask.kt	verbatim		36	0	txt
ac_cloud-media-center/plugins/gradle-versioning-plugin/build.gradle.kts	verbatim		14	0	txt
ac_cloud-media-center/plugins/gradle-versioning-plugin/src/main/kotlin/ApkVersioningExtension.kt	verbatim		53	0	txt
ac_cloud-media-center/plugins/gradle-versioning-plugin/src/main/kotlin/ApkVersioningPlugin.kt	verbatim		86	0	txt
ac_cloud-media-center/plugins/gradle-versioning-plugin/src/main/kotlin/RenameApkTask.kt	verbatim		24	0	txt
ac_cloud-media-center/plugins/settings.gradle.kts	verbatim		14	0	txt
ac_cloud-media-center/renovate.json	verbatim		6	0	txt
ac_cloud-media-center/screenshots/items/community_banner.png	verbatim		0	0	bin
ac_cloud-media-center/screenshots/items/get-it-on-github.png	verbatim		0	0	bin
ac_cloud-media-center/screenshots/items/support_banner.png	verbatim		0	0	bin
ac_cloud-media-center/screenshots/preview.png	verbatim		0	0	bin
ac_cloud-media-center/scripts/adb-reinstall.sh	modified	scripts/adb-reinstall.sh	15	2	txt
ac_cloud-media-center/scripts/analysis/extract-frames.sh	verbatim		65	0	txt
ac_cloud-media-center/scripts/native/build-heif-encode.sh	verbatim		157	0	txt
ac_cloud-media-center/scripts/native/build-heif.sh	verbatim		147	0	txt
ac_cloud-media-center/scripts/native/build-imgcodec.sh	verbatim		148	0	txt
ac_cloud-media-center/scripts/native/build-libraw.sh	verbatim		193	0	txt
ac_cloud-media-center/scripts/signing/generate-pqc-keys.sh	verbatim		58	0	txt
ac_cloud-media-center/scripts/signing/pqc-hybrid-sign.sh	verbatim		57	0	txt
ac_cloud-media-center/settings.gradle.kts	modified	settings.gradle.kts	30	36	txt
ac_cloud-media-center/ship.yaml	new		0	351	txt
ac_cloud-media-center/stability_config.conf	verbatim		2	0	txt
