path	class	upstream_counterpart	lines_derived	lines_new	kind
ac_cloud-notes/.cargo/config.toml	verbatim		25	0	txt
ac_cloud-notes/.codesandbox/task.json	verbatim		19	0	txt
ac_cloud-notes/.devcontainer/build.sh	verbatim		8	0	txt
ac_cloud-notes/.devcontainer/devcontainer.json	verbatim		25	0	txt
ac_cloud-notes/.devcontainer/docker-compose.yml	verbatim		26	0	txt
ac_cloud-notes/.devcontainer/setup-user.sh	verbatim		6	0	txt
ac_cloud-notes/.docker/dev/.gitignore	verbatim		6	0	txt
ac_cloud-notes/.docker/dev/README.md	verbatim		14	0	txt
ac_cloud-notes/.docker/dev/certs/.gitkeep	verbatim		0	0	txt
ac_cloud-notes/.docker/dev/compose.yml.example	verbatim		76	0	txt
ac_cloud-notes/.docker/dev/nginx/nginx.conf	verbatim		23	0	txt
ac_cloud-notes/.docker/dev/templates/nginx.conf	verbatim		24	0	txt
ac_cloud-notes/.docker/dev/templates/openssl.conf	verbatim		22	0	txt
ac_cloud-notes/.docker/selfhost/.gitignore	verbatim		1	0	txt
ac_cloud-notes/.docker/selfhost/compose.yml	verbatim		63	0	txt
ac_cloud-notes/.docker/selfhost/config.example.json	verbatim		10	0	txt
ac_cloud-notes/.docker/selfhost/config.json.example	verbatim		18	0	txt
ac_cloud-notes/.docker/selfhost/schema.json	verbatim		1534	0	txt
ac_cloud-notes/.dockerignore	verbatim		21	0	txt
ac_cloud-notes/.editorconfig	verbatim		13	0	txt
ac_cloud-notes/.gitattributes	verbatim		19	0	txt
ac_cloud-notes/.github/CLA.md	verbatim		22	0	txt
ac_cloud-notes/.github/CODEOWNERS	verbatim		2	0	txt
ac_cloud-notes/.github/FUNDING.yml	verbatim		1	0	txt
ac_cloud-notes/.github/ISSUE_TEMPLATE/BUG-REPORT.yml	verbatim		84	0	txt
ac_cloud-notes/.github/ISSUE_TEMPLATE/FEATURE-REQUEST.yml	verbatim		44	0	txt
ac_cloud-notes/.github/ISSUE_TEMPLATE/config.yml	verbatim		8	0	txt
ac_cloud-notes/.github/PULL_REQUEST_TEMPLATE.md	verbatim		15	0	txt
ac_cloud-notes/.github/actionlint.yaml	verbatim		18	0	txt
ac_cloud-notes/.github/actions/build-rust/action.yml	verbatim		100	0	txt
ac_cloud-notes/.github/actions/cluster-auth/action.yml	verbatim		33	0	txt
ac_cloud-notes/.github/actions/copilot-test/action.yml	verbatim		23	0	txt
ac_cloud-notes/.github/actions/deploy/action.yml	verbatim		33	0	txt
ac_cloud-notes/.github/actions/deploy/deploy.mjs	verbatim		161	0	txt
ac_cloud-notes/.github/actions/download-web/action.yml	verbatim		20	0	txt
ac_cloud-notes/.github/actions/prepare-release/action.yml	verbatim		41	0	txt
ac_cloud-notes/.github/actions/server-test-env/action.yml	verbatim		53	0	txt
ac_cloud-notes/.github/actions/setup-node/action.yml	verbatim		193	0	txt
ac_cloud-notes/.github/actions/setup-sentry/action.yml	verbatim		13	0	txt
ac_cloud-notes/.github/actions/setup-version/action.yml	verbatim		17	0	txt
ac_cloud-notes/.github/auto_assign.yml	verbatim		7	0	txt
ac_cloud-notes/.github/deployment/node/Dockerfile	verbatim		25	0	txt
ac_cloud-notes/.github/helm/affine/.helmignore	verbatim		23	0	txt
ac_cloud-notes/.github/helm/affine/Chart.yaml	verbatim		6	0	txt
ac_cloud-notes/.github/helm/affine/charts/front/Chart.yaml	verbatim		11	0	txt
ac_cloud-notes/.github/helm/affine/charts/front/templates/NOTES.txt	verbatim		16	0	txt
ac_cloud-notes/.github/helm/affine/charts/front/templates/_helpers.tpl	verbatim		58	0	txt
ac_cloud-notes/.github/helm/affine/charts/front/templates/deployment.yaml	verbatim		150	0	txt
ac_cloud-notes/.github/helm/affine/charts/front/templates/service-renderer.yaml	verbatim		19	0	txt
ac_cloud-notes/.github/helm/affine/charts/front/templates/service-sync.yaml	verbatim		21	0	txt
ac_cloud-notes/.github/helm/affine/charts/front/templates/service-web.yaml	verbatim		19	0	txt
ac_cloud-notes/.github/helm/affine/charts/front/templates/serviceaccount.yaml	verbatim		12	0	txt
ac_cloud-notes/.github/helm/affine/charts/front/templates/tests/test-connection.yaml	verbatim		15	0	txt
ac_cloud-notes/.github/helm/affine/charts/front/values.yaml	verbatim		66	0	txt
ac_cloud-notes/.github/helm/affine/charts/gcloud-sql-proxy/.helmignore	verbatim		23	0	txt
ac_cloud-notes/.github/helm/affine/charts/gcloud-sql-proxy/Chart.yaml	verbatim		6	0	txt
ac_cloud-notes/.github/helm/affine/charts/gcloud-sql-proxy/templates/NOTES.txt	verbatim		18	0	txt
ac_cloud-notes/.github/helm/affine/charts/gcloud-sql-proxy/templates/_helpers.tpl	verbatim		57	0	txt
ac_cloud-notes/.github/helm/affine/charts/gcloud-sql-proxy/templates/deployment.yaml	verbatim		132	0	txt
ac_cloud-notes/.github/helm/affine/charts/gcloud-sql-proxy/templates/service.yaml	verbatim		21	0	txt
ac_cloud-notes/.github/helm/affine/charts/gcloud-sql-proxy/templates/serviceaccount.yaml	verbatim		15	0	txt
ac_cloud-notes/.github/helm/affine/charts/gcloud-sql-proxy/templates/tests/test-connection.yaml	verbatim		17	0	txt
ac_cloud-notes/.github/helm/affine/charts/gcloud-sql-proxy/values.yaml	verbatim		37	0	txt
ac_cloud-notes/.github/helm/affine/charts/graphql/Chart.yaml	verbatim		11	0	txt
ac_cloud-notes/.github/helm/affine/charts/graphql/templates/NOTES.txt	verbatim		16	0	txt
ac_cloud-notes/.github/helm/affine/charts/graphql/templates/_helpers.tpl	verbatim		58	0	txt
ac_cloud-notes/.github/helm/affine/charts/graphql/templates/deployment.yaml	verbatim		146	0	txt
ac_cloud-notes/.github/helm/affine/charts/graphql/templates/migration.yaml	verbatim		76	0	txt
ac_cloud-notes/.github/helm/affine/charts/graphql/templates/secret.yaml	verbatim		16	0	txt
ac_cloud-notes/.github/helm/affine/charts/graphql/templates/service.yaml	verbatim		19	0	txt
ac_cloud-notes/.github/helm/affine/charts/graphql/templates/serviceaccount.yaml	verbatim		12	0	txt
ac_cloud-notes/.github/helm/affine/charts/graphql/templates/tests/test-connection.yaml	verbatim		15	0	txt
ac_cloud-notes/.github/helm/affine/charts/graphql/values.yaml	verbatim		42	0	txt
ac_cloud-notes/.github/helm/affine/templates/_helpers.tpl	verbatim		63	0	txt
ac_cloud-notes/.github/helm/affine/templates/backend-config.yaml	verbatim		32	0	txt
ac_cloud-notes/.github/helm/affine/templates/configmap.yaml	verbatim		9	0	txt
ac_cloud-notes/.github/helm/affine/templates/indexer-secret.yaml	verbatim		11	0	txt
ac_cloud-notes/.github/helm/affine/templates/ingress.yaml	verbatim		79	0	txt
ac_cloud-notes/.github/helm/affine/templates/monitoring.yaml	verbatim		13	0	txt
ac_cloud-notes/.github/helm/affine/templates/pg-secret.yaml	verbatim		9	0	txt
ac_cloud-notes/.github/helm/affine/templates/redis-secret.yaml	verbatim		9	0	txt
ac_cloud-notes/.github/helm/affine/templates/worker-deployment.yaml	verbatim		149	0	txt
ac_cloud-notes/.github/helm/affine/templates/worker-serviceaccount.yaml	verbatim		14	0	txt
ac_cloud-notes/.github/helm/affine/values.yaml	verbatim		114	0	txt
ac_cloud-notes/.github/helm/releaser.yaml	verbatim		2	0	txt
ac_cloud-notes/.github/helm/separate-config/Dockerfile_pgvector	verbatim		4	0	txt
ac_cloud-notes/.github/labeler.yml	verbatim		71	0	txt
ac_cloud-notes/.github/renovate.json	verbatim		91	0	txt
ac_cloud-notes/.github/workflows/auto-labeler.yml	verbatim		16	0	txt
ac_cloud-notes/.github/workflows/build-images.yml	verbatim		255	0	txt
ac_cloud-notes/.github/workflows/build-test.yml	verbatim		1567	0	txt
ac_cloud-notes/.github/workflows/copilot-test-automatically.yml	verbatim		26	0	txt
ac_cloud-notes/.github/workflows/copilot-test.yml	verbatim		186	0	txt
ac_cloud-notes/.github/workflows/pr-title-lint.yml	verbatim		29	0	txt
ac_cloud-notes/.github/workflows/release-cloud.yml	verbatim		62	0	txt
ac_cloud-notes/.github/workflows/release-desktop-platform.yml	verbatim		202	0	txt
ac_cloud-notes/.github/workflows/release-desktop.yml	verbatim		394	0	txt
ac_cloud-notes/.github/workflows/release-mobile.yml	verbatim		222	0	txt
ac_cloud-notes/.github/workflows/release.yml	verbatim		192	0	txt
ac_cloud-notes/.gitignore	verbatim		87	0	txt
ac_cloud-notes/.husky/pre-commit	verbatim		1	0	txt
ac_cloud-notes/.npmrc	verbatim		3	0	txt
ac_cloud-notes/.nvmrc	verbatim		1	0	txt
ac_cloud-notes/.oxfmtrc.json	verbatim		10	0	txt
ac_cloud-notes/.oxlintrc.json	verbatim		495	0	txt
ac_cloud-notes/.prettierignore	verbatim		44	0	txt
ac_cloud-notes/.render/Dockerfile	verbatim		5	0	txt
ac_cloud-notes/.render/start.sh	verbatim		9	0	txt
ac_cloud-notes/.taplo.toml	verbatim		11	0	txt
ac_cloud-notes/.vscode/extensions.json	verbatim		8	0	txt
ac_cloud-notes/.vscode/launch.template.json	verbatim		35	0	txt
ac_cloud-notes/.vscode/settings.template.json	verbatim		39	0	txt
ac_cloud-notes/.yarn/patches/@atlaskit-pragmatic-drag-and-drop-npm-1.4.0-75c45f52d3.patch	verbatim		18	0	txt
ac_cloud-notes/.yarn/patches/@magic-works-i18n-codegen-virtual-25e53a17d6.patch	verbatim		26	0	txt
ac_cloud-notes/.yarn/patches/@nestjs-testing-npm-11.1.18-32c0f6af12.patch	verbatim		36	0	txt
ac_cloud-notes/.yarn/patches/decode-named-character-reference-npm-1.0.2-db17a755fd.patch	verbatim		13	0	txt
ac_cloud-notes/.yarn/patches/tinykeys-npm-2.1.0-819feeaed0.patch	verbatim		54	0	txt
ac_cloud-notes/.yarn/patches/yjs-npm-13.6.21-c9f1f3397c.patch	verbatim		31	0	txt
ac_cloud-notes/.yarn/releases/yarn-4.18.0.cjs	verbatim		892	0	txt
ac_cloud-notes/.yarnrc.yml	verbatim		12	0	txt
ac_cloud-notes/Cargo.lock	modified	Cargo.lock	5461	612	txt
ac_cloud-notes/Cargo.toml	modified	Cargo.toml	129	7	txt
ac_cloud-notes/LICENSE	verbatim		20	0	txt
ac_cloud-notes/LICENSE-MIT	verbatim		17	0	txt
ac_cloud-notes/blocksuite/affine/all/package.json	verbatim		304	0	txt
ac_cloud-notes/blocksuite/affine/all/src/__tests__/adapters/__snapshots__/markdown.unit.spec.ts.snap	verbatim		93	0	txt
ac_cloud-notes/blocksuite/affine/all/src/__tests__/adapters/fixtures/obsidian/entry.md	verbatim		8	0	txt
ac_cloud-notes/blocksuite/affine/all/src/__tests__/adapters/fixtures/obsidian/linked.md	verbatim		1	0	txt
ac_cloud-notes/blocksuite/affine/all/src/__tests__/adapters/html.unit.spec.ts	verbatim		3076	0	txt
ac_cloud-notes/blocksuite/affine/all/src/__tests__/adapters/markdown.unit.spec.ts	verbatim		5385	0	txt
ac_cloud-notes/blocksuite/affine/all/src/__tests__/adapters/notion-html.unit.spec.ts	verbatim		2037	0	txt
ac_cloud-notes/blocksuite/affine/all/src/__tests__/adapters/notion-text.unit.spec.ts	verbatim		162	0	txt
ac_cloud-notes/blocksuite/affine/all/src/__tests__/adapters/pdf.unit.spec.ts	verbatim		1494	0	txt
ac_cloud-notes/blocksuite/affine/all/src/__tests__/adapters/plain-text.unit.spec.ts	verbatim		1392	0	txt
ac_cloud-notes/blocksuite/affine/all/src/__tests__/database/database.unit.spec.ts	verbatim		205	0	txt
ac_cloud-notes/blocksuite/affine/all/src/__tests__/database/paste-url.unit.spec.ts	verbatim		85	0	txt
ac_cloud-notes/blocksuite/affine/all/src/__tests__/database/typesystem.unit.spec.ts	verbatim		78	0	txt
ac_cloud-notes/blocksuite/affine/all/src/__tests__/embed-iframe-config.unit.spec.ts	verbatim		86	0	txt
ac_cloud-notes/blocksuite/affine/all/src/__tests__/gfx/canvas-budget.unit.spec.ts	verbatim		681	0	txt
ac_cloud-notes/blocksuite/affine/all/src/__tests__/gfx/placeholder-style.unit.spec.ts	verbatim		30	0	txt
ac_cloud-notes/blocksuite/affine/all/src/__tests__/gfx/turbo-renderer.unit.spec.ts	verbatim		59	0	txt
ac_cloud-notes/blocksuite/affine/all/src/__tests__/utils/create-job.ts	verbatim		39	0	txt
ac_cloud-notes/blocksuite/affine/all/src/__tests__/utils/get-provider.ts	verbatim		10	0	txt
ac_cloud-notes/blocksuite/affine/all/src/__tests__/utils/nanoid-replacement.ts	verbatim		32	0	txt
ac_cloud-notes/blocksuite/affine/all/src/__tests__/utils/store.ts	verbatim		4	0	txt
ac_cloud-notes/blocksuite/affine/all/src/blocks/attachment/index.ts	verbatim		1	0	txt
ac_cloud-notes/blocksuite/affine/all/src/blocks/attachment/store.ts	verbatim		1	0	txt
ac_cloud-notes/blocksuite/affine/all/src/blocks/attachment/view.ts	verbatim		1	0	txt
ac_cloud-notes/blocksuite/affine/all/src/blocks/bookmark/index.ts	verbatim		1	0	txt
ac_cloud-notes/blocksuite/affine/all/src/blocks/bookmark/store.ts	verbatim		1	0	txt
ac_cloud-notes/blocksuite/affine/all/src/blocks/bookmark/view.ts	verbatim		1	0	txt
ac_cloud-notes/blocksuite/affine/all/src/blocks/callout/index.ts	verbatim		1	0	txt
ac_cloud-notes/blocksuite/affine/all/src/blocks/callout/store.ts	verbatim		1	0	txt
ac_cloud-notes/blocksuite/affine/all/src/blocks/callout/view.ts	verbatim		1	0	txt
ac_cloud-notes/blocksuite/affine/all/src/blocks/code/index.ts	verbatim		1	0	txt
ac_cloud-notes/blocksuite/affine/all/src/blocks/code/store.ts	verbatim		1	0	txt
ac_cloud-notes/blocksuite/affine/all/src/blocks/code/view.ts	verbatim		1	0	txt
ac_cloud-notes/blocksuite/affine/all/src/blocks/data-view/index.ts	verbatim		1	0	txt
ac_cloud-notes/blocksuite/affine/all/src/blocks/data-view/store.ts	verbatim		1	0	txt
ac_cloud-notes/blocksuite/affine/all/src/blocks/data-view/view.ts	verbatim		1	0	txt
ac_cloud-notes/blocksuite/affine/all/src/blocks/database/index.ts	verbatim		1	0	txt
ac_cloud-notes/blocksuite/affine/all/src/blocks/database/store.ts	verbatim		1	0	txt
ac_cloud-notes/blocksuite/affine/all/src/blocks/database/view.ts	verbatim		1	0	txt
ac_cloud-notes/blocksuite/affine/all/src/blocks/divider/index.ts	verbatim		1	0	txt
ac_cloud-notes/blocksuite/affine/all/src/blocks/divider/store.ts	verbatim		1	0	txt
ac_cloud-notes/blocksuite/affine/all/src/blocks/divider/view.ts	verbatim		1	0	txt
ac_cloud-notes/blocksuite/affine/all/src/blocks/edgeless-text/index.ts	verbatim		1	0	txt
ac_cloud-notes/blocksuite/affine/all/src/blocks/edgeless-text/store.ts	verbatim		1	0	txt
ac_cloud-notes/blocksuite/affine/all/src/blocks/edgeless-text/view.ts	verbatim		1	0	txt
ac_cloud-notes/blocksuite/affine/all/src/blocks/embed-doc/index.ts	verbatim		1	0	txt
ac_cloud-notes/blocksuite/affine/all/src/blocks/embed-doc/store.ts	verbatim		1	0	txt
ac_cloud-notes/blocksuite/affine/all/src/blocks/embed-doc/view.ts	verbatim		1	0	txt
ac_cloud-notes/blocksuite/affine/all/src/blocks/embed/index.ts	verbatim		1	0	txt
ac_cloud-notes/blocksuite/affine/all/src/blocks/embed/store.ts	verbatim		1	0	txt
ac_cloud-notes/blocksuite/affine/all/src/blocks/embed/view.ts	verbatim		1	0	txt
ac_cloud-notes/blocksuite/affine/all/src/blocks/frame/index.ts	verbatim		1	0	txt
ac_cloud-notes/blocksuite/affine/all/src/blocks/frame/store.ts	verbatim		1	0	txt
ac_cloud-notes/blocksuite/affine/all/src/blocks/frame/view.ts	verbatim		1	0	txt
ac_cloud-notes/blocksuite/affine/all/src/blocks/image/index.ts	verbatim		1	0	txt
ac_cloud-notes/blocksuite/affine/all/src/blocks/image/store.ts	verbatim		1	0	txt
ac_cloud-notes/blocksuite/affine/all/src/blocks/image/view.ts	verbatim		1	0	txt
ac_cloud-notes/blocksuite/affine/all/src/blocks/latex/index.ts	verbatim		1	0	txt
ac_cloud-notes/blocksuite/affine/all/src/blocks/latex/store.ts	verbatim		1	0	txt
ac_cloud-notes/blocksuite/affine/all/src/blocks/latex/view.ts	verbatim		1	0	txt
ac_cloud-notes/blocksuite/affine/all/src/blocks/list/index.ts	verbatim		1	0	txt
ac_cloud-notes/blocksuite/affine/all/src/blocks/list/store.ts	verbatim		1	0	txt
ac_cloud-notes/blocksuite/affine/all/src/blocks/list/view.ts	verbatim		1	0	txt
ac_cloud-notes/blocksuite/affine/all/src/blocks/note/index.ts	verbatim		1	0	txt
ac_cloud-notes/blocksuite/affine/all/src/blocks/note/store.ts	verbatim		1	0	txt
ac_cloud-notes/blocksuite/affine/all/src/blocks/note/view.ts	verbatim		1	0	txt
ac_cloud-notes/blocksuite/affine/all/src/blocks/paragraph/index.ts	verbatim		1	0	txt
ac_cloud-notes/blocksuite/affine/all/src/blocks/paragraph/store.ts	verbatim		1	0	txt
ac_cloud-notes/blocksuite/affine/all/src/blocks/paragraph/view.ts	verbatim		1	0	txt
ac_cloud-notes/blocksuite/affine/all/src/blocks/root/index.ts	verbatim		1	0	txt
ac_cloud-notes/blocksuite/affine/all/src/blocks/root/store.ts	verbatim		1	0	txt
ac_cloud-notes/blocksuite/affine/all/src/blocks/root/view.ts	verbatim		1	0	txt
ac_cloud-notes/blocksuite/affine/all/src/blocks/surface-ref/index.ts	verbatim		1	0	txt
ac_cloud-notes/blocksuite/affine/all/src/blocks/surface-ref/store.ts	verbatim		1	0	txt
ac_cloud-notes/blocksuite/affine/all/src/blocks/surface-ref/view.ts	verbatim		1	0	txt
ac_cloud-notes/blocksuite/affine/all/src/blocks/surface/index.ts	verbatim		1	0	txt
ac_cloud-notes/blocksuite/affine/all/src/blocks/surface/store.ts	verbatim		1	0	txt
ac_cloud-notes/blocksuite/affine/all/src/blocks/surface/view.ts	verbatim		1	0	txt
ac_cloud-notes/blocksuite/affine/all/src/blocks/table/index.ts	verbatim		1	0	txt
ac_cloud-notes/blocksuite/affine/all/src/blocks/table/store.ts	verbatim		1	0	txt
ac_cloud-notes/blocksuite/affine/all/src/blocks/table/view.ts	verbatim		1	0	txt
ac_cloud-notes/blocksuite/affine/all/src/components/block-selection.ts	verbatim		1	0	txt
ac_cloud-notes/blocksuite/affine/all/src/components/block-zero-width.ts	verbatim		1	0	txt
ac_cloud-notes/blocksuite/affine/all/src/components/caption.ts	verbatim		1	0	txt
ac_cloud-notes/blocksuite/affine/all/src/components/card-style-dropdown-menu.ts	verbatim		1	0	txt
ac_cloud-notes/blocksuite/affine/all/src/components/citation.ts	verbatim		1	0	txt
ac_cloud-notes/blocksuite/affine/all/src/components/color-picker.ts	verbatim		1	0	txt
ac_cloud-notes/blocksuite/affine/all/src/components/context-menu.ts	verbatim		1	0	txt
ac_cloud-notes/blocksuite/affine/all/src/components/date-picker.ts	verbatim		1	0	txt
ac_cloud-notes/blocksuite/affine/all/src/components/drop-indicator.ts	verbatim		1	0	txt
ac_cloud-notes/blocksuite/affine/all/src/components/edgeless-line-styles-panel.ts	verbatim		1	0	txt
ac_cloud-notes/blocksuite/affine/all/src/components/edgeless-line-width-panel.ts	verbatim		1	0	txt
ac_cloud-notes/blocksuite/affine/all/src/components/edgeless-shape-color-picker.ts	verbatim		1	0	txt
ac_cloud-notes/blocksuite/affine/all/src/components/embed-card-modal.ts	verbatim		1	0	txt
ac_cloud-notes/blocksuite/affine/all/src/components/filterable-list.ts	verbatim		1	0	txt
ac_cloud-notes/blocksuite/affine/all/src/components/highlight-dropdown-menu.ts	verbatim		1	0	txt
ac_cloud-notes/blocksuite/affine/all/src/components/hover.ts	verbatim		1	0	txt
ac_cloud-notes/blocksuite/affine/all/src/components/icon-button.ts	verbatim		1	0	txt
ac_cloud-notes/blocksuite/affine/all/src/components/icons.ts	verbatim		1	0	txt
ac_cloud-notes/blocksuite/affine/all/src/components/link-preview.ts	verbatim		1	0	txt
ac_cloud-notes/blocksuite/affine/all/src/components/linked-doc-title.ts	verbatim		1	0	txt
ac_cloud-notes/blocksuite/affine/all/src/components/notification.ts	verbatim		1	0	txt
ac_cloud-notes/blocksuite/affine/all/src/components/open-doc-dropdown-menu.ts	verbatim		1	0	txt
ac_cloud-notes/blocksuite/affine/all/src/components/peek.ts	verbatim		1	0	txt
ac_cloud-notes/blocksuite/affine/all/src/components/portal.ts	verbatim		1	0	txt
ac_cloud-notes/blocksuite/affine/all/src/components/resource.ts	verbatim		1	0	txt
ac_cloud-notes/blocksuite/affine/all/src/components/size-dropdown-menu.ts	verbatim		1	0	txt
ac_cloud-notes/blocksuite/affine/all/src/components/smooth-corner.ts	verbatim		1	0	txt
ac_cloud-notes/blocksuite/affine/all/src/components/toast.ts	verbatim		1	0	txt
ac_cloud-notes/blocksuite/affine/all/src/components/toggle-button.ts	verbatim		1	0	txt
ac_cloud-notes/blocksuite/affine/all/src/components/toggle-switch.ts	verbatim		1	0	txt
ac_cloud-notes/blocksuite/affine/all/src/components/toolbar.ts	verbatim		1	0	txt
ac_cloud-notes/blocksuite/affine/all/src/components/tooltip-content-with-shortcut.ts	verbatim		1	0	txt
ac_cloud-notes/blocksuite/affine/all/src/components/tooltip.ts	verbatim		1	0	txt
ac_cloud-notes/blocksuite/affine/all/src/components/view-dropdown-menu.ts	verbatim		1	0	txt
ac_cloud-notes/blocksuite/affine/all/src/data-view/effects.ts	verbatim		1	0	txt
ac_cloud-notes/blocksuite/affine/all/src/data-view/index.ts	verbatim		1	0	txt
ac_cloud-notes/blocksuite/affine/all/src/effects.ts	verbatim		33	0	txt
ac_cloud-notes/blocksuite/affine/all/src/ext-loader/index.ts	verbatim		1	0	txt
ac_cloud-notes/blocksuite/affine/all/src/extensions/store.ts	verbatim		68	0	txt
ac_cloud-notes/blocksuite/affine/all/src/extensions/view.ts	verbatim		126	0	txt
ac_cloud-notes/blocksuite/affine/all/src/foundation/clipboard.ts	verbatim		1	0	txt
ac_cloud-notes/blocksuite/affine/all/src/foundation/store.ts	verbatim		1	0	txt
ac_cloud-notes/blocksuite/affine/all/src/foundation/view.ts	verbatim		1	0	txt
ac_cloud-notes/blocksuite/affine/all/src/fragments/adapter-panel/index.ts	verbatim		1	0	txt
ac_cloud-notes/blocksuite/affine/all/src/fragments/adapter-panel/view.ts	verbatim		1	0	txt
ac_cloud-notes/blocksuite/affine/all/src/fragments/doc-title/index.ts	verbatim		1	0	txt
ac_cloud-notes/blocksuite/affine/all/src/fragments/doc-title/view.ts	verbatim		1	0	txt
ac_cloud-notes/blocksuite/affine/all/src/fragments/frame-panel/index.ts	verbatim		1	0	txt
ac_cloud-notes/blocksuite/affine/all/src/fragments/frame-panel/view.ts	verbatim		1	0	txt
ac_cloud-notes/blocksuite/affine/all/src/fragments/outline/index.ts	verbatim		1	0	txt
ac_cloud-notes/blocksuite/affine/all/src/fragments/outline/view.ts	verbatim		1	0	txt
ac_cloud-notes/blocksuite/affine/all/src/gfx/brush/index.ts	verbatim		1	0	txt
ac_cloud-notes/blocksuite/affine/all/src/gfx/brush/store.ts	verbatim		1	0	txt
ac_cloud-notes/blocksuite/affine/all/src/gfx/brush/view.ts	verbatim		1	0	txt
ac_cloud-notes/blocksuite/affine/all/src/gfx/connector/index.ts	verbatim		1	0	txt
ac_cloud-notes/blocksuite/affine/all/src/gfx/connector/store.ts	verbatim		1	0	txt
ac_cloud-notes/blocksuite/affine/all/src/gfx/connector/view.ts	verbatim		1	0	txt
ac_cloud-notes/blocksuite/affine/all/src/gfx/group/index.ts	verbatim		1	0	txt
ac_cloud-notes/blocksuite/affine/all/src/gfx/group/store.ts	verbatim		1	0	txt
ac_cloud-notes/blocksuite/affine/all/src/gfx/group/view.ts	verbatim		1	0	txt
ac_cloud-notes/blocksuite/affine/all/src/gfx/link/index.ts	verbatim		1	0	txt
ac_cloud-notes/blocksuite/affine/all/src/gfx/link/view.ts	verbatim		1	0	txt
ac_cloud-notes/blocksuite/affine/all/src/gfx/mindmap/index.ts	verbatim		1	0	txt
ac_cloud-notes/blocksuite/affine/all/src/gfx/mindmap/store.ts	verbatim		1	0	txt
ac_cloud-notes/blocksuite/affine/all/src/gfx/mindmap/view.ts	verbatim		1	0	txt
ac_cloud-notes/blocksuite/affine/all/src/gfx/note/index.ts	verbatim		1	0	txt
ac_cloud-notes/blocksuite/affine/all/src/gfx/note/view.ts	verbatim		1	0	txt
ac_cloud-notes/blocksuite/affine/all/src/gfx/pointer/index.ts	verbatim		1	0	txt
ac_cloud-notes/blocksuite/affine/all/src/gfx/pointer/view.ts	verbatim		1	0	txt
ac_cloud-notes/blocksuite/affine/all/src/gfx/shape/index.ts	verbatim		1	0	txt
ac_cloud-notes/blocksuite/affine/all/src/gfx/shape/store.ts	verbatim		1	0	txt
ac_cloud-notes/blocksuite/affine/all/src/gfx/shape/view.ts	verbatim		1	0	txt
ac_cloud-notes/blocksuite/affine/all/src/gfx/template/index.ts	verbatim		1	0	txt
ac_cloud-notes/blocksuite/affine/all/src/gfx/template/view.ts	verbatim		1	0	txt
ac_cloud-notes/blocksuite/affine/all/src/gfx/text/index.ts	verbatim		1	0	txt
ac_cloud-notes/blocksuite/affine/all/src/gfx/text/store.ts	verbatim		1	0	txt
ac_cloud-notes/blocksuite/affine/all/src/gfx/text/view.ts	verbatim		1	0	txt
ac_cloud-notes/blocksuite/affine/all/src/gfx/turbo-renderer.ts	verbatim		1	0	txt
ac_cloud-notes/blocksuite/affine/all/src/global/di.ts	verbatim		1	0	txt
ac_cloud-notes/blocksuite/affine/all/src/global/disposable.ts	verbatim		1	0	txt
ac_cloud-notes/blocksuite/affine/all/src/global/env.ts	verbatim		1	0	txt
ac_cloud-notes/blocksuite/affine/all/src/global/exceptions.ts	verbatim		1	0	txt
ac_cloud-notes/blocksuite/affine/all/src/global/gfx.ts	verbatim		1	0	txt
ac_cloud-notes/blocksuite/affine/all/src/global/index.ts	verbatim		1	0	txt
ac_cloud-notes/blocksuite/affine/all/src/global/lit.ts	verbatim		1	0	txt
ac_cloud-notes/blocksuite/affine/all/src/global/types.ts	verbatim		1	0	txt
ac_cloud-notes/blocksuite/affine/all/src/global/utils.ts	verbatim		1	0	txt
ac_cloud-notes/blocksuite/affine/all/src/index.ts	verbatim		1	0	txt
ac_cloud-notes/blocksuite/affine/all/src/inlines/comment/index.ts	verbatim		1	0	txt
ac_cloud-notes/blocksuite/affine/all/src/inlines/footnote/index.ts	verbatim		1	0	txt
ac_cloud-notes/blocksuite/affine/all/src/inlines/footnote/store.ts	verbatim		1	0	txt
ac_cloud-notes/blocksuite/affine/all/src/inlines/footnote/view.ts	verbatim		1	0	txt
ac_cloud-notes/blocksuite/affine/all/src/inlines/latex/index.ts	verbatim		1	0	txt
ac_cloud-notes/blocksuite/affine/all/src/inlines/latex/store.ts	verbatim		1	0	txt
ac_cloud-notes/blocksuite/affine/all/src/inlines/latex/view.ts	verbatim		1	0	txt
ac_cloud-notes/blocksuite/affine/all/src/inlines/link/index.ts	verbatim		1	0	txt
ac_cloud-notes/blocksuite/affine/all/src/inlines/link/store.ts	verbatim		1	0	txt
ac_cloud-notes/blocksuite/affine/all/src/inlines/link/view.ts	verbatim		1	0	txt
ac_cloud-notes/blocksuite/affine/all/src/inlines/mention/index.ts	verbatim		1	0	txt
ac_cloud-notes/blocksuite/affine/all/src/inlines/mention/view.ts	verbatim		1	0	txt
ac_cloud-notes/blocksuite/affine/all/src/inlines/preset/index.ts	verbatim		1	0	txt
ac_cloud-notes/blocksuite/affine/all/src/inlines/preset/store.ts	verbatim		1	0	txt
ac_cloud-notes/blocksuite/affine/all/src/inlines/preset/view.ts	verbatim		1	0	txt
ac_cloud-notes/blocksuite/affine/all/src/inlines/reference/index.ts	verbatim		1	0	txt
ac_cloud-notes/blocksuite/affine/all/src/inlines/reference/store.ts	verbatim		1	0	txt
ac_cloud-notes/blocksuite/affine/all/src/inlines/reference/view.ts	verbatim		1	0	txt
ac_cloud-notes/blocksuite/affine/all/src/model/index.ts	verbatim		1	0	txt
ac_cloud-notes/blocksuite/affine/all/src/rich-text/effects.ts	verbatim		1	0	txt
ac_cloud-notes/blocksuite/affine/all/src/rich-text/index.ts	verbatim		1	0	txt
ac_cloud-notes/blocksuite/affine/all/src/schemas.ts	verbatim		58	0	txt
ac_cloud-notes/blocksuite/affine/all/src/shared/adapters.ts	verbatim		1	0	txt
ac_cloud-notes/blocksuite/affine/all/src/shared/commands.ts	verbatim		1	0	txt
ac_cloud-notes/blocksuite/affine/all/src/shared/consts.ts	verbatim		1	0	txt
ac_cloud-notes/blocksuite/affine/all/src/shared/selection.ts	verbatim		1	0	txt
ac_cloud-notes/blocksuite/affine/all/src/shared/services.ts	verbatim		1	0	txt
ac_cloud-notes/blocksuite/affine/all/src/shared/styles.ts	verbatim		1	0	txt
ac_cloud-notes/blocksuite/affine/all/src/shared/theme.ts	verbatim		1	0	txt
ac_cloud-notes/blocksuite/affine/all/src/shared/types.ts	verbatim		1	0	txt
ac_cloud-notes/blocksuite/affine/all/src/shared/utils.ts	verbatim		1	0	txt
ac_cloud-notes/blocksuite/affine/all/src/std/effects.ts	verbatim		1	0	txt
ac_cloud-notes/blocksuite/affine/all/src/std/gfx.ts	verbatim		1	0	txt
ac_cloud-notes/blocksuite/affine/all/src/std/index.ts	verbatim		1	0	txt
ac_cloud-notes/blocksuite/affine/all/src/std/inline.ts	verbatim		1	0	txt
ac_cloud-notes/blocksuite/affine/all/src/store/index.ts	verbatim		2	0	txt
ac_cloud-notes/blocksuite/affine/all/src/store/test.ts	verbatim		1	0	txt
ac_cloud-notes/blocksuite/affine/all/src/sync/index.ts	verbatim		1	0	txt
ac_cloud-notes/blocksuite/affine/all/src/widgets/drag-handle/index.ts	verbatim		1	0	txt
ac_cloud-notes/blocksuite/affine/all/src/widgets/drag-handle/view.ts	verbatim		1	0	txt
ac_cloud-notes/blocksuite/affine/all/src/widgets/edgeless-auto-connect/index.ts	verbatim		1	0	txt
ac_cloud-notes/blocksuite/affine/all/src/widgets/edgeless-auto-connect/view.ts	verbatim		1	0	txt
ac_cloud-notes/blocksuite/affine/all/src/widgets/edgeless-dragging-area/index.ts	verbatim		1	0	txt
ac_cloud-notes/blocksuite/affine/all/src/widgets/edgeless-dragging-area/view.ts	verbatim		1	0	txt
ac_cloud-notes/blocksuite/affine/all/src/widgets/edgeless-selected-rect/index.ts	verbatim		1	0	txt
ac_cloud-notes/blocksuite/affine/all/src/widgets/edgeless-selected-rect/view.ts	verbatim		1	0	txt
ac_cloud-notes/blocksuite/affine/all/src/widgets/edgeless-toolbar/index.ts	verbatim		1	0	txt
ac_cloud-notes/blocksuite/affine/all/src/widgets/edgeless-toolbar/view.ts	verbatim		1	0	txt
ac_cloud-notes/blocksuite/affine/all/src/widgets/edgeless-zoom-toolbar/index.ts	verbatim		1	0	txt
ac_cloud-notes/blocksuite/affine/all/src/widgets/edgeless-zoom-toolbar/view.ts	verbatim		1	0	txt
ac_cloud-notes/blocksuite/affine/all/src/widgets/frame-title/index.ts	verbatim		1	0	txt
ac_cloud-notes/blocksuite/affine/all/src/widgets/frame-title/view.ts	verbatim		1	0	txt
ac_cloud-notes/blocksuite/affine/all/src/widgets/keyboard-toolbar/index.ts	verbatim		1	0	txt
ac_cloud-notes/blocksuite/affine/all/src/widgets/keyboard-toolbar/view.ts	verbatim		1	0	txt
ac_cloud-notes/blocksuite/affine/all/src/widgets/linked-doc/index.ts	verbatim		1	0	txt
ac_cloud-notes/blocksuite/affine/all/src/widgets/linked-doc/view.ts	verbatim		1	0	txt
ac_cloud-notes/blocksuite/affine/all/src/widgets/note-slicer/index.ts	verbatim		1	0	txt
ac_cloud-notes/blocksuite/affine/all/src/widgets/note-slicer/view.ts	verbatim		1	0	txt
ac_cloud-notes/blocksuite/affine/all/src/widgets/page-dragging-area/index.ts	verbatim		1	0	txt
ac_cloud-notes/blocksuite/affine/all/src/widgets/page-dragging-area/view.ts	verbatim		1	0	txt
ac_cloud-notes/blocksuite/affine/all/src/widgets/remote-selection/index.ts	verbatim		1	0	txt
ac_cloud-notes/blocksuite/affine/all/src/widgets/remote-selection/view.ts	verbatim		1	0	txt
ac_cloud-notes/blocksuite/affine/all/src/widgets/scroll-anchoring/index.ts	verbatim		1	0	txt
ac_cloud-notes/blocksuite/affine/all/src/widgets/scroll-anchoring/view.ts	verbatim		1	0	txt
ac_cloud-notes/blocksuite/affine/all/src/widgets/slash-menu/index.ts	verbatim		1	0	txt
ac_cloud-notes/blocksuite/affine/all/src/widgets/slash-menu/view.ts	verbatim		1	0	txt
ac_cloud-notes/blocksuite/affine/all/src/widgets/toolbar/index.ts	verbatim		1	0	txt
ac_cloud-notes/blocksuite/affine/all/src/widgets/toolbar/view.ts	verbatim		1	0	txt
ac_cloud-notes/blocksuite/affine/all/src/widgets/viewport-overlay/index.ts	verbatim		1	0	txt
ac_cloud-notes/blocksuite/affine/all/src/widgets/viewport-overlay/view.ts	verbatim		1	0	txt
ac_cloud-notes/blocksuite/affine/all/tsconfig.json	verbatim		80	0	txt
ac_cloud-notes/blocksuite/affine/all/vitest.config.ts	verbatim		39	0	txt
ac_cloud-notes/blocksuite/affine/blocks/attachment/package.json	verbatim		41	0	txt
ac_cloud-notes/blocksuite/affine/blocks/attachment/src/adapters/extension.ts	verbatim		7	0	txt
ac_cloud-notes/blocksuite/affine/blocks/attachment/src/adapters/index.ts	verbatim		2	0	txt
ac_cloud-notes/blocksuite/affine/blocks/attachment/src/adapters/markdown.ts	verbatim		79	0	txt
ac_cloud-notes/blocksuite/affine/blocks/attachment/src/adapters/notion-html.ts	verbatim		112	0	txt
ac_cloud-notes/blocksuite/affine/blocks/attachment/src/attachment-block.ts	verbatim		455	0	txt
ac_cloud-notes/blocksuite/affine/blocks/attachment/src/attachment-edgeless-block.ts	verbatim		63	0	txt
ac_cloud-notes/blocksuite/affine/blocks/attachment/src/attachment-service.ts	verbatim		43	0	txt
ac_cloud-notes/blocksuite/affine/blocks/attachment/src/components/rename-model.ts	verbatim		89	0	txt
ac_cloud-notes/blocksuite/affine/blocks/attachment/src/components/styles.ts	verbatim		56	0	txt
ac_cloud-notes/blocksuite/affine/blocks/attachment/src/configs/slash-menu.ts	verbatim		54	0	txt
ac_cloud-notes/blocksuite/affine/blocks/attachment/src/configs/toolbar.ts	verbatim		369	0	txt
ac_cloud-notes/blocksuite/affine/blocks/attachment/src/configs/tooltips.ts	verbatim		76	0	txt
ac_cloud-notes/blocksuite/affine/blocks/attachment/src/edgeless-clipboard-config.ts	verbatim		30	0	txt
ac_cloud-notes/blocksuite/affine/blocks/attachment/src/effects.ts	verbatim		9	0	txt
ac_cloud-notes/blocksuite/affine/blocks/attachment/src/embed.ts	verbatim		273	0	txt
ac_cloud-notes/blocksuite/affine/blocks/attachment/src/index.ts	verbatim		11	0	txt
ac_cloud-notes/blocksuite/affine/blocks/attachment/src/store.ts	verbatim		14	0	txt
ac_cloud-notes/blocksuite/affine/blocks/attachment/src/styles.ts	verbatim		137	0	txt
ac_cloud-notes/blocksuite/affine/blocks/attachment/src/utils.ts	verbatim		179	0	txt
ac_cloud-notes/blocksuite/affine/blocks/attachment/src/view.ts	verbatim		46	0	txt
ac_cloud-notes/blocksuite/affine/blocks/attachment/tsconfig.json	verbatim		20	0	txt
ac_cloud-notes/blocksuite/affine/blocks/bookmark/package.json	verbatim		48	0	txt
ac_cloud-notes/blocksuite/affine/blocks/bookmark/src/__tests__/adapters/preprocessor.unit.spec.ts	verbatim		135	0	txt
ac_cloud-notes/blocksuite/affine/blocks/bookmark/src/adapters/extension.ts	verbatim		11	0	txt
ac_cloud-notes/blocksuite/affine/blocks/bookmark/src/adapters/html.ts	verbatim		8	0	txt
ac_cloud-notes/blocksuite/affine/blocks/bookmark/src/adapters/index.ts	verbatim		4	0	txt
ac_cloud-notes/blocksuite/affine/blocks/bookmark/src/adapters/markdown/index.ts	verbatim		9	0	txt
ac_cloud-notes/blocksuite/affine/blocks/bookmark/src/adapters/markdown/markdown.ts	verbatim		88	0	txt
ac_cloud-notes/blocksuite/affine/blocks/bookmark/src/adapters/markdown/preprocessor.ts	verbatim		232	0	txt
ac_cloud-notes/blocksuite/affine/blocks/bookmark/src/adapters/notion-html.ts	verbatim		68	0	txt
ac_cloud-notes/blocksuite/affine/blocks/bookmark/src/adapters/plain-text.ts	verbatim		7	0	txt
ac_cloud-notes/blocksuite/affine/blocks/bookmark/src/bookmark-block.ts	verbatim		250	0	txt
ac_cloud-notes/blocksuite/affine/blocks/bookmark/src/bookmark-edgeless-block.ts	verbatim		76	0	txt
ac_cloud-notes/blocksuite/affine/blocks/bookmark/src/commands/index.ts	verbatim		2	0	txt
ac_cloud-notes/blocksuite/affine/blocks/bookmark/src/commands/insert-bookmark.ts	verbatim		21	0	txt
ac_cloud-notes/blocksuite/affine/blocks/bookmark/src/commands/insert-link-by-quick-search.ts	verbatim		69	0	txt
ac_cloud-notes/blocksuite/affine/blocks/bookmark/src/components/bookmark-card.ts	verbatim		113	0	txt
ac_cloud-notes/blocksuite/affine/blocks/bookmark/src/components/index.ts	verbatim		1	0	txt
ac_cloud-notes/blocksuite/affine/blocks/bookmark/src/configs/slash-menu.ts	verbatim		61	0	txt
ac_cloud-notes/blocksuite/affine/blocks/bookmark/src/configs/toolbar.ts	verbatim		548	0	txt
ac_cloud-notes/blocksuite/affine/blocks/bookmark/src/configs/tooltips.ts	verbatim		13	0	txt
ac_cloud-notes/blocksuite/affine/blocks/bookmark/src/edgeless-clipboard-config.ts	verbatim		25	0	txt
ac_cloud-notes/blocksuite/affine/blocks/bookmark/src/effects.ts	verbatim		11	0	txt
ac_cloud-notes/blocksuite/affine/blocks/bookmark/src/index.ts	verbatim		6	0	txt
ac_cloud-notes/blocksuite/affine/blocks/bookmark/src/store.ts	verbatim		14	0	txt
ac_cloud-notes/blocksuite/affine/blocks/bookmark/src/styles.ts	verbatim		238	0	txt
ac_cloud-notes/blocksuite/affine/blocks/bookmark/src/utils.ts	verbatim		39	0	txt
ac_cloud-notes/blocksuite/affine/blocks/bookmark/src/view.ts	verbatim		38	0	txt
ac_cloud-notes/blocksuite/affine/blocks/bookmark/tsconfig.json	verbatim		22	0	txt
ac_cloud-notes/blocksuite/affine/blocks/bookmark/vitest.config.ts	verbatim		24	0	txt
ac_cloud-notes/blocksuite/affine/blocks/callout/package.json	verbatim		40	0	txt
ac_cloud-notes/blocksuite/affine/blocks/callout/src/adapters/markdown.ts	verbatim		195	0	txt
ac_cloud-notes/blocksuite/affine/blocks/callout/src/callout-block-styles.ts	verbatim		50	0	txt
ac_cloud-notes/blocksuite/affine/blocks/callout/src/callout-block.ts	verbatim		234	0	txt
ac_cloud-notes/blocksuite/affine/blocks/callout/src/callout-keymap.ts	verbatim		75	0	txt
ac_cloud-notes/blocksuite/affine/blocks/callout/src/commands/callout-to-paragraph.ts	verbatim		72	0	txt
ac_cloud-notes/blocksuite/affine/blocks/callout/src/commands/split-callout.ts	verbatim		75	0	txt
ac_cloud-notes/blocksuite/affine/blocks/callout/src/configs/slash-menu.ts	verbatim		52	0	txt
ac_cloud-notes/blocksuite/affine/blocks/callout/src/configs/toolbar.ts	verbatim		186	0	txt
ac_cloud-notes/blocksuite/affine/blocks/callout/src/configs/tooltips.ts	verbatim		27	0	txt
ac_cloud-notes/blocksuite/affine/blocks/callout/src/effects.ts	verbatim		12	0	txt
ac_cloud-notes/blocksuite/affine/blocks/callout/src/icon-picker-wrapper.ts	verbatim		45	0	txt
ac_cloud-notes/blocksuite/affine/blocks/callout/src/index.ts	verbatim		2	0	txt
ac_cloud-notes/blocksuite/affine/blocks/callout/src/store.ts	verbatim		14	0	txt
ac_cloud-notes/blocksuite/affine/blocks/callout/src/view.ts	verbatim		28	0	txt
ac_cloud-notes/blocksuite/affine/blocks/callout/tsconfig.json	verbatim		20	0	txt
ac_cloud-notes/blocksuite/affine/blocks/code/package.json	verbatim		48	0	txt
ac_cloud-notes/blocksuite/affine/blocks/code/src/adapters/extension.ts	verbatim		11	0	txt
ac_cloud-notes/blocksuite/affine/blocks/code/src/adapters/html.ts	verbatim		104	0	txt
ac_cloud-notes/blocksuite/affine/blocks/code/src/adapters/index.ts	verbatim		4	0	txt
ac_cloud-notes/blocksuite/affine/blocks/code/src/adapters/markdown/index.ts	verbatim		9	0	txt
ac_cloud-notes/blocksuite/affine/blocks/code/src/adapters/markdown/markdown.ts	verbatim		94	0	txt
ac_cloud-notes/blocksuite/affine/blocks/code/src/adapters/markdown/preprocessor.ts	verbatim		71	0	txt
ac_cloud-notes/blocksuite/affine/blocks/code/src/adapters/notion-html.ts	verbatim		57	0	txt
ac_cloud-notes/blocksuite/affine/blocks/code/src/adapters/plain-text.ts	verbatim		24	0	txt
ac_cloud-notes/blocksuite/affine/blocks/code/src/clipboard/index.ts	verbatim		178	0	txt
ac_cloud-notes/blocksuite/affine/blocks/code/src/code-block-config.ts	verbatim		16	0	txt
ac_cloud-notes/blocksuite/affine/blocks/code/src/code-block-inline.ts	verbatim		48	0	txt
ac_cloud-notes/blocksuite/affine/blocks/code/src/code-block-service.ts	verbatim		94	0	txt
ac_cloud-notes/blocksuite/affine/blocks/code/src/code-block.ts	verbatim		489	0	txt
ac_cloud-notes/blocksuite/affine/blocks/code/src/code-keymap.ts	verbatim		6	0	txt
ac_cloud-notes/blocksuite/affine/blocks/code/src/code-preview-extension.ts	verbatim		23	0	txt
ac_cloud-notes/blocksuite/affine/blocks/code/src/code-toolbar/components/code-toolbar.ts	verbatim		143	0	txt
ac_cloud-notes/blocksuite/affine/blocks/code/src/code-toolbar/components/lang-button.ts	verbatim		148	0	txt
ac_cloud-notes/blocksuite/affine/blocks/code/src/code-toolbar/components/more-menu.ts	verbatim		46	0	txt
ac_cloud-notes/blocksuite/affine/blocks/code/src/code-toolbar/components/preview-button.ts	verbatim		100	0	txt
ac_cloud-notes/blocksuite/affine/blocks/code/src/code-toolbar/config.ts	verbatim		309	0	txt
ac_cloud-notes/blocksuite/affine/blocks/code/src/code-toolbar/context.ts	verbatim		36	0	txt
ac_cloud-notes/blocksuite/affine/blocks/code/src/code-toolbar/index.ts	verbatim		154	0	txt
ac_cloud-notes/blocksuite/affine/blocks/code/src/code-toolbar/utils.ts	verbatim		13	0	txt
ac_cloud-notes/blocksuite/affine/blocks/code/src/configs/slash-menu.ts	verbatim		7	0	txt
ac_cloud-notes/blocksuite/affine/blocks/code/src/effects.ts	verbatim		28	0	txt
ac_cloud-notes/blocksuite/affine/blocks/code/src/highlight/affine-code-unit.ts	verbatim		110	0	txt
ac_cloud-notes/blocksuite/affine/blocks/code/src/highlight/const.ts	verbatim		4	0	txt
ac_cloud-notes/blocksuite/affine/blocks/code/src/index.ts	verbatim		10	0	txt
ac_cloud-notes/blocksuite/affine/blocks/code/src/markdown.ts	verbatim		51	0	txt
ac_cloud-notes/blocksuite/affine/blocks/code/src/store.ts	verbatim		16	0	txt
ac_cloud-notes/blocksuite/affine/blocks/code/src/styles.ts	verbatim		97	0	txt
ac_cloud-notes/blocksuite/affine/blocks/code/src/turbo/code-layout-handler.ts	verbatim		61	0	txt
ac_cloud-notes/blocksuite/affine/blocks/code/src/turbo/code-painter.worker.ts	verbatim		46	0	txt
ac_cloud-notes/blocksuite/affine/blocks/code/src/view.ts	verbatim		60	0	txt
ac_cloud-notes/blocksuite/affine/blocks/code/tsconfig.json	verbatim		25	0	txt
ac_cloud-notes/blocksuite/affine/blocks/data-view/package.json	verbatim		40	0	txt
ac_cloud-notes/blocksuite/affine/blocks/data-view/src/block-meta/base.ts	verbatim		36	0	txt
ac_cloud-notes/blocksuite/affine/blocks/data-view/src/block-meta/index.ts	verbatim		5	0	txt
ac_cloud-notes/blocksuite/affine/blocks/data-view/src/block-meta/todo.ts	verbatim		10	0	txt
ac_cloud-notes/blocksuite/affine/blocks/data-view/src/columns/index.ts	verbatim		21	0	txt
ac_cloud-notes/blocksuite/affine/blocks/data-view/src/configs/slash-menu.ts	verbatim		46	0	txt
ac_cloud-notes/blocksuite/affine/blocks/data-view/src/configs/tooltips.ts	verbatim		15	0	txt
ac_cloud-notes/blocksuite/affine/blocks/data-view/src/data-source.ts	verbatim		291	0	txt
ac_cloud-notes/blocksuite/affine/blocks/data-view/src/data-view-block.ts	verbatim		303	0	txt
ac_cloud-notes/blocksuite/affine/blocks/data-view/src/data-view-model.ts	verbatim		93	0	txt
ac_cloud-notes/blocksuite/affine/blocks/data-view/src/data-view-spec.ts	verbatim		7	0	txt
ac_cloud-notes/blocksuite/affine/blocks/data-view/src/effects.ts	verbatim		4	0	txt
ac_cloud-notes/blocksuite/affine/blocks/data-view/src/index.ts	verbatim		3	0	txt
ac_cloud-notes/blocksuite/affine/blocks/data-view/src/store.ts	verbatim		12	0	txt
ac_cloud-notes/blocksuite/affine/blocks/data-view/src/view.ts	verbatim		23	0	txt
ac_cloud-notes/blocksuite/affine/blocks/data-view/src/views/index.ts	verbatim		9	0	txt
ac_cloud-notes/blocksuite/affine/blocks/data-view/tsconfig.json	verbatim		21	0	txt
ac_cloud-notes/blocksuite/affine/blocks/database/package.json	verbatim		49	0	txt
ac_cloud-notes/blocksuite/affine/blocks/database/src/adapters/extension.ts	verbatim		11	0	txt
ac_cloud-notes/blocksuite/affine/blocks/database/src/adapters/html.ts	verbatim		95	0	txt
ac_cloud-notes/blocksuite/affine/blocks/database/src/adapters/index.ts	verbatim		4	0	txt
ac_cloud-notes/blocksuite/affine/blocks/database/src/adapters/markdown.ts	verbatim		60	0	txt
ac_cloud-notes/blocksuite/affine/blocks/database/src/adapters/notion-html.ts	verbatim		377	0	txt
ac_cloud-notes/blocksuite/affine/blocks/database/src/adapters/plain-text.ts	verbatim		43	0	txt
ac_cloud-notes/blocksuite/affine/blocks/database/src/adapters/utils.ts	verbatim		106	0	txt
ac_cloud-notes/blocksuite/affine/blocks/database/src/block-icons.ts	verbatim		45	0	txt
ac_cloud-notes/blocksuite/affine/blocks/database/src/commands.ts	verbatim		59	0	txt
ac_cloud-notes/blocksuite/affine/blocks/database/src/components/layout.ts	verbatim		62	0	txt
ac_cloud-notes/blocksuite/affine/blocks/database/src/components/title/index.ts	verbatim		172	0	txt
ac_cloud-notes/blocksuite/affine/blocks/database/src/config.ts	verbatim		4	0	txt
ac_cloud-notes/blocksuite/affine/blocks/database/src/configs/slash-menu.ts	verbatim		109	0	txt
ac_cloud-notes/blocksuite/affine/blocks/database/src/configs/tooltips.ts	verbatim		179	0	txt
ac_cloud-notes/blocksuite/affine/blocks/database/src/context/host-context.ts	verbatim		3	0	txt
ac_cloud-notes/blocksuite/affine/blocks/database/src/context/index.ts	verbatim		1	0	txt
ac_cloud-notes/blocksuite/affine/blocks/database/src/data-source.ts	verbatim		603	0	txt
ac_cloud-notes/blocksuite/affine/blocks/database/src/database-block-styles.ts	verbatim		62	0	txt
ac_cloud-notes/blocksuite/affine/blocks/database/src/database-block.ts	verbatim		503	0	txt
ac_cloud-notes/blocksuite/affine/blocks/database/src/database-dnd-preview-block.ts	verbatim		51	0	txt
ac_cloud-notes/blocksuite/affine/blocks/database/src/detail-panel/block-renderer.ts	verbatim		141	0	txt
ac_cloud-notes/blocksuite/affine/blocks/database/src/detail-panel/note-renderer.ts	verbatim		116	0	txt
ac_cloud-notes/blocksuite/affine/blocks/database/src/effects.ts	verbatim		27	0	txt
ac_cloud-notes/blocksuite/affine/blocks/database/src/index.ts	verbatim		14	0	txt
ac_cloud-notes/blocksuite/affine/blocks/database/src/properties/converts.ts	verbatim		174	0	txt
ac_cloud-notes/blocksuite/affine/blocks/database/src/properties/created-time/cell-renderer.ts	verbatim		47	0	txt
ac_cloud-notes/blocksuite/affine/blocks/database/src/properties/created-time/define.ts	verbatim		29	0	txt
ac_cloud-notes/blocksuite/affine/blocks/database/src/properties/index.ts	verbatim		27	0	txt
ac_cloud-notes/blocksuite/affine/blocks/database/src/properties/link/cell-renderer-css.ts	verbatim		90	0	txt
ac_cloud-notes/blocksuite/affine/blocks/database/src/properties/link/cell-renderer.ts	verbatim		171	0	txt
ac_cloud-notes/blocksuite/affine/blocks/database/src/properties/link/define.ts	verbatim		25	0	txt
ac_cloud-notes/blocksuite/affine/blocks/database/src/properties/model.ts	verbatim		18	0	txt
ac_cloud-notes/blocksuite/affine/blocks/database/src/properties/paste-url.ts	verbatim		53	0	txt
ac_cloud-notes/blocksuite/affine/blocks/database/src/properties/rich-text/cell-renderer-css.ts	verbatim		18	0	txt
ac_cloud-notes/blocksuite/affine/blocks/database/src/properties/rich-text/cell-renderer.ts	verbatim		371	0	txt
ac_cloud-notes/blocksuite/affine/blocks/database/src/properties/rich-text/define.ts	verbatim		74	0	txt
ac_cloud-notes/blocksuite/affine/blocks/database/src/properties/title/cell-renderer-css.ts	verbatim		28	0	txt
ac_cloud-notes/blocksuite/affine/blocks/database/src/properties/title/cell-renderer.ts	verbatim		21	0	txt
ac_cloud-notes/blocksuite/affine/blocks/database/src/properties/title/define.ts	verbatim		80	0	txt
ac_cloud-notes/blocksuite/affine/blocks/database/src/properties/title/icon.ts	verbatim		19	0	txt
ac_cloud-notes/blocksuite/affine/blocks/database/src/properties/title/text.ts	verbatim		276	0	txt
ac_cloud-notes/blocksuite/affine/blocks/database/src/selection.ts	verbatim		56	0	txt
ac_cloud-notes/blocksuite/affine/blocks/database/src/service/index.ts	verbatim		9	0	txt
ac_cloud-notes/blocksuite/affine/blocks/database/src/store.ts	verbatim		16	0	txt
ac_cloud-notes/blocksuite/affine/blocks/database/src/utils/block-utils.ts	verbatim		225	0	txt
ac_cloud-notes/blocksuite/affine/blocks/database/src/utils/current-view.ts	verbatim		48	0	txt
ac_cloud-notes/blocksuite/affine/blocks/database/src/utils/title-doc.ts	verbatim		27	0	txt
ac_cloud-notes/blocksuite/affine/blocks/database/src/view.ts	verbatim		44	0	txt
ac_cloud-notes/blocksuite/affine/blocks/database/src/views/index.ts	verbatim		11	0	txt
ac_cloud-notes/blocksuite/affine/blocks/database/src/widgets/index.ts	verbatim		1	0	txt
ac_cloud-notes/blocksuite/affine/blocks/database/tsconfig.json	verbatim		25	0	txt
ac_cloud-notes/blocksuite/affine/blocks/divider/package.json	verbatim		35	0	txt
ac_cloud-notes/blocksuite/affine/blocks/divider/src/adapters/extension.ts	verbatim		11	0	txt
ac_cloud-notes/blocksuite/affine/blocks/divider/src/adapters/html.ts	verbatim		51	0	txt
ac_cloud-notes/blocksuite/affine/blocks/divider/src/adapters/index.ts	verbatim		4	0	txt
ac_cloud-notes/blocksuite/affine/blocks/divider/src/adapters/markdown.ts	verbatim		47	0	txt
ac_cloud-notes/blocksuite/affine/blocks/divider/src/adapters/notion-html.ts	verbatim		36	0	txt
ac_cloud-notes/blocksuite/affine/blocks/divider/src/adapters/plain-text.ts	verbatim		19	0	txt
ac_cloud-notes/blocksuite/affine/blocks/divider/src/divider-block.ts	verbatim		40	0	txt
ac_cloud-notes/blocksuite/affine/blocks/divider/src/effects.ts	verbatim		4	0	txt
ac_cloud-notes/blocksuite/affine/blocks/divider/src/index.ts	verbatim		2	0	txt
ac_cloud-notes/blocksuite/affine/blocks/divider/src/markdown.ts	verbatim		57	0	txt
ac_cloud-notes/blocksuite/affine/blocks/divider/src/store.ts	verbatim		14	0	txt
ac_cloud-notes/blocksuite/affine/blocks/divider/src/styles.ts	verbatim		18	0	txt
ac_cloud-notes/blocksuite/affine/blocks/divider/src/view.ts	verbatim		22	0	txt
ac_cloud-notes/blocksuite/affine/blocks/divider/tsconfig.json	verbatim		18	0	txt
ac_cloud-notes/blocksuite/affine/blocks/edgeless-text/package.json	verbatim		38	0	txt
ac_cloud-notes/blocksuite/affine/blocks/edgeless-text/src/edgeless-clipboard-config.ts	verbatim		30	0	txt
ac_cloud-notes/blocksuite/affine/blocks/edgeless-text/src/edgeless-text-block.ts	verbatim		459	0	txt
ac_cloud-notes/blocksuite/affine/blocks/edgeless-text/src/edgeless-toolbar/config.ts	verbatim		16	0	txt
ac_cloud-notes/blocksuite/affine/blocks/edgeless-text/src/edgeless-toolbar/index.ts	verbatim		1	0	txt
ac_cloud-notes/blocksuite/affine/blocks/edgeless-text/src/effects.ts	verbatim		4	0	txt
ac_cloud-notes/blocksuite/affine/blocks/edgeless-text/src/index.ts	verbatim		3	0	txt
ac_cloud-notes/blocksuite/affine/blocks/edgeless-text/src/store.ts	verbatim		12	0	txt
ac_cloud-notes/blocksuite/affine/blocks/edgeless-text/src/view.ts	verbatim		32	0	txt
ac_cloud-notes/blocksuite/affine/blocks/edgeless-text/tsconfig.json	verbatim		21	0	txt
ac_cloud-notes/blocksuite/affine/blocks/embed-doc/package.json	verbatim		45	0	txt
ac_cloud-notes/blocksuite/affine/blocks/embed-doc/src/common/render-linked-doc.ts	verbatim		184	0	txt
ac_cloud-notes/blocksuite/affine/blocks/embed-doc/src/effects.ts	verbatim		33	0	txt
ac_cloud-notes/blocksuite/affine/blocks/embed-doc/src/embed-linked-doc-block/adapters/extension.ts	verbatim		9	0	txt
ac_cloud-notes/blocksuite/affine/blocks/embed-doc/src/embed-linked-doc-block/adapters/html.ts	verbatim		60	0	txt
ac_cloud-notes/blocksuite/affine/blocks/embed-doc/src/embed-linked-doc-block/adapters/index.ts	verbatim		3	0	txt
ac_cloud-notes/blocksuite/affine/blocks/embed-doc/src/embed-linked-doc-block/adapters/markdown.ts	verbatim		118	0	txt
ac_cloud-notes/blocksuite/affine/blocks/embed-doc/src/embed-linked-doc-block/adapters/plain-text.ts	verbatim		31	0	txt
ac_cloud-notes/blocksuite/affine/blocks/embed-doc/src/embed-linked-doc-block/commands/index.ts	verbatim		1	0	txt
ac_cloud-notes/blocksuite/affine/blocks/embed-doc/src/embed-linked-doc-block/commands/insert-embed-linked-doc.ts	verbatim		31	0	txt
ac_cloud-notes/blocksuite/affine/blocks/embed-doc/src/embed-linked-doc-block/configs/slash-menu.ts	verbatim		79	0	txt
ac_cloud-notes/blocksuite/affine/blocks/embed-doc/src/embed-linked-doc-block/configs/toolbar.ts	verbatim		457	0	txt
ac_cloud-notes/blocksuite/affine/blocks/embed-doc/src/embed-linked-doc-block/configs/tooltips.ts	verbatim		30	0	txt
ac_cloud-notes/blocksuite/affine/blocks/embed-doc/src/embed-linked-doc-block/edgeless-clipboard-config.ts	verbatim		27	0	txt
ac_cloud-notes/blocksuite/affine/blocks/embed-doc/src/embed-linked-doc-block/embed-edgeless-linked-doc-block.ts	verbatim		62	0	txt
ac_cloud-notes/blocksuite/affine/blocks/embed-doc/src/embed-linked-doc-block/embed-linked-doc-block.ts	verbatim		558	0	txt
ac_cloud-notes/blocksuite/affine/blocks/embed-doc/src/embed-linked-doc-block/embed-linked-doc-spec.ts	verbatim		18	0	txt
ac_cloud-notes/blocksuite/affine/blocks/embed-doc/src/embed-linked-doc-block/index.ts	verbatim		8	0	txt
ac_cloud-notes/blocksuite/affine/blocks/embed-doc/src/embed-linked-doc-block/styles.ts	verbatim		2175	0	txt
ac_cloud-notes/blocksuite/affine/blocks/embed-doc/src/embed-linked-doc-block/utils.ts	verbatim		99	0	txt
ac_cloud-notes/blocksuite/affine/blocks/embed-doc/src/embed-synced-doc-block/adapters/extension.ts	verbatim		9	0	txt
ac_cloud-notes/blocksuite/affine/blocks/embed-doc/src/embed-synced-doc-block/adapters/html.ts	verbatim		83	0	txt
ac_cloud-notes/blocksuite/affine/blocks/embed-doc/src/embed-synced-doc-block/adapters/index.ts	verbatim		3	0	txt
ac_cloud-notes/blocksuite/affine/blocks/embed-doc/src/embed-synced-doc-block/adapters/markdown.ts	verbatim		59	0	txt
ac_cloud-notes/blocksuite/affine/blocks/embed-doc/src/embed-synced-doc-block/adapters/plain-text.ts	verbatim		56	0	txt
ac_cloud-notes/blocksuite/affine/blocks/embed-doc/src/embed-synced-doc-block/commands/index.ts	verbatim		1	0	txt
ac_cloud-notes/blocksuite/affine/blocks/embed-doc/src/embed-synced-doc-block/commands/insert-embed-synced-doc.ts	verbatim		19	0	txt
ac_cloud-notes/blocksuite/affine/blocks/embed-doc/src/embed-synced-doc-block/components/embed-synced-doc-card.ts	verbatim		230	0	txt
ac_cloud-notes/blocksuite/affine/blocks/embed-doc/src/embed-synced-doc-block/configs/edgeless-interaction.ts	verbatim		76	0	txt
ac_cloud-notes/blocksuite/affine/blocks/embed-doc/src/embed-synced-doc-block/configs/index.ts	verbatim		16	0	txt
ac_cloud-notes/blocksuite/affine/blocks/embed-doc/src/embed-synced-doc-block/configs/toolbar.ts	verbatim		451	0	txt
ac_cloud-notes/blocksuite/affine/blocks/embed-doc/src/embed-synced-doc-block/edgeless-clipboard-config.ts	verbatim		23	0	txt
ac_cloud-notes/blocksuite/affine/blocks/embed-doc/src/embed-synced-doc-block/embed-edgeless-synced-doc-block.ts	verbatim		176	0	txt
ac_cloud-notes/blocksuite/affine/blocks/embed-doc/src/embed-synced-doc-block/embed-synced-doc-block.ts	verbatim		554	0	txt
ac_cloud-notes/blocksuite/affine/blocks/embed-doc/src/embed-synced-doc-block/embed-synced-doc-spec.ts	verbatim		17	0	txt
ac_cloud-notes/blocksuite/affine/blocks/embed-doc/src/embed-synced-doc-block/index.ts	verbatim		8	0	txt
ac_cloud-notes/blocksuite/affine/blocks/embed-doc/src/embed-synced-doc-block/init-height-extension.ts	verbatim		55	0	txt
ac_cloud-notes/blocksuite/affine/blocks/embed-doc/src/embed-synced-doc-block/styles.ts	verbatim		1064	0	txt
ac_cloud-notes/blocksuite/affine/blocks/embed-doc/src/embed-synced-doc-block/utils.ts	verbatim		68	0	txt
ac_cloud-notes/blocksuite/affine/blocks/embed-doc/src/index.ts	verbatim		2	0	txt
ac_cloud-notes/blocksuite/affine/blocks/embed-doc/src/store.ts	verbatim		22	0	txt
ac_cloud-notes/blocksuite/affine/blocks/embed-doc/src/view.ts	verbatim		36	0	txt
ac_cloud-notes/blocksuite/affine/blocks/embed-doc/tsconfig.json	verbatim		23	0	txt
ac_cloud-notes/blocksuite/affine/blocks/embed/package.json	verbatim		41	0	txt
ac_cloud-notes/blocksuite/affine/blocks/embed/src/common/adapters/html.ts	verbatim		64	0	txt
ac_cloud-notes/blocksuite/affine/blocks/embed/src/common/adapters/markdown.ts	verbatim		57	0	txt
ac_cloud-notes/blocksuite/affine/blocks/embed/src/common/adapters/notion-html.ts	verbatim		84	0	txt
ac_cloud-notes/blocksuite/affine/blocks/embed/src/common/adapters/plain-text.ts	verbatim		39	0	txt
ac_cloud-notes/blocksuite/affine/blocks/embed/src/common/embed-block-element.ts	verbatim		180	0	txt
ac_cloud-notes/blocksuite/affine/blocks/embed/src/common/embed-note-content-styles.ts	verbatim		82	0	txt
ac_cloud-notes/blocksuite/affine/blocks/embed/src/common/insert-embed-card.ts	verbatim		86	0	txt
ac_cloud-notes/blocksuite/affine/blocks/embed/src/common/render-linked-doc.ts	verbatim		183	0	txt
ac_cloud-notes/blocksuite/affine/blocks/embed/src/common/to-edgeless-embed-block.ts	verbatim		62	0	txt
ac_cloud-notes/blocksuite/affine/blocks/embed/src/common/utils.ts	verbatim		46	0	txt
ac_cloud-notes/blocksuite/affine/blocks/embed/src/configs/toolbar.ts	verbatim		604	0	txt
ac_cloud-notes/blocksuite/affine/blocks/embed/src/effects.ts	verbatim		89	0	txt
ac_cloud-notes/blocksuite/affine/blocks/embed/src/embed-figma-block/adapters/extension.ts	verbatim		11	0	txt
ac_cloud-notes/blocksuite/affine/blocks/embed/src/embed-figma-block/adapters/html.ts	verbatim		8	0	txt
ac_cloud-notes/blocksuite/affine/blocks/embed/src/embed-figma-block/adapters/index.ts	verbatim		4	0	txt
ac_cloud-notes/blocksuite/affine/blocks/embed/src/embed-figma-block/adapters/markdown.ts	verbatim		8	0	txt
ac_cloud-notes/blocksuite/affine/blocks/embed/src/embed-figma-block/adapters/notion-html.ts	verbatim		11	0	txt
ac_cloud-notes/blocksuite/affine/blocks/embed/src/embed-figma-block/adapters/plain-text.ts	verbatim		7	0	txt
ac_cloud-notes/blocksuite/affine/blocks/embed/src/embed-figma-block/configs/slash-menu.ts	verbatim		45	0	txt
ac_cloud-notes/blocksuite/affine/blocks/embed/src/embed-figma-block/configs/tooltips.ts	verbatim		22	0	txt
ac_cloud-notes/blocksuite/affine/blocks/embed/src/embed-figma-block/edgeless-clipboard-config.ts	verbatim		22	0	txt
ac_cloud-notes/blocksuite/affine/blocks/embed/src/embed-figma-block/embed-edgeless-figma-block.ts	verbatim		10	0	txt
ac_cloud-notes/blocksuite/affine/blocks/embed/src/embed-figma-block/embed-figma-block.ts	verbatim		111	0	txt
ac_cloud-notes/blocksuite/affine/blocks/embed/src/embed-figma-block/embed-figma-model.ts	verbatim		2	0	txt
ac_cloud-notes/blocksuite/affine/blocks/embed/src/embed-figma-block/embed-figma-service.ts	verbatim		12	0	txt
ac_cloud-notes/blocksuite/affine/blocks/embed/src/embed-figma-block/embed-figma-spec.ts	verbatim		23	0	txt
ac_cloud-notes/blocksuite/affine/blocks/embed/src/embed-figma-block/index.ts	verbatim		6	0	txt
ac_cloud-notes/blocksuite/affine/blocks/embed/src/embed-figma-block/styles.ts	verbatim		189	0	txt
ac_cloud-notes/blocksuite/affine/blocks/embed/src/embed-github-block/adapters/extension.ts	verbatim		11	0	txt
ac_cloud-notes/blocksuite/affine/blocks/embed/src/embed-github-block/adapters/html.ts	verbatim		8	0	txt
ac_cloud-notes/blocksuite/affine/blocks/embed/src/embed-github-block/adapters/index.ts	verbatim		4	0	txt
ac_cloud-notes/blocksuite/affine/blocks/embed/src/embed-github-block/adapters/markdown.ts	verbatim		7	0	txt
ac_cloud-notes/blocksuite/affine/blocks/embed/src/embed-github-block/adapters/notion-html.ts	verbatim		11	0	txt
ac_cloud-notes/blocksuite/affine/blocks/embed/src/embed-github-block/adapters/plain-text.ts	verbatim		7	0	txt
ac_cloud-notes/blocksuite/affine/blocks/embed/src/embed-github-block/configs/slash-menu.ts	verbatim		45	0	txt
ac_cloud-notes/blocksuite/affine/blocks/embed/src/embed-github-block/configs/tooltips.ts	verbatim		23	0	txt
ac_cloud-notes/blocksuite/affine/blocks/embed/src/embed-github-block/edgeless-clipboard-config.ts	verbatim		47	0	txt
ac_cloud-notes/blocksuite/affine/blocks/embed/src/embed-github-block/embed-edgeless-github-block.ts	verbatim		10	0	txt
ac_cloud-notes/blocksuite/affine/blocks/embed/src/embed-github-block/embed-github-block.ts	verbatim		251	0	txt
ac_cloud-notes/blocksuite/affine/blocks/embed/src/embed-github-block/embed-github-model.ts	verbatim		2	0	txt
ac_cloud-notes/blocksuite/affine/blocks/embed/src/embed-github-block/embed-github-service.ts	verbatim		31	0	txt
ac_cloud-notes/blocksuite/affine/blocks/embed/src/embed-github-block/embed-github-spec.ts	verbatim		27	0	txt
ac_cloud-notes/blocksuite/affine/blocks/embed/src/embed-github-block/index.ts	verbatim		6	0	txt
ac_cloud-notes/blocksuite/affine/blocks/embed/src/embed-github-block/styles.ts	verbatim		435	0	txt
ac_cloud-notes/blocksuite/affine/blocks/embed/src/embed-github-block/utils.ts	verbatim		161	0	txt
ac_cloud-notes/blocksuite/affine/blocks/embed/src/embed-html-block/components/fullscreen-toolbar.ts	verbatim		148	0	txt
ac_cloud-notes/blocksuite/affine/blocks/embed/src/embed-html-block/configs/toolbar.ts	verbatim		173	0	txt
ac_cloud-notes/blocksuite/affine/blocks/embed/src/embed-html-block/configs/tooltips.ts	verbatim		81	0	txt
ac_cloud-notes/blocksuite/affine/blocks/embed/src/embed-html-block/edgeless-clipboard-config.ts	verbatim		21	0	txt
ac_cloud-notes/blocksuite/affine/blocks/embed/src/embed-html-block/embed-edgeless-html-block.ts	verbatim		16	0	txt
ac_cloud-notes/blocksuite/affine/blocks/embed/src/embed-html-block/embed-html-block.ts	verbatim		96	0	txt
ac_cloud-notes/blocksuite/affine/blocks/embed/src/embed-html-block/embed-html-spec.ts	verbatim		16	0	txt
ac_cloud-notes/blocksuite/affine/blocks/embed/src/embed-html-block/index.ts	verbatim		8	0	txt
ac_cloud-notes/blocksuite/affine/blocks/embed/src/embed-html-block/styles.ts	verbatim		123	0	txt
ac_cloud-notes/blocksuite/affine/blocks/embed/src/embed-iframe-block/adapters/html.ts	verbatim		51	0	txt
ac_cloud-notes/blocksuite/affine/blocks/embed/src/embed-iframe-block/adapters/index.ts	verbatim		12	0	txt
ac_cloud-notes/blocksuite/affine/blocks/embed/src/embed-iframe-block/adapters/markdown.ts	verbatim		43	0	txt
ac_cloud-notes/blocksuite/affine/blocks/embed/src/embed-iframe-block/adapters/plain-text.ts	verbatim		28	0	txt
ac_cloud-notes/blocksuite/affine/blocks/embed/src/embed-iframe-block/commands/index.ts	verbatim		2	0	txt
ac_cloud-notes/blocksuite/affine/blocks/embed/src/embed-iframe-block/commands/insert-embed-iframe-with-url.ts	verbatim		94	0	txt
ac_cloud-notes/blocksuite/affine/blocks/embed/src/embed-iframe-block/commands/insert-empty-embed-iframe.ts	verbatim		48	0	txt
ac_cloud-notes/blocksuite/affine/blocks/embed/src/embed-iframe-block/components/embed-iframe-error-card.ts	verbatim		301	0	txt
ac_cloud-notes/blocksuite/affine/blocks/embed/src/embed-iframe-block/components/embed-iframe-idle-card.ts	verbatim		114	0	txt
ac_cloud-notes/blocksuite/affine/blocks/embed/src/embed-iframe-block/components/embed-iframe-link-edit-popup.ts	verbatim		109	0	txt
ac_cloud-notes/blocksuite/affine/blocks/embed/src/embed-iframe-block/components/embed-iframe-link-input-base.ts	verbatim		138	0	txt
ac_cloud-notes/blocksuite/affine/blocks/embed/src/embed-iframe-block/components/embed-iframe-link-input-popup.ts	verbatim		257	0	txt
ac_cloud-notes/blocksuite/affine/blocks/embed/src/embed-iframe-block/components/embed-iframe-loading-card.ts	verbatim		166	0	txt
ac_cloud-notes/blocksuite/affine/blocks/embed/src/embed-iframe-block/configs/index.ts	verbatim		2	0	txt
ac_cloud-notes/blocksuite/affine/blocks/embed/src/embed-iframe-block/configs/providers/bilibili.ts	verbatim		86	0	txt
ac_cloud-notes/blocksuite/affine/blocks/embed/src/embed-iframe-block/configs/providers/excalidraw.ts	verbatim		39	0	txt
ac_cloud-notes/blocksuite/affine/blocks/embed/src/embed-iframe-block/configs/providers/generic.ts	verbatim		80	0	txt
ac_cloud-notes/blocksuite/affine/blocks/embed/src/embed-iframe-block/configs/providers/google-docs.ts	verbatim		72	0	txt
ac_cloud-notes/blocksuite/affine/blocks/embed/src/embed-iframe-block/configs/providers/google-drive.ts	verbatim		194	0	txt
ac_cloud-notes/blocksuite/affine/blocks/embed/src/embed-iframe-block/configs/providers/index.ts	verbatim		16	0	txt
ac_cloud-notes/blocksuite/affine/blocks/embed/src/embed-iframe-block/configs/providers/miro.ts	verbatim		46	0	txt
ac_cloud-notes/blocksuite/affine/blocks/embed/src/embed-iframe-block/configs/providers/spotify.ts	verbatim		52	0	txt
ac_cloud-notes/blocksuite/affine/blocks/embed/src/embed-iframe-block/configs/slash-menu/slash-menu.ts	verbatim		35	0	txt
ac_cloud-notes/blocksuite/affine/blocks/embed/src/embed-iframe-block/configs/slash-menu/tooltip.ts	verbatim		73	0	txt
ac_cloud-notes/blocksuite/affine/blocks/embed/src/embed-iframe-block/configs/toolbar.ts	verbatim		432	0	txt
ac_cloud-notes/blocksuite/affine/blocks/embed/src/embed-iframe-block/consts.ts	verbatim		9	0	txt
ac_cloud-notes/blocksuite/affine/blocks/embed/src/embed-iframe-block/edgeless-clipboard-config.ts	verbatim		34	0	txt
ac_cloud-notes/blocksuite/affine/blocks/embed/src/embed-iframe-block/embed-edgeless-iframe-block.ts	verbatim		100	0	txt
ac_cloud-notes/blocksuite/affine/blocks/embed/src/embed-iframe-block/embed-iframe-block.ts	verbatim		500	0	txt
ac_cloud-notes/blocksuite/affine/blocks/embed/src/embed-iframe-block/embed-iframe-spec.ts	verbatim		20	0	txt
ac_cloud-notes/blocksuite/affine/blocks/embed/src/embed-iframe-block/index.ts	verbatim		11	0	txt
ac_cloud-notes/blocksuite/affine/blocks/embed/src/embed-iframe-block/style.ts	verbatim		38	0	txt
ac_cloud-notes/blocksuite/affine/blocks/embed/src/embed-iframe-block/types.ts	verbatim		16	0	txt
ac_cloud-notes/blocksuite/affine/blocks/embed/src/embed-iframe-block/utils.ts	verbatim		92	0	txt
ac_cloud-notes/blocksuite/affine/blocks/embed/src/embed-loom-block/adapters/extension.ts	verbatim		11	0	txt
ac_cloud-notes/blocksuite/affine/blocks/embed/src/embed-loom-block/adapters/html.ts	verbatim		8	0	txt
ac_cloud-notes/blocksuite/affine/blocks/embed/src/embed-loom-block/adapters/index.ts	verbatim		4	0	txt
ac_cloud-notes/blocksuite/affine/blocks/embed/src/embed-loom-block/adapters/markdown.ts	verbatim		8	0	txt
ac_cloud-notes/blocksuite/affine/blocks/embed/src/embed-loom-block/adapters/notion-html.ts	verbatim		11	0	txt
ac_cloud-notes/blocksuite/affine/blocks/embed/src/embed-loom-block/adapters/plain-text.ts	verbatim		7	0	txt
ac_cloud-notes/blocksuite/affine/blocks/embed/src/embed-loom-block/configs/slash-menu.ts	verbatim		45	0	txt
ac_cloud-notes/blocksuite/affine/blocks/embed/src/embed-loom-block/configs/tooltips.ts	verbatim		29	0	txt
ac_cloud-notes/blocksuite/affine/blocks/embed/src/embed-loom-block/edgeless-clipboard-config.ts	verbatim		25	0	txt
ac_cloud-notes/blocksuite/affine/blocks/embed/src/embed-loom-block/embed-edgeless-loom-bock.ts	verbatim		10	0	txt
ac_cloud-notes/blocksuite/affine/blocks/embed/src/embed-loom-block/embed-loom-block.ts	verbatim		153	0	txt
ac_cloud-notes/blocksuite/affine/blocks/embed/src/embed-loom-block/embed-loom-model.ts	verbatim		2	0	txt
ac_cloud-notes/blocksuite/affine/blocks/embed/src/embed-loom-block/embed-loom-service.ts	verbatim		21	0	txt
ac_cloud-notes/blocksuite/affine/blocks/embed/src/embed-loom-block/embed-loom-spec.ts	verbatim		27	0	txt
ac_cloud-notes/blocksuite/affine/blocks/embed/src/embed-loom-block/index.ts	verbatim		7	0	txt
ac_cloud-notes/blocksuite/affine/blocks/embed/src/embed-loom-block/styles.ts	verbatim		181	0	txt
ac_cloud-notes/blocksuite/affine/blocks/embed/src/embed-loom-block/utils.ts	verbatim		59	0	txt
ac_cloud-notes/blocksuite/affine/blocks/embed/src/embed-youtube-block/adapters/extension.ts	verbatim		11	0	txt
ac_cloud-notes/blocksuite/affine/blocks/embed/src/embed-youtube-block/adapters/html.ts	verbatim		46	0	txt
ac_cloud-notes/blocksuite/affine/blocks/embed/src/embed-youtube-block/adapters/index.ts	verbatim		4	0	txt
ac_cloud-notes/blocksuite/affine/blocks/embed/src/embed-youtube-block/adapters/markdown.ts	verbatim		7	0	txt
ac_cloud-notes/blocksuite/affine/blocks/embed/src/embed-youtube-block/adapters/notion-html.ts	verbatim		11	0	txt
ac_cloud-notes/blocksuite/affine/blocks/embed/src/embed-youtube-block/adapters/plain-text.ts	verbatim		9	0	txt
ac_cloud-notes/blocksuite/affine/blocks/embed/src/embed-youtube-block/configs/slash-menu.ts	verbatim		45	0	txt
ac_cloud-notes/blocksuite/affine/blocks/embed/src/embed-youtube-block/configs/tooltips.ts	verbatim		23	0	txt
ac_cloud-notes/blocksuite/affine/blocks/embed/src/embed-youtube-block/edgeless-clipboard-config.ts	verbatim		39	0	txt
ac_cloud-notes/blocksuite/affine/blocks/embed/src/embed-youtube-block/embed-edgeless-youtube-block.ts	verbatim		10	0	txt
ac_cloud-notes/blocksuite/affine/blocks/embed/src/embed-youtube-block/embed-youtube-block.ts	verbatim		197	0	txt
ac_cloud-notes/blocksuite/affine/blocks/embed/src/embed-youtube-block/embed-youtube-model.ts	verbatim		2	0	txt
ac_cloud-notes/blocksuite/affine/blocks/embed/src/embed-youtube-block/embed-youtube-service.ts	verbatim		31	0	txt
ac_cloud-notes/blocksuite/affine/blocks/embed/src/embed-youtube-block/embed-youtube-spec.ts	verbatim		27	0	txt
ac_cloud-notes/blocksuite/affine/blocks/embed/src/embed-youtube-block/index.ts	verbatim		7	0	txt
ac_cloud-notes/blocksuite/affine/blocks/embed/src/embed-youtube-block/styles.ts	verbatim		206	0	txt
ac_cloud-notes/blocksuite/affine/blocks/embed/src/embed-youtube-block/utils.ts	verbatim		96	0	txt
ac_cloud-notes/blocksuite/affine/blocks/embed/src/index.ts	verbatim		19	0	txt
ac_cloud-notes/blocksuite/affine/blocks/embed/src/store.ts	verbatim		44	0	txt
ac_cloud-notes/blocksuite/affine/blocks/embed/src/types.ts	verbatim		20	0	txt
ac_cloud-notes/blocksuite/affine/blocks/embed/src/view.ts	verbatim		68	0	txt
ac_cloud-notes/blocksuite/affine/blocks/embed/tsconfig.json	verbatim		20	0	txt
ac_cloud-notes/blocksuite/affine/blocks/frame/package.json	verbatim		42	0	txt
ac_cloud-notes/blocksuite/affine/blocks/frame/src/edgeless-clipboard-config.ts	verbatim		37	0	txt
ac_cloud-notes/blocksuite/affine/blocks/frame/src/edgeless-toolbar/config.ts	verbatim		9	0	txt
ac_cloud-notes/blocksuite/affine/blocks/frame/src/edgeless-toolbar/frame-dense-menu.ts	verbatim		32	0	txt
ac_cloud-notes/blocksuite/affine/blocks/frame/src/edgeless-toolbar/frame-menu.ts	verbatim		95	0	txt
ac_cloud-notes/blocksuite/affine/blocks/frame/src/edgeless-toolbar/frame-tool-button.ts	verbatim		45	0	txt
ac_cloud-notes/blocksuite/affine/blocks/frame/src/edgeless-toolbar/index.ts	verbatim		5	0	txt
ac_cloud-notes/blocksuite/affine/blocks/frame/src/edgeless-toolbar/presentation-toolbar.ts	verbatim		500	0	txt
ac_cloud-notes/blocksuite/affine/blocks/frame/src/edgeless-toolbar/quick-tool.ts	verbatim		14	0	txt
ac_cloud-notes/blocksuite/affine/blocks/frame/src/effects.ts	verbatim		45	0	txt
ac_cloud-notes/blocksuite/affine/blocks/frame/src/frame-block.ts	verbatim		183	0	txt
ac_cloud-notes/blocksuite/affine/blocks/frame/src/frame-highlight-manager.ts	verbatim		83	0	txt
ac_cloud-notes/blocksuite/affine/blocks/frame/src/frame-manager.ts	verbatim		418	0	txt
ac_cloud-notes/blocksuite/affine/blocks/frame/src/frame-spec.ts	verbatim		13	0	txt
ac_cloud-notes/blocksuite/affine/blocks/frame/src/frame-tool.ts	verbatim		89	0	txt
ac_cloud-notes/blocksuite/affine/blocks/frame/src/frame-toolbar.ts	verbatim		193	0	txt
ac_cloud-notes/blocksuite/affine/blocks/frame/src/index.ts	verbatim		9	0	txt
ac_cloud-notes/blocksuite/affine/blocks/frame/src/present-tool.ts	verbatim		9	0	txt
ac_cloud-notes/blocksuite/affine/blocks/frame/src/present/frame-order-button.ts	verbatim		69	0	txt
ac_cloud-notes/blocksuite/affine/blocks/frame/src/present/frame-order-menu.ts	verbatim		230	0	txt
ac_cloud-notes/blocksuite/affine/blocks/frame/src/present/navigator-bg-widget.ts	verbatim		105	0	txt
ac_cloud-notes/blocksuite/affine/blocks/frame/src/present/navigator-setting-button.ts	verbatim		169	0	txt
ac_cloud-notes/blocksuite/affine/blocks/frame/src/present/present-button.ts	verbatim		36	0	txt
ac_cloud-notes/blocksuite/affine/blocks/frame/src/store.ts	verbatim		12	0	txt
ac_cloud-notes/blocksuite/affine/blocks/frame/src/view.ts	verbatim		35	0	txt
ac_cloud-notes/blocksuite/affine/blocks/frame/tsconfig.json	verbatim		22	0	txt
ac_cloud-notes/blocksuite/affine/blocks/image/package.json	verbatim		43	0	txt
ac_cloud-notes/blocksuite/affine/blocks/image/src/adapters/extension.ts	verbatim		9	0	txt
ac_cloud-notes/blocksuite/affine/blocks/image/src/adapters/html.ts	verbatim		85	0	txt
ac_cloud-notes/blocksuite/affine/blocks/image/src/adapters/index.ts	verbatim		3	0	txt
ac_cloud-notes/blocksuite/affine/blocks/image/src/adapters/markdown.ts	verbatim		62	0	txt
ac_cloud-notes/blocksuite/affine/blocks/image/src/adapters/notion-html.ts	verbatim		78	0	txt
ac_cloud-notes/blocksuite/affine/blocks/image/src/adapters/utils.ts	verbatim		88	0	txt
ac_cloud-notes/blocksuite/affine/blocks/image/src/commands/index.ts	verbatim		1	0	txt
ac_cloud-notes/blocksuite/affine/blocks/image/src/commands/insert-images.ts	verbatim		35	0	txt
ac_cloud-notes/blocksuite/affine/blocks/image/src/components/image-block-fallback.ts	verbatim		111	0	txt
ac_cloud-notes/blocksuite/affine/blocks/image/src/components/image-selected-rect.ts	verbatim		78	0	txt
ac_cloud-notes/blocksuite/affine/blocks/image/src/components/page-image-block.ts	verbatim		362	0	txt
ac_cloud-notes/blocksuite/affine/blocks/image/src/configs/slash-menu.ts	verbatim		29	0	txt
ac_cloud-notes/blocksuite/affine/blocks/image/src/configs/toolbar.ts	verbatim		208	0	txt
ac_cloud-notes/blocksuite/affine/blocks/image/src/configs/tooltips.ts	verbatim		20	0	txt
ac_cloud-notes/blocksuite/affine/blocks/image/src/edgeless-clipboard-config.ts	verbatim		26	0	txt
ac_cloud-notes/blocksuite/affine/blocks/image/src/effects.ts	verbatim		20	0	txt
ac_cloud-notes/blocksuite/affine/blocks/image/src/image-block.ts	verbatim		172	0	txt
ac_cloud-notes/blocksuite/affine/blocks/image/src/image-edgeless-block.ts	verbatim		323	0	txt
ac_cloud-notes/blocksuite/affine/blocks/image/src/image-resize-manager.ts	verbatim		87	0	txt
ac_cloud-notes/blocksuite/affine/blocks/image/src/image-service.ts	verbatim		40	0	txt
ac_cloud-notes/blocksuite/affine/blocks/image/src/image-spec.ts	verbatim		24	0	txt
ac_cloud-notes/blocksuite/affine/blocks/image/src/index.ts	verbatim		11	0	txt
ac_cloud-notes/blocksuite/affine/blocks/image/src/preview-image/edgeless.ts	verbatim		22	0	txt
ac_cloud-notes/blocksuite/affine/blocks/image/src/preview-image/page.ts	verbatim		51	0	txt
ac_cloud-notes/blocksuite/affine/blocks/image/src/store.ts	verbatim		15	0	txt
ac_cloud-notes/blocksuite/affine/blocks/image/src/turbo/image-layout-handler.ts	verbatim		59	0	txt
ac_cloud-notes/blocksuite/affine/blocks/image/src/turbo/image-painter.worker.ts	verbatim		49	0	txt
ac_cloud-notes/blocksuite/affine/blocks/image/src/utils.ts	verbatim		361	0	txt
ac_cloud-notes/blocksuite/affine/blocks/image/src/view.ts	verbatim		23	0	txt
ac_cloud-notes/blocksuite/affine/blocks/image/tsconfig.json	verbatim		22	0	txt
ac_cloud-notes/blocksuite/affine/blocks/latex/package.json	verbatim		41	0	txt
ac_cloud-notes/blocksuite/affine/blocks/latex/src/adapters/extension.ts	verbatim		9	0	txt
ac_cloud-notes/blocksuite/affine/blocks/latex/src/adapters/index.ts	verbatim		3	0	txt
ac_cloud-notes/blocksuite/affine/blocks/latex/src/adapters/markdown/index.ts	verbatim		9	0	txt
ac_cloud-notes/blocksuite/affine/blocks/latex/src/adapters/markdown/markdown.ts	verbatim		52	0	txt
ac_cloud-notes/blocksuite/affine/blocks/latex/src/adapters/markdown/preprocessor.ts	verbatim		77	0	txt
ac_cloud-notes/blocksuite/affine/blocks/latex/src/adapters/notion-html.ts	verbatim		48	0	txt
ac_cloud-notes/blocksuite/affine/blocks/latex/src/adapters/plain-text.ts	verbatim		25	0	txt
ac_cloud-notes/blocksuite/affine/blocks/latex/src/commands.ts	verbatim		67	0	txt
ac_cloud-notes/blocksuite/affine/blocks/latex/src/configs/slash-menu.ts	verbatim		60	0	txt
ac_cloud-notes/blocksuite/affine/blocks/latex/src/configs/tooltips.ts	verbatim		40	0	txt
ac_cloud-notes/blocksuite/affine/blocks/latex/src/effects.ts	verbatim		4	0	txt
ac_cloud-notes/blocksuite/affine/blocks/latex/src/index.ts	verbatim		6	0	txt
ac_cloud-notes/blocksuite/affine/blocks/latex/src/latex-block.ts	verbatim		134	0	txt
ac_cloud-notes/blocksuite/affine/blocks/latex/src/store.ts	verbatim		16	0	txt
ac_cloud-notes/blocksuite/affine/blocks/latex/src/styles.ts	verbatim		36	0	txt
ac_cloud-notes/blocksuite/affine/blocks/latex/src/view.ts	verbatim		23	0	txt
ac_cloud-notes/blocksuite/affine/blocks/latex/tsconfig.json	verbatim		20	0	txt
ac_cloud-notes/blocksuite/affine/blocks/list/package.json	verbatim		41	0	txt
ac_cloud-notes/blocksuite/affine/blocks/list/src/adapters/extension.ts	verbatim		11	0	txt
ac_cloud-notes/blocksuite/affine/blocks/list/src/adapters/html.ts	verbatim		197	0	txt
ac_cloud-notes/blocksuite/affine/blocks/list/src/adapters/index.ts	verbatim		4	0	txt
ac_cloud-notes/blocksuite/affine/blocks/list/src/adapters/markdown.ts	verbatim		153	0	txt
ac_cloud-notes/blocksuite/affine/blocks/list/src/adapters/notion-html.ts	verbatim		112	0	txt
ac_cloud-notes/blocksuite/affine/blocks/list/src/adapters/plain-text.ts	verbatim		25	0	txt
ac_cloud-notes/blocksuite/affine/blocks/list/src/commands/convert-to-numbered-list.ts	verbatim		22	0	txt
ac_cloud-notes/blocksuite/affine/blocks/list/src/commands/dedent-list.ts	verbatim		148	0	txt
ac_cloud-notes/blocksuite/affine/blocks/list/src/commands/indent-list.ts	verbatim		131	0	txt
ac_cloud-notes/blocksuite/affine/blocks/list/src/commands/index.ts	verbatim		5	0	txt
ac_cloud-notes/blocksuite/affine/blocks/list/src/commands/list-to-paragraph.ts	verbatim		39	0	txt
ac_cloud-notes/blocksuite/affine/blocks/list/src/commands/split-list.ts	verbatim		233	0	txt
ac_cloud-notes/blocksuite/affine/blocks/list/src/commands/utils.ts	verbatim		66	0	txt
ac_cloud-notes/blocksuite/affine/blocks/list/src/effects.ts	verbatim		9	0	txt
ac_cloud-notes/blocksuite/affine/blocks/list/src/index.ts	verbatim		6	0	txt
ac_cloud-notes/blocksuite/affine/blocks/list/src/list-block.ts	verbatim		203	0	txt
ac_cloud-notes/blocksuite/affine/blocks/list/src/list-keymap.ts	verbatim		128	0	txt
ac_cloud-notes/blocksuite/affine/blocks/list/src/markdown.ts	verbatim		79	0	txt
ac_cloud-notes/blocksuite/affine/blocks/list/src/store.ts	verbatim		14	0	txt
ac_cloud-notes/blocksuite/affine/blocks/list/src/styles.ts	verbatim		59	0	txt
ac_cloud-notes/blocksuite/affine/blocks/list/src/turbo/list-layout-handler.ts	verbatim		132	0	txt
ac_cloud-notes/blocksuite/affine/blocks/list/src/turbo/list-painter.worker.ts	verbatim		102	0	txt
ac_cloud-notes/blocksuite/affine/blocks/list/src/utils/forward-delete.ts	verbatim		70	0	txt
ac_cloud-notes/blocksuite/affine/blocks/list/src/utils/get-list-icon.ts	verbatim		76	0	txt
ac_cloud-notes/blocksuite/affine/blocks/list/src/view.ts	verbatim		26	0	txt
ac_cloud-notes/blocksuite/affine/blocks/list/tsconfig.json	verbatim		21	0	txt
ac_cloud-notes/blocksuite/affine/blocks/note/package.json	verbatim		51	0	txt
ac_cloud-notes/blocksuite/affine/blocks/note/src/adapters/html.ts	verbatim		39	0	txt
ac_cloud-notes/blocksuite/affine/blocks/note/src/adapters/index.ts	verbatim		26	0	txt
ac_cloud-notes/blocksuite/affine/blocks/note/src/adapters/markdown.ts	verbatim		123	0	txt
ac_cloud-notes/blocksuite/affine/blocks/note/src/adapters/plain-text.ts	verbatim		36	0	txt
ac_cloud-notes/blocksuite/affine/blocks/note/src/commands/block-type.ts	verbatim		285	0	txt
ac_cloud-notes/blocksuite/affine/blocks/note/src/commands/change-note-display-mode.ts	verbatim		52	0	txt
ac_cloud-notes/blocksuite/affine/blocks/note/src/commands/dedent-block-to-root.ts	verbatim		33	0	txt
ac_cloud-notes/blocksuite/affine/blocks/note/src/commands/dedent-block.ts	verbatim		61	0	txt
ac_cloud-notes/blocksuite/affine/blocks/note/src/commands/dedent-blocks-to-root.ts	verbatim		37	0	txt
ac_cloud-notes/blocksuite/affine/blocks/note/src/commands/dedent-blocks.ts	verbatim		76	0	txt
ac_cloud-notes/blocksuite/affine/blocks/note/src/commands/indent-block.ts	verbatim		68	0	txt
ac_cloud-notes/blocksuite/affine/blocks/note/src/commands/indent-blocks.ts	verbatim		111	0	txt
ac_cloud-notes/blocksuite/affine/blocks/note/src/commands/index.ts	verbatim		11	0	txt
ac_cloud-notes/blocksuite/affine/blocks/note/src/commands/select-block.ts	verbatim		18	0	txt
ac_cloud-notes/blocksuite/affine/blocks/note/src/commands/select-blocks-between.ts	verbatim		48	0	txt
ac_cloud-notes/blocksuite/affine/blocks/note/src/commands/update-block-align.ts	verbatim		47	0	txt
ac_cloud-notes/blocksuite/affine/blocks/note/src/components/edgeless-note-background.css.ts	verbatim		24	0	txt
ac_cloud-notes/blocksuite/affine/blocks/note/src/components/edgeless-note-background.ts	verbatim		156	0	txt
ac_cloud-notes/blocksuite/affine/blocks/note/src/components/edgeless-note-border-dropdown-menu.ts	verbatim		37	0	txt
ac_cloud-notes/blocksuite/affine/blocks/note/src/components/edgeless-note-display-mode-dropdown-menu.ts	verbatim		51	0	txt
ac_cloud-notes/blocksuite/affine/blocks/note/src/components/edgeless-note-mask.ts	verbatim		71	0	txt
ac_cloud-notes/blocksuite/affine/blocks/note/src/components/edgeless-note-shadow-menu.ts	verbatim		188	0	txt
ac_cloud-notes/blocksuite/affine/blocks/note/src/components/edgeless-note-style-panel.ts	verbatim		393	0	txt
ac_cloud-notes/blocksuite/affine/blocks/note/src/components/edgeless-page-block-title.css.ts	verbatim		9	0	txt
ac_cloud-notes/blocksuite/affine/blocks/note/src/components/edgeless-page-block-title.ts	verbatim		40	0	txt
ac_cloud-notes/blocksuite/affine/blocks/note/src/components/icons.ts	verbatim		72	0	txt
ac_cloud-notes/blocksuite/affine/blocks/note/src/components/more-indicator.ts	verbatim		16	0	txt
ac_cloud-notes/blocksuite/affine/blocks/note/src/config.ts	verbatim		17	0	txt
ac_cloud-notes/blocksuite/affine/blocks/note/src/configs/slash-menu.ts	verbatim		145	0	txt
ac_cloud-notes/blocksuite/affine/blocks/note/src/configs/toolbar.ts	verbatim		318	0	txt
ac_cloud-notes/blocksuite/affine/blocks/note/src/configs/tooltips.ts	verbatim		297	0	txt
ac_cloud-notes/blocksuite/affine/blocks/note/src/edgeless-clipboard-config.ts	verbatim		23	0	txt
ac_cloud-notes/blocksuite/affine/blocks/note/src/effects.ts	verbatim		29	0	txt
ac_cloud-notes/blocksuite/affine/blocks/note/src/index.ts	verbatim		9	0	txt
ac_cloud-notes/blocksuite/affine/blocks/note/src/move-block.ts	verbatim		111	0	txt
ac_cloud-notes/blocksuite/affine/blocks/note/src/note-block.ts	verbatim		30	0	txt
ac_cloud-notes/blocksuite/affine/blocks/note/src/note-edgeless-block.css.ts	verbatim		66	0	txt
ac_cloud-notes/blocksuite/affine/blocks/note/src/note-edgeless-block.ts	verbatim		456	0	txt
ac_cloud-notes/blocksuite/affine/blocks/note/src/note-keymap.ts	verbatim		579	0	txt
ac_cloud-notes/blocksuite/affine/blocks/note/src/quick-action.ts	verbatim		61	0	txt
ac_cloud-notes/blocksuite/affine/blocks/note/src/store.ts	verbatim		31	0	txt
ac_cloud-notes/blocksuite/affine/blocks/note/src/turbo/note-layout-handler.ts	verbatim		70	0	txt
ac_cloud-notes/blocksuite/affine/blocks/note/src/turbo/note-painter.worker.ts	verbatim		43	0	txt
ac_cloud-notes/blocksuite/affine/blocks/note/src/view.ts	verbatim		40	0	txt
ac_cloud-notes/blocksuite/affine/blocks/note/tsconfig.json	verbatim		25	0	txt
ac_cloud-notes/blocksuite/affine/blocks/paragraph/package.json	verbatim		42	0	txt
ac_cloud-notes/blocksuite/affine/blocks/paragraph/src/adapters/extension.ts	verbatim		11	0	txt
ac_cloud-notes/blocksuite/affine/blocks/paragraph/src/adapters/html.ts	verbatim		457	0	txt
ac_cloud-notes/blocksuite/affine/blocks/paragraph/src/adapters/index.ts	verbatim		4	0	txt
ac_cloud-notes/blocksuite/affine/blocks/paragraph/src/adapters/markdown.ts	verbatim		321	0	txt
ac_cloud-notes/blocksuite/affine/blocks/paragraph/src/adapters/notion-html.ts	verbatim		233	0	txt
ac_cloud-notes/blocksuite/affine/blocks/paragraph/src/adapters/plain-text.ts	verbatim		26	0	txt
ac_cloud-notes/blocksuite/affine/blocks/paragraph/src/commands/add-paragraph.ts	verbatim		51	0	txt
ac_cloud-notes/blocksuite/affine/blocks/paragraph/src/commands/append-paragraph.ts	verbatim		27	0	txt
ac_cloud-notes/blocksuite/affine/blocks/paragraph/src/commands/dedent-paragraph.ts	verbatim		97	0	txt
ac_cloud-notes/blocksuite/affine/blocks/paragraph/src/commands/indent-paragraph.ts	verbatim		139	0	txt
ac_cloud-notes/blocksuite/affine/blocks/paragraph/src/commands/index.ts	verbatim		11	0	txt
ac_cloud-notes/blocksuite/affine/blocks/paragraph/src/commands/split-paragraph.ts	verbatim		75	0	txt
ac_cloud-notes/blocksuite/affine/blocks/paragraph/src/effects.ts	verbatim		11	0	txt
ac_cloud-notes/blocksuite/affine/blocks/paragraph/src/heading-icon.ts	verbatim		82	0	txt
ac_cloud-notes/blocksuite/affine/blocks/paragraph/src/index.ts	verbatim		6	0	txt
ac_cloud-notes/blocksuite/affine/blocks/paragraph/src/markdown.ts	verbatim		67	0	txt
ac_cloud-notes/blocksuite/affine/blocks/paragraph/src/paragraph-block-config.ts	verbatim		7	0	txt
ac_cloud-notes/blocksuite/affine/blocks/paragraph/src/paragraph-block.ts	verbatim		363	0	txt
ac_cloud-notes/blocksuite/affine/blocks/paragraph/src/paragraph-keymap.ts	verbatim		212	0	txt
ac_cloud-notes/blocksuite/affine/blocks/paragraph/src/store.ts	verbatim		14	0	txt
ac_cloud-notes/blocksuite/affine/blocks/paragraph/src/styles.ts	verbatim		142	0	txt
ac_cloud-notes/blocksuite/affine/blocks/paragraph/src/turbo/paragraph-layout-handler.ts	verbatim		95	0	txt
ac_cloud-notes/blocksuite/affine/blocks/paragraph/src/turbo/paragraph-painter.worker.ts	verbatim		98	0	txt
ac_cloud-notes/blocksuite/affine/blocks/paragraph/src/utils/forward-delete.ts	verbatim		87	0	txt
ac_cloud-notes/blocksuite/affine/blocks/paragraph/src/utils/merge-with-prev.ts	verbatim		193	0	txt
ac_cloud-notes/blocksuite/affine/blocks/paragraph/src/view.ts	verbatim		58	0	txt
ac_cloud-notes/blocksuite/affine/blocks/paragraph/tsconfig.json	verbatim		21	0	txt
ac_cloud-notes/blocksuite/affine/blocks/root/package.json	verbatim		65	0	txt
ac_cloud-notes/blocksuite/affine/blocks/root/src/adapters/extension.ts	verbatim		9	0	txt
ac_cloud-notes/blocksuite/affine/blocks/root/src/adapters/html.ts	verbatim		132	0	txt
ac_cloud-notes/blocksuite/affine/blocks/root/src/adapters/index.ts	verbatim		3	0	txt
ac_cloud-notes/blocksuite/affine/blocks/root/src/adapters/markdown.ts	verbatim		34	0	txt
ac_cloud-notes/blocksuite/affine/blocks/root/src/adapters/notion-html.ts	verbatim		26	0	txt
ac_cloud-notes/blocksuite/affine/blocks/root/src/clipboard/index.ts	verbatim		2	0	txt
ac_cloud-notes/blocksuite/affine/blocks/root/src/clipboard/page-clipboard.ts	verbatim		185	0	txt
ac_cloud-notes/blocksuite/affine/blocks/root/src/clipboard/readonly-clipboard.ts	verbatim		63	0	txt
ac_cloud-notes/blocksuite/affine/blocks/root/src/configs/toolbar.ts	verbatim		457	0	txt
ac_cloud-notes/blocksuite/affine/blocks/root/src/edgeless/clipboard/canvas.ts	verbatim		105	0	txt
ac_cloud-notes/blocksuite/affine/blocks/root/src/edgeless/clipboard/clipboard.ts	verbatim		617	0	txt
ac_cloud-notes/blocksuite/affine/blocks/root/src/edgeless/clipboard/command.ts	verbatim		182	0	txt
ac_cloud-notes/blocksuite/affine/blocks/root/src/edgeless/clipboard/utils.ts	verbatim		123	0	txt
ac_cloud-notes/blocksuite/affine/blocks/root/src/edgeless/configs/toolbar/alignment.ts	verbatim		258	0	txt
ac_cloud-notes/blocksuite/affine/blocks/root/src/edgeless/configs/toolbar/index.ts	verbatim		16	0	txt
ac_cloud-notes/blocksuite/affine/blocks/root/src/edgeless/configs/toolbar/misc.ts	verbatim		336	0	txt
ac_cloud-notes/blocksuite/affine/blocks/root/src/edgeless/configs/toolbar/more.ts	verbatim		401	0	txt
ac_cloud-notes/blocksuite/affine/blocks/root/src/edgeless/configs/toolbar/render-linked-doc.ts	verbatim		89	0	txt
ac_cloud-notes/blocksuite/affine/blocks/root/src/edgeless/configs/toolbar/utils.ts	verbatim		13	0	txt
ac_cloud-notes/blocksuite/affine/blocks/root/src/edgeless/edgeless-keyboard.ts	verbatim		670	0	txt
ac_cloud-notes/blocksuite/affine/blocks/root/src/edgeless/edgeless-root-block.ts	verbatim		443	0	txt
ac_cloud-notes/blocksuite/affine/blocks/root/src/edgeless/edgeless-root-service.ts	verbatim		192	0	txt
ac_cloud-notes/blocksuite/affine/blocks/root/src/edgeless/edgeless-root-spec.ts	verbatim		9	0	txt
ac_cloud-notes/blocksuite/affine/blocks/root/src/edgeless/index.ts	verbatim		9	0	txt
ac_cloud-notes/blocksuite/affine/blocks/root/src/edgeless/interact-extensions/clone-ext.ts	verbatim		26	0	txt
ac_cloud-notes/blocksuite/affine/blocks/root/src/edgeless/utils/clipboard-utils.ts	verbatim		88	0	txt
ac_cloud-notes/blocksuite/affine/blocks/root/src/edgeless/utils/clone-utils.ts	verbatim		219	0	txt
ac_cloud-notes/blocksuite/affine/blocks/root/src/edgeless/utils/connector.ts	verbatim		33	0	txt
ac_cloud-notes/blocksuite/affine/blocks/root/src/edgeless/utils/consts.ts	verbatim		3	0	txt
ac_cloud-notes/blocksuite/affine/blocks/root/src/edgeless/utils/crud.ts	verbatim		33	0	txt
ac_cloud-notes/blocksuite/affine/blocks/root/src/edgeless/utils/cursors.ts	verbatim		2	0	txt
ac_cloud-notes/blocksuite/affine/blocks/root/src/edgeless/utils/query.ts	verbatim		95	0	txt
ac_cloud-notes/blocksuite/affine/blocks/root/src/effects.ts	verbatim		25	0	txt
ac_cloud-notes/blocksuite/affine/blocks/root/src/index.ts	verbatim		7	0	txt
ac_cloud-notes/blocksuite/affine/blocks/root/src/keyboard/keyboard-manager.ts	verbatim		147	0	txt
ac_cloud-notes/blocksuite/affine/blocks/root/src/keyboard/keymap.ts	verbatim		15	0	txt
ac_cloud-notes/blocksuite/affine/blocks/root/src/page/page-root-block.ts	verbatim		384	0	txt
ac_cloud-notes/blocksuite/affine/blocks/root/src/preview/edgeless-root-preview-block.ts	verbatim		220	0	txt
ac_cloud-notes/blocksuite/affine/blocks/root/src/preview/preview-root-block.ts	verbatim		35	0	txt
ac_cloud-notes/blocksuite/affine/blocks/root/src/store.ts	verbatim		14	0	txt
ac_cloud-notes/blocksuite/affine/blocks/root/src/types.ts	verbatim		5	0	txt
ac_cloud-notes/blocksuite/affine/blocks/root/src/view.ts	verbatim		87	0	txt
ac_cloud-notes/blocksuite/affine/blocks/root/tsconfig.json	verbatim		41	0	txt
ac_cloud-notes/blocksuite/affine/blocks/surface-ref/package.json	verbatim		40	0	txt
ac_cloud-notes/blocksuite/affine/blocks/surface-ref/src/commands.ts	verbatim		51	0	txt
ac_cloud-notes/blocksuite/affine/blocks/surface-ref/src/components/index.ts	verbatim		2	0	txt
ac_cloud-notes/blocksuite/affine/blocks/surface-ref/src/components/placeholder.ts	verbatim		117	0	txt
ac_cloud-notes/blocksuite/affine/blocks/surface-ref/src/components/surface-ref-toolbar-title.ts	verbatim		69	0	txt
ac_cloud-notes/blocksuite/affine/blocks/surface-ref/src/configs/slash-menu.ts	verbatim		144	0	txt
ac_cloud-notes/blocksuite/affine/blocks/surface-ref/src/configs/toolbar.ts	verbatim		92	0	txt
ac_cloud-notes/blocksuite/affine/blocks/surface-ref/src/configs/tooltips.ts	verbatim		109	0	txt
ac_cloud-notes/blocksuite/affine/blocks/surface-ref/src/effects.ts	verbatim		19	0	txt
ac_cloud-notes/blocksuite/affine/blocks/surface-ref/src/icons.ts	verbatim		209	0	txt
ac_cloud-notes/blocksuite/affine/blocks/surface-ref/src/index.ts	verbatim		3	0	txt
ac_cloud-notes/blocksuite/affine/blocks/surface-ref/src/portal/generic-block.ts	verbatim		74	0	txt
ac_cloud-notes/blocksuite/affine/blocks/surface-ref/src/portal/note.ts	verbatim		149	0	txt
ac_cloud-notes/blocksuite/affine/blocks/surface-ref/src/store.ts	verbatim		12	0	txt
ac_cloud-notes/blocksuite/affine/blocks/surface-ref/src/surface-ref-block-edgeless.ts	verbatim		68	0	txt
ac_cloud-notes/blocksuite/affine/blocks/surface-ref/src/surface-ref-block.ts	verbatim		439	0	txt
ac_cloud-notes/blocksuite/affine/blocks/surface-ref/src/utils.ts	verbatim		149	0	txt
ac_cloud-notes/blocksuite/affine/blocks/surface-ref/src/view.ts	verbatim		44	0	txt
ac_cloud-notes/blocksuite/affine/blocks/surface-ref/tsconfig.json	verbatim		22	0	txt
ac_cloud-notes/blocksuite/affine/blocks/surface/package.json	verbatim		45	0	txt
ac_cloud-notes/blocksuite/affine/blocks/surface/src/__tests__/a-star.unit.spec.ts	verbatim		111	0	txt
ac_cloud-notes/blocksuite/affine/blocks/surface/src/__tests__/bound.unit.spec.ts	verbatim		158	0	txt
ac_cloud-notes/blocksuite/affine/blocks/surface/src/__tests__/graph.unit.spec.ts	verbatim		21	0	txt
ac_cloud-notes/blocksuite/affine/blocks/surface/src/__tests__/math-utils.unit.spec.ts	verbatim		143	0	txt
ac_cloud-notes/blocksuite/affine/blocks/surface/src/__tests__/priority-queue.unit.spec.ts	verbatim		40	0	txt
ac_cloud-notes/blocksuite/affine/blocks/surface/src/__tests__/sort.unit.spec.ts	verbatim		90	0	txt
ac_cloud-notes/blocksuite/affine/blocks/surface/src/adapters/extension.ts	verbatim		18	0	txt
ac_cloud-notes/blocksuite/affine/blocks/surface/src/adapters/html-adapter/html.ts	verbatim		18	0	txt
ac_cloud-notes/blocksuite/affine/blocks/surface/src/adapters/index.ts	verbatim		1	0	txt
ac_cloud-notes/blocksuite/affine/blocks/surface/src/adapters/markdown/element-adapter/index.ts	verbatim		29	0	txt
ac_cloud-notes/blocksuite/affine/blocks/surface/src/adapters/markdown/element-adapter/type.ts	verbatim		25	0	txt
ac_cloud-notes/blocksuite/affine/blocks/surface/src/adapters/markdown/markdown.ts	verbatim		69	0	txt
ac_cloud-notes/blocksuite/affine/blocks/surface/src/adapters/plain-text/element-adapter/index.ts	verbatim		28	0	txt
ac_cloud-notes/blocksuite/affine/blocks/surface/src/adapters/plain-text/element-adapter/type.ts	verbatim		25	0	txt
ac_cloud-notes/blocksuite/affine/blocks/surface/src/adapters/plain-text/plain-text.ts	verbatim		70	0	txt
ac_cloud-notes/blocksuite/affine/blocks/surface/src/adapters/type.ts	verbatim		26	0	txt
ac_cloud-notes/blocksuite/affine/blocks/surface/src/commands/auto-align.ts	verbatim		145	0	txt
ac_cloud-notes/blocksuite/affine/blocks/surface/src/commands/index.ts	verbatim		5	0	txt
ac_cloud-notes/blocksuite/affine/blocks/surface/src/commands/reassociate-connectors.ts	verbatim		42	0	txt
ac_cloud-notes/blocksuite/affine/blocks/surface/src/consts.ts	verbatim		25	0	txt
ac_cloud-notes/blocksuite/affine/blocks/surface/src/effects.ts	verbatim		6	0	txt
ac_cloud-notes/blocksuite/affine/blocks/surface/src/element-model/base.ts	verbatim		4	0	txt
ac_cloud-notes/blocksuite/affine/blocks/surface/src/element-model/index.ts	verbatim		50	0	txt
ac_cloud-notes/blocksuite/affine/blocks/surface/src/extensions/clipboard-config.ts	verbatim		67	0	txt
ac_cloud-notes/blocksuite/affine/blocks/surface/src/extensions/crud-extension.ts	verbatim		156	0	txt
ac_cloud-notes/blocksuite/affine/blocks/surface/src/extensions/dom-element-renderer.ts	verbatim		28	0	txt
ac_cloud-notes/blocksuite/affine/blocks/surface/src/extensions/edit-props-middleware-builder.ts	verbatim		22	0	txt
ac_cloud-notes/blocksuite/affine/blocks/surface/src/extensions/element-renderer.ts	verbatim		28	0	txt
ac_cloud-notes/blocksuite/affine/blocks/surface/src/extensions/export-manager/export-manager.ts	verbatim		500	0	txt
ac_cloud-notes/blocksuite/affine/blocks/surface/src/extensions/export-manager/file-exporter.ts	verbatim		73	0	txt
ac_cloud-notes/blocksuite/affine/blocks/surface/src/extensions/export-manager/index.ts	verbatim		1	0	txt
ac_cloud-notes/blocksuite/affine/blocks/surface/src/extensions/index.ts	verbatim		9	0	txt
ac_cloud-notes/blocksuite/affine/blocks/surface/src/extensions/legacy-slot-extension.ts	verbatim		36	0	txt
ac_cloud-notes/blocksuite/affine/blocks/surface/src/extensions/query.ts	verbatim		13	0	txt
ac_cloud-notes/blocksuite/affine/blocks/surface/src/extensions/surface-middleware.ts	verbatim		19	0	txt
ac_cloud-notes/blocksuite/affine/blocks/surface/src/index.ts	verbatim		52	0	txt
ac_cloud-notes/blocksuite/affine/blocks/surface/src/renderer/canvas-renderer.ts	verbatim		1195	0	txt
ac_cloud-notes/blocksuite/affine/blocks/surface/src/renderer/dom-elements/index.ts	verbatim		28	0	txt
ac_cloud-notes/blocksuite/affine/blocks/surface/src/renderer/dom-renderer.ts	verbatim		732	0	txt
ac_cloud-notes/blocksuite/affine/blocks/surface/src/renderer/elements/index.ts	verbatim		19	0	txt
ac_cloud-notes/blocksuite/affine/blocks/surface/src/renderer/elements/type.ts	verbatim		5	0	txt
ac_cloud-notes/blocksuite/affine/blocks/surface/src/renderer/overlay.ts	verbatim		45	0	txt
ac_cloud-notes/blocksuite/affine/blocks/surface/src/renderer/placeholder-style.ts	verbatim		8	0	txt
ac_cloud-notes/blocksuite/affine/blocks/surface/src/renderer/tool-overlay.ts	verbatim		35	0	txt
ac_cloud-notes/blocksuite/affine/blocks/surface/src/store.ts	verbatim		14	0	txt
ac_cloud-notes/blocksuite/affine/blocks/surface/src/surface-block-void.ts	verbatim		13	0	txt
ac_cloud-notes/blocksuite/affine/blocks/surface/src/surface-block.ts	verbatim		220	0	txt
ac_cloud-notes/blocksuite/affine/blocks/surface/src/surface-model.ts	verbatim		184	0	txt
ac_cloud-notes/blocksuite/affine/blocks/surface/src/surface-transformer.ts	verbatim		100	0	txt
ac_cloud-notes/blocksuite/affine/blocks/surface/src/tool/default-tool.ts	verbatim		283	0	txt
ac_cloud-notes/blocksuite/affine/blocks/surface/src/tool/panning-utils.ts	verbatim		40	0	txt
ac_cloud-notes/blocksuite/affine/blocks/surface/src/utils/a-star.ts	verbatim		268	0	txt
ac_cloud-notes/blocksuite/affine/blocks/surface/src/utils/font.ts	verbatim		51	0	txt
ac_cloud-notes/blocksuite/affine/blocks/surface/src/utils/get-bg-grip-gap.ts	verbatim		7	0	txt
ac_cloud-notes/blocksuite/affine/blocks/surface/src/utils/get-last-props-key.ts	verbatim		24	0	txt
ac_cloud-notes/blocksuite/affine/blocks/surface/src/utils/get-surface-block.ts	verbatim		13	0	txt
ac_cloud-notes/blocksuite/affine/blocks/surface/src/utils/graph.ts	verbatim		142	0	txt
ac_cloud-notes/blocksuite/affine/blocks/surface/src/utils/index.ts	verbatim		33	0	txt
ac_cloud-notes/blocksuite/affine/blocks/surface/src/utils/path-data-parser/LICENSE	verbatim		17	0	txt
ac_cloud-notes/blocksuite/affine/blocks/surface/src/utils/path-data-parser/absolutize.ts	verbatim		116	0	txt
ac_cloud-notes/blocksuite/affine/blocks/surface/src/utils/path-data-parser/normalize.ts	verbatim		254	0	txt
ac_cloud-notes/blocksuite/affine/blocks/surface/src/utils/path-data-parser/parser.ts	verbatim		145	0	txt
ac_cloud-notes/blocksuite/affine/blocks/surface/src/utils/points-on-curve/LICENSE	verbatim		17	0	txt
ac_cloud-notes/blocksuite/affine/blocks/surface/src/utils/points-on-curve/curve-to-bezier.ts	verbatim		49	0	txt
ac_cloud-notes/blocksuite/affine/blocks/surface/src/utils/points-on-curve/index.ts	verbatim		143	0	txt
ac_cloud-notes/blocksuite/affine/blocks/surface/src/utils/points-on-path/LICENSE	verbatim		17	0	txt
ac_cloud-notes/blocksuite/affine/blocks/surface/src/utils/points-on-path/index.ts	verbatim		70	0	txt
ac_cloud-notes/blocksuite/affine/blocks/surface/src/utils/priority-queue.ts	verbatim		70	0	txt
ac_cloud-notes/blocksuite/affine/blocks/surface/src/utils/rough/LICENSE	verbatim		17	0	txt
ac_cloud-notes/blocksuite/affine/blocks/surface/src/utils/rough/canvas.ts	verbatim		194	0	txt
ac_cloud-notes/blocksuite/affine/blocks/surface/src/utils/rough/core.ts	verbatim		83	0	txt
ac_cloud-notes/blocksuite/affine/blocks/surface/src/utils/rough/fillers/dashed-filler.ts	verbatim		58	0	txt
ac_cloud-notes/blocksuite/affine/blocks/surface/src/utils/rough/fillers/dot-filler.ts	verbatim		45	0	txt
ac_cloud-notes/blocksuite/affine/blocks/surface/src/utils/rough/fillers/filler-interface.ts	verbatim		23	0	txt
ac_cloud-notes/blocksuite/affine/blocks/surface/src/utils/rough/fillers/filler.ts	verbatim		52	0	txt
ac_cloud-notes/blocksuite/affine/blocks/surface/src/utils/rough/fillers/hachure-filler.ts	verbatim		33	0	txt
ac_cloud-notes/blocksuite/affine/blocks/surface/src/utils/rough/fillers/hatch-filler.ts	verbatim		12	0	txt
ac_cloud-notes/blocksuite/affine/blocks/surface/src/utils/rough/fillers/scan-line-hachure.ts	verbatim		140	0	txt
ac_cloud-notes/blocksuite/affine/blocks/surface/src/utils/rough/fillers/zigzag-filler.ts	verbatim		30	0	txt
ac_cloud-notes/blocksuite/affine/blocks/surface/src/utils/rough/fillers/zigzag-line-filler.ts	verbatim		60	0	txt
ac_cloud-notes/blocksuite/affine/blocks/surface/src/utils/rough/generator.ts	verbatim		318	0	txt
ac_cloud-notes/blocksuite/affine/blocks/surface/src/utils/rough/geometry.ts	verbatim		39	0	txt
ac_cloud-notes/blocksuite/affine/blocks/surface/src/utils/rough/math.ts	verbatim		18	0	txt
ac_cloud-notes/blocksuite/affine/blocks/surface/src/utils/rough/renderer.ts	verbatim		707	0	txt
ac_cloud-notes/blocksuite/affine/blocks/surface/src/utils/rough/rough.ts	verbatim		18	0	txt
ac_cloud-notes/blocksuite/affine/blocks/surface/src/utils/rough/svg.ts	verbatim		165	0	txt
ac_cloud-notes/blocksuite/affine/blocks/surface/src/utils/sort.ts	verbatim		80	0	txt
ac_cloud-notes/blocksuite/affine/blocks/surface/src/utils/update-xywh.ts	verbatim		80	0	txt
ac_cloud-notes/blocksuite/affine/blocks/surface/src/view.ts	verbatim		41	0	txt
ac_cloud-notes/blocksuite/affine/blocks/surface/tsconfig.json	verbatim		17	0	txt
ac_cloud-notes/blocksuite/affine/blocks/surface/vitest.config.ts	verbatim		29	0	txt
ac_cloud-notes/blocksuite/affine/blocks/table/package.json	verbatim		42	0	txt
ac_cloud-notes/blocksuite/affine/blocks/table/src/adapters/extension.ts	verbatim		11	0	txt
ac_cloud-notes/blocksuite/affine/blocks/table/src/adapters/html.ts	verbatim		120	0	txt
ac_cloud-notes/blocksuite/affine/blocks/table/src/adapters/index.ts	verbatim		5	0	txt
ac_cloud-notes/blocksuite/affine/blocks/table/src/adapters/markdown.ts	verbatim		75	0	txt
ac_cloud-notes/blocksuite/affine/blocks/table/src/adapters/notion-html.ts	verbatim		18	0	txt
ac_cloud-notes/blocksuite/affine/blocks/table/src/adapters/plain-text.ts	verbatim		74	0	txt
ac_cloud-notes/blocksuite/affine/blocks/table/src/adapters/utils.ts	verbatim		199	0	txt
ac_cloud-notes/blocksuite/affine/blocks/table/src/add-button-css.ts	verbatim		95	0	txt
ac_cloud-notes/blocksuite/affine/blocks/table/src/add-button.ts	verbatim		311	0	txt
ac_cloud-notes/blocksuite/affine/blocks/table/src/color.ts	verbatim		43	0	txt
ac_cloud-notes/blocksuite/affine/blocks/table/src/commands.ts	verbatim		41	0	txt
ac_cloud-notes/blocksuite/affine/blocks/table/src/configs/slash-menu.ts	verbatim		42	0	txt
ac_cloud-notes/blocksuite/affine/blocks/table/src/configs/tooltips.ts	verbatim		67	0	txt
ac_cloud-notes/blocksuite/affine/blocks/table/src/consts.ts	verbatim		4	0	txt
ac_cloud-notes/blocksuite/affine/blocks/table/src/effects.ts	verbatim		10	0	txt
ac_cloud-notes/blocksuite/affine/blocks/table/src/index.ts	verbatim		4	0	txt
ac_cloud-notes/blocksuite/affine/blocks/table/src/selection-controller.ts	verbatim		564	0	txt
ac_cloud-notes/blocksuite/affine/blocks/table/src/selection-layer.ts	verbatim		101	0	txt
ac_cloud-notes/blocksuite/affine/blocks/table/src/selection-schema.ts	verbatim		95	0	txt
ac_cloud-notes/blocksuite/affine/blocks/table/src/store.ts	verbatim		16	0	txt
ac_cloud-notes/blocksuite/affine/blocks/table/src/table-block-css.ts	verbatim		57	0	txt
ac_cloud-notes/blocksuite/affine/blocks/table/src/table-block.ts	verbatim		274	0	txt
ac_cloud-notes/blocksuite/affine/blocks/table/src/table-cell-css.ts	verbatim		152	0	txt
ac_cloud-notes/blocksuite/affine/blocks/table/src/table-cell.ts	verbatim		833	0	txt
ac_cloud-notes/blocksuite/affine/blocks/table/src/table-data-manager.ts	verbatim		351	0	txt
ac_cloud-notes/blocksuite/affine/blocks/table/src/table-keymap.ts	verbatim		6	0	txt
ac_cloud-notes/blocksuite/affine/blocks/table/src/utils.ts	verbatim		10	0	txt
ac_cloud-notes/blocksuite/affine/blocks/table/src/view.ts	verbatim		27	0	txt
ac_cloud-notes/blocksuite/affine/blocks/table/tsconfig.json	verbatim		22	0	txt
ac_cloud-notes/blocksuite/affine/components/package.json	verbatim		78	0	txt
ac_cloud-notes/blocksuite/affine/components/src/block-selection/index.ts	verbatim		61	0	txt
ac_cloud-notes/blocksuite/affine/components/src/block-zero-width/index.ts	verbatim		52	0	txt
ac_cloud-notes/blocksuite/affine/components/src/caption/block-caption.ts	verbatim		160	0	txt
ac_cloud-notes/blocksuite/affine/components/src/caption/captioned-block-component.ts	verbatim		77	0	txt
ac_cloud-notes/blocksuite/affine/components/src/caption/index.ts	verbatim		9	0	txt
ac_cloud-notes/blocksuite/affine/components/src/caption/styles.ts	verbatim		17	0	txt
ac_cloud-notes/blocksuite/affine/components/src/card-style-dropdown-menu/dropdown-menu.ts	verbatim		109	0	txt
ac_cloud-notes/blocksuite/affine/components/src/card-style-dropdown-menu/index.ts	verbatim		8	0	txt
ac_cloud-notes/blocksuite/affine/components/src/citation/citation.ts	verbatim		154	0	txt
ac_cloud-notes/blocksuite/affine/components/src/citation/index.ts	verbatim		5	0	txt
ac_cloud-notes/blocksuite/affine/components/src/color-picker/button.ts	verbatim		181	0	txt
ac_cloud-notes/blocksuite/affine/components/src/color-picker/color-panel.ts	verbatim		230	0	txt
ac_cloud-notes/blocksuite/affine/components/src/color-picker/color-picker.ts	verbatim		553	0	txt
ac_cloud-notes/blocksuite/affine/components/src/color-picker/consts.ts	verbatim		21	0	txt
ac_cloud-notes/blocksuite/affine/components/src/color-picker/custom-button.ts	verbatim		64	0	txt
ac_cloud-notes/blocksuite/affine/components/src/color-picker/icons.ts	verbatim		64	0	txt
ac_cloud-notes/blocksuite/affine/components/src/color-picker/index.ts	verbatim		37	0	txt
ac_cloud-notes/blocksuite/affine/components/src/color-picker/styles.ts	verbatim		285	0	txt
ac_cloud-notes/blocksuite/affine/components/src/color-picker/types.ts	verbatim		40	0	txt
ac_cloud-notes/blocksuite/affine/components/src/color-picker/utils.ts	verbatim		304	0	txt
ac_cloud-notes/blocksuite/affine/components/src/context-menu/button.ts	verbatim		287	0	txt
ac_cloud-notes/blocksuite/affine/components/src/context-menu/dynamic.ts	verbatim		13	0	txt
ac_cloud-notes/blocksuite/affine/components/src/context-menu/focusable.ts	verbatim		13	0	txt
ac_cloud-notes/blocksuite/affine/components/src/context-menu/group.ts	verbatim		35	0	txt
ac_cloud-notes/blocksuite/affine/components/src/context-menu/index.ts	verbatim		27	0	txt
ac_cloud-notes/blocksuite/affine/components/src/context-menu/input.ts	verbatim		239	0	txt
ac_cloud-notes/blocksuite/affine/components/src/context-menu/item.ts	verbatim		10	0	txt
ac_cloud-notes/blocksuite/affine/components/src/context-menu/menu-all.ts	verbatim		13	0	txt
ac_cloud-notes/blocksuite/affine/components/src/context-menu/menu-divider.ts	verbatim		42	0	txt
ac_cloud-notes/blocksuite/affine/components/src/context-menu/menu-renderer.ts	verbatim		559	0	txt
ac_cloud-notes/blocksuite/affine/components/src/context-menu/menu.ts	verbatim		141	0	txt
ac_cloud-notes/blocksuite/affine/components/src/context-menu/sub-menu.ts	verbatim		253	0	txt
ac_cloud-notes/blocksuite/affine/components/src/context-menu/types.ts	verbatim		14	0	txt
ac_cloud-notes/blocksuite/affine/components/src/date-picker/date-picker.ts	verbatim		566	0	txt
ac_cloud-notes/blocksuite/affine/components/src/date-picker/icons.ts	verbatim		10	0	txt
ac_cloud-notes/blocksuite/affine/components/src/date-picker/index.ts	verbatim		5	0	txt
ac_cloud-notes/blocksuite/affine/components/src/date-picker/style.ts	verbatim		252	0	txt
ac_cloud-notes/blocksuite/affine/components/src/date-picker/utils.ts	verbatim		63	0	txt
ac_cloud-notes/blocksuite/affine/components/src/drop-indicator/drop-indicator.ts	verbatim		44	0	txt
ac_cloud-notes/blocksuite/affine/components/src/drop-indicator/file-drop-manager.ts	verbatim		243	0	txt
ac_cloud-notes/blocksuite/affine/components/src/drop-indicator/index.ts	verbatim		11	0	txt
ac_cloud-notes/blocksuite/affine/components/src/edgeless-line-styles-panel/index.ts	verbatim		5	0	txt
ac_cloud-notes/blocksuite/affine/components/src/edgeless-line-styles-panel/line-styles-panel.ts	verbatim		101	0	txt
ac_cloud-notes/blocksuite/affine/components/src/edgeless-line-width-panel/index.ts	verbatim		5	0	txt
ac_cloud-notes/blocksuite/affine/components/src/edgeless-line-width-panel/line-width-panel.ts	verbatim		42	0	txt
ac_cloud-notes/blocksuite/affine/components/src/edgeless-shape-color-picker/color-picker.ts	verbatim		294	0	txt
ac_cloud-notes/blocksuite/affine/components/src/edgeless-shape-color-picker/index.ts	verbatim		8	0	txt
ac_cloud-notes/blocksuite/affine/components/src/embed-card-modal/embed-card-create-modal.ts	verbatim		187	0	txt
ac_cloud-notes/blocksuite/affine/components/src/embed-card-modal/embed-card-edit-modal.ts	verbatim		404	0	txt
ac_cloud-notes/blocksuite/affine/components/src/embed-card-modal/index.ts	verbatim		8	0	txt
ac_cloud-notes/blocksuite/affine/components/src/embed-card-modal/styles.ts	verbatim		123	0	txt
ac_cloud-notes/blocksuite/affine/components/src/filterable-list/index.ts	verbatim		231	0	txt
ac_cloud-notes/blocksuite/affine/components/src/filterable-list/styles.ts	verbatim		93	0	txt
ac_cloud-notes/blocksuite/affine/components/src/filterable-list/types.ts	verbatim		14	0	txt
ac_cloud-notes/blocksuite/affine/components/src/highlight-dropdown-menu/dropdown-menu.ts	verbatim		111	0	txt
ac_cloud-notes/blocksuite/affine/components/src/highlight-dropdown-menu/highlight-duotone-icon.ts	verbatim		21	0	txt
ac_cloud-notes/blocksuite/affine/components/src/highlight-dropdown-menu/index.ts	verbatim		14	0	txt
ac_cloud-notes/blocksuite/affine/components/src/highlight-dropdown-menu/text-duotone-icon.ts	verbatim		24	0	txt
ac_cloud-notes/blocksuite/affine/components/src/hover/controller.ts	verbatim		171	0	txt
ac_cloud-notes/blocksuite/affine/components/src/hover/index.ts	verbatim		3	0	txt
ac_cloud-notes/blocksuite/affine/components/src/hover/middlewares/basic.ts	verbatim		75	0	txt
ac_cloud-notes/blocksuite/affine/components/src/hover/middlewares/safe-area.ts	verbatim		345	0	txt
ac_cloud-notes/blocksuite/affine/components/src/hover/types.ts	verbatim		61	0	txt
ac_cloud-notes/blocksuite/affine/components/src/hover/when-hover.ts	verbatim		135	0	txt
ac_cloud-notes/blocksuite/affine/components/src/icon-button/index.ts	verbatim		209	0	txt
ac_cloud-notes/blocksuite/affine/components/src/icons/ai.ts	verbatim		96	0	txt
ac_cloud-notes/blocksuite/affine/components/src/icons/file-icons-rc.ts	verbatim		172	0	txt
ac_cloud-notes/blocksuite/affine/components/src/icons/file-icons.ts	verbatim		103	0	txt
ac_cloud-notes/blocksuite/affine/components/src/icons/import-export.ts	verbatim		103	0	txt
ac_cloud-notes/blocksuite/affine/components/src/icons/index.ts	verbatim		10	0	txt
ac_cloud-notes/blocksuite/affine/components/src/icons/list.ts	verbatim		37	0	txt
ac_cloud-notes/blocksuite/affine/components/src/icons/loading.ts	verbatim		46	0	txt
ac_cloud-notes/blocksuite/affine/components/src/icons/misc.ts	verbatim		55	0	txt
ac_cloud-notes/blocksuite/affine/components/src/icons/tags.ts	verbatim		4	0	txt
ac_cloud-notes/blocksuite/affine/components/src/icons/text.ts	verbatim		775	0	txt
ac_cloud-notes/blocksuite/affine/components/src/icons/utils.ts	verbatim		11	0	txt
ac_cloud-notes/blocksuite/affine/components/src/index.ts	verbatim		1	0	txt
ac_cloud-notes/blocksuite/affine/components/src/link-preview/index.ts	verbatim		5	0	txt
ac_cloud-notes/blocksuite/affine/components/src/link-preview/link.ts	verbatim		72	0	txt
ac_cloud-notes/blocksuite/affine/components/src/linked-doc-title/doc-title.ts	verbatim		55	0	txt
ac_cloud-notes/blocksuite/affine/components/src/linked-doc-title/index.ts	verbatim		5	0	txt
ac_cloud-notes/blocksuite/affine/components/src/notification/index.ts	verbatim		1	0	txt
ac_cloud-notes/blocksuite/affine/components/src/notification/linked-doc.ts	verbatim		38	0	txt
ac_cloud-notes/blocksuite/affine/components/src/open-doc-dropdown-menu/dropdown-menu.ts	verbatim		118	0	txt
ac_cloud-notes/blocksuite/affine/components/src/open-doc-dropdown-menu/index.ts	verbatim		5	0	txt
ac_cloud-notes/blocksuite/affine/components/src/peek/commands.ts	verbatim		42	0	txt
ac_cloud-notes/blocksuite/affine/components/src/peek/controller.ts	verbatim		26	0	txt
ac_cloud-notes/blocksuite/affine/components/src/peek/index.ts	verbatim		8	0	txt
ac_cloud-notes/blocksuite/affine/components/src/peek/peekable.ts	verbatim		121	0	txt
ac_cloud-notes/blocksuite/affine/components/src/peek/service.ts	verbatim		13	0	txt
ac_cloud-notes/blocksuite/affine/components/src/peek/type.ts	verbatim		63	0	txt
ac_cloud-notes/blocksuite/affine/components/src/portal/helper.ts	verbatim		208	0	txt
ac_cloud-notes/blocksuite/affine/components/src/portal/index.ts	verbatim		7	0	txt
ac_cloud-notes/blocksuite/affine/components/src/portal/portal.ts	verbatim		52	0	txt
ac_cloud-notes/blocksuite/affine/components/src/portal/types.ts	verbatim		77	0	txt
ac_cloud-notes/blocksuite/affine/components/src/resource/index.ts	verbatim		6	0	txt
ac_cloud-notes/blocksuite/affine/components/src/resource/resource.ts	verbatim		183	0	txt
ac_cloud-notes/blocksuite/affine/components/src/resource/status.ts	verbatim		147	0	txt
ac_cloud-notes/blocksuite/affine/components/src/size-dropdown-menu/dropdown-menu.ts	verbatim		181	0	txt
ac_cloud-notes/blocksuite/affine/components/src/size-dropdown-menu/index.ts	verbatim		5	0	txt
ac_cloud-notes/blocksuite/affine/components/src/slider/index.ts	verbatim		5	0	txt
ac_cloud-notes/blocksuite/affine/components/src/slider/slider.ts	verbatim		135	0	txt
ac_cloud-notes/blocksuite/affine/components/src/slider/styles.ts	verbatim		68	0	txt
ac_cloud-notes/blocksuite/affine/components/src/slider/types.ts	verbatim		20	0	txt
ac_cloud-notes/blocksuite/affine/components/src/slider/utils.ts	verbatim		9	0	txt
ac_cloud-notes/blocksuite/affine/components/src/smooth-corner/index.ts	verbatim		167	0	txt
ac_cloud-notes/blocksuite/affine/components/src/toast/create.ts	verbatim		35	0	txt
ac_cloud-notes/blocksuite/affine/components/src/toast/html-to-element.ts	verbatim		18	0	txt
ac_cloud-notes/blocksuite/affine/components/src/toast/index.ts	verbatim		1	0	txt
ac_cloud-notes/blocksuite/affine/components/src/toast/toast.ts	verbatim		73	0	txt
ac_cloud-notes/blocksuite/affine/components/src/toggle-button/index.ts	verbatim		5	0	txt
ac_cloud-notes/blocksuite/affine/components/src/toggle-button/toggle-button.ts	verbatim		86	0	txt
ac_cloud-notes/blocksuite/affine/components/src/toggle-switch/index.ts	verbatim		75	0	txt
ac_cloud-notes/blocksuite/affine/components/src/toolbar/chevron-down.ts	verbatim		6	0	txt
ac_cloud-notes/blocksuite/affine/components/src/toolbar/config.ts	verbatim		5	0	txt
ac_cloud-notes/blocksuite/affine/components/src/toolbar/icon-button.ts	verbatim		186	0	txt
ac_cloud-notes/blocksuite/affine/components/src/toolbar/index.ts	verbatim		45	0	txt
ac_cloud-notes/blocksuite/affine/components/src/toolbar/menu-button.ts	verbatim		216	0	txt
ac_cloud-notes/blocksuite/affine/components/src/toolbar/menu-context.ts	verbatim		20	0	txt
ac_cloud-notes/blocksuite/affine/components/src/toolbar/separator.ts	verbatim		33	0	txt
ac_cloud-notes/blocksuite/affine/components/src/toolbar/styles.ts	verbatim		36	0	txt
ac_cloud-notes/blocksuite/affine/components/src/toolbar/toolbar.ts	verbatim		45	0	txt
ac_cloud-notes/blocksuite/affine/components/src/toolbar/types.ts	verbatim		32	0	txt
ac_cloud-notes/blocksuite/affine/components/src/toolbar/utils.ts	verbatim		111	0	txt
ac_cloud-notes/blocksuite/affine/components/src/tooltip-content-with-shortcut/index.ts	verbatim		76	0	txt
ac_cloud-notes/blocksuite/affine/components/src/tooltip/effect.ts	verbatim		6	0	txt
ac_cloud-notes/blocksuite/affine/components/src/tooltip/index.ts	verbatim		2	0	txt
ac_cloud-notes/blocksuite/affine/components/src/tooltip/tooltip.ts	verbatim		295	0	txt
ac_cloud-notes/blocksuite/affine/components/src/view-dropdown-menu/dropdown-menu.ts	verbatim		79	0	txt
ac_cloud-notes/blocksuite/affine/components/src/view-dropdown-menu/index.ts	verbatim		5	0	txt
ac_cloud-notes/blocksuite/affine/components/tsconfig.json	verbatim		17	0	txt
ac_cloud-notes/blocksuite/affine/data-view/package.json	verbatim		50	0	txt
ac_cloud-notes/blocksuite/affine/data-view/src/__tests__/calendar-layout.unit.spec.ts	verbatim		331	0	txt
ac_cloud-notes/blocksuite/affine/data-view/src/__tests__/calendar.unit.spec.ts	verbatim		739	0	txt
ac_cloud-notes/blocksuite/affine/data-view/src/__tests__/compare-date-keys.unit.spec.ts	verbatim		30	0	txt
ac_cloud-notes/blocksuite/affine/data-view/src/__tests__/hotkeys.unit.spec.ts	verbatim		199	0	txt
ac_cloud-notes/blocksuite/affine/data-view/src/__tests__/kanban.unit.spec.ts	verbatim		717	0	txt
ac_cloud-notes/blocksuite/affine/data-view/src/__tests__/table.unit.spec.ts	verbatim		211	0	txt
ac_cloud-notes/blocksuite/affine/data-view/src/core/common/css-variable.ts	verbatim		65	0	txt
ac_cloud-notes/blocksuite/affine/data-view/src/core/common/dv-css.ts	verbatim		79	0	txt
ac_cloud-notes/blocksuite/affine/data-view/src/core/common/index.ts	verbatim		8	0	txt
ac_cloud-notes/blocksuite/affine/data-view/src/core/common/properties.ts	verbatim		259	0	txt
ac_cloud-notes/blocksuite/affine/data-view/src/core/common/property-menu.ts	verbatim		61	0	txt
ac_cloud-notes/blocksuite/affine/data-view/src/core/common/types.ts	verbatim		14	0	txt
ac_cloud-notes/blocksuite/affine/data-view/src/core/component/button/button.ts	verbatim		76	0	txt
ac_cloud-notes/blocksuite/affine/data-view/src/core/component/index.ts	verbatim		3	0	txt
ac_cloud-notes/blocksuite/affine/data-view/src/core/component/overflow/overflow.ts	verbatim		92	0	txt
ac_cloud-notes/blocksuite/affine/data-view/src/core/component/tags/colors.ts	verbatim		82	0	txt
ac_cloud-notes/blocksuite/affine/data-view/src/core/component/tags/index.ts	verbatim		3	0	txt
ac_cloud-notes/blocksuite/affine/data-view/src/core/component/tags/multi-tag-select.ts	verbatim		621	0	txt
ac_cloud-notes/blocksuite/affine/data-view/src/core/component/tags/multi-tag-view.ts	verbatim		78	0	txt
ac_cloud-notes/blocksuite/affine/data-view/src/core/component/tags/styles-css.ts	verbatim		129	0	txt
ac_cloud-notes/blocksuite/affine/data-view/src/core/data-source/base.ts	verbatim		231	0	txt
ac_cloud-notes/blocksuite/affine/data-view/src/core/data-source/index.ts	verbatim		1	0	txt
ac_cloud-notes/blocksuite/affine/data-view/src/core/data-view.ts	verbatim		211	0	txt
ac_cloud-notes/blocksuite/affine/data-view/src/core/detail/detail.ts	verbatim		275	0	txt
ac_cloud-notes/blocksuite/affine/data-view/src/core/detail/field.ts	verbatim		257	0	txt
ac_cloud-notes/blocksuite/affine/data-view/src/core/detail/selection.ts	verbatim		160	0	txt
ac_cloud-notes/blocksuite/affine/data-view/src/core/effect.ts	verbatim		38	0	txt
ac_cloud-notes/blocksuite/affine/data-view/src/core/expression/index.ts	verbatim		3	0	txt
ac_cloud-notes/blocksuite/affine/data-view/src/core/expression/ref/index.ts	verbatim		2	0	txt
ac_cloud-notes/blocksuite/affine/data-view/src/core/expression/ref/ref-view.ts	verbatim		82	0	txt
ac_cloud-notes/blocksuite/affine/data-view/src/core/expression/ref/ref.ts	verbatim		4	0	txt
ac_cloud-notes/blocksuite/affine/data-view/src/core/expression/types.ts	verbatim		19	0	txt
ac_cloud-notes/blocksuite/affine/data-view/src/core/filter/add-filter.ts	verbatim		66	0	txt
ac_cloud-notes/blocksuite/affine/data-view/src/core/filter/eval.ts	verbatim		51	0	txt
ac_cloud-notes/blocksuite/affine/data-view/src/core/filter/filter-fn/boolean.ts	verbatim		26	0	txt
ac_cloud-notes/blocksuite/affine/data-view/src/core/filter/filter-fn/create.ts	verbatim		62	0	txt
ac_cloud-notes/blocksuite/affine/data-view/src/core/filter/filter-fn/date.ts	verbatim		35	0	txt
ac_cloud-notes/blocksuite/affine/data-view/src/core/filter/filter-fn/matcher.ts	verbatim		58	0	txt
ac_cloud-notes/blocksuite/affine/data-view/src/core/filter/filter-fn/multi-tag.ts	verbatim		88	0	txt
ac_cloud-notes/blocksuite/affine/data-view/src/core/filter/filter-fn/number.ts	verbatim		87	0	txt
ac_cloud-notes/blocksuite/affine/data-view/src/core/filter/filter-fn/string.ts	verbatim		68	0	txt
ac_cloud-notes/blocksuite/affine/data-view/src/core/filter/filter-fn/tag.ts	verbatim		45	0	txt
ac_cloud-notes/blocksuite/affine/data-view/src/core/filter/filter-fn/unknown.ts	verbatim		36	0	txt
ac_cloud-notes/blocksuite/affine/data-view/src/core/filter/filter-fn/utils.ts	verbatim		19	0	txt
ac_cloud-notes/blocksuite/affine/data-view/src/core/filter/generate-default-values.ts	verbatim		40	0	txt
ac_cloud-notes/blocksuite/affine/data-view/src/core/filter/index.ts	verbatim		5	0	txt
ac_cloud-notes/blocksuite/affine/data-view/src/core/filter/literal/create.ts	verbatim		4	0	txt
ac_cloud-notes/blocksuite/affine/data-view/src/core/filter/literal/define.ts	verbatim		153	0	txt
ac_cloud-notes/blocksuite/affine/data-view/src/core/filter/literal/index.ts	verbatim		3	0	txt
ac_cloud-notes/blocksuite/affine/data-view/src/core/filter/literal/matcher.ts	verbatim		18	0	txt
ac_cloud-notes/blocksuite/affine/data-view/src/core/filter/literal/types.ts	verbatim		16	0	txt
ac_cloud-notes/blocksuite/affine/data-view/src/core/filter/trait.ts	verbatim		20	0	txt
ac_cloud-notes/blocksuite/affine/data-view/src/core/filter/types.ts	verbatim		13	0	txt
ac_cloud-notes/blocksuite/affine/data-view/src/core/filter/utils.ts	verbatim		64	0	txt
ac_cloud-notes/blocksuite/affine/data-view/src/core/group-by/compare-date-keys.ts	verbatim		52	0	txt
ac_cloud-notes/blocksuite/affine/data-view/src/core/group-by/default.ts	verbatim		23	0	txt
ac_cloud-notes/blocksuite/affine/data-view/src/core/group-by/define.ts	verbatim		243	0	txt
ac_cloud-notes/blocksuite/affine/data-view/src/core/group-by/group-title.ts	verbatim		207	0	txt
ac_cloud-notes/blocksuite/affine/data-view/src/core/group-by/index.ts	verbatim		3	0	txt
ac_cloud-notes/blocksuite/affine/data-view/src/core/group-by/matcher.ts	verbatim		44	0	txt
ac_cloud-notes/blocksuite/affine/data-view/src/core/group-by/renderer/base.ts	verbatim		32	0	txt
ac_cloud-notes/blocksuite/affine/data-view/src/core/group-by/renderer/boolean-group.ts	verbatim		31	0	txt
ac_cloud-notes/blocksuite/affine/data-view/src/core/group-by/renderer/date-group.ts	verbatim		50	0	txt
ac_cloud-notes/blocksuite/affine/data-view/src/core/group-by/renderer/number-group.ts	verbatim		61	0	txt
ac_cloud-notes/blocksuite/affine/data-view/src/core/group-by/renderer/select-group.ts	verbatim		111	0	txt
ac_cloud-notes/blocksuite/affine/data-view/src/core/group-by/renderer/string-group.ts	verbatim		49	0	txt
ac_cloud-notes/blocksuite/affine/data-view/src/core/group-by/setting.ts	verbatim		553	0	txt
ac_cloud-notes/blocksuite/affine/data-view/src/core/group-by/trait.ts	verbatim		508	0	txt
ac_cloud-notes/blocksuite/affine/data-view/src/core/group-by/types.ts	verbatim		40	0	txt
ac_cloud-notes/blocksuite/affine/data-view/src/core/index.ts	verbatim		14	0	txt
ac_cloud-notes/blocksuite/affine/data-view/src/core/logical/composite-type.ts	verbatim		117	0	txt
ac_cloud-notes/blocksuite/affine/data-view/src/core/logical/data-type.ts	verbatim		66	0	txt
ac_cloud-notes/blocksuite/affine/data-view/src/core/logical/index.ts	verbatim		3	0	txt
ac_cloud-notes/blocksuite/affine/data-view/src/core/logical/matcher.ts	verbatim		98	0	txt
ac_cloud-notes/blocksuite/affine/data-view/src/core/logical/type-presets.ts	verbatim		65	0	txt
ac_cloud-notes/blocksuite/affine/data-view/src/core/logical/type-system.ts	verbatim		183	0	txt
ac_cloud-notes/blocksuite/affine/data-view/src/core/logical/type-variable.ts	verbatim		62	0	txt
ac_cloud-notes/blocksuite/affine/data-view/src/core/logical/type.ts	verbatim		29	0	txt
ac_cloud-notes/blocksuite/affine/data-view/src/core/property/base-cell.ts	verbatim		105	0	txt
ac_cloud-notes/blocksuite/affine/data-view/src/core/property/convert.ts	verbatim		29	0	txt
ac_cloud-notes/blocksuite/affine/data-view/src/core/property/index.ts	verbatim		6	0	txt
ac_cloud-notes/blocksuite/affine/data-view/src/core/property/manager.ts	verbatim		35	0	txt
ac_cloud-notes/blocksuite/affine/data-view/src/core/property/property-config.ts	verbatim		80	0	txt
ac_cloud-notes/blocksuite/affine/data-view/src/core/property/renderer.ts	verbatim		22	0	txt
ac_cloud-notes/blocksuite/affine/data-view/src/core/property/types.ts	verbatim		100	0	txt
ac_cloud-notes/blocksuite/affine/data-view/src/core/property/utils.ts	verbatim		29	0	txt
ac_cloud-notes/blocksuite/affine/data-view/src/core/sort/add-sort.ts	verbatim		57	0	txt
ac_cloud-notes/blocksuite/affine/data-view/src/core/sort/eval.ts	verbatim		188	0	txt
ac_cloud-notes/blocksuite/affine/data-view/src/core/sort/manager.ts	verbatim		36	0	txt
ac_cloud-notes/blocksuite/affine/data-view/src/core/sort/types.ts	verbatim		9	0	txt
ac_cloud-notes/blocksuite/affine/data-view/src/core/sort/utils.ts	verbatim		104	0	txt
ac_cloud-notes/blocksuite/affine/data-view/src/core/statistics/any.ts	verbatim		103	0	txt
ac_cloud-notes/blocksuite/affine/data-view/src/core/statistics/checkbox.ts	verbatim		61	0	txt
ac_cloud-notes/blocksuite/affine/data-view/src/core/statistics/create.ts	verbatim		7	0	txt
ac_cloud-notes/blocksuite/affine/data-view/src/core/statistics/index.ts	verbatim		9	0	txt
ac_cloud-notes/blocksuite/affine/data-view/src/core/statistics/number.ts	verbatim		129	0	txt
ac_cloud-notes/blocksuite/affine/data-view/src/core/statistics/types.ts	verbatim		17	0	txt
ac_cloud-notes/blocksuite/affine/data-view/src/core/traits/key.ts	verbatim		9	0	txt
ac_cloud-notes/blocksuite/affine/data-view/src/core/types.ts	verbatim		14	0	txt
ac_cloud-notes/blocksuite/affine/data-view/src/core/utils/auto-scroll.ts	verbatim		74	0	txt
ac_cloud-notes/blocksuite/affine/data-view/src/core/utils/cache.ts	verbatim		31	0	txt
ac_cloud-notes/blocksuite/affine/data-view/src/core/utils/drag.ts	verbatim		67	0	txt
ac_cloud-notes/blocksuite/affine/data-view/src/core/utils/event.ts	verbatim		3	0	txt
ac_cloud-notes/blocksuite/affine/data-view/src/core/utils/index.ts	verbatim		3	0	txt
ac_cloud-notes/blocksuite/affine/data-view/src/core/utils/lazy.ts	verbatim		11	0	txt
ac_cloud-notes/blocksuite/affine/data-view/src/core/utils/lock.ts	verbatim		14	0	txt
ac_cloud-notes/blocksuite/affine/data-view/src/core/utils/menu-title.ts	verbatim		22	0	txt
ac_cloud-notes/blocksuite/affine/data-view/src/core/utils/uni-component/index.ts	verbatim		2	0	txt
ac_cloud-notes/blocksuite/affine/data-view/src/core/utils/uni-component/operation.ts	verbatim		15	0	txt
ac_cloud-notes/blocksuite/affine/data-view/src/core/utils/uni-component/render-template.ts	verbatim		20	0	txt
ac_cloud-notes/blocksuite/affine/data-view/src/core/utils/uni-component/uni-component.ts	verbatim		137	0	txt
ac_cloud-notes/blocksuite/affine/data-view/src/core/utils/uni-icon.ts	verbatim		30	0	txt
ac_cloud-notes/blocksuite/affine/data-view/src/core/utils/utils.ts	verbatim		33	0	txt
ac_cloud-notes/blocksuite/affine/data-view/src/core/utils/wc-dnd/dnd-context.ts	verbatim		493	0	txt
ac_cloud-notes/blocksuite/affine/data-view/src/core/utils/wc-dnd/sensors/index.ts	verbatim		4	0	txt
ac_cloud-notes/blocksuite/affine/data-view/src/core/utils/wc-dnd/sensors/mouse.ts	verbatim		198	0	txt
ac_cloud-notes/blocksuite/affine/data-view/src/core/utils/wc-dnd/sort/sort-context.ts	verbatim		85	0	txt
ac_cloud-notes/blocksuite/affine/data-view/src/core/utils/wc-dnd/sort/strategies/horizontal-list-sorting.ts	verbatim		81	0	txt
ac_cloud-notes/blocksuite/affine/data-view/src/core/utils/wc-dnd/sort/strategies/index.ts	verbatim		2	0	txt
ac_cloud-notes/blocksuite/affine/data-view/src/core/utils/wc-dnd/sort/strategies/vertical-list-sorting.ts	verbatim		77	0	txt
ac_cloud-notes/blocksuite/affine/data-view/src/core/utils/wc-dnd/types.ts	verbatim		104	0	txt
ac_cloud-notes/blocksuite/affine/data-view/src/core/utils/wc-dnd/utils/adjustment.ts	verbatim		24	0	txt
ac_cloud-notes/blocksuite/affine/data-view/src/core/utils/wc-dnd/utils/apply-modifiers.ts	verbatim		14	0	txt
ac_cloud-notes/blocksuite/affine/data-view/src/core/utils/wc-dnd/utils/array-move.ts	verbatim		12	0	txt
ac_cloud-notes/blocksuite/affine/data-view/src/core/utils/wc-dnd/utils/closest-center.ts	verbatim		40	0	txt
ac_cloud-notes/blocksuite/affine/data-view/src/core/utils/wc-dnd/utils/data-directive.ts	verbatim		24	0	txt
ac_cloud-notes/blocksuite/affine/data-view/src/core/utils/wc-dnd/utils/distance-between-points.ts	verbatim		7	0	txt
ac_cloud-notes/blocksuite/affine/data-view/src/core/utils/wc-dnd/utils/element.ts	verbatim		3	0	txt
ac_cloud-notes/blocksuite/affine/data-view/src/core/utils/wc-dnd/utils/events.ts	verbatim		6	0	txt
ac_cloud-notes/blocksuite/affine/data-view/src/core/utils/wc-dnd/utils/get-scrollable-ancestors.ts	verbatim		48	0	txt
ac_cloud-notes/blocksuite/affine/data-view/src/core/utils/wc-dnd/utils/has-exceeded-distance.ts	verbatim		21	0	txt
ac_cloud-notes/blocksuite/affine/data-view/src/core/utils/wc-dnd/utils/linear-move.ts	verbatim		59	0	txt
ac_cloud-notes/blocksuite/affine/data-view/src/core/utils/wc-dnd/utils/listeners.ts	verbatim		17	0	txt
ac_cloud-notes/blocksuite/affine/data-view/src/core/utils/wc-dnd/utils/raf.ts	verbatim		22	0	txt
ac_cloud-notes/blocksuite/affine/data-view/src/core/utils/wc-dnd/utils/rect-adjustment.ts	verbatim		13	0	txt
ac_cloud-notes/blocksuite/affine/data-view/src/core/utils/wc-dnd/utils/rect.ts	verbatim		15	0	txt
ac_cloud-notes/blocksuite/affine/data-view/src/core/utils/wc-dnd/utils/signal.ts	verbatim		17	0	txt
ac_cloud-notes/blocksuite/affine/data-view/src/core/view-manager/cell.ts	verbatim		108	0	txt
ac_cloud-notes/blocksuite/affine/data-view/src/core/view-manager/index.ts	verbatim		5	0	txt
ac_cloud-notes/blocksuite/affine/data-view/src/core/view-manager/property.ts	verbatim		227	0	txt
ac_cloud-notes/blocksuite/affine/data-view/src/core/view-manager/row.ts	verbatim		51	0	txt
ac_cloud-notes/blocksuite/affine/data-view/src/core/view-manager/single-view.ts	verbatim		224	0	txt
ac_cloud-notes/blocksuite/affine/data-view/src/core/view-manager/view-manager.ts	verbatim		103	0	txt
ac_cloud-notes/blocksuite/affine/data-view/src/core/view/convert.ts	verbatim		26	0	txt
ac_cloud-notes/blocksuite/affine/data-view/src/core/view/data-view-base.ts	verbatim		95	0	txt
ac_cloud-notes/blocksuite/affine/data-view/src/core/view/data-view.ts	verbatim		68	0	txt
ac_cloud-notes/blocksuite/affine/data-view/src/core/view/index.ts	verbatim		4	0	txt
ac_cloud-notes/blocksuite/affine/data-view/src/core/view/types.ts	verbatim		32	0	txt
ac_cloud-notes/blocksuite/affine/data-view/src/core/widget/index.ts	verbatim		1	0	txt
ac_cloud-notes/blocksuite/affine/data-view/src/core/widget/types.ts	verbatim		8	0	txt
ac_cloud-notes/blocksuite/affine/data-view/src/core/widget/widget-base.ts	verbatim		23	0	txt
ac_cloud-notes/blocksuite/affine/data-view/src/effects.ts	verbatim		10	0	txt
ac_cloud-notes/blocksuite/affine/data-view/src/index.ts	verbatim		1	0	txt
ac_cloud-notes/blocksuite/affine/data-view/src/property-presets/checkbox/cell-renderer.ts	verbatim		106	0	txt
ac_cloud-notes/blocksuite/affine/data-view/src/property-presets/checkbox/define.ts	verbatim		45	0	txt
ac_cloud-notes/blocksuite/affine/data-view/src/property-presets/converts.ts	verbatim		43	0	txt
ac_cloud-notes/blocksuite/affine/data-view/src/property-presets/date/cell-renderer-css.ts	verbatim		30	0	txt
ac_cloud-notes/blocksuite/affine/data-view/src/property-presets/date/cell-renderer.ts	verbatim		152	0	txt
ac_cloud-notes/blocksuite/affine/data-view/src/property-presets/date/define.ts	verbatim		29	0	txt
ac_cloud-notes/blocksuite/affine/data-view/src/property-presets/effect.ts	verbatim		18	0	txt
ac_cloud-notes/blocksuite/affine/data-view/src/property-presets/image/cell-renderer.ts	verbatim		28	0	txt
ac_cloud-notes/blocksuite/affine/data-view/src/property-presets/image/define.ts	verbatim		29	0	txt
ac_cloud-notes/blocksuite/affine/data-view/src/property-presets/index.ts	verbatim		21	0	txt
ac_cloud-notes/blocksuite/affine/data-view/src/property-presets/multi-select/cell-renderer-css.ts	verbatim		16	0	txt
ac_cloud-notes/blocksuite/affine/data-view/src/property-presets/multi-select/cell-renderer.ts	verbatim		85	0	txt
ac_cloud-notes/blocksuite/affine/data-view/src/property-presets/multi-select/define.ts	verbatim		76	0	txt
ac_cloud-notes/blocksuite/affine/data-view/src/property-presets/number/cell-renderer-css.ts	verbatim		35	0	txt
ac_cloud-notes/blocksuite/affine/data-view/src/property-presets/number/cell-renderer.ts	verbatim		106	0	txt
ac_cloud-notes/blocksuite/affine/data-view/src/property-presets/number/define.ts	verbatim		29	0	txt
ac_cloud-notes/blocksuite/affine/data-view/src/property-presets/number/index.ts	verbatim		1	0	txt
ac_cloud-notes/blocksuite/affine/data-view/src/property-presets/number/types.ts	verbatim		7	0	txt
ac_cloud-notes/blocksuite/affine/data-view/src/property-presets/number/utils/formats.ts	verbatim		17	0	txt
ac_cloud-notes/blocksuite/affine/data-view/src/property-presets/number/utils/formatter.ts	verbatim		91	0	txt
ac_cloud-notes/blocksuite/affine/data-view/src/property-presets/progress/cell-renderer-css.ts	verbatim		50	0	txt
ac_cloud-notes/blocksuite/affine/data-view/src/property-presets/progress/cell-renderer.ts	verbatim		149	0	txt
ac_cloud-notes/blocksuite/affine/data-view/src/property-presets/progress/define.ts	verbatim		27	0	txt
ac_cloud-notes/blocksuite/affine/data-view/src/property-presets/pure-index.ts	verbatim		18	0	txt
ac_cloud-notes/blocksuite/affine/data-view/src/property-presets/select/cell-renderer-css.ts	verbatim		17	0	txt
ac_cloud-notes/blocksuite/affine/data-view/src/property-presets/select/cell-renderer.ts	verbatim		83	0	txt
ac_cloud-notes/blocksuite/affine/data-view/src/property-presets/select/define.ts	verbatim		74	0	txt
ac_cloud-notes/blocksuite/affine/data-view/src/property-presets/text/cell-renderer-css.ts	verbatim		40	0	txt
ac_cloud-notes/blocksuite/affine/data-view/src/property-presets/text/cell-renderer.ts	verbatim		54	0	txt
ac_cloud-notes/blocksuite/affine/data-view/src/property-presets/text/define.ts	verbatim		27	0	txt
ac_cloud-notes/blocksuite/affine/data-view/src/view-presets/calendar/calendar-view-manager.ts	verbatim		548	0	txt
ac_cloud-notes/blocksuite/affine/data-view/src/view-presets/calendar/define.ts	verbatim		32	0	txt
ac_cloud-notes/blocksuite/affine/data-view/src/view-presets/calendar/effect.ts	verbatim		4	0	txt
ac_cloud-notes/blocksuite/affine/data-view/src/view-presets/calendar/index.ts	verbatim		6	0	txt
ac_cloud-notes/blocksuite/affine/data-view/src/view-presets/calendar/layout.ts	verbatim		226	0	txt
ac_cloud-notes/blocksuite/affine/data-view/src/view-presets/calendar/pc/actions.ts	verbatim		89	0	txt
ac_cloud-notes/blocksuite/affine/data-view/src/view-presets/calendar/pc/dnd.ts	verbatim		219	0	txt
ac_cloud-notes/blocksuite/affine/data-view/src/view-presets/calendar/pc/effect.ts	verbatim		7	0	txt
ac_cloud-notes/blocksuite/affine/data-view/src/view-presets/calendar/pc/hit-test.ts	verbatim		35	0	txt
ac_cloud-notes/blocksuite/affine/data-view/src/view-presets/calendar/pc/styles.ts	verbatim		620	0	txt
ac_cloud-notes/blocksuite/affine/data-view/src/view-presets/calendar/pc/view.ts	verbatim		1056	0	txt
ac_cloud-notes/blocksuite/affine/data-view/src/view-presets/calendar/renderer.ts	verbatim		10	0	txt
ac_cloud-notes/blocksuite/affine/data-view/src/view-presets/calendar/source.ts	verbatim		19	0	txt
ac_cloud-notes/blocksuite/affine/data-view/src/view-presets/calendar/types.ts	verbatim		83	0	txt
ac_cloud-notes/blocksuite/affine/data-view/src/view-presets/convert.ts	verbatim		42	0	txt
ac_cloud-notes/blocksuite/affine/data-view/src/view-presets/effect.ts	verbatim		8	0	txt
ac_cloud-notes/blocksuite/affine/data-view/src/view-presets/index.ts	verbatim		12	0	txt
ac_cloud-notes/blocksuite/affine/data-view/src/view-presets/kanban/define.ts	verbatim		60	0	txt
ac_cloud-notes/blocksuite/affine/data-view/src/view-presets/kanban/effect.ts	verbatim		6	0	txt
ac_cloud-notes/blocksuite/affine/data-view/src/view-presets/kanban/group-by-utils.ts	verbatim		122	0	txt
ac_cloud-notes/blocksuite/affine/data-view/src/view-presets/kanban/index.ts	verbatim		4	0	txt
ac_cloud-notes/blocksuite/affine/data-view/src/view-presets/kanban/kanban-view-manager.ts	verbatim		415	0	txt
ac_cloud-notes/blocksuite/affine/data-view/src/view-presets/kanban/mobile/card.ts	verbatim		199	0	txt
ac_cloud-notes/blocksuite/affine/data-view/src/view-presets/kanban/mobile/cell.ts	verbatim		159	0	txt
ac_cloud-notes/blocksuite/affine/data-view/src/view-presets/kanban/mobile/effect.ts	verbatim		10	0	txt
ac_cloud-notes/blocksuite/affine/data-view/src/view-presets/kanban/mobile/group.ts	verbatim		141	0	txt
ac_cloud-notes/blocksuite/affine/data-view/src/view-presets/kanban/mobile/kanban-view-ui-logic.ts	verbatim		158	0	txt
ac_cloud-notes/blocksuite/affine/data-view/src/view-presets/kanban/mobile/menu.ts	verbatim		121	0	txt
ac_cloud-notes/blocksuite/affine/data-view/src/view-presets/kanban/pc/card.ts	verbatim		301	0	txt
ac_cloud-notes/blocksuite/affine/data-view/src/view-presets/kanban/pc/cell.ts	verbatim		159	0	txt
ac_cloud-notes/blocksuite/affine/data-view/src/view-presets/kanban/pc/controller/clipboard.ts	verbatim		43	0	txt
ac_cloud-notes/blocksuite/affine/data-view/src/view-presets/kanban/pc/controller/drag.ts	verbatim		276	0	txt
ac_cloud-notes/blocksuite/affine/data-view/src/view-presets/kanban/pc/controller/hotkeys.ts	verbatim		57	0	txt
ac_cloud-notes/blocksuite/affine/data-view/src/view-presets/kanban/pc/controller/selection.ts	verbatim		738	0	txt
ac_cloud-notes/blocksuite/affine/data-view/src/view-presets/kanban/pc/effect.ts	verbatim		10	0	txt
ac_cloud-notes/blocksuite/affine/data-view/src/view-presets/kanban/pc/group.ts	verbatim		193	0	txt
ac_cloud-notes/blocksuite/affine/data-view/src/view-presets/kanban/pc/header.ts	verbatim		73	0	txt
ac_cloud-notes/blocksuite/affine/data-view/src/view-presets/kanban/pc/kanban-view-ui-logic.ts	verbatim		302	0	txt
ac_cloud-notes/blocksuite/affine/data-view/src/view-presets/kanban/pc/menu.ts	verbatim		115	0	txt
ac_cloud-notes/blocksuite/affine/data-view/src/view-presets/kanban/renderer.ts	verbatim		11	0	txt
ac_cloud-notes/blocksuite/affine/data-view/src/view-presets/kanban/selection.ts	verbatim		46	0	txt
ac_cloud-notes/blocksuite/affine/data-view/src/view-presets/table/collapsed-state.ts	verbatim		42	0	txt
ac_cloud-notes/blocksuite/affine/data-view/src/view-presets/table/consts.ts	verbatim		10	0	txt
ac_cloud-notes/blocksuite/affine/data-view/src/view-presets/table/define.ts	verbatim		49	0	txt
ac_cloud-notes/blocksuite/affine/data-view/src/view-presets/table/effect.ts	verbatim		10	0	txt
ac_cloud-notes/blocksuite/affine/data-view/src/view-presets/table/index.ts	verbatim		6	0	txt
ac_cloud-notes/blocksuite/affine/data-view/src/view-presets/table/mobile/cell.ts	verbatim		150	0	txt
ac_cloud-notes/blocksuite/affine/data-view/src/view-presets/table/mobile/column-header.ts	verbatim		252	0	txt
ac_cloud-notes/blocksuite/affine/data-view/src/view-presets/table/mobile/effect.ts	verbatim		14	0	txt
ac_cloud-notes/blocksuite/affine/data-view/src/view-presets/table/mobile/group.ts	verbatim		234	0	txt
ac_cloud-notes/blocksuite/affine/data-view/src/view-presets/table/mobile/header.ts	verbatim		80	0	txt
ac_cloud-notes/blocksuite/affine/data-view/src/view-presets/table/mobile/menu.ts	verbatim		45	0	txt
ac_cloud-notes/blocksuite/affine/data-view/src/view-presets/table/mobile/row.ts	verbatim		141	0	txt
ac_cloud-notes/blocksuite/affine/data-view/src/view-presets/table/mobile/table-view-style.ts	verbatim		18	0	txt
ac_cloud-notes/blocksuite/affine/data-view/src/view-presets/table/mobile/table-view-ui-logic.ts	verbatim		148	0	txt
ac_cloud-notes/blocksuite/affine/data-view/src/view-presets/table/pc-virtual/controller/clipboard.ts	verbatim		292	0	txt
ac_cloud-notes/blocksuite/affine/data-view/src/view-presets/table/pc-virtual/controller/drag-to-fill.ts	verbatim		98	0	txt
ac_cloud-notes/blocksuite/affine/data-view/src/view-presets/table/pc-virtual/controller/drag.ts	verbatim		202	0	txt
ac_cloud-notes/blocksuite/affine/data-view/src/view-presets/table/pc-virtual/controller/hotkeys.ts	verbatim		397	0	txt
ac_cloud-notes/blocksuite/affine/data-view/src/view-presets/table/pc-virtual/controller/selection.ts	verbatim		1039	0	txt
ac_cloud-notes/blocksuite/affine/data-view/src/view-presets/table/pc-virtual/effect.ts	verbatim		54	0	txt
ac_cloud-notes/blocksuite/affine/data-view/src/view-presets/table/pc-virtual/group/bottom/group-footer-css.ts	verbatim		30	0	txt
ac_cloud-notes/blocksuite/affine/data-view/src/view-presets/table/pc-virtual/group/bottom/group-footer.ts	verbatim		96	0	txt
ac_cloud-notes/blocksuite/affine/data-view/src/view-presets/table/pc-virtual/group/bottom/stats/column-stats-bar.ts	verbatim		44	0	txt
ac_cloud-notes/blocksuite/affine/data-view/src/view-presets/table/pc-virtual/group/bottom/stats/column-stats-column.ts	verbatim		226	0	txt
ac_cloud-notes/blocksuite/affine/data-view/src/view-presets/table/pc-virtual/group/top/group-header-css.ts	verbatim		4	0	txt
ac_cloud-notes/blocksuite/affine/data-view/src/view-presets/table/pc-virtual/group/top/group-header.ts	verbatim		128	0	txt
ac_cloud-notes/blocksuite/affine/data-view/src/view-presets/table/pc-virtual/group/top/group-title-css.ts	verbatim		56	0	txt
ac_cloud-notes/blocksuite/affine/data-view/src/view-presets/table/pc-virtual/group/top/group-title.ts	verbatim		76	0	txt
ac_cloud-notes/blocksuite/affine/data-view/src/view-presets/table/pc-virtual/group/top/header/column-header-css.ts	verbatim		36	0	txt
ac_cloud-notes/blocksuite/affine/data-view/src/view-presets/table/pc-virtual/group/top/header/column-header.ts	verbatim		126	0	txt
ac_cloud-notes/blocksuite/affine/data-view/src/view-presets/table/pc-virtual/group/top/header/column-move-preview.ts	verbatim		88	0	txt
ac_cloud-notes/blocksuite/affine/data-view/src/view-presets/table/pc-virtual/group/top/header/number-format-bar.ts	verbatim		132	0	txt
ac_cloud-notes/blocksuite/affine/data-view/src/view-presets/table/pc-virtual/group/top/header/single-column-header.ts	verbatim		459	0	txt
ac_cloud-notes/blocksuite/affine/data-view/src/view-presets/table/pc-virtual/group/top/header/vertical-indicator.ts	verbatim		155	0	txt
ac_cloud-notes/blocksuite/affine/data-view/src/view-presets/table/pc-virtual/row/cell.ts	verbatim		211	0	txt
ac_cloud-notes/blocksuite/affine/data-view/src/view-presets/table/pc-virtual/row/menu.ts	verbatim		129	0	txt
ac_cloud-notes/blocksuite/affine/data-view/src/view-presets/table/pc-virtual/row/row-header-css.ts	verbatim		45	0	txt
ac_cloud-notes/blocksuite/affine/data-view/src/view-presets/table/pc-virtual/row/row-header.ts	verbatim		113	0	txt
ac_cloud-notes/blocksuite/affine/data-view/src/view-presets/table/pc-virtual/row/row-last.ts	verbatim		57	0	txt
ac_cloud-notes/blocksuite/affine/data-view/src/view-presets/table/pc-virtual/table-view-css.ts	verbatim		54	0	txt
ac_cloud-notes/blocksuite/affine/data-view/src/view-presets/table/pc-virtual/table-view-ui-logic.ts	verbatim		306	0	txt
ac_cloud-notes/blocksuite/affine/data-view/src/view-presets/table/pc-virtual/types.ts	verbatim		36	0	txt
ac_cloud-notes/blocksuite/affine/data-view/src/view-presets/table/pc-virtual/virtual/batch-task-manager.ts	verbatim		102	0	txt
ac_cloud-notes/blocksuite/affine/data-view/src/view-presets/table/pc-virtual/virtual/linked-list.ts	verbatim		146	0	txt
ac_cloud-notes/blocksuite/affine/data-view/src/view-presets/table/pc-virtual/virtual/virtual-cell-css.ts	verbatim		5	0	txt
ac_cloud-notes/blocksuite/affine/data-view/src/view-presets/table/pc-virtual/virtual/virtual-cell.ts	verbatim		56	0	txt
ac_cloud-notes/blocksuite/affine/data-view/src/view-presets/table/pc-virtual/virtual/virtual-scroll.ts	verbatim		881	0	txt
ac_cloud-notes/blocksuite/affine/data-view/src/view-presets/table/pc/cell.ts	verbatim		150	0	txt
ac_cloud-notes/blocksuite/affine/data-view/src/view-presets/table/pc/controller/clipboard.ts	verbatim		288	0	txt
ac_cloud-notes/blocksuite/affine/data-view/src/view-presets/table/pc/controller/drag-to-fill.ts	verbatim		93	0	txt
ac_cloud-notes/blocksuite/affine/data-view/src/view-presets/table/pc/controller/drag.ts	verbatim		198	0	txt
ac_cloud-notes/blocksuite/affine/data-view/src/view-presets/table/pc/controller/hotkeys.ts	verbatim		395	0	txt
ac_cloud-notes/blocksuite/affine/data-view/src/view-presets/table/pc/controller/selection.ts	verbatim		1093	0	txt
ac_cloud-notes/blocksuite/affine/data-view/src/view-presets/table/pc/effect.ts	verbatim		35	0	txt
ac_cloud-notes/blocksuite/affine/data-view/src/view-presets/table/pc/group.ts	verbatim		378	0	txt
ac_cloud-notes/blocksuite/affine/data-view/src/view-presets/table/pc/header/column-header.ts	verbatim		130	0	txt
ac_cloud-notes/blocksuite/affine/data-view/src/view-presets/table/pc/header/column-renderer.ts	verbatim		88	0	txt
ac_cloud-notes/blocksuite/affine/data-view/src/view-presets/table/pc/header/database-header-column.ts	verbatim		462	0	txt
ac_cloud-notes/blocksuite/affine/data-view/src/view-presets/table/pc/header/number-format-bar.ts	verbatim		130	0	txt
ac_cloud-notes/blocksuite/affine/data-view/src/view-presets/table/pc/header/styles.ts	verbatim		303	0	txt
ac_cloud-notes/blocksuite/affine/data-view/src/view-presets/table/pc/header/vertical-indicator.ts	verbatim		150	0	txt
ac_cloud-notes/blocksuite/affine/data-view/src/view-presets/table/pc/menu.ts	verbatim		129	0	txt
ac_cloud-notes/blocksuite/affine/data-view/src/view-presets/table/pc/row/row-select-checkbox.ts	verbatim		74	0	txt
ac_cloud-notes/blocksuite/affine/data-view/src/view-presets/table/pc/row/row.ts	verbatim		289	0	txt
ac_cloud-notes/blocksuite/affine/data-view/src/view-presets/table/pc/table-view-style.ts	verbatim		110	0	txt
ac_cloud-notes/blocksuite/affine/data-view/src/view-presets/table/pc/table-view-ui-logic.ts	verbatim		213	0	txt
ac_cloud-notes/blocksuite/affine/data-view/src/view-presets/table/renderer.ts	verbatim		17	0	txt
ac_cloud-notes/blocksuite/affine/data-view/src/view-presets/table/selection.ts	verbatim		119	0	txt
ac_cloud-notes/blocksuite/affine/data-view/src/view-presets/table/stats/column-stats-bar.ts	verbatim		47	0	txt
ac_cloud-notes/blocksuite/affine/data-view/src/view-presets/table/stats/column-stats-column.ts	verbatim		226	0	txt
ac_cloud-notes/blocksuite/affine/data-view/src/view-presets/table/stats/effect.ts	verbatim		9	0	txt
ac_cloud-notes/blocksuite/affine/data-view/src/view-presets/table/styles.ts	verbatim		7	0	txt
ac_cloud-notes/blocksuite/affine/data-view/src/view-presets/table/table-view-manager.ts	verbatim		447	0	txt
ac_cloud-notes/blocksuite/affine/data-view/src/view-presets/table/types.ts	verbatim		10	0	txt
ac_cloud-notes/blocksuite/affine/data-view/src/view-presets/table/utils.ts	verbatim		69	0	txt
ac_cloud-notes/blocksuite/affine/data-view/src/widget-presets/effect.ts	verbatim		40	0	txt
ac_cloud-notes/blocksuite/affine/data-view/src/widget-presets/index.ts	verbatim		9	0	txt
ac_cloud-notes/blocksuite/affine/data-view/src/widget-presets/quick-setting-bar/context.ts	verbatim		8	0	txt
ac_cloud-notes/blocksuite/affine/data-view/src/widget-presets/quick-setting-bar/filter/condition-view.ts	verbatim		303	0	txt
ac_cloud-notes/blocksuite/affine/data-view/src/widget-presets/quick-setting-bar/filter/group-panel-view.ts	verbatim		445	0	txt
ac_cloud-notes/blocksuite/affine/data-view/src/widget-presets/quick-setting-bar/filter/index.ts	verbatim		19	0	txt
ac_cloud-notes/blocksuite/affine/data-view/src/widget-presets/quick-setting-bar/filter/list-view.ts	verbatim		197	0	txt
ac_cloud-notes/blocksuite/affine/data-view/src/widget-presets/quick-setting-bar/filter/root-panel-view.ts	verbatim		400	0	txt
ac_cloud-notes/blocksuite/affine/data-view/src/widget-presets/quick-setting-bar/index.ts	verbatim		52	0	txt
ac_cloud-notes/blocksuite/affine/data-view/src/widget-presets/quick-setting-bar/sort/index.ts	verbatim		30	0	txt
ac_cloud-notes/blocksuite/affine/data-view/src/widget-presets/quick-setting-bar/sort/root-panel.ts	verbatim		236	0	txt
ac_cloud-notes/blocksuite/affine/data-view/src/widget-presets/tools/index.ts	verbatim		32	0	txt
ac_cloud-notes/blocksuite/affine/data-view/src/widget-presets/tools/presets/filter/filter.ts	verbatim		107	0	txt
ac_cloud-notes/blocksuite/affine/data-view/src/widget-presets/tools/presets/search/search.ts	verbatim		167	0	txt
ac_cloud-notes/blocksuite/affine/data-view/src/widget-presets/tools/presets/sort/sort.ts	verbatim		114	0	txt
ac_cloud-notes/blocksuite/affine/data-view/src/widget-presets/tools/presets/table-add-row/add-row.ts	verbatim		45	0	txt
ac_cloud-notes/blocksuite/affine/data-view/src/widget-presets/tools/presets/table-add-row/new-record-preview.ts	verbatim		41	0	txt
ac_cloud-notes/blocksuite/affine/data-view/src/widget-presets/tools/presets/view-options/view-options.ts	verbatim		568	0	txt
ac_cloud-notes/blocksuite/affine/data-view/src/widget-presets/tools/tools-view.ts	verbatim		73	0	txt
ac_cloud-notes/blocksuite/affine/data-view/src/widget-presets/views-bar/index.ts	verbatim		10	0	txt
ac_cloud-notes/blocksuite/affine/data-view/src/widget-presets/views-bar/views-view.ts	verbatim		300	0	txt
ac_cloud-notes/blocksuite/affine/data-view/tsconfig.json	verbatim		17	0	txt
ac_cloud-notes/blocksuite/affine/data-view/vitest.config.ts	verbatim		27	0	txt
ac_cloud-notes/blocksuite/affine/ext-loader/README.md	verbatim		134	0	txt
ac_cloud-notes/blocksuite/affine/ext-loader/package.json	verbatim		30	0	txt
ac_cloud-notes/blocksuite/affine/ext-loader/src/__tests__/ext-loader.unit.spec.ts	verbatim		197	0	txt
ac_cloud-notes/blocksuite/affine/ext-loader/src/base-provider.ts	verbatim		63	0	txt
ac_cloud-notes/blocksuite/affine/ext-loader/src/index.ts	verbatim		4	0	txt
ac_cloud-notes/blocksuite/affine/ext-loader/src/manager.ts	verbatim		131	0	txt
ac_cloud-notes/blocksuite/affine/ext-loader/src/store-manager.ts	verbatim		44	0	txt
ac_cloud-notes/blocksuite/affine/ext-loader/src/store-provider.ts	verbatim		39	0	txt
ac_cloud-notes/blocksuite/affine/ext-loader/src/view-manager.ts	verbatim		46	0	txt
ac_cloud-notes/blocksuite/affine/ext-loader/src/view-provider.ts	verbatim		120	0	txt
ac_cloud-notes/blocksuite/affine/ext-loader/tsconfig.json	verbatim		13	0	txt
ac_cloud-notes/blocksuite/affine/ext-loader/vitest.config.ts	verbatim		27	0	txt
ac_cloud-notes/blocksuite/affine/foundation/package.json	verbatim		35	0	txt
ac_cloud-notes/blocksuite/affine/foundation/src/clipboard.ts	verbatim		58	0	txt
ac_cloud-notes/blocksuite/affine/foundation/src/effects.ts	verbatim		66	0	txt
ac_cloud-notes/blocksuite/affine/foundation/src/index.ts	verbatim		1	0	txt
ac_cloud-notes/blocksuite/affine/foundation/src/store.ts	verbatim		50	0	txt
ac_cloud-notes/blocksuite/affine/foundation/src/view.ts	verbatim		97	0	txt
ac_cloud-notes/blocksuite/affine/foundation/tsconfig.json	verbatim		19	0	txt
ac_cloud-notes/blocksuite/affine/fragments/adapter-panel/package.json	verbatim		36	0	txt
ac_cloud-notes/blocksuite/affine/fragments/adapter-panel/src/adapter-panel.ts	verbatim		158	0	txt
ac_cloud-notes/blocksuite/affine/fragments/adapter-panel/src/body/adapter-panel-body.ts	verbatim		188	0	txt
ac_cloud-notes/blocksuite/affine/fragments/adapter-panel/src/config.ts	verbatim		24	0	txt
ac_cloud-notes/blocksuite/affine/fragments/adapter-panel/src/effects.ts	verbatim		16	0	txt
ac_cloud-notes/blocksuite/affine/fragments/adapter-panel/src/header/adapter-menu.ts	verbatim		78	0	txt
ac_cloud-notes/blocksuite/affine/fragments/adapter-panel/src/header/adapter-panel-header.ts	verbatim		107	0	txt
ac_cloud-notes/blocksuite/affine/fragments/adapter-panel/src/index.ts	verbatim		4	0	txt
ac_cloud-notes/blocksuite/affine/fragments/adapter-panel/src/view.ts	verbatim		9	0	txt
ac_cloud-notes/blocksuite/affine/fragments/adapter-panel/tsconfig.json	verbatim		16	0	txt
ac_cloud-notes/blocksuite/affine/fragments/doc-title/package.json	verbatim		34	0	txt
ac_cloud-notes/blocksuite/affine/fragments/doc-title/src/doc-title.ts	verbatim		215	0	txt
ac_cloud-notes/blocksuite/affine/fragments/doc-title/src/effects.ts	verbatim		9	0	txt
ac_cloud-notes/blocksuite/affine/fragments/doc-title/src/index.ts	verbatim		2	0	txt
ac_cloud-notes/blocksuite/affine/fragments/doc-title/src/utils.ts	verbatim		9	0	txt
ac_cloud-notes/blocksuite/affine/fragments/doc-title/src/view.ts	verbatim		9	0	txt
ac_cloud-notes/blocksuite/affine/fragments/doc-title/tsconfig.json	verbatim		18	0	txt
ac_cloud-notes/blocksuite/affine/fragments/frame-panel/package.json	verbatim		39	0	txt
ac_cloud-notes/blocksuite/affine/fragments/frame-panel/src/body/frame-panel-body.ts	verbatim		378	0	txt
ac_cloud-notes/blocksuite/affine/fragments/frame-panel/src/card/frame-card-title-editor.ts	verbatim		105	0	txt
ac_cloud-notes/blocksuite/affine/fragments/frame-panel/src/card/frame-card-title.ts	verbatim		127	0	txt
ac_cloud-notes/blocksuite/affine/fragments/frame-panel/src/card/frame-card.ts	verbatim		218	0	txt
ac_cloud-notes/blocksuite/affine/fragments/frame-panel/src/card/frame-preview.ts	verbatim		224	0	txt
ac_cloud-notes/blocksuite/affine/fragments/frame-panel/src/effects.ts	verbatim		33	0	txt
ac_cloud-notes/blocksuite/affine/fragments/frame-panel/src/frame-panel.ts	verbatim		74	0	txt
ac_cloud-notes/blocksuite/affine/fragments/frame-panel/src/header/frame-panel-header.ts	verbatim		213	0	txt
ac_cloud-notes/blocksuite/affine/fragments/frame-panel/src/header/frames-setting-menu.ts	verbatim		190	0	txt
ac_cloud-notes/blocksuite/affine/fragments/frame-panel/src/index.ts	verbatim		1	0	txt
ac_cloud-notes/blocksuite/affine/fragments/frame-panel/src/utils/drag.ts	verbatim		133	0	txt
ac_cloud-notes/blocksuite/affine/fragments/frame-panel/src/view.ts	verbatim		9	0	txt
ac_cloud-notes/blocksuite/affine/fragments/frame-panel/tsconfig.json	verbatim		20	0	txt
ac_cloud-notes/blocksuite/affine/fragments/outline/package.json	verbatim		39	0	txt
ac_cloud-notes/blocksuite/affine/fragments/outline/src/body/outline-notice.css.ts	verbatim		76	0	txt
ac_cloud-notes/blocksuite/affine/fragments/outline/src/body/outline-notice.ts	verbatim		83	0	txt
ac_cloud-notes/blocksuite/affine/fragments/outline/src/body/outline-panel-body.css.ts	verbatim		56	0	txt
ac_cloud-notes/blocksuite/affine/fragments/outline/src/body/outline-panel-body.ts	verbatim		420	0	txt
ac_cloud-notes/blocksuite/affine/fragments/outline/src/card/outline-card.css.ts	verbatim		149	0	txt
ac_cloud-notes/blocksuite/affine/fragments/outline/src/card/outline-card.ts	verbatim		246	0	txt
ac_cloud-notes/blocksuite/affine/fragments/outline/src/card/outline-preview.css.ts	verbatim		106	0	txt
ac_cloud-notes/blocksuite/affine/fragments/outline/src/card/outline-preview.ts	verbatim		227	0	txt
ac_cloud-notes/blocksuite/affine/fragments/outline/src/config.ts	verbatim		88	0	txt
ac_cloud-notes/blocksuite/affine/fragments/outline/src/effects.ts	verbatim		38	0	txt
ac_cloud-notes/blocksuite/affine/fragments/outline/src/header/outline-panel-header.css.ts	verbatim		39	0	txt
ac_cloud-notes/blocksuite/affine/fragments/outline/src/header/outline-panel-header.ts	verbatim		79	0	txt
ac_cloud-notes/blocksuite/affine/fragments/outline/src/header/outline-setting-menu.css.ts	verbatim		40	0	txt
ac_cloud-notes/blocksuite/affine/fragments/outline/src/header/outline-setting-menu.ts	verbatim		41	0	txt
ac_cloud-notes/blocksuite/affine/fragments/outline/src/index.ts	verbatim		3	0	txt
ac_cloud-notes/blocksuite/affine/fragments/outline/src/mobile-outline-panel.ts	verbatim		168	0	txt
ac_cloud-notes/blocksuite/affine/fragments/outline/src/outline-panel.css.ts	verbatim		14	0	txt
ac_cloud-notes/blocksuite/affine/fragments/outline/src/outline-panel.ts	verbatim		100	0	txt
ac_cloud-notes/blocksuite/affine/fragments/outline/src/outline-viewer.ts	verbatim		281	0	txt
ac_cloud-notes/blocksuite/affine/fragments/outline/src/utils/custom-events.ts	verbatim		22	0	txt
ac_cloud-notes/blocksuite/affine/fragments/outline/src/utils/drag.ts	verbatim		7	0	txt
ac_cloud-notes/blocksuite/affine/fragments/outline/src/utils/query.ts	verbatim		61	0	txt
ac_cloud-notes/blocksuite/affine/fragments/outline/src/utils/scroll.ts	verbatim		164	0	txt
ac_cloud-notes/blocksuite/affine/fragments/outline/src/view.ts	verbatim		9	0	txt
ac_cloud-notes/blocksuite/affine/fragments/outline/tsconfig.json	verbatim		19	0	txt
ac_cloud-notes/blocksuite/affine/gfx/brush/package.json	verbatim		36	0	txt
ac_cloud-notes/blocksuite/affine/gfx/brush/src/adapter/index.ts	verbatim		2	0	txt
ac_cloud-notes/blocksuite/affine/gfx/brush/src/adapter/markdown/index.ts	verbatim		17	0	txt
ac_cloud-notes/blocksuite/affine/gfx/brush/src/adapter/plain-text/index.ts	verbatim		10	0	txt
ac_cloud-notes/blocksuite/affine/gfx/brush/src/brush-tool.ts	verbatim		162	0	txt
ac_cloud-notes/blocksuite/affine/gfx/brush/src/effects.ts	verbatim		18	0	txt
ac_cloud-notes/blocksuite/affine/gfx/brush/src/eraser-tool.ts	verbatim		133	0	txt
ac_cloud-notes/blocksuite/affine/gfx/brush/src/highlighter-tool.ts	verbatim		145	0	txt
ac_cloud-notes/blocksuite/affine/gfx/brush/src/index.ts	verbatim		7	0	txt
ac_cloud-notes/blocksuite/affine/gfx/brush/src/renderer/dom/brush.ts	verbatim		22	0	txt
ac_cloud-notes/blocksuite/affine/gfx/brush/src/renderer/dom/highlighter.ts	verbatim		26	0	txt
ac_cloud-notes/blocksuite/affine/gfx/brush/src/renderer/dom/index.ts	verbatim		2	0	txt
ac_cloud-notes/blocksuite/affine/gfx/brush/src/renderer/dom/shared.ts	verbatim		65	0	txt
ac_cloud-notes/blocksuite/affine/gfx/brush/src/renderer/element/brush.ts	verbatim		26	0	txt
ac_cloud-notes/blocksuite/affine/gfx/brush/src/renderer/element/highlighter.ts	verbatim		35	0	txt
ac_cloud-notes/blocksuite/affine/gfx/brush/src/renderer/element/index.ts	verbatim		2	0	txt
ac_cloud-notes/blocksuite/affine/gfx/brush/src/renderer/index.ts	verbatim		2	0	txt
ac_cloud-notes/blocksuite/affine/gfx/brush/src/store.ts	verbatim		16	0	txt
ac_cloud-notes/blocksuite/affine/gfx/brush/src/toolbar/components/eraser/eraser-tool-button.ts	verbatim		68	0	txt
ac_cloud-notes/blocksuite/affine/gfx/brush/src/toolbar/components/eraser/icons.ts	verbatim		421	0	txt
ac_cloud-notes/blocksuite/affine/gfx/brush/src/toolbar/components/pen/consts.ts	verbatim		27	0	txt
ac_cloud-notes/blocksuite/affine/gfx/brush/src/toolbar/components/pen/icons.ts	verbatim		604	0	txt
ac_cloud-notes/blocksuite/affine/gfx/brush/src/toolbar/components/pen/pen-menu.ts	verbatim		193	0	txt
ac_cloud-notes/blocksuite/affine/gfx/brush/src/toolbar/components/pen/pen-tool-button.ts	verbatim		174	0	txt
ac_cloud-notes/blocksuite/affine/gfx/brush/src/toolbar/components/pen/types.ts	verbatim		2	0	txt
ac_cloud-notes/blocksuite/affine/gfx/brush/src/toolbar/configs/brush.ts	verbatim		110	0	txt
ac_cloud-notes/blocksuite/affine/gfx/brush/src/toolbar/configs/highlighter.ts	verbatim		125	0	txt
ac_cloud-notes/blocksuite/affine/gfx/brush/src/toolbar/configs/index.ts	verbatim		2	0	txt
ac_cloud-notes/blocksuite/affine/gfx/brush/src/toolbar/senior-tool.ts	verbatim		13	0	txt
ac_cloud-notes/blocksuite/affine/gfx/brush/src/view.ts	verbatim		39	0	txt
ac_cloud-notes/blocksuite/affine/gfx/brush/tsconfig.json	verbatim		19	0	txt
ac_cloud-notes/blocksuite/affine/gfx/connector/package.json	verbatim		44	0	txt
ac_cloud-notes/blocksuite/affine/gfx/connector/src/adapter/index.ts	verbatim		2	0	txt
ac_cloud-notes/blocksuite/affine/gfx/connector/src/adapter/markdown/index.ts	verbatim		23	0	txt
ac_cloud-notes/blocksuite/affine/gfx/connector/src/adapter/plain-text/index.ts	verbatim		12	0	txt
ac_cloud-notes/blocksuite/affine/gfx/connector/src/adapter/text.ts	verbatim		21	0	txt
ac_cloud-notes/blocksuite/affine/gfx/connector/src/components/connector-handle.ts	verbatim		146	0	txt
ac_cloud-notes/blocksuite/affine/gfx/connector/src/connector-manager.ts	verbatim		1334	0	txt
ac_cloud-notes/blocksuite/affine/gfx/connector/src/connector-tool.ts	verbatim		189	0	txt
ac_cloud-notes/blocksuite/affine/gfx/connector/src/connector-watcher.ts	verbatim		85	0	txt
ac_cloud-notes/blocksuite/affine/gfx/connector/src/effects.ts	verbatim		24	0	txt
ac_cloud-notes/blocksuite/affine/gfx/connector/src/element-transform/connector-filter.ts	verbatim		35	0	txt
ac_cloud-notes/blocksuite/affine/gfx/connector/src/element-transform/index.ts	verbatim		1	0	txt
ac_cloud-notes/blocksuite/affine/gfx/connector/src/index.ts	verbatim		9	0	txt
ac_cloud-notes/blocksuite/affine/gfx/connector/src/renderer/dom-renderer.ts	verbatim		366	0	txt
ac_cloud-notes/blocksuite/affine/gfx/connector/src/renderer/element-renderer.ts	verbatim		287	0	txt
ac_cloud-notes/blocksuite/affine/gfx/connector/src/renderer/index.ts	verbatim		2	0	txt
ac_cloud-notes/blocksuite/affine/gfx/connector/src/renderer/utils.ts	verbatim		283	0	txt
ac_cloud-notes/blocksuite/affine/gfx/connector/src/store.ts	verbatim		18	0	txt
ac_cloud-notes/blocksuite/affine/gfx/connector/src/text/edgeless-connector-label-editor.ts	verbatim		344	0	txt
ac_cloud-notes/blocksuite/affine/gfx/connector/src/text/index.ts	verbatim		1	0	txt
ac_cloud-notes/blocksuite/affine/gfx/connector/src/text/text.ts	verbatim		57	0	txt
ac_cloud-notes/blocksuite/affine/gfx/connector/src/toolbar/config.ts	verbatim		401	0	txt
ac_cloud-notes/blocksuite/affine/gfx/connector/src/toolbar/connector-dense-menu.ts	verbatim		53	0	txt
ac_cloud-notes/blocksuite/affine/gfx/connector/src/toolbar/connector-menu.ts	verbatim		140	0	txt
ac_cloud-notes/blocksuite/affine/gfx/connector/src/toolbar/connector-tool-button.ts	verbatim		73	0	txt
ac_cloud-notes/blocksuite/affine/gfx/connector/src/toolbar/quick-tool.ts	verbatim		14	0	txt
ac_cloud-notes/blocksuite/affine/gfx/connector/src/view.ts	verbatim		36	0	txt
ac_cloud-notes/blocksuite/affine/gfx/connector/src/view/index.ts	verbatim		1	0	txt
ac_cloud-notes/blocksuite/affine/gfx/connector/src/view/view.ts	verbatim		212	0	txt
ac_cloud-notes/blocksuite/affine/gfx/connector/tsconfig.json	verbatim		22	0	txt
ac_cloud-notes/blocksuite/affine/gfx/group/package.json	verbatim		43	0	txt
ac_cloud-notes/blocksuite/affine/gfx/group/src/__tests__/group-api.unit.spec.ts	verbatim		131	0	txt
ac_cloud-notes/blocksuite/affine/gfx/group/src/adapter/index.ts	verbatim		2	0	txt
ac_cloud-notes/blocksuite/affine/gfx/group/src/adapter/markdown/index.ts	verbatim		22	0	txt
ac_cloud-notes/blocksuite/affine/gfx/group/src/adapter/plain-text/index.ts	verbatim		12	0	txt
ac_cloud-notes/blocksuite/affine/gfx/group/src/adapter/text.ts	verbatim		19	0	txt
ac_cloud-notes/blocksuite/affine/gfx/group/src/command/group-api.ts	verbatim		201	0	txt
ac_cloud-notes/blocksuite/affine/gfx/group/src/command/index.ts	verbatim		1	0	txt
ac_cloud-notes/blocksuite/affine/gfx/group/src/effects.ts	verbatim		12	0	txt
ac_cloud-notes/blocksuite/affine/gfx/group/src/element-view.ts	verbatim		48	0	txt
ac_cloud-notes/blocksuite/affine/gfx/group/src/group-watcher.ts	verbatim		31	0	txt
ac_cloud-notes/blocksuite/affine/gfx/group/src/index.ts	verbatim		6	0	txt
ac_cloud-notes/blocksuite/affine/gfx/group/src/interaction-ext.ts	verbatim		39	0	txt
ac_cloud-notes/blocksuite/affine/gfx/group/src/renderer/consts.ts	verbatim		5	0	txt
ac_cloud-notes/blocksuite/affine/gfx/group/src/renderer/dom-renderer.ts	verbatim		54	0	txt
ac_cloud-notes/blocksuite/affine/gfx/group/src/renderer/element-renderer.ts	verbatim		55	0	txt
ac_cloud-notes/blocksuite/affine/gfx/group/src/renderer/index.ts	verbatim		2	0	txt
ac_cloud-notes/blocksuite/affine/gfx/group/src/renderer/utils.ts	verbatim		68	0	txt
ac_cloud-notes/blocksuite/affine/gfx/group/src/store.ts	verbatim		18	0	txt
ac_cloud-notes/blocksuite/affine/gfx/group/src/text/edgeless-group-title-editor.ts	verbatim		164	0	txt
ac_cloud-notes/blocksuite/affine/gfx/group/src/text/text.ts	verbatim		27	0	txt
ac_cloud-notes/blocksuite/affine/gfx/group/src/toolbar/config.ts	verbatim		93	0	txt
ac_cloud-notes/blocksuite/affine/gfx/group/src/view.ts	verbatim		30	0	txt
ac_cloud-notes/blocksuite/affine/gfx/group/tsconfig.json	verbatim		21	0	txt
ac_cloud-notes/blocksuite/affine/gfx/group/vitest.config.ts	verbatim		27	0	txt
ac_cloud-notes/blocksuite/affine/gfx/link/package.json	verbatim		34	0	txt
ac_cloud-notes/blocksuite/affine/gfx/link/src/effects.ts	verbatim		4	0	txt
ac_cloud-notes/blocksuite/affine/gfx/link/src/index.ts	verbatim		1	0	txt
ac_cloud-notes/blocksuite/affine/gfx/link/src/link-tool.ts	verbatim		11	0	txt
ac_cloud-notes/blocksuite/affine/gfx/link/src/toolbar/link-dense-menu.ts	verbatim		29	0	txt
ac_cloud-notes/blocksuite/affine/gfx/link/src/toolbar/link-tool-button.ts	verbatim		88	0	txt
ac_cloud-notes/blocksuite/affine/gfx/link/src/view.ts	verbatim		19	0	txt
ac_cloud-notes/blocksuite/affine/gfx/link/tsconfig.json	verbatim		19	0	txt
ac_cloud-notes/blocksuite/affine/gfx/mindmap/package.json	verbatim		49	0	txt
ac_cloud-notes/blocksuite/affine/gfx/mindmap/src/adapter/index.ts	verbatim		2	0	txt
ac_cloud-notes/blocksuite/affine/gfx/mindmap/src/adapter/markdown/index.ts	verbatim		64	0	txt
ac_cloud-notes/blocksuite/affine/gfx/mindmap/src/adapter/plain-text/index.ts	verbatim		11	0	txt
ac_cloud-notes/blocksuite/affine/gfx/mindmap/src/adapter/utils.ts	verbatim		61	0	txt
ac_cloud-notes/blocksuite/affine/gfx/mindmap/src/effects.ts	verbatim		18	0	txt
ac_cloud-notes/blocksuite/affine/gfx/mindmap/src/index.ts	verbatim		8	0	txt
ac_cloud-notes/blocksuite/affine/gfx/mindmap/src/indicator-overlay/index.ts	verbatim		261	0	txt
ac_cloud-notes/blocksuite/affine/gfx/mindmap/src/interactivity/drag-utils.ts	verbatim		164	0	txt
ac_cloud-notes/blocksuite/affine/gfx/mindmap/src/interactivity/index.ts	verbatim		1	0	txt
ac_cloud-notes/blocksuite/affine/gfx/mindmap/src/interactivity/mind-map-drag.ts	verbatim		408	0	txt
ac_cloud-notes/blocksuite/affine/gfx/mindmap/src/renderer/dom-renderer.ts	verbatim		54	0	txt
ac_cloud-notes/blocksuite/affine/gfx/mindmap/src/renderer/element-renderer.ts	verbatim		69	0	txt
ac_cloud-notes/blocksuite/affine/gfx/mindmap/src/renderer/index.ts	verbatim		2	0	txt
ac_cloud-notes/blocksuite/affine/gfx/mindmap/src/store.ts	verbatim		16	0	txt
ac_cloud-notes/blocksuite/affine/gfx/mindmap/src/toolbar/assets.ts	verbatim		43	0	txt
ac_cloud-notes/blocksuite/affine/gfx/mindmap/src/toolbar/basket-elements.ts	verbatim		183	0	txt
ac_cloud-notes/blocksuite/affine/gfx/mindmap/src/toolbar/config.ts	verbatim		176	0	txt
ac_cloud-notes/blocksuite/affine/gfx/mindmap/src/toolbar/icons.ts	verbatim		610	0	txt
ac_cloud-notes/blocksuite/affine/gfx/mindmap/src/toolbar/mindmap-importing-placeholder.ts	verbatim		43	0	txt
ac_cloud-notes/blocksuite/affine/gfx/mindmap/src/toolbar/mindmap-menu.ts	verbatim		394	0	txt
ac_cloud-notes/blocksuite/affine/gfx/mindmap/src/toolbar/mindmap-tool-button.ts	verbatim		431	0	txt
ac_cloud-notes/blocksuite/affine/gfx/mindmap/src/toolbar/senior-tool.ts	verbatim		14	0	txt
ac_cloud-notes/blocksuite/affine/gfx/mindmap/src/toolbar/utils/import-mindmap.ts	verbatim		119	0	txt
ac_cloud-notes/blocksuite/affine/gfx/mindmap/src/utils/index.ts	verbatim		60	0	txt
ac_cloud-notes/blocksuite/affine/gfx/mindmap/src/view.ts	verbatim		36	0	txt
ac_cloud-notes/blocksuite/affine/gfx/mindmap/src/view/index.ts	verbatim		4	0	txt
ac_cloud-notes/blocksuite/affine/gfx/mindmap/src/view/layout.ts	verbatim		168	0	txt
ac_cloud-notes/blocksuite/affine/gfx/mindmap/src/view/style-svg.ts	verbatim		676	0	txt
ac_cloud-notes/blocksuite/affine/gfx/mindmap/src/view/utils.ts	verbatim		586	0	txt
ac_cloud-notes/blocksuite/affine/gfx/mindmap/src/view/view.ts	verbatim		320	0	txt
ac_cloud-notes/blocksuite/affine/gfx/mindmap/tsconfig.json	verbatim		26	0	txt
ac_cloud-notes/blocksuite/affine/gfx/note/package.json	verbatim		41	0	txt
ac_cloud-notes/blocksuite/affine/gfx/note/src/components/icons.ts	verbatim		82	0	txt
ac_cloud-notes/blocksuite/affine/gfx/note/src/components/note-display-mode-panel.ts	verbatim		95	0	txt
ac_cloud-notes/blocksuite/affine/gfx/note/src/components/note-shadow-panel.ts	verbatim		135	0	txt
ac_cloud-notes/blocksuite/affine/gfx/note/src/effects.ts	verbatim		24	0	txt
ac_cloud-notes/blocksuite/affine/gfx/note/src/index.ts	verbatim		3	0	txt
ac_cloud-notes/blocksuite/affine/gfx/note/src/note-tool.ts	verbatim		283	0	txt
ac_cloud-notes/blocksuite/affine/gfx/note/src/overlay/consts.ts	verbatim		9	0	txt
ac_cloud-notes/blocksuite/affine/gfx/note/src/overlay/index.ts	verbatim		2	0	txt
ac_cloud-notes/blocksuite/affine/gfx/note/src/overlay/overlay.ts	verbatim		147	0	txt
ac_cloud-notes/blocksuite/affine/gfx/note/src/toolbar/icon.ts	verbatim		21	0	txt
ac_cloud-notes/blocksuite/affine/gfx/note/src/toolbar/note-menu-config.ts	verbatim		146	0	txt
ac_cloud-notes/blocksuite/affine/gfx/note/src/toolbar/note-menu.ts	verbatim		189	0	txt
ac_cloud-notes/blocksuite/affine/gfx/note/src/toolbar/note-senior-button.ts	verbatim		202	0	txt
ac_cloud-notes/blocksuite/affine/gfx/note/src/toolbar/note-tool-button.ts	verbatim		108	0	txt
ac_cloud-notes/blocksuite/affine/gfx/note/src/toolbar/senior-tool.ts	verbatim		10	0	txt
ac_cloud-notes/blocksuite/affine/gfx/note/src/view.ts	verbatim		19	0	txt
ac_cloud-notes/blocksuite/affine/gfx/note/tsconfig.json	verbatim		23	0	txt
ac_cloud-notes/blocksuite/affine/gfx/pointer/package.json	verbatim		38	0	txt
ac_cloud-notes/blocksuite/affine/gfx/pointer/src/__tests__/adaptive-load-controller.unit.spec.ts	verbatim		61	0	txt
ac_cloud-notes/blocksuite/affine/gfx/pointer/src/__tests__/pan-tool.unit.spec.ts	verbatim		153	0	txt
ac_cloud-notes/blocksuite/affine/gfx/pointer/src/effects.ts	verbatim		7	0	txt
ac_cloud-notes/blocksuite/affine/gfx/pointer/src/index.ts	verbatim		1	0	txt
ac_cloud-notes/blocksuite/affine/gfx/pointer/src/quick-tool/default-tool-button.ts	verbatim		96	0	txt
ac_cloud-notes/blocksuite/affine/gfx/pointer/src/quick-tool/quick-tool.ts	verbatim		11	0	txt
ac_cloud-notes/blocksuite/affine/gfx/pointer/src/snap/adaptive-load-controller.ts	verbatim		53	0	txt
ac_cloud-notes/blocksuite/affine/gfx/pointer/src/snap/snap-manager.ts	verbatim		137	0	txt
ac_cloud-notes/blocksuite/affine/gfx/pointer/src/snap/snap-overlay.ts	verbatim		731	0	txt
ac_cloud-notes/blocksuite/affine/gfx/pointer/src/tools/empty-tool.ts	verbatim		7	0	txt
ac_cloud-notes/blocksuite/affine/gfx/pointer/src/tools/index.ts	verbatim		2	0	txt
ac_cloud-notes/blocksuite/affine/gfx/pointer/src/tools/pan-tool.ts	verbatim		121	0	txt
ac_cloud-notes/blocksuite/affine/gfx/pointer/src/view.ts	verbatim		26	0	txt
ac_cloud-notes/blocksuite/affine/gfx/pointer/tsconfig.json	verbatim		18	0	txt
ac_cloud-notes/blocksuite/affine/gfx/pointer/vitest.config.ts	verbatim		27	0	txt
ac_cloud-notes/blocksuite/affine/gfx/shape/package.json	verbatim		45	0	txt
ac_cloud-notes/blocksuite/affine/gfx/shape/src/adapter/index.ts	verbatim		3	0	txt
ac_cloud-notes/blocksuite/affine/gfx/shape/src/adapter/markdown/index.ts	verbatim		42	0	txt
ac_cloud-notes/blocksuite/affine/gfx/shape/src/adapter/plain-text/index.ts	verbatim		32	0	txt
ac_cloud-notes/blocksuite/affine/gfx/shape/src/adapter/utils.ts	verbatim		32	0	txt
ac_cloud-notes/blocksuite/affine/gfx/shape/src/components/shape-panel.ts	verbatim		57	0	txt
ac_cloud-notes/blocksuite/affine/gfx/shape/src/components/shape-style-panel.ts	verbatim		53	0	txt
ac_cloud-notes/blocksuite/affine/gfx/shape/src/consts.ts	verbatim		18	0	txt
ac_cloud-notes/blocksuite/affine/gfx/shape/src/draggable/index.ts	verbatim		4	0	txt
ac_cloud-notes/blocksuite/affine/gfx/shape/src/draggable/shape-draggable.ts	verbatim		346	0	txt
ac_cloud-notes/blocksuite/affine/gfx/shape/src/draggable/shape-menu.ts	verbatim		196	0	txt
ac_cloud-notes/blocksuite/affine/gfx/shape/src/draggable/shape-tool-button.ts	verbatim		82	0	txt
ac_cloud-notes/blocksuite/affine/gfx/shape/src/draggable/shape-tool-element.ts	verbatim		295	0	txt
ac_cloud-notes/blocksuite/affine/gfx/shape/src/draggable/utils.ts	verbatim		136	0	txt
ac_cloud-notes/blocksuite/affine/gfx/shape/src/effects.ts	verbatim		35	0	txt
ac_cloud-notes/blocksuite/affine/gfx/shape/src/element-renderer/index.ts	verbatim		1	0	txt
ac_cloud-notes/blocksuite/affine/gfx/shape/src/element-renderer/shape-dom.ts	verbatim		9	0	txt
ac_cloud-notes/blocksuite/affine/gfx/shape/src/element-renderer/shape-dom/index.ts	verbatim		255	0	txt
ac_cloud-notes/blocksuite/affine/gfx/shape/src/element-renderer/shape-dom/utils.ts	verbatim		52	0	txt
ac_cloud-notes/blocksuite/affine/gfx/shape/src/element-renderer/shape/diamond.ts	verbatim		61	0	txt
ac_cloud-notes/blocksuite/affine/gfx/shape/src/element-renderer/shape/ellipse.ts	verbatim		54	0	txt
ac_cloud-notes/blocksuite/affine/gfx/shape/src/element-renderer/shape/index.ts	verbatim		165	0	txt
ac_cloud-notes/blocksuite/affine/gfx/shape/src/element-renderer/shape/rect.ts	verbatim		91	0	txt
ac_cloud-notes/blocksuite/affine/gfx/shape/src/element-renderer/shape/triangle.ts	verbatim		60	0	txt
ac_cloud-notes/blocksuite/affine/gfx/shape/src/element-renderer/shape/utils.ts	verbatim		239	0	txt
ac_cloud-notes/blocksuite/affine/gfx/shape/src/element-view.ts	verbatim		37	0	txt
ac_cloud-notes/blocksuite/affine/gfx/shape/src/index.ts	verbatim		9	0	txt
ac_cloud-notes/blocksuite/affine/gfx/shape/src/overlay/diamond.ts	verbatim		21	0	txt
ac_cloud-notes/blocksuite/affine/gfx/shape/src/overlay/ellipse.ts	verbatim		13	0	txt
ac_cloud-notes/blocksuite/affine/gfx/shape/src/overlay/factory.ts	verbatim		32	0	txt
ac_cloud-notes/blocksuite/affine/gfx/shape/src/overlay/index.ts	verbatim		3	0	txt
ac_cloud-notes/blocksuite/affine/gfx/shape/src/overlay/rect.ts	verbatim		13	0	txt
ac_cloud-notes/blocksuite/affine/gfx/shape/src/overlay/rounded-rect.ts	verbatim		29	0	txt
ac_cloud-notes/blocksuite/affine/gfx/shape/src/overlay/shape-overlay.ts	verbatim		99	0	txt
ac_cloud-notes/blocksuite/affine/gfx/shape/src/overlay/shape.ts	verbatim		21	0	txt
ac_cloud-notes/blocksuite/affine/gfx/shape/src/overlay/triangle.ts	verbatim		20	0	txt
ac_cloud-notes/blocksuite/affine/gfx/shape/src/overlay/utils.ts	verbatim		50	0	txt
ac_cloud-notes/blocksuite/affine/gfx/shape/src/shape-tool.ts	verbatim		305	0	txt
ac_cloud-notes/blocksuite/affine/gfx/shape/src/store.ts	verbatim		16	0	txt
ac_cloud-notes/blocksuite/affine/gfx/shape/src/text/edgeless-shape-text-editor.ts	verbatim		477	0	txt
ac_cloud-notes/blocksuite/affine/gfx/shape/src/text/index.ts	verbatim		1	0	txt
ac_cloud-notes/blocksuite/affine/gfx/shape/src/toolbar/config.ts	verbatim		306	0	txt
ac_cloud-notes/blocksuite/affine/gfx/shape/src/toolbar/icons.ts	verbatim		247	0	txt
ac_cloud-notes/blocksuite/affine/gfx/shape/src/toolbar/index.ts	verbatim		4	0	txt
ac_cloud-notes/blocksuite/affine/gfx/shape/src/toolbar/senior-tool.ts	verbatim		14	0	txt
ac_cloud-notes/blocksuite/affine/gfx/shape/src/toolbar/shape-menu-config.ts	verbatim		68	0	txt
ac_cloud-notes/blocksuite/affine/gfx/shape/src/view.ts	verbatim		29	0	txt
ac_cloud-notes/blocksuite/affine/gfx/shape/tsconfig.json	verbatim		22	0	txt
ac_cloud-notes/blocksuite/affine/gfx/template/package.json	verbatim		39	0	txt
ac_cloud-notes/blocksuite/affine/gfx/template/src/effects.ts	verbatim		18	0	txt
ac_cloud-notes/blocksuite/affine/gfx/template/src/index.ts	verbatim		5	0	txt
ac_cloud-notes/blocksuite/affine/gfx/template/src/services/template-middlewares.ts	verbatim		290	0	txt
ac_cloud-notes/blocksuite/affine/gfx/template/src/services/template.ts	verbatim		362	0	txt
ac_cloud-notes/blocksuite/affine/gfx/template/src/template-tool.ts	verbatim		4	0	txt
ac_cloud-notes/blocksuite/affine/gfx/template/src/toolbar/builtin-templates.ts	verbatim		89	0	txt
ac_cloud-notes/blocksuite/affine/gfx/template/src/toolbar/cards.ts	verbatim		1408	0	txt
ac_cloud-notes/blocksuite/affine/gfx/template/src/toolbar/overlay-scrollbar.ts	verbatim		141	0	txt
ac_cloud-notes/blocksuite/affine/gfx/template/src/toolbar/senior-tool.ts	verbatim		12	0	txt
ac_cloud-notes/blocksuite/affine/gfx/template/src/toolbar/template-loading.ts	verbatim		45	0	txt
ac_cloud-notes/blocksuite/affine/gfx/template/src/toolbar/template-panel.ts	verbatim		466	0	txt
ac_cloud-notes/blocksuite/affine/gfx/template/src/toolbar/template-tool-button.ts	verbatim		204	0	txt
ac_cloud-notes/blocksuite/affine/gfx/template/src/toolbar/template-type.ts	verbatim		33	0	txt
ac_cloud-notes/blocksuite/affine/gfx/template/src/toolbar/utils.ts	verbatim		23	0	txt
ac_cloud-notes/blocksuite/affine/gfx/template/src/view.ts	verbatim		21	0	txt
ac_cloud-notes/blocksuite/affine/gfx/template/tsconfig.json	verbatim		20	0	txt
ac_cloud-notes/blocksuite/affine/gfx/text/package.json	verbatim		40	0	txt
ac_cloud-notes/blocksuite/affine/gfx/text/src/adapter/index.ts	verbatim		2	0	txt
ac_cloud-notes/blocksuite/affine/gfx/text/src/adapter/markdown/index.ts	verbatim		21	0	txt
ac_cloud-notes/blocksuite/affine/gfx/text/src/adapter/plain-text/index.ts	verbatim		12	0	txt
ac_cloud-notes/blocksuite/affine/gfx/text/src/adapter/text.ts	verbatim		21	0	txt
ac_cloud-notes/blocksuite/affine/gfx/text/src/commands/index.ts	verbatim		1	0	txt
ac_cloud-notes/blocksuite/affine/gfx/text/src/commands/insert-edgeless-text.ts	verbatim		107	0	txt
ac_cloud-notes/blocksuite/affine/gfx/text/src/dblclick-add-edgeless-text.ts	verbatim		45	0	txt
ac_cloud-notes/blocksuite/affine/gfx/text/src/edgeless-text-editor.ts	verbatim		418	0	txt
ac_cloud-notes/blocksuite/affine/gfx/text/src/effects.ts	verbatim		12	0	txt
ac_cloud-notes/blocksuite/affine/gfx/text/src/element-renderer/index.ts	verbatim		80	0	txt
ac_cloud-notes/blocksuite/affine/gfx/text/src/element-renderer/utils.ts	verbatim		477	0	txt
ac_cloud-notes/blocksuite/affine/gfx/text/src/element-view.ts	verbatim		84	0	txt
ac_cloud-notes/blocksuite/affine/gfx/text/src/index.ts	verbatim		7	0	txt
ac_cloud-notes/blocksuite/affine/gfx/text/src/store.ts	verbatim		16	0	txt
ac_cloud-notes/blocksuite/affine/gfx/text/src/tool.ts	verbatim		57	0	txt
ac_cloud-notes/blocksuite/affine/gfx/text/src/toolbar/actions.ts	verbatim		366	0	txt
ac_cloud-notes/blocksuite/affine/gfx/text/src/toolbar/config.ts	verbatim		48	0	txt
ac_cloud-notes/blocksuite/affine/gfx/text/src/toolbar/index.ts	verbatim		2	0	txt
ac_cloud-notes/blocksuite/affine/gfx/text/src/toolbar/text-menu.ts	verbatim		41	0	txt
ac_cloud-notes/blocksuite/affine/gfx/text/src/view.ts	verbatim		28	0	txt
ac_cloud-notes/blocksuite/affine/gfx/text/tsconfig.json	verbatim		20	0	txt
ac_cloud-notes/blocksuite/affine/gfx/turbo-renderer/package.json	verbatim		30	0	txt
ac_cloud-notes/blocksuite/affine/gfx/turbo-renderer/src/index.ts	verbatim		5	0	txt
ac_cloud-notes/blocksuite/affine/gfx/turbo-renderer/src/layout/block-layout-provider.ts	verbatim		24	0	txt
ac_cloud-notes/blocksuite/affine/gfx/turbo-renderer/src/painter/painter.worker.ts	verbatim		107	0	txt
ac_cloud-notes/blocksuite/affine/gfx/turbo-renderer/src/renderer-utils.ts	verbatim		200	0	txt
ac_cloud-notes/blocksuite/affine/gfx/turbo-renderer/src/text-utils.ts	verbatim		122	0	txt
ac_cloud-notes/blocksuite/affine/gfx/turbo-renderer/src/turbo-renderer.ts	verbatim		460	0	txt
ac_cloud-notes/blocksuite/affine/gfx/turbo-renderer/src/types.ts	verbatim		91	0	txt
ac_cloud-notes/blocksuite/affine/gfx/turbo-renderer/tsconfig.json	verbatim		15	0	txt
ac_cloud-notes/blocksuite/affine/inlines/comment/package.json	verbatim		39	0	txt
ac_cloud-notes/blocksuite/affine/inlines/comment/src/effects.ts	verbatim		9	0	txt
ac_cloud-notes/blocksuite/affine/inlines/comment/src/index.ts	verbatim		4	0	txt
ac_cloud-notes/blocksuite/affine/inlines/comment/src/inline-comment-manager.ts	verbatim		193	0	txt
ac_cloud-notes/blocksuite/affine/inlines/comment/src/inline-comment.ts	verbatim		98	0	txt
ac_cloud-notes/blocksuite/affine/inlines/comment/src/inline-spec.ts	verbatim		53	0	txt
ac_cloud-notes/blocksuite/affine/inlines/comment/src/utils.ts	verbatim		53	0	txt
ac_cloud-notes/blocksuite/affine/inlines/comment/src/view.ts	verbatim		36	0	txt
ac_cloud-notes/blocksuite/affine/inlines/comment/tsconfig.json	verbatim		17	0	txt
ac_cloud-notes/blocksuite/affine/inlines/footnote/package.json	verbatim		44	0	txt
ac_cloud-notes/blocksuite/affine/inlines/footnote/src/__tests__/adapters/preprocessor.unit.spec.ts	verbatim		55	0	txt
ac_cloud-notes/blocksuite/affine/inlines/footnote/src/adapters/index.ts	verbatim		3	0	txt
ac_cloud-notes/blocksuite/affine/inlines/footnote/src/adapters/markdown/inline-delta.ts	verbatim		49	0	txt
ac_cloud-notes/blocksuite/affine/inlines/footnote/src/adapters/markdown/markdown-inline.ts	verbatim		54	0	txt
ac_cloud-notes/blocksuite/affine/inlines/footnote/src/adapters/markdown/preprocessor.ts	verbatim		50	0	txt
ac_cloud-notes/blocksuite/affine/inlines/footnote/src/effects.ts	verbatim		15	0	txt
ac_cloud-notes/blocksuite/affine/inlines/footnote/src/footnote-node/footnote-config.ts	verbatim		99	0	txt
ac_cloud-notes/blocksuite/affine/inlines/footnote/src/footnote-node/footnote-node.ts	verbatim		245	0	txt
ac_cloud-notes/blocksuite/affine/inlines/footnote/src/footnote-node/footnote-popup-chip.ts	verbatim		68	0	txt
ac_cloud-notes/blocksuite/affine/inlines/footnote/src/footnote-node/footnote-popup.ts	verbatim		204	0	txt
ac_cloud-notes/blocksuite/affine/inlines/footnote/src/index.ts	verbatim		4	0	txt
ac_cloud-notes/blocksuite/affine/inlines/footnote/src/inline-spec.ts	verbatim		30	0	txt
ac_cloud-notes/blocksuite/affine/inlines/footnote/src/store.ts	verbatim		18	0	txt
ac_cloud-notes/blocksuite/affine/inlines/footnote/src/view.ts	verbatim		17	0	txt
ac_cloud-notes/blocksuite/affine/inlines/footnote/tsconfig.json	verbatim		18	0	txt
ac_cloud-notes/blocksuite/affine/inlines/footnote/vitest.config.ts	verbatim		24	0	txt
ac_cloud-notes/blocksuite/affine/inlines/latex/package.json	verbatim		42	0	txt
ac_cloud-notes/blocksuite/affine/inlines/latex/src/adapters/index.ts	verbatim		3	0	txt
ac_cloud-notes/blocksuite/affine/inlines/latex/src/adapters/markdown/inline-delta.ts	verbatim		20	0	txt
ac_cloud-notes/blocksuite/affine/inlines/latex/src/adapters/markdown/markdown-inline.ts	verbatim		11	0	txt
ac_cloud-notes/blocksuite/affine/inlines/latex/src/adapters/plain-text/inline-delta.ts	verbatim		20	0	txt
ac_cloud-notes/blocksuite/affine/inlines/latex/src/command.ts	verbatim		79	0	txt
ac_cloud-notes/blocksuite/affine/inlines/latex/src/effects.ts	verbatim		15	0	txt
ac_cloud-notes/blocksuite/affine/inlines/latex/src/index.ts	verbatim		7	0	txt
ac_cloud-notes/blocksuite/affine/inlines/latex/src/inline-spec.ts	verbatim		38	0	txt
ac_cloud-notes/blocksuite/affine/inlines/latex/src/latex-node/latex-editor-menu.ts	verbatim		175	0	txt
ac_cloud-notes/blocksuite/affine/inlines/latex/src/latex-node/latex-editor-unit.ts	verbatim		48	0	txt
ac_cloud-notes/blocksuite/affine/inlines/latex/src/latex-node/latex-node.ts	verbatim		245	0	txt
ac_cloud-notes/blocksuite/affine/inlines/latex/src/markdown.ts	verbatim		157	0	txt
ac_cloud-notes/blocksuite/affine/inlines/latex/src/store.ts	verbatim		18	0	txt
ac_cloud-notes/blocksuite/affine/inlines/latex/src/view.ts	verbatim		25	0	txt
ac_cloud-notes/blocksuite/affine/inlines/latex/tsconfig.json	verbatim		19	0	txt
ac_cloud-notes/blocksuite/affine/inlines/link/package.json	verbatim		40	0	txt
ac_cloud-notes/blocksuite/affine/inlines/link/src/adapters/html/html-inline.ts	verbatim		67	0	txt
ac_cloud-notes/blocksuite/affine/inlines/link/src/adapters/html/inline-delta.ts	verbatim		24	0	txt
ac_cloud-notes/blocksuite/affine/inlines/link/src/adapters/index.ts	verbatim		6	0	txt
ac_cloud-notes/blocksuite/affine/inlines/link/src/adapters/markdown/index.ts	verbatim		2	0	txt
ac_cloud-notes/blocksuite/affine/inlines/link/src/adapters/markdown/inline-delta.ts	verbatim		34	0	txt
ac_cloud-notes/blocksuite/affine/inlines/link/src/adapters/markdown/markdown-inline.ts	verbatim		50	0	txt
ac_cloud-notes/blocksuite/affine/inlines/link/src/adapters/notion-html/html-inline.ts	verbatim		49	0	txt
ac_cloud-notes/blocksuite/affine/inlines/link/src/adapters/plain-text/inline-delta.ts	verbatim		23	0	txt
ac_cloud-notes/blocksuite/affine/inlines/link/src/command.ts	verbatim		35	0	txt
ac_cloud-notes/blocksuite/affine/inlines/link/src/effects.ts	verbatim		6	0	txt
ac_cloud-notes/blocksuite/affine/inlines/link/src/index.ts	verbatim		6	0	txt
ac_cloud-notes/blocksuite/affine/inlines/link/src/inline-spec.ts	verbatim		21	0	txt
ac_cloud-notes/blocksuite/affine/inlines/link/src/link-node/affine-link.ts	verbatim		156	0	txt
ac_cloud-notes/blocksuite/affine/inlines/link/src/link-node/configs/toolbar.ts	verbatim		309	0	txt
ac_cloud-notes/blocksuite/affine/inlines/link/src/link-node/index.ts	verbatim		2	0	txt
ac_cloud-notes/blocksuite/affine/inlines/link/src/link-node/link-popup/link-popup.ts	verbatim		283	0	txt
ac_cloud-notes/blocksuite/affine/inlines/link/src/link-node/link-popup/styles.ts	verbatim		141	0	txt
ac_cloud-notes/blocksuite/affine/inlines/link/src/link-node/link-popup/toggle-link-popup.ts	verbatim		23	0	txt
ac_cloud-notes/blocksuite/affine/inlines/link/src/markdown.ts	verbatim		46	0	txt
ac_cloud-notes/blocksuite/affine/inlines/link/src/store.ts	verbatim		24	0	txt
ac_cloud-notes/blocksuite/affine/inlines/link/src/toolbar.ts	verbatim		7	0	txt
ac_cloud-notes/blocksuite/affine/inlines/link/src/view.ts	verbatim		19	0	txt
ac_cloud-notes/blocksuite/affine/inlines/link/tsconfig.json	verbatim		19	0	txt
ac_cloud-notes/blocksuite/affine/inlines/mention/package.json	verbatim		32	0	txt
ac_cloud-notes/blocksuite/affine/inlines/mention/src/affine-mention.ts	verbatim		140	0	txt
ac_cloud-notes/blocksuite/affine/inlines/mention/src/effects.ts	verbatim		9	0	txt
ac_cloud-notes/blocksuite/affine/inlines/mention/src/index.ts	verbatim		3	0	txt
ac_cloud-notes/blocksuite/affine/inlines/mention/src/inline-spec.ts	verbatim		33	0	txt
ac_cloud-notes/blocksuite/affine/inlines/mention/src/view.ts	verbatim		17	0	txt
ac_cloud-notes/blocksuite/affine/inlines/mention/tsconfig.json	verbatim		16	0	txt
ac_cloud-notes/blocksuite/affine/inlines/preset/package.json	verbatim		45	0	txt
ac_cloud-notes/blocksuite/affine/inlines/preset/src/adapters/extensions.ts	verbatim		18	0	txt
ac_cloud-notes/blocksuite/affine/inlines/preset/src/adapters/html/color-utils.ts	verbatim		131	0	txt
ac_cloud-notes/blocksuite/affine/inlines/preset/src/adapters/html/html-inline.ts	verbatim		338	0	txt
ac_cloud-notes/blocksuite/affine/inlines/preset/src/adapters/html/inline-delta.ts	verbatim		142	0	txt
ac_cloud-notes/blocksuite/affine/inlines/preset/src/adapters/markdown/inline-delta.ts	verbatim		52	0	txt
ac_cloud-notes/blocksuite/affine/inlines/preset/src/adapters/markdown/markdown-inline.ts	verbatim		90	0	txt
ac_cloud-notes/blocksuite/affine/inlines/preset/src/adapters/notion-html/html-inline.ts	verbatim		235	0	txt
ac_cloud-notes/blocksuite/affine/inlines/preset/src/command/config.ts	verbatim		134	0	txt
ac_cloud-notes/blocksuite/affine/inlines/preset/src/command/consts.ts	verbatim		18	0	txt
ac_cloud-notes/blocksuite/affine/inlines/preset/src/command/delete-text.ts	verbatim		69	0	txt
ac_cloud-notes/blocksuite/affine/inlines/preset/src/command/format-block.ts	verbatim		66	0	txt
ac_cloud-notes/blocksuite/affine/inlines/preset/src/command/format-native.ts	verbatim		46	0	txt
ac_cloud-notes/blocksuite/affine/inlines/preset/src/command/format-text.ts	verbatim		83	0	txt
ac_cloud-notes/blocksuite/affine/inlines/preset/src/command/index.ts	verbatim		22	0	txt
ac_cloud-notes/blocksuite/affine/inlines/preset/src/command/text-style.ts	verbatim		95	0	txt
ac_cloud-notes/blocksuite/affine/inlines/preset/src/command/utils.ts	verbatim		204	0	txt
ac_cloud-notes/blocksuite/affine/inlines/preset/src/default-inline-manager.ts	verbatim		36	0	txt
ac_cloud-notes/blocksuite/affine/inlines/preset/src/effects.ts	verbatim		9	0	txt
ac_cloud-notes/blocksuite/affine/inlines/preset/src/index.ts	verbatim		8	0	txt
ac_cloud-notes/blocksuite/affine/inlines/preset/src/inline-spec.ts	verbatim		109	0	txt
ac_cloud-notes/blocksuite/affine/inlines/preset/src/keymap/basic.ts	verbatim		69	0	txt
ac_cloud-notes/blocksuite/affine/inlines/preset/src/keymap/bracket.ts	verbatim		145	0	txt
ac_cloud-notes/blocksuite/affine/inlines/preset/src/keymap/format.ts	verbatim		24	0	txt
ac_cloud-notes/blocksuite/affine/inlines/preset/src/keymap/index.ts	verbatim		13	0	txt
ac_cloud-notes/blocksuite/affine/inlines/preset/src/markdown.ts	verbatim		249	0	txt
ac_cloud-notes/blocksuite/affine/inlines/preset/src/nodes/affine-text.ts	verbatim		31	0	txt
ac_cloud-notes/blocksuite/affine/inlines/preset/src/store.ts	verbatim		12	0	txt
ac_cloud-notes/blocksuite/affine/inlines/preset/src/view.ts	verbatim		21	0	txt
ac_cloud-notes/blocksuite/affine/inlines/preset/tsconfig.json	verbatim		24	0	txt
ac_cloud-notes/blocksuite/affine/inlines/reference/package.json	verbatim		40	0	txt
ac_cloud-notes/blocksuite/affine/inlines/reference/src/adapters/html/inline-delta.ts	verbatim		39	0	txt
ac_cloud-notes/blocksuite/affine/inlines/reference/src/adapters/index.ts	verbatim		3	0	txt
ac_cloud-notes/blocksuite/affine/inlines/reference/src/adapters/markdown/inline-delta.ts	verbatim		39	0	txt
ac_cloud-notes/blocksuite/affine/inlines/reference/src/adapters/plain-text/inline-delta.ts	verbatim		30	0	txt
ac_cloud-notes/blocksuite/affine/inlines/reference/src/effects.ts	verbatim		11	0	txt
ac_cloud-notes/blocksuite/affine/inlines/reference/src/index.ts	verbatim		5	0	txt
ac_cloud-notes/blocksuite/affine/inlines/reference/src/inline-spec.ts	verbatim		55	0	txt
ac_cloud-notes/blocksuite/affine/inlines/reference/src/reference-node/configs/toolbar.ts	verbatim		211	0	txt
ac_cloud-notes/blocksuite/affine/inlines/reference/src/reference-node/index.ts	verbatim		6	0	txt
ac_cloud-notes/blocksuite/affine/inlines/reference/src/reference-node/reference-config.ts	verbatim		39	0	txt
ac_cloud-notes/blocksuite/affine/inlines/reference/src/reference-node/reference-node-slots.ts	verbatim		25	0	txt
ac_cloud-notes/blocksuite/affine/inlines/reference/src/reference-node/reference-node.ts	verbatim		273	0	txt
ac_cloud-notes/blocksuite/affine/inlines/reference/src/reference-node/reference-popup/reference-popup.ts	verbatim		241	0	txt
ac_cloud-notes/blocksuite/affine/inlines/reference/src/reference-node/reference-popup/toggle-reference-popup.ts	verbatim		23	0	txt
ac_cloud-notes/blocksuite/affine/inlines/reference/src/reference-node/types.ts	verbatim		13	0	txt
ac_cloud-notes/blocksuite/affine/inlines/reference/src/store.ts	verbatim		18	0	txt
ac_cloud-notes/blocksuite/affine/inlines/reference/src/toolbar.ts	verbatim		7	0	txt
ac_cloud-notes/blocksuite/affine/inlines/reference/src/utils.ts	verbatim		20	0	txt
ac_cloud-notes/blocksuite/affine/inlines/reference/src/view.ts	verbatim		21	0	txt
ac_cloud-notes/blocksuite/affine/inlines/reference/tsconfig.json	verbatim		18	0	txt
ac_cloud-notes/blocksuite/affine/model/package.json	verbatim		33	0	txt
ac_cloud-notes/blocksuite/affine/model/src/blocks/attachment/attachment-model.ts	verbatim		100	0	txt
ac_cloud-notes/blocksuite/affine/model/src/blocks/attachment/attachment-transformer.ts	verbatim		30	0	txt
ac_cloud-notes/blocksuite/affine/model/src/blocks/attachment/index.ts	verbatim		2	0	txt
ac_cloud-notes/blocksuite/affine/model/src/blocks/bookmark/bookmark-model.ts	verbatim		71	0	txt
ac_cloud-notes/blocksuite/affine/model/src/blocks/bookmark/index.ts	verbatim		1	0	txt
ac_cloud-notes/blocksuite/affine/model/src/blocks/callout/callout-model.ts	verbatim		42	0	txt
ac_cloud-notes/blocksuite/affine/model/src/blocks/callout/index.ts	verbatim		1	0	txt
ac_cloud-notes/blocksuite/affine/model/src/blocks/code/code-model.ts	verbatim		49	0	txt
ac_cloud-notes/blocksuite/affine/model/src/blocks/code/index.ts	verbatim		1	0	txt
ac_cloud-notes/blocksuite/affine/model/src/blocks/database/database-model.ts	verbatim		38	0	txt
ac_cloud-notes/blocksuite/affine/model/src/blocks/database/index.ts	verbatim		2	0	txt
ac_cloud-notes/blocksuite/affine/model/src/blocks/database/types.ts	verbatim		21	0	txt
ac_cloud-notes/blocksuite/affine/model/src/blocks/divider/divider-model.ts	verbatim		20	0	txt
ac_cloud-notes/blocksuite/affine/model/src/blocks/divider/index.ts	verbatim		1	0	txt
ac_cloud-notes/blocksuite/affine/model/src/blocks/edgeless-text/edgeless-text-model.ts	verbatim		87	0	txt
ac_cloud-notes/blocksuite/affine/model/src/blocks/edgeless-text/index.ts	verbatim		1	0	txt
ac_cloud-notes/blocksuite/affine/model/src/blocks/embed/figma/figma-model.ts	verbatim		16	0	txt
ac_cloud-notes/blocksuite/affine/model/src/blocks/embed/figma/figma-schema.ts	verbatim		23	0	txt
ac_cloud-notes/blocksuite/affine/model/src/blocks/embed/figma/index.ts	verbatim		2	0	txt
ac_cloud-notes/blocksuite/affine/model/src/blocks/embed/github/github-model.ts	verbatim		30	0	txt
ac_cloud-notes/blocksuite/affine/model/src/blocks/embed/github/github-schema.ts	verbatim		32	0	txt
ac_cloud-notes/blocksuite/affine/model/src/blocks/embed/github/index.ts	verbatim		2	0	txt
ac_cloud-notes/blocksuite/affine/model/src/blocks/embed/html/html-model.ts	verbatim		13	0	txt
ac_cloud-notes/blocksuite/affine/model/src/blocks/embed/html/html-schema.ts	verbatim		21	0	txt
ac_cloud-notes/blocksuite/affine/model/src/blocks/embed/html/index.ts	verbatim		2	0	txt
ac_cloud-notes/blocksuite/affine/model/src/blocks/embed/iframe/iframe-model.ts	verbatim		33	0	txt
ac_cloud-notes/blocksuite/affine/model/src/blocks/embed/iframe/iframe-schema.ts	verbatim		14	0	txt
ac_cloud-notes/blocksuite/affine/model/src/blocks/embed/iframe/index.ts	verbatim		2	0	txt
ac_cloud-notes/blocksuite/affine/model/src/blocks/embed/index.ts	verbatim		9	0	txt
ac_cloud-notes/blocksuite/affine/model/src/blocks/embed/linked-doc/index.ts	verbatim		2	0	txt
ac_cloud-notes/blocksuite/affine/model/src/blocks/embed/linked-doc/linked-doc-model.ts	verbatim		20	0	txt
ac_cloud-notes/blocksuite/affine/model/src/blocks/embed/linked-doc/linked-doc-schema.ts	verbatim		25	0	txt
ac_cloud-notes/blocksuite/affine/model/src/blocks/embed/loom/index.ts	verbatim		2	0	txt
ac_cloud-notes/blocksuite/affine/model/src/blocks/embed/loom/loom-model.ts	verbatim		18	0	txt
ac_cloud-notes/blocksuite/affine/model/src/blocks/embed/loom/loom-schema.ts	verbatim		24	0	txt
ac_cloud-notes/blocksuite/affine/model/src/blocks/embed/synced-doc/index.ts	verbatim		2	0	txt
ac_cloud-notes/blocksuite/affine/model/src/blocks/embed/synced-doc/synced-doc-model.ts	verbatim		26	0	txt
ac_cloud-notes/blocksuite/affine/model/src/blocks/embed/synced-doc/synced-doc-schema.ts	verbatim		34	0	txt
ac_cloud-notes/blocksuite/affine/model/src/blocks/embed/types.ts	verbatim		48	0	txt
ac_cloud-notes/blocksuite/affine/model/src/blocks/embed/youtube/index.ts	verbatim		2	0	txt
ac_cloud-notes/blocksuite/affine/model/src/blocks/embed/youtube/youtube-model.ts	verbatim		21	0	txt
ac_cloud-notes/blocksuite/affine/model/src/blocks/embed/youtube/youtube-schema.ts	verbatim		28	0	txt
ac_cloud-notes/blocksuite/affine/model/src/blocks/frame/frame-model.ts	verbatim		149	0	txt
ac_cloud-notes/blocksuite/affine/model/src/blocks/frame/index.ts	verbatim		1	0	txt
ac_cloud-notes/blocksuite/affine/model/src/blocks/image/image-model.ts	verbatim		56	0	txt
ac_cloud-notes/blocksuite/affine/model/src/blocks/image/image-transformer.ts	verbatim		30	0	txt
ac_cloud-notes/blocksuite/affine/model/src/blocks/image/index.ts	verbatim		2	0	txt
ac_cloud-notes/blocksuite/affine/model/src/blocks/index.ts	verbatim		17	0	txt
ac_cloud-notes/blocksuite/affine/model/src/blocks/latex/index.ts	verbatim		1	0	txt
ac_cloud-notes/blocksuite/affine/model/src/blocks/latex/latex-model.ts	verbatim		43	0	txt
ac_cloud-notes/blocksuite/affine/model/src/blocks/list/index.ts	verbatim		1	0	txt
ac_cloud-notes/blocksuite/affine/model/src/blocks/list/list-model.ts	verbatim		52	0	txt
ac_cloud-notes/blocksuite/affine/model/src/blocks/note/index.ts	verbatim		1	0	txt
ac_cloud-notes/blocksuite/affine/model/src/blocks/note/note-model.ts	verbatim		155	0	txt
ac_cloud-notes/blocksuite/affine/model/src/blocks/paragraph/index.ts	verbatim		1	0	txt
ac_cloud-notes/blocksuite/affine/model/src/blocks/paragraph/paragraph-model.ts	verbatim		59	0	txt
ac_cloud-notes/blocksuite/affine/model/src/blocks/root/index.ts	verbatim		1	0	txt
ac_cloud-notes/blocksuite/affine/model/src/blocks/root/root-block-model.ts	verbatim		58	0	txt
ac_cloud-notes/blocksuite/affine/model/src/blocks/surface-ref/index.ts	verbatim		1	0	txt
ac_cloud-notes/blocksuite/affine/model/src/blocks/surface-ref/surface-ref-model.ts	verbatim		30	0	txt
ac_cloud-notes/blocksuite/affine/model/src/blocks/table/index.ts	verbatim		1	0	txt
ac_cloud-notes/blocksuite/affine/model/src/blocks/table/table-model.ts	verbatim		65	0	txt
ac_cloud-notes/blocksuite/affine/model/src/consts/connector.ts	verbatim		27	0	txt
ac_cloud-notes/blocksuite/affine/model/src/consts/doc.ts	verbatim		81	0	txt
ac_cloud-notes/blocksuite/affine/model/src/consts/edgeless-text.ts	verbatim		2	0	txt
ac_cloud-notes/blocksuite/affine/model/src/consts/image.ts	verbatim		1	0	txt
ac_cloud-notes/blocksuite/affine/model/src/consts/index.ts	verbatim		9	0	txt
ac_cloud-notes/blocksuite/affine/model/src/consts/line.ts	verbatim		60	0	txt
ac_cloud-notes/blocksuite/affine/model/src/consts/mindmap.ts	verbatim		11	0	txt
ac_cloud-notes/blocksuite/affine/model/src/consts/note.ts	verbatim		59	0	txt
ac_cloud-notes/blocksuite/affine/model/src/consts/shape.ts	verbatim		38	0	txt
ac_cloud-notes/blocksuite/affine/model/src/consts/text.ts	verbatim		55	0	txt
ac_cloud-notes/blocksuite/affine/model/src/elements/brush/brush.ts	verbatim		189	0	txt
ac_cloud-notes/blocksuite/affine/model/src/elements/brush/index.ts	verbatim		1	0	txt
ac_cloud-notes/blocksuite/affine/model/src/elements/connector/connector.ts	verbatim		444	0	txt
ac_cloud-notes/blocksuite/affine/model/src/elements/connector/index.ts	verbatim		2	0	txt
ac_cloud-notes/blocksuite/affine/model/src/elements/connector/local-connector.ts	verbatim		40	0	txt
ac_cloud-notes/blocksuite/affine/model/src/elements/group/group.ts	verbatim		117	0	txt
ac_cloud-notes/blocksuite/affine/model/src/elements/group/index.ts	verbatim		1	0	txt
ac_cloud-notes/blocksuite/affine/model/src/elements/highlighter/highlighter.ts	verbatim		190	0	txt
ac_cloud-notes/blocksuite/affine/model/src/elements/highlighter/index.ts	verbatim		1	0	txt
ac_cloud-notes/blocksuite/affine/model/src/elements/index.ts	verbatim		31	0	txt
ac_cloud-notes/blocksuite/affine/model/src/elements/mindmap/index.ts	verbatim		3	0	txt
ac_cloud-notes/blocksuite/affine/model/src/elements/mindmap/mindmap.ts	verbatim		812	0	txt
ac_cloud-notes/blocksuite/affine/model/src/elements/mindmap/snapshot/index.ts	verbatim		2	0	txt
ac_cloud-notes/blocksuite/affine/model/src/elements/mindmap/snapshot/types.ts	verbatim		22	0	txt
ac_cloud-notes/blocksuite/affine/model/src/elements/mindmap/snapshot/utils.ts	verbatim		59	0	txt
ac_cloud-notes/blocksuite/affine/model/src/elements/mindmap/style.ts	verbatim		404	0	txt
ac_cloud-notes/blocksuite/affine/model/src/elements/mindmap/utils.ts	verbatim		37	0	txt
ac_cloud-notes/blocksuite/affine/model/src/elements/shape/api/diamond.ts	verbatim		106	0	txt
ac_cloud-notes/blocksuite/affine/model/src/elements/shape/api/ellipse.ts	verbatim		179	0	txt
ac_cloud-notes/blocksuite/affine/model/src/elements/shape/api/index.ts	verbatim		11	0	txt
ac_cloud-notes/blocksuite/affine/model/src/elements/shape/api/rect.ts	verbatim		110	0	txt
ac_cloud-notes/blocksuite/affine/model/src/elements/shape/api/triangle.ts	verbatim		104	0	txt
ac_cloud-notes/blocksuite/affine/model/src/elements/shape/index.ts	verbatim		2	0	txt
ac_cloud-notes/blocksuite/affine/model/src/elements/shape/shape.ts	verbatim		200	0	txt
ac_cloud-notes/blocksuite/affine/model/src/elements/text/index.ts	verbatim		1	0	txt
ac_cloud-notes/blocksuite/affine/model/src/elements/text/text.ts	verbatim		73	0	txt
ac_cloud-notes/blocksuite/affine/model/src/index.ts	verbatim		5	0	txt
ac_cloud-notes/blocksuite/affine/model/src/themes/color.ts	verbatim		44	0	txt
ac_cloud-notes/blocksuite/affine/model/src/themes/default.ts	verbatim		111	0	txt
ac_cloud-notes/blocksuite/affine/model/src/themes/index.ts	verbatim		8	0	txt
ac_cloud-notes/blocksuite/affine/model/src/themes/types.ts	verbatim		34	0	txt
ac_cloud-notes/blocksuite/affine/model/src/themes/utils.ts	verbatim		25	0	txt
ac_cloud-notes/blocksuite/affine/model/src/utils/enum.ts	verbatim		11	0	txt
ac_cloud-notes/blocksuite/affine/model/src/utils/helper.ts	verbatim		67	0	txt
ac_cloud-notes/blocksuite/affine/model/src/utils/index.ts	verbatim		3	0	txt
ac_cloud-notes/blocksuite/affine/model/src/utils/types.ts	verbatim		38	0	txt
ac_cloud-notes/blocksuite/affine/model/tsconfig.json	verbatim		14	0	txt
ac_cloud-notes/blocksuite/affine/rich-text/package.json	verbatim		36	0	txt
ac_cloud-notes/blocksuite/affine/rich-text/src/align.ts	verbatim		33	0	txt
ac_cloud-notes/blocksuite/affine/rich-text/src/conversion.ts	verbatim		146	0	txt
ac_cloud-notes/blocksuite/affine/rich-text/src/dom.ts	verbatim		161	0	txt
ac_cloud-notes/blocksuite/affine/rich-text/src/effects.ts	verbatim		9	0	txt
ac_cloud-notes/blocksuite/affine/rich-text/src/hooks.ts	verbatim		99	0	txt
ac_cloud-notes/blocksuite/affine/rich-text/src/index.ts	verbatim		15	0	txt
ac_cloud-notes/blocksuite/affine/rich-text/src/rich-text.ts	verbatim		404	0	txt
ac_cloud-notes/blocksuite/affine/rich-text/src/utils.ts	verbatim		64	0	txt
ac_cloud-notes/blocksuite/affine/rich-text/tsconfig.json	verbatim		17	0	txt
ac_cloud-notes/blocksuite/affine/shared/package.json	verbatim		80	0	txt
ac_cloud-notes/blocksuite/affine/shared/src/__tests__/adapters/html/rehype-plugins/inline-to-block.unit.spec.ts	verbatim		53	0	txt
ac_cloud-notes/blocksuite/affine/shared/src/__tests__/adapters/html/rehype-plugins/wrap-inline-element.unit.spec.ts	verbatim		48	0	txt
ac_cloud-notes/blocksuite/affine/shared/src/__tests__/adapters/markdown/remark-plugins/remark-callout.unit.spec.ts	verbatim		128	0	txt
ac_cloud-notes/blocksuite/affine/shared/src/__tests__/adapters/utils/file-path.unit.spec.ts	verbatim		45	0	txt
ac_cloud-notes/blocksuite/affine/shared/src/__tests__/commands/block-crud/get-first-block.unit.spec.ts	verbatim		190	0	txt
ac_cloud-notes/blocksuite/affine/shared/src/__tests__/commands/block-crud/get-last-block.unit.spec.ts	verbatim		190	0	txt
ac_cloud-notes/blocksuite/affine/shared/src/__tests__/commands/model-crud/replace-selected-text-with-blocks.unit.spec.ts	verbatim		442	0	txt
ac_cloud-notes/blocksuite/affine/shared/src/__tests__/commands/selection/is-nothing-selected.unit.spec.ts	verbatim		126	0	txt
ac_cloud-notes/blocksuite/affine/shared/src/__tests__/test-utils/affine-template.unit.spec.ts	verbatim		136	0	txt
ac_cloud-notes/blocksuite/affine/shared/src/__tests__/utils/file.native-image-picker.unit.spec.ts	verbatim		67	0	txt
ac_cloud-notes/blocksuite/affine/shared/src/__tests__/utils/range.unit.spec.ts	verbatim		82	0	txt
ac_cloud-notes/blocksuite/affine/shared/src/__tests__/utils/rect.unit.spec.ts	verbatim		47	0	txt
ac_cloud-notes/blocksuite/affine/shared/src/__tests__/utils/string.unit.spec.ts	verbatim		57	0	txt
ac_cloud-notes/blocksuite/affine/shared/src/__tests__/utils/svg.unit.spec.ts	verbatim		162	0	txt
ac_cloud-notes/blocksuite/affine/shared/src/__tests__/utils/url.unit.spec.ts	verbatim		120	0	txt
ac_cloud-notes/blocksuite/affine/shared/src/adapters/attachment.ts	verbatim		148	0	txt
ac_cloud-notes/blocksuite/affine/shared/src/adapters/clipboard/clipboard.ts	verbatim		96	0	txt
ac_cloud-notes/blocksuite/affine/shared/src/adapters/clipboard/index.ts	verbatim		2	0	txt
ac_cloud-notes/blocksuite/affine/shared/src/adapters/clipboard/utils.ts	verbatim		103	0	txt
ac_cloud-notes/blocksuite/affine/shared/src/adapters/html/block-adapter.ts	verbatim		27	0	txt
ac_cloud-notes/blocksuite/affine/shared/src/adapters/html/delta-converter.ts	verbatim		120	0	txt
ac_cloud-notes/blocksuite/affine/shared/src/adapters/html/html.ts	verbatim		384	0	txt
ac_cloud-notes/blocksuite/affine/shared/src/adapters/html/index.ts	verbatim		3	0	txt
ac_cloud-notes/blocksuite/affine/shared/src/adapters/html/rehype-plugins/index.ts	verbatim		2	0	txt
ac_cloud-notes/blocksuite/affine/shared/src/adapters/html/rehype-plugins/inline-to-block.ts	verbatim		33	0	txt
ac_cloud-notes/blocksuite/affine/shared/src/adapters/html/rehype-plugins/wrap-inline-element.ts	verbatim		73	0	txt
ac_cloud-notes/blocksuite/affine/shared/src/adapters/image.ts	verbatim		121	0	txt
ac_cloud-notes/blocksuite/affine/shared/src/adapters/index.ts	verbatim		89	0	txt
ac_cloud-notes/blocksuite/affine/shared/src/adapters/markdown/block-adapter.ts	verbatim		27	0	txt
ac_cloud-notes/blocksuite/affine/shared/src/adapters/markdown/delta-converter.ts	verbatim		295	0	txt
ac_cloud-notes/blocksuite/affine/shared/src/adapters/markdown/gfm.ts	verbatim		68	0	txt
ac_cloud-notes/blocksuite/affine/shared/src/adapters/markdown/index.ts	verbatim		5	0	txt
ac_cloud-notes/blocksuite/affine/shared/src/adapters/markdown/markdown.ts	verbatim		415	0	txt
ac_cloud-notes/blocksuite/affine/shared/src/adapters/markdown/preprocessor.ts	verbatim		35	0	txt
ac_cloud-notes/blocksuite/affine/shared/src/adapters/markdown/remark-plugins/index.ts	verbatim		1	0	txt
ac_cloud-notes/blocksuite/affine/shared/src/adapters/markdown/remark-plugins/remark-callout.ts	verbatim		64	0	txt
ac_cloud-notes/blocksuite/affine/shared/src/adapters/markdown/type.ts	verbatim		36	0	txt
ac_cloud-notes/blocksuite/affine/shared/src/adapters/middlewares/callout-export-options.ts	verbatim		38	0	txt
ac_cloud-notes/blocksuite/affine/shared/src/adapters/middlewares/code.ts	verbatim		9	0	txt
ac_cloud-notes/blocksuite/affine/shared/src/adapters/middlewares/copy.ts	verbatim		59	0	txt
ac_cloud-notes/blocksuite/affine/shared/src/adapters/middlewares/doc-link.ts	verbatim		38	0	txt
ac_cloud-notes/blocksuite/affine/shared/src/adapters/middlewares/file-name.ts	verbatim		25	0	txt
ac_cloud-notes/blocksuite/affine/shared/src/adapters/middlewares/file-path.ts	verbatim		12	0	txt
ac_cloud-notes/blocksuite/affine/shared/src/adapters/middlewares/index.ts	verbatim		12	0	txt
ac_cloud-notes/blocksuite/affine/shared/src/adapters/middlewares/paste.ts	verbatim		523	0	txt
ac_cloud-notes/blocksuite/affine/shared/src/adapters/middlewares/proxy.ts	verbatim		51	0	txt
ac_cloud-notes/blocksuite/affine/shared/src/adapters/middlewares/replace-id.ts	verbatim		237	0	txt
ac_cloud-notes/blocksuite/affine/shared/src/adapters/middlewares/surface-ref-to-embed.ts	verbatim		43	0	txt
ac_cloud-notes/blocksuite/affine/shared/src/adapters/middlewares/title.ts	verbatim		13	0	txt
ac_cloud-notes/blocksuite/affine/shared/src/adapters/middlewares/upload.ts	verbatim		99	0	txt
ac_cloud-notes/blocksuite/affine/shared/src/adapters/mix-text.ts	verbatim		345	0	txt
ac_cloud-notes/blocksuite/affine/shared/src/adapters/notion-html/block-adapter.ts	verbatim		29	0	txt
ac_cloud-notes/blocksuite/affine/shared/src/adapters/notion-html/delta-converter.ts	verbatim		94	0	txt
ac_cloud-notes/blocksuite/affine/shared/src/adapters/notion-html/index.ts	verbatim		3	0	txt
ac_cloud-notes/blocksuite/affine/shared/src/adapters/notion-html/notion-html.ts	verbatim		281	0	txt
ac_cloud-notes/blocksuite/affine/shared/src/adapters/notion-text.ts	verbatim		170	0	txt
ac_cloud-notes/blocksuite/affine/shared/src/adapters/pdf/css-utils.ts	verbatim		25	0	txt
ac_cloud-notes/blocksuite/affine/shared/src/adapters/pdf/delta-converter.ts	verbatim		110	0	txt
ac_cloud-notes/blocksuite/affine/shared/src/adapters/pdf/image-utils.ts	verbatim		101	0	txt
ac_cloud-notes/blocksuite/affine/shared/src/adapters/pdf/index.ts	verbatim		6	0	txt
ac_cloud-notes/blocksuite/affine/shared/src/adapters/pdf/pdf.ts	verbatim		919	0	txt
ac_cloud-notes/blocksuite/affine/shared/src/adapters/pdf/svg-utils.ts	verbatim		38	0	txt
ac_cloud-notes/blocksuite/affine/shared/src/adapters/pdf/utils.ts	verbatim		65	0	txt
ac_cloud-notes/blocksuite/affine/shared/src/adapters/plain-text/block-adapter.ts	verbatim		24	0	txt
ac_cloud-notes/blocksuite/affine/shared/src/adapters/plain-text/delta-converter.ts	verbatim		73	0	txt
ac_cloud-notes/blocksuite/affine/shared/src/adapters/plain-text/index.ts	verbatim		3	0	txt
ac_cloud-notes/blocksuite/affine/shared/src/adapters/plain-text/plain-text.ts	verbatim		309	0	txt
ac_cloud-notes/blocksuite/affine/shared/src/adapters/types/adapter.ts	verbatim		111	0	txt
ac_cloud-notes/blocksuite/affine/shared/src/adapters/types/delta-converter.ts	verbatim		56	0	txt
ac_cloud-notes/blocksuite/affine/shared/src/adapters/types/hast.ts	verbatim		9	0	txt
ac_cloud-notes/blocksuite/affine/shared/src/adapters/types/index.ts	verbatim		4	0	txt
ac_cloud-notes/blocksuite/affine/shared/src/adapters/types/preprocessor.ts	verbatim		77	0	txt
ac_cloud-notes/blocksuite/affine/shared/src/adapters/utils/fetch.ts	verbatim		35	0	txt
ac_cloud-notes/blocksuite/affine/shared/src/adapters/utils/file-path.ts	verbatim		65	0	txt
ac_cloud-notes/blocksuite/affine/shared/src/adapters/utils/hast.ts	verbatim		272	0	txt
ac_cloud-notes/blocksuite/affine/shared/src/adapters/utils/index.ts	verbatim		4	0	txt
ac_cloud-notes/blocksuite/affine/shared/src/adapters/utils/text.ts	verbatim		87	0	txt
ac_cloud-notes/blocksuite/affine/shared/src/commands/README.md	verbatim		3	0	txt
ac_cloud-notes/blocksuite/affine/shared/src/commands/block-crud/get-block-index.ts	verbatim		28	0	txt
ac_cloud-notes/blocksuite/affine/shared/src/commands/block-crud/get-first-content-block.ts	verbatim		56	0	txt
ac_cloud-notes/blocksuite/affine/shared/src/commands/block-crud/get-last-content-block.ts	verbatim		58	0	txt
ac_cloud-notes/blocksuite/affine/shared/src/commands/block-crud/get-next-block.ts	verbatim		31	0	txt
ac_cloud-notes/blocksuite/affine/shared/src/commands/block-crud/get-prev-block.ts	verbatim		31	0	txt
ac_cloud-notes/blocksuite/affine/shared/src/commands/block-crud/get-selected-blocks.ts	verbatim		150	0	txt
ac_cloud-notes/blocksuite/affine/shared/src/commands/block-crud/index.ts	verbatim		6	0	txt
ac_cloud-notes/blocksuite/affine/shared/src/commands/index.d.ts	verbatim		4	0	txt
ac_cloud-notes/blocksuite/affine/shared/src/commands/index.ts	verbatim		29	0	txt
ac_cloud-notes/blocksuite/affine/shared/src/commands/model-crud/clear-and-select-first-model.ts	verbatim		29	0	txt
ac_cloud-notes/blocksuite/affine/shared/src/commands/model-crud/copy-selected-models.ts	verbatim		22	0	txt
ac_cloud-notes/blocksuite/affine/shared/src/commands/model-crud/delete-selected-models.ts	verbatim		17	0	txt
ac_cloud-notes/blocksuite/affine/shared/src/commands/model-crud/draft-selected-models.ts	verbatim		41	0	txt
ac_cloud-notes/blocksuite/affine/shared/src/commands/model-crud/duplicate-selected-model.ts	verbatim		49	0	txt
ac_cloud-notes/blocksuite/affine/shared/src/commands/model-crud/get-selected-models.ts	verbatim		63	0	txt
ac_cloud-notes/blocksuite/affine/shared/src/commands/model-crud/index.ts	verbatim		8	0	txt
ac_cloud-notes/blocksuite/affine/shared/src/commands/model-crud/replace-selected-text-with-blocks.ts	verbatim		371	0	txt
ac_cloud-notes/blocksuite/affine/shared/src/commands/model-crud/retain-first-model.ts	verbatim		16	0	txt
ac_cloud-notes/blocksuite/affine/shared/src/commands/selection/focus-block-end.ts	verbatim		32	0	txt
ac_cloud-notes/blocksuite/affine/shared/src/commands/selection/focus-block-start.ts	verbatim		19	0	txt
ac_cloud-notes/blocksuite/affine/shared/src/commands/selection/get-block-selections.ts	verbatim		7	0	txt
ac_cloud-notes/blocksuite/affine/shared/src/commands/selection/get-image-selections.ts	verbatim		7	0	txt
ac_cloud-notes/blocksuite/affine/shared/src/commands/selection/get-selection-rects.ts	verbatim		157	0	txt
ac_cloud-notes/blocksuite/affine/shared/src/commands/selection/get-surface-selection.ts	verbatim		7	0	txt
ac_cloud-notes/blocksuite/affine/shared/src/commands/selection/get-text-selection.ts	verbatim		7	0	txt
ac_cloud-notes/blocksuite/affine/shared/src/commands/selection/index.ts	verbatim		12	0	txt
ac_cloud-notes/blocksuite/affine/shared/src/commands/selection/is-nothing-selected.ts	verbatim		22	0	txt
ac_cloud-notes/blocksuite/affine/shared/src/commands/selection/types.ts	verbatim		16	0	txt
ac_cloud-notes/blocksuite/affine/shared/src/consts/bracket-pairs.ts	verbatim		67	0	txt
ac_cloud-notes/blocksuite/affine/shared/src/consts/index.ts	verbatim		78	0	txt
ac_cloud-notes/blocksuite/affine/shared/src/consts/note.ts	verbatim		2	0	txt
ac_cloud-notes/blocksuite/affine/shared/src/consts/text.ts	verbatim		2	0	txt
ac_cloud-notes/blocksuite/affine/shared/src/index.ts	verbatim		1	0	txt
ac_cloud-notes/blocksuite/affine/shared/src/selection/hightlight.ts	verbatim		52	0	txt
ac_cloud-notes/blocksuite/affine/shared/src/selection/image.ts	verbatim		26	0	txt
ac_cloud-notes/blocksuite/affine/shared/src/selection/index.ts	verbatim		5	0	txt
ac_cloud-notes/blocksuite/affine/shared/src/services/auto-clear-selection-service.ts	verbatim		9	0	txt
ac_cloud-notes/blocksuite/affine/shared/src/services/block-meta-service.ts	verbatim		87	0	txt
ac_cloud-notes/blocksuite/affine/shared/src/services/citation-service/citation-service.ts	verbatim		72	0	txt
ac_cloud-notes/blocksuite/affine/shared/src/services/citation-service/index.ts	verbatim		1	0	txt
ac_cloud-notes/blocksuite/affine/shared/src/services/comment-service/block-element-comment-manager.ts	verbatim		161	0	txt
ac_cloud-notes/blocksuite/affine/shared/src/services/comment-service/comment-provider.ts	verbatim		38	0	txt
ac_cloud-notes/blocksuite/affine/shared/src/services/comment-service/index.ts	verbatim		3	0	txt
ac_cloud-notes/blocksuite/affine/shared/src/services/comment-service/utils.ts	verbatim		74	0	txt
ac_cloud-notes/blocksuite/affine/shared/src/services/doc-display-meta-service.ts	verbatim		166	0	txt
ac_cloud-notes/blocksuite/affine/shared/src/services/doc-mode-service.ts	verbatim		96	0	txt
ac_cloud-notes/blocksuite/affine/shared/src/services/drag-handle-config.ts	verbatim		56	0	txt
ac_cloud-notes/blocksuite/affine/shared/src/services/edit-props-store.ts	verbatim		188	0	txt
ac_cloud-notes/blocksuite/affine/shared/src/services/editor-setting-service.ts	verbatim		35	0	txt
ac_cloud-notes/blocksuite/affine/shared/src/services/embed-iframe/embed-iframe-config.ts	verbatim		94	0	txt
ac_cloud-notes/blocksuite/affine/shared/src/services/embed-iframe/embed-iframe-service.ts	verbatim		133	0	txt
ac_cloud-notes/blocksuite/affine/shared/src/services/embed-iframe/index.ts	verbatim		2	0	txt
ac_cloud-notes/blocksuite/affine/shared/src/services/embed-option-service.ts	verbatim		55	0	txt
ac_cloud-notes/blocksuite/affine/shared/src/services/feature-flag-service.ts	verbatim		59	0	txt
ac_cloud-notes/blocksuite/affine/shared/src/services/file-size-limit-service.ts	verbatim		19	0	txt
ac_cloud-notes/blocksuite/affine/shared/src/services/font-loader/config.ts	verbatim		375	0	txt
ac_cloud-notes/blocksuite/affine/shared/src/services/font-loader/font-loader-service.ts	verbatim		165	0	txt
ac_cloud-notes/blocksuite/affine/shared/src/services/font-loader/index.ts	verbatim		2	0	txt
ac_cloud-notes/blocksuite/affine/shared/src/services/generate-url-service.ts	verbatim		18	0	txt
ac_cloud-notes/blocksuite/affine/shared/src/services/icon-picker-service.ts	verbatim		1	0	txt
ac_cloud-notes/blocksuite/affine/shared/src/services/icon-picker-service/index.ts	verbatim		26	0	txt
ac_cloud-notes/blocksuite/affine/shared/src/services/index.ts	verbatim		30	0	txt
ac_cloud-notes/blocksuite/affine/shared/src/services/link-preview-service/index.ts	verbatim		3	0	txt
ac_cloud-notes/blocksuite/affine/shared/src/services/link-preview-service/link-preview-cache.ts	verbatim		215	0	txt
ac_cloud-notes/blocksuite/affine/shared/src/services/link-preview-service/link-preview-service.ts	verbatim		136	0	txt
ac_cloud-notes/blocksuite/affine/shared/src/services/link-preview-service/link-preview-storage.ts	verbatim		74	0	txt
ac_cloud-notes/blocksuite/affine/shared/src/services/native-clipboard-service.ts	verbatim		20	0	txt
ac_cloud-notes/blocksuite/affine/shared/src/services/notification-service.ts	verbatim		117	0	txt
ac_cloud-notes/blocksuite/affine/shared/src/services/open-doc-config.ts	verbatim		52	0	txt
ac_cloud-notes/blocksuite/affine/shared/src/services/page-viewport-service.ts	verbatim		12	0	txt
ac_cloud-notes/blocksuite/affine/shared/src/services/parse-url-service.ts	verbatim		19	0	txt
ac_cloud-notes/blocksuite/affine/shared/src/services/quick-search-service.ts	verbatim		27	0	txt
ac_cloud-notes/blocksuite/affine/shared/src/services/sidebar-service.ts	verbatim		15	0	txt
ac_cloud-notes/blocksuite/affine/shared/src/services/telemetry-service/citation.ts	verbatim		7	0	txt
ac_cloud-notes/blocksuite/affine/shared/src/services/telemetry-service/code-block.ts	verbatim		6	0	txt
ac_cloud-notes/blocksuite/affine/shared/src/services/telemetry-service/database.ts	verbatim		75	0	txt
ac_cloud-notes/blocksuite/affine/shared/src/services/telemetry-service/index.ts	verbatim		5	0	txt
ac_cloud-notes/blocksuite/affine/shared/src/services/telemetry-service/link.ts	verbatim		17	0	txt
ac_cloud-notes/blocksuite/affine/shared/src/services/telemetry-service/note.ts	verbatim		9	0	txt
ac_cloud-notes/blocksuite/affine/shared/src/services/telemetry-service/slash-menu.ts	verbatim		3	0	txt
ac_cloud-notes/blocksuite/affine/shared/src/services/telemetry-service/telemetry-service.ts	verbatim		67	0	txt
ac_cloud-notes/blocksuite/affine/shared/src/services/telemetry-service/types.ts	verbatim		112	0	txt
ac_cloud-notes/blocksuite/affine/shared/src/services/theme-service.ts	verbatim		170	0	txt
ac_cloud-notes/blocksuite/affine/shared/src/services/toolbar-service/action.ts	verbatim		49	0	txt
ac_cloud-notes/blocksuite/affine/shared/src/services/toolbar-service/config.ts	verbatim		11	0	txt
ac_cloud-notes/blocksuite/affine/shared/src/services/toolbar-service/context.ts	verbatim		246	0	txt
ac_cloud-notes/blocksuite/affine/shared/src/services/toolbar-service/flags.ts	verbatim		72	0	txt
ac_cloud-notes/blocksuite/affine/shared/src/services/toolbar-service/index.ts	verbatim		6	0	txt
ac_cloud-notes/blocksuite/affine/shared/src/services/toolbar-service/module.ts	verbatim		6	0	txt
ac_cloud-notes/blocksuite/affine/shared/src/services/toolbar-service/registry.ts	verbatim		50	0	txt
ac_cloud-notes/blocksuite/affine/shared/src/services/user-service/index.ts	verbatim		4	0	txt
ac_cloud-notes/blocksuite/affine/shared/src/services/user-service/types.ts	verbatim		21	0	txt
ac_cloud-notes/blocksuite/affine/shared/src/services/user-service/user-list-service.ts	verbatim		24	0	txt
ac_cloud-notes/blocksuite/affine/shared/src/services/user-service/user-service.ts	verbatim		21	0	txt
ac_cloud-notes/blocksuite/affine/shared/src/services/user-service/writer-info-service.ts	verbatim		18	0	txt
ac_cloud-notes/blocksuite/affine/shared/src/services/viewport-element-service.ts	verbatim		58	0	txt
ac_cloud-notes/blocksuite/affine/shared/src/services/virtual-keyboard-service.ts	verbatim		26	0	txt
ac_cloud-notes/blocksuite/affine/shared/src/styles/font.ts	verbatim		27	0	txt
ac_cloud-notes/blocksuite/affine/shared/src/styles/index.ts	verbatim		4	0	txt
ac_cloud-notes/blocksuite/affine/shared/src/styles/panel.ts	verbatim		23	0	txt
ac_cloud-notes/blocksuite/affine/shared/src/styles/scrollbar-style.ts	verbatim		35	0	txt
ac_cloud-notes/blocksuite/affine/shared/src/styles/text.ts	verbatim		36	0	txt
ac_cloud-notes/blocksuite/affine/shared/src/test-utils/README.md	verbatim		62	0	txt
ac_cloud-notes/blocksuite/affine/shared/src/test-utils/affine-template.ts	verbatim		282	0	txt
ac_cloud-notes/blocksuite/affine/shared/src/test-utils/affine-test-utils.ts	verbatim		93	0	txt
ac_cloud-notes/blocksuite/affine/shared/src/test-utils/create-test-host.ts	verbatim		211	0	txt
ac_cloud-notes/blocksuite/affine/shared/src/test-utils/index.ts	verbatim		3	0	txt
ac_cloud-notes/blocksuite/affine/shared/src/theme/css-variables.ts	verbatim		121	0	txt
ac_cloud-notes/blocksuite/affine/shared/src/theme/index.ts	verbatim		2	0	txt
ac_cloud-notes/blocksuite/affine/shared/src/theme/placeholder-style.ts	verbatim		16	0	txt
ac_cloud-notes/blocksuite/affine/shared/src/types/index.ts	verbatim		66	0	txt
ac_cloud-notes/blocksuite/affine/shared/src/types/uni-component.ts	verbatim		15	0	txt
ac_cloud-notes/blocksuite/affine/shared/src/utils/auto-scroll.ts	verbatim		26	0	txt
ac_cloud-notes/blocksuite/affine/shared/src/utils/button-popper.ts	verbatim		158	0	txt
ac_cloud-notes/blocksuite/affine/shared/src/utils/collapsed/index.ts	verbatim		1	0	txt
ac_cloud-notes/blocksuite/affine/shared/src/utils/collapsed/paragraph.ts	verbatim		49	0	txt
ac_cloud-notes/blocksuite/affine/shared/src/utils/computing.ts	verbatim		21	0	txt
ac_cloud-notes/blocksuite/affine/shared/src/utils/dnd/calc-drop-target.ts	verbatim		186	0	txt
ac_cloud-notes/blocksuite/affine/shared/src/utils/dnd/get-drop-rect-by-point.ts	verbatim		138	0	txt
ac_cloud-notes/blocksuite/affine/shared/src/utils/dnd/index.ts	verbatim		3	0	txt
ac_cloud-notes/blocksuite/affine/shared/src/utils/dnd/types.ts	verbatim		25	0	txt
ac_cloud-notes/blocksuite/affine/shared/src/utils/dom/checker.ts	verbatim		15	0	txt
ac_cloud-notes/blocksuite/affine/shared/src/utils/dom/has-classname-in-list.ts	verbatim		6	0	txt
ac_cloud-notes/blocksuite/affine/shared/src/utils/dom/index.ts	verbatim		7	0	txt
ac_cloud-notes/blocksuite/affine/shared/src/utils/dom/point-to-block.ts	verbatim		295	0	txt
ac_cloud-notes/blocksuite/affine/shared/src/utils/dom/point-to-range.ts	verbatim		142	0	txt
ac_cloud-notes/blocksuite/affine/shared/src/utils/dom/query.ts	verbatim		32	0	txt
ac_cloud-notes/blocksuite/affine/shared/src/utils/dom/scroll-container.ts	verbatim		11	0	txt
ac_cloud-notes/blocksuite/affine/shared/src/utils/dom/viewport.ts	verbatim		18	0	txt
ac_cloud-notes/blocksuite/affine/shared/src/utils/drag-helper/cell-select.ts	verbatim		78	0	txt
ac_cloud-notes/blocksuite/affine/shared/src/utils/drag-helper/index.ts	verbatim		3	0	txt
ac_cloud-notes/blocksuite/affine/shared/src/utils/drag-helper/linear-move.ts	verbatim		38	0	txt
ac_cloud-notes/blocksuite/affine/shared/src/utils/drag-helper/types.ts	verbatim		1	0	txt
ac_cloud-notes/blocksuite/affine/shared/src/utils/edgeless.ts	verbatim		66	0	txt
ac_cloud-notes/blocksuite/affine/shared/src/utils/event.ts	verbatim		325	0	txt
ac_cloud-notes/blocksuite/affine/shared/src/utils/figma-squircle/distribute.ts	verbatim		139	0	txt
ac_cloud-notes/blocksuite/affine/shared/src/utils/figma-squircle/draw.ts	verbatim		212	0	txt
ac_cloud-notes/blocksuite/affine/shared/src/utils/figma-squircle/index.ts	verbatim		97	0	txt
ac_cloud-notes/blocksuite/affine/shared/src/utils/file/filesys.ts	verbatim		505	0	txt
ac_cloud-notes/blocksuite/affine/shared/src/utils/file/header-value-parser.ts	verbatim		31	0	txt
ac_cloud-notes/blocksuite/affine/shared/src/utils/file/index.ts	verbatim		2	0	txt
ac_cloud-notes/blocksuite/affine/shared/src/utils/fractional-indexing.ts	verbatim		68	0	txt
ac_cloud-notes/blocksuite/affine/shared/src/utils/image.ts	verbatim		47	0	txt
ac_cloud-notes/blocksuite/affine/shared/src/utils/index.ts	verbatim		31	0	txt
ac_cloud-notes/blocksuite/affine/shared/src/utils/insert.ts	verbatim		49	0	txt
ac_cloud-notes/blocksuite/affine/shared/src/utils/is-abort-error.ts	verbatim		3	0	txt
ac_cloud-notes/blocksuite/affine/shared/src/utils/math.ts	verbatim		8	0	txt
ac_cloud-notes/blocksuite/affine/shared/src/utils/model/block-props.ts	verbatim		5	0	txt
ac_cloud-notes/blocksuite/affine/shared/src/utils/model/checker.ts	verbatim		31	0	txt
ac_cloud-notes/blocksuite/affine/shared/src/utils/model/doc.ts	verbatim		34	0	txt
ac_cloud-notes/blocksuite/affine/shared/src/utils/model/get-content-block.ts	verbatim		124	0	txt
ac_cloud-notes/blocksuite/affine/shared/src/utils/model/getter.ts	verbatim		68	0	txt
ac_cloud-notes/blocksuite/affine/shared/src/utils/model/index.ts	verbatim		8	0	txt
ac_cloud-notes/blocksuite/affine/shared/src/utils/model/list.ts	verbatim		93	0	txt
ac_cloud-notes/blocksuite/affine/shared/src/utils/model/merge-to-code-model.ts	verbatim		30	0	txt
ac_cloud-notes/blocksuite/affine/shared/src/utils/model/transform-model.ts	verbatim		29	0	txt
ac_cloud-notes/blocksuite/affine/shared/src/utils/number-prefix.ts	verbatim		49	0	txt
ac_cloud-notes/blocksuite/affine/shared/src/utils/popper-position.ts	verbatim		130	0	txt
ac_cloud-notes/blocksuite/affine/shared/src/utils/print-to-pdf.ts	verbatim		282	0	txt
ac_cloud-notes/blocksuite/affine/shared/src/utils/reference.ts	verbatim		41	0	txt
ac_cloud-notes/blocksuite/affine/shared/src/utils/reordering.ts	verbatim		5	0	txt
ac_cloud-notes/blocksuite/affine/shared/src/utils/safe-html.ts	verbatim		18	0	txt
ac_cloud-notes/blocksuite/affine/shared/src/utils/signal.ts	verbatim		21	0	txt
ac_cloud-notes/blocksuite/affine/shared/src/utils/string.ts	verbatim		69	0	txt
ac_cloud-notes/blocksuite/affine/shared/src/utils/svg.ts	verbatim		254	0	txt
ac_cloud-notes/blocksuite/affine/shared/src/utils/title.ts	verbatim		28	0	txt
ac_cloud-notes/blocksuite/affine/shared/src/utils/url.ts	verbatim		203	0	txt
ac_cloud-notes/blocksuite/affine/shared/src/utils/virtual-padding.ts	verbatim		30	0	txt
ac_cloud-notes/blocksuite/affine/shared/src/utils/zod-schema.ts	verbatim		205	0	txt
ac_cloud-notes/blocksuite/affine/shared/tsconfig.json	verbatim		15	0	txt
ac_cloud-notes/blocksuite/affine/shared/vitest.config.ts	verbatim		32	0	txt
ac_cloud-notes/blocksuite/affine/widgets/drag-handle/package.json	verbatim		44	0	txt
ac_cloud-notes/blocksuite/affine/widgets/drag-handle/src/components/add-block-widget.ts	verbatim		68	0	txt
ac_cloud-notes/blocksuite/affine/widgets/drag-handle/src/components/edgeless-preview/preview.ts	verbatim		113	0	txt
ac_cloud-notes/blocksuite/affine/widgets/drag-handle/src/config.ts	verbatim		17	0	txt
ac_cloud-notes/blocksuite/affine/widgets/drag-handle/src/consts.ts	verbatim		2	0	txt
ac_cloud-notes/blocksuite/affine/widgets/drag-handle/src/drag-handle.ts	verbatim		248	0	txt
ac_cloud-notes/blocksuite/affine/widgets/drag-handle/src/effects.ts	verbatim		15	0	txt
ac_cloud-notes/blocksuite/affine/widgets/drag-handle/src/helpers/preview-helper.ts	verbatim		180	0	txt
ac_cloud-notes/blocksuite/affine/widgets/drag-handle/src/helpers/rect-helper.ts	verbatim		78	0	txt
ac_cloud-notes/blocksuite/affine/widgets/drag-handle/src/helpers/selection-helper.ts	verbatim		56	0	txt
ac_cloud-notes/blocksuite/affine/widgets/drag-handle/src/index.ts	verbatim		12	0	txt
ac_cloud-notes/blocksuite/affine/widgets/drag-handle/src/middleware/blocks-filter.ts	verbatim		101	0	txt
ac_cloud-notes/blocksuite/affine/widgets/drag-handle/src/middleware/card-style-updater.ts	verbatim		50	0	txt
ac_cloud-notes/blocksuite/affine/widgets/drag-handle/src/middleware/new-id-cross-doc.ts	verbatim		46	0	txt
ac_cloud-notes/blocksuite/affine/widgets/drag-handle/src/middleware/reorder-list.ts	verbatim		29	0	txt
ac_cloud-notes/blocksuite/affine/widgets/drag-handle/src/styles.ts	verbatim		94	0	txt
ac_cloud-notes/blocksuite/affine/widgets/drag-handle/src/utils.ts	verbatim		303	0	txt
ac_cloud-notes/blocksuite/affine/widgets/drag-handle/src/view.ts	verbatim		17	0	txt
ac_cloud-notes/blocksuite/affine/widgets/drag-handle/src/watchers/drag-event-watcher.ts	verbatim		1541	0	txt
ac_cloud-notes/blocksuite/affine/widgets/drag-handle/src/watchers/edgeless-watcher.ts	verbatim		330	0	txt
ac_cloud-notes/blocksuite/affine/widgets/drag-handle/src/watchers/handle-event-watcher.ts	verbatim		75	0	txt
ac_cloud-notes/blocksuite/affine/widgets/drag-handle/src/watchers/keyboard-event-watcher.ts	verbatim		19	0	txt
ac_cloud-notes/blocksuite/affine/widgets/drag-handle/src/watchers/page-watcher.ts	verbatim		16	0	txt
ac_cloud-notes/blocksuite/affine/widgets/drag-handle/src/watchers/pointer-event-watcher.ts	verbatim		345	0	txt
ac_cloud-notes/blocksuite/affine/widgets/drag-handle/tsconfig.json	verbatim		25	0	txt
ac_cloud-notes/blocksuite/affine/widgets/edgeless-auto-connect/package.json	verbatim		34	0	txt
ac_cloud-notes/blocksuite/affine/widgets/edgeless-auto-connect/src/effects.ts	verbatim		10	0	txt
ac_cloud-notes/blocksuite/affine/widgets/edgeless-auto-connect/src/index.ts	verbatim		562	0	txt
ac_cloud-notes/blocksuite/affine/widgets/edgeless-auto-connect/src/view.ts	verbatim		19	0	txt
ac_cloud-notes/blocksuite/affine/widgets/edgeless-auto-connect/tsconfig.json	verbatim		18	0	txt
ac_cloud-notes/blocksuite/affine/widgets/edgeless-dragging-area/package.json	verbatim		31	0	txt
ac_cloud-notes/blocksuite/affine/widgets/edgeless-dragging-area/src/edgeless-dragging-area-rect.ts	verbatim		59	0	txt
ac_cloud-notes/blocksuite/affine/widgets/edgeless-dragging-area/src/effects.ts	verbatim		10	0	txt
ac_cloud-notes/blocksuite/affine/widgets/edgeless-dragging-area/src/index.ts	verbatim		1	0	txt
ac_cloud-notes/blocksuite/affine/widgets/edgeless-dragging-area/src/view.ts	verbatim		19	0	txt
ac_cloud-notes/blocksuite/affine/widgets/edgeless-dragging-area/tsconfig.json	verbatim		15	0	txt
ac_cloud-notes/blocksuite/affine/widgets/edgeless-selected-rect/package.json	verbatim		41	0	txt
ac_cloud-notes/blocksuite/affine/widgets/edgeless-selected-rect/src/auto-complete-panel.ts	verbatim		601	0	txt
ac_cloud-notes/blocksuite/affine/widgets/edgeless-selected-rect/src/edgeless-auto-complete.ts	verbatim		690	0	txt
ac_cloud-notes/blocksuite/affine/widgets/edgeless-selected-rect/src/edgeless-selected-rect.ts	verbatim		749	0	txt
ac_cloud-notes/blocksuite/affine/widgets/edgeless-selected-rect/src/effects.ts	verbatim		17	0	txt
ac_cloud-notes/blocksuite/affine/widgets/edgeless-selected-rect/src/index.ts	verbatim		1	0	txt
ac_cloud-notes/blocksuite/affine/widgets/edgeless-selected-rect/src/resize-handles.ts	verbatim		88	0	txt
ac_cloud-notes/blocksuite/affine/widgets/edgeless-selected-rect/src/spec.ts	verbatim		8	0	txt
ac_cloud-notes/blocksuite/affine/widgets/edgeless-selected-rect/src/utils.ts	verbatim		368	0	txt
ac_cloud-notes/blocksuite/affine/widgets/edgeless-selected-rect/src/view.ts	verbatim		19	0	txt
ac_cloud-notes/blocksuite/affine/widgets/edgeless-selected-rect/tsconfig.json	verbatim		22	0	txt
ac_cloud-notes/blocksuite/affine/widgets/edgeless-toolbar/package.json	verbatim		41	0	txt
ac_cloud-notes/blocksuite/affine/widgets/edgeless-toolbar/src/button/tool-icon-button.ts	verbatim		162	0	txt
ac_cloud-notes/blocksuite/affine/widgets/edgeless-toolbar/src/button/toolbar-button.ts	verbatim		32	0	txt
ac_cloud-notes/blocksuite/affine/widgets/edgeless-toolbar/src/config/consts.ts	verbatim		14	0	txt
ac_cloud-notes/blocksuite/affine/widgets/edgeless-toolbar/src/config/index.ts	verbatim		3	0	txt
ac_cloud-notes/blocksuite/affine/widgets/edgeless-toolbar/src/config/types.ts	verbatim		25	0	txt
ac_cloud-notes/blocksuite/affine/widgets/edgeless-toolbar/src/config/utils.ts	verbatim		66	0	txt
ac_cloud-notes/blocksuite/affine/widgets/edgeless-toolbar/src/context.ts	verbatim		16	0	txt
ac_cloud-notes/blocksuite/affine/widgets/edgeless-toolbar/src/create-popper.ts	verbatim		91	0	txt
ac_cloud-notes/blocksuite/affine/widgets/edgeless-toolbar/src/draggable/draggable-element.controller.ts	verbatim		419	0	txt
ac_cloud-notes/blocksuite/affine/widgets/edgeless-toolbar/src/draggable/event-resolver.ts	verbatim		23	0	txt
ac_cloud-notes/blocksuite/affine/widgets/edgeless-toolbar/src/draggable/index.ts	verbatim		1	0	txt
ac_cloud-notes/blocksuite/affine/widgets/edgeless-toolbar/src/draggable/overlay-factory.ts	verbatim		84	0	txt
ac_cloud-notes/blocksuite/affine/widgets/edgeless-toolbar/src/draggable/types.ts	verbatim		87	0	txt
ac_cloud-notes/blocksuite/affine/widgets/edgeless-toolbar/src/edgeless-toolbar.ts	verbatim		675	0	txt
ac_cloud-notes/blocksuite/affine/widgets/edgeless-toolbar/src/effects.ts	verbatim		33	0	txt
ac_cloud-notes/blocksuite/affine/widgets/edgeless-toolbar/src/extension/index.ts	verbatim		55	0	txt
ac_cloud-notes/blocksuite/affine/widgets/edgeless-toolbar/src/index.ts	verbatim		7	0	txt
ac_cloud-notes/blocksuite/affine/widgets/edgeless-toolbar/src/menu/slide-menu.ts	verbatim		169	0	txt
ac_cloud-notes/blocksuite/affine/widgets/edgeless-toolbar/src/menu/toolbar-arrow-up-icon.ts	verbatim		15	0	txt
ac_cloud-notes/blocksuite/affine/widgets/edgeless-toolbar/src/mixins/index.ts	verbatim		3	0	txt
ac_cloud-notes/blocksuite/affine/widgets/edgeless-toolbar/src/mixins/quick-tool.mixin.ts	verbatim		17	0	txt
ac_cloud-notes/blocksuite/affine/widgets/edgeless-toolbar/src/mixins/tool.mixin.ts	verbatim		135	0	txt
ac_cloud-notes/blocksuite/affine/widgets/edgeless-toolbar/src/mixins/toolbar-button-with-menu.mixin.ts	verbatim		16	0	txt
ac_cloud-notes/blocksuite/affine/widgets/edgeless-toolbar/src/panel/font-family-panel.ts	verbatim		51	0	txt
ac_cloud-notes/blocksuite/affine/widgets/edgeless-toolbar/src/panel/font-weight-and-style-panel.ts	verbatim		149	0	txt
ac_cloud-notes/blocksuite/affine/widgets/edgeless-toolbar/src/view.ts	verbatim		19	0	txt
ac_cloud-notes/blocksuite/affine/widgets/edgeless-toolbar/tsconfig.json	verbatim		18	0	txt
ac_cloud-notes/blocksuite/affine/widgets/edgeless-zoom-toolbar/package.json	verbatim		39	0	txt
ac_cloud-notes/blocksuite/affine/widgets/edgeless-zoom-toolbar/src/effects.ts	verbatim		16	0	txt
ac_cloud-notes/blocksuite/affine/widgets/edgeless-zoom-toolbar/src/index.ts	verbatim		87	0	txt
ac_cloud-notes/blocksuite/affine/widgets/edgeless-zoom-toolbar/src/mobile-zoom-ruler.ts	verbatim		124	0	txt
ac_cloud-notes/blocksuite/affine/widgets/edgeless-zoom-toolbar/src/view.ts	verbatim		19	0	txt
ac_cloud-notes/blocksuite/affine/widgets/edgeless-zoom-toolbar/src/zoom-bar-toggle-button.ts	verbatim		100	0	txt
ac_cloud-notes/blocksuite/affine/widgets/edgeless-zoom-toolbar/src/zoom-toolbar.ts	verbatim		188	0	txt
ac_cloud-notes/blocksuite/affine/widgets/edgeless-zoom-toolbar/tsconfig.json	verbatim		18	0	txt
ac_cloud-notes/blocksuite/affine/widgets/frame-title/package.json	verbatim		36	0	txt
ac_cloud-notes/blocksuite/affine/widgets/frame-title/src/affine-frame-title-widget.ts	verbatim		18	0	txt
ac_cloud-notes/blocksuite/affine/widgets/frame-title/src/edgeless-frame-title-editor.ts	verbatim		158	0	txt
ac_cloud-notes/blocksuite/affine/widgets/frame-title/src/effects.ts	verbatim		14	0	txt
ac_cloud-notes/blocksuite/affine/widgets/frame-title/src/frame-title.ts	verbatim		248	0	txt
ac_cloud-notes/blocksuite/affine/widgets/frame-title/src/index.ts	verbatim		4	0	txt
ac_cloud-notes/blocksuite/affine/widgets/frame-title/src/mount-frame-title-editor.ts	verbatim		28	0	txt
ac_cloud-notes/blocksuite/affine/widgets/frame-title/src/styles.ts	verbatim		31	0	txt
ac_cloud-notes/blocksuite/affine/widgets/frame-title/src/view.ts	verbatim		19	0	txt
ac_cloud-notes/blocksuite/affine/widgets/frame-title/tsconfig.json	verbatim		19	0	txt
ac_cloud-notes/blocksuite/affine/widgets/keyboard-toolbar/package.json	verbatim		52	0	txt
ac_cloud-notes/blocksuite/affine/widgets/keyboard-toolbar/src/config.ts	verbatim		1176	0	txt
ac_cloud-notes/blocksuite/affine/widgets/keyboard-toolbar/src/effects.ts	verbatim		26	0	txt
ac_cloud-notes/blocksuite/affine/widgets/keyboard-toolbar/src/icons.ts	verbatim		133	0	txt
ac_cloud-notes/blocksuite/affine/widgets/keyboard-toolbar/src/index.ts	verbatim		2	0	txt
ac_cloud-notes/blocksuite/affine/widgets/keyboard-toolbar/src/keyboard-tool-panel.ts	verbatim		75	0	txt
ac_cloud-notes/blocksuite/affine/widgets/keyboard-toolbar/src/keyboard-toolbar.ts	verbatim		339	0	txt
ac_cloud-notes/blocksuite/affine/widgets/keyboard-toolbar/src/styles.ts	verbatim		128	0	txt
ac_cloud-notes/blocksuite/affine/widgets/keyboard-toolbar/src/utils.ts	verbatim		38	0	txt
ac_cloud-notes/blocksuite/affine/widgets/keyboard-toolbar/src/view.ts	verbatim		24	0	txt
ac_cloud-notes/blocksuite/affine/widgets/keyboard-toolbar/src/widget.ts	verbatim		114	0	txt
ac_cloud-notes/blocksuite/affine/widgets/keyboard-toolbar/tsconfig.json	verbatim		34	0	txt
ac_cloud-notes/blocksuite/affine/widgets/linked-doc/package.json	verbatim		48	0	txt
ac_cloud-notes/blocksuite/affine/widgets/linked-doc/src/config.ts	verbatim		213	0	txt
ac_cloud-notes/blocksuite/affine/widgets/linked-doc/src/effects.ts	verbatim		16	0	txt
ac_cloud-notes/blocksuite/affine/widgets/linked-doc/src/import-doc/import-doc.ts	verbatim		227	0	txt
ac_cloud-notes/blocksuite/affine/widgets/linked-doc/src/import-doc/index.ts	verbatim		36	0	txt
ac_cloud-notes/blocksuite/affine/widgets/linked-doc/src/import-doc/loader.ts	verbatim		90	0	txt
ac_cloud-notes/blocksuite/affine/widgets/linked-doc/src/import-doc/styles.ts	verbatim		77	0	txt
ac_cloud-notes/blocksuite/affine/widgets/linked-doc/src/index.ts	verbatim		4	0	txt
ac_cloud-notes/blocksuite/affine/widgets/linked-doc/src/linked-doc-popover.ts	verbatim		394	0	txt
ac_cloud-notes/blocksuite/affine/widgets/linked-doc/src/mobile-linked-doc-menu.ts	verbatim		184	0	txt
ac_cloud-notes/blocksuite/affine/widgets/linked-doc/src/styles.ts	verbatim		144	0	txt
ac_cloud-notes/blocksuite/affine/widgets/linked-doc/src/transformers/bear.ts	verbatim		552	0	txt
ac_cloud-notes/blocksuite/affine/widgets/linked-doc/src/transformers/docx.ts	verbatim		43	0	txt
ac_cloud-notes/blocksuite/affine/widgets/linked-doc/src/transformers/html.ts	verbatim		203	0	txt
ac_cloud-notes/blocksuite/affine/widgets/linked-doc/src/transformers/import-batch.ts	verbatim		138	0	txt
ac_cloud-notes/blocksuite/affine/widgets/linked-doc/src/transformers/index.ts	verbatim		22	0	txt
ac_cloud-notes/blocksuite/affine/widgets/linked-doc/src/transformers/markdown.ts	verbatim		889	0	txt
ac_cloud-notes/blocksuite/affine/widgets/linked-doc/src/transformers/notion-html.ts	verbatim		380	0	txt
ac_cloud-notes/blocksuite/affine/widgets/linked-doc/src/transformers/obsidian.ts	verbatim		873	0	txt
ac_cloud-notes/blocksuite/affine/widgets/linked-doc/src/transformers/pdf.ts	verbatim		29	0	txt
ac_cloud-notes/blocksuite/affine/widgets/linked-doc/src/transformers/type.ts	verbatim		30	0	txt
ac_cloud-notes/blocksuite/affine/widgets/linked-doc/src/transformers/utils.ts	verbatim		206	0	txt
ac_cloud-notes/blocksuite/affine/widgets/linked-doc/src/transformers/zip.ts	verbatim		149	0	txt
ac_cloud-notes/blocksuite/affine/widgets/linked-doc/src/utils.ts	verbatim		4	0	txt
ac_cloud-notes/blocksuite/affine/widgets/linked-doc/src/view.ts	verbatim		74	0	txt
ac_cloud-notes/blocksuite/affine/widgets/linked-doc/src/widget.ts	verbatim		299	0	txt
ac_cloud-notes/blocksuite/affine/widgets/linked-doc/tsconfig.json	verbatim		20	0	txt
ac_cloud-notes/blocksuite/affine/widgets/note-slicer/package.json	verbatim		35	0	txt
ac_cloud-notes/blocksuite/affine/widgets/note-slicer/src/effects.ts	verbatim		4	0	txt
ac_cloud-notes/blocksuite/affine/widgets/note-slicer/src/index.ts	verbatim		1	0	txt
ac_cloud-notes/blocksuite/affine/widgets/note-slicer/src/note-slicer.ts	verbatim		390	0	txt
ac_cloud-notes/blocksuite/affine/widgets/note-slicer/src/view.ts	verbatim		19	0	txt
ac_cloud-notes/blocksuite/affine/widgets/note-slicer/tsconfig.json	verbatim		19	0	txt
ac_cloud-notes/blocksuite/affine/widgets/page-dragging-area/package.json	verbatim		30	0	txt
ac_cloud-notes/blocksuite/affine/widgets/page-dragging-area/src/effects.ts	verbatim		10	0	txt
ac_cloud-notes/blocksuite/affine/widgets/page-dragging-area/src/index.ts	verbatim		288	0	txt
ac_cloud-notes/blocksuite/affine/widgets/page-dragging-area/src/utils.ts	verbatim		129	0	txt
ac_cloud-notes/blocksuite/affine/widgets/page-dragging-area/src/view.ts	verbatim		20	0	txt
ac_cloud-notes/blocksuite/affine/widgets/page-dragging-area/tsconfig.json	verbatim		15	0	txt
ac_cloud-notes/blocksuite/affine/widgets/remote-selection/package.json	verbatim		35	0	txt
ac_cloud-notes/blocksuite/affine/widgets/remote-selection/src/doc/config.ts	verbatim		4	0	txt
ac_cloud-notes/blocksuite/affine/widgets/remote-selection/src/doc/doc-remote-selection.ts	verbatim		350	0	txt
ac_cloud-notes/blocksuite/affine/widgets/remote-selection/src/doc/index.ts	verbatim		1	0	txt
ac_cloud-notes/blocksuite/affine/widgets/remote-selection/src/doc/utils.ts	verbatim		33	0	txt
ac_cloud-notes/blocksuite/affine/widgets/remote-selection/src/edgeless/index.ts	verbatim		257	0	txt
ac_cloud-notes/blocksuite/affine/widgets/remote-selection/src/effects.ts	verbatim		16	0	txt
ac_cloud-notes/blocksuite/affine/widgets/remote-selection/src/index.ts	verbatim		16	0	txt
ac_cloud-notes/blocksuite/affine/widgets/remote-selection/src/manager/color-picker.ts	verbatim		30	0	txt
ac_cloud-notes/blocksuite/affine/widgets/remote-selection/src/manager/remote-color-manager.ts	verbatim		34	0	txt
ac_cloud-notes/blocksuite/affine/widgets/remote-selection/src/view.ts	verbatim		23	0	txt
ac_cloud-notes/blocksuite/affine/widgets/remote-selection/tsconfig.json	verbatim		16	0	txt
ac_cloud-notes/blocksuite/affine/widgets/scroll-anchoring/package.json	verbatim		33	0	txt
ac_cloud-notes/blocksuite/affine/widgets/scroll-anchoring/src/effects.ts	verbatim		15	0	txt
ac_cloud-notes/blocksuite/affine/widgets/scroll-anchoring/src/index.ts	verbatim		9	0	txt
ac_cloud-notes/blocksuite/affine/widgets/scroll-anchoring/src/scroll-anchoring.ts	verbatim		216	0	txt
ac_cloud-notes/blocksuite/affine/widgets/scroll-anchoring/src/view.ts	verbatim		17	0	txt
ac_cloud-notes/blocksuite/affine/widgets/scroll-anchoring/tsconfig.json	verbatim		16	0	txt
ac_cloud-notes/blocksuite/affine/widgets/slash-menu/README.md	verbatim		1	0	txt
ac_cloud-notes/blocksuite/affine/widgets/slash-menu/package.json	verbatim		38	0	txt
ac_cloud-notes/blocksuite/affine/widgets/slash-menu/src/config.ts	verbatim		180	0	txt
ac_cloud-notes/blocksuite/affine/widgets/slash-menu/src/consts.ts	verbatim		4	0	txt
ac_cloud-notes/blocksuite/affine/widgets/slash-menu/src/effects.ts	verbatim		13	0	txt
ac_cloud-notes/blocksuite/affine/widgets/slash-menu/src/extensions.ts	verbatim		43	0	txt
ac_cloud-notes/blocksuite/affine/widgets/slash-menu/src/index.ts	verbatim		3	0	txt
ac_cloud-notes/blocksuite/affine/widgets/slash-menu/src/slash-menu-popover.ts	verbatim		589	0	txt
ac_cloud-notes/blocksuite/affine/widgets/slash-menu/src/styles.ts	verbatim		95	0	txt
ac_cloud-notes/blocksuite/affine/widgets/slash-menu/src/tooltips/copy.ts	verbatim		13	0	txt
ac_cloud-notes/blocksuite/affine/widgets/slash-menu/src/tooltips/delete.ts	verbatim		14	0	txt
ac_cloud-notes/blocksuite/affine/widgets/slash-menu/src/tooltips/empty.ts	verbatim		11	0	txt
ac_cloud-notes/blocksuite/affine/widgets/slash-menu/src/tooltips/index.ts	verbatim		43	0	txt
ac_cloud-notes/blocksuite/affine/widgets/slash-menu/src/tooltips/move-down.ts	verbatim		21	0	txt
ac_cloud-notes/blocksuite/affine/widgets/slash-menu/src/tooltips/move-up.ts	verbatim		21	0	txt
ac_cloud-notes/blocksuite/affine/widgets/slash-menu/src/tooltips/now.ts	verbatim		14	0	txt
ac_cloud-notes/blocksuite/affine/widgets/slash-menu/src/tooltips/today.ts	verbatim		14	0	txt
ac_cloud-notes/blocksuite/affine/widgets/slash-menu/src/tooltips/tomorrow.ts	verbatim		14	0	txt
ac_cloud-notes/blocksuite/affine/widgets/slash-menu/src/tooltips/yesterday.ts	verbatim		14	0	txt
ac_cloud-notes/blocksuite/affine/widgets/slash-menu/src/types.ts	verbatim		50	0	txt
ac_cloud-notes/blocksuite/affine/widgets/slash-menu/src/utils.ts	verbatim		88	0	txt
ac_cloud-notes/blocksuite/affine/widgets/slash-menu/src/view.ts	verbatim		18	0	txt
ac_cloud-notes/blocksuite/affine/widgets/slash-menu/src/widget.ts	verbatim		160	0	txt
ac_cloud-notes/blocksuite/affine/widgets/slash-menu/tsconfig.json	verbatim		18	0	txt
ac_cloud-notes/blocksuite/affine/widgets/toolbar/package.json	verbatim		40	0	txt
ac_cloud-notes/blocksuite/affine/widgets/toolbar/src/effects.ts	verbatim		9	0	txt
ac_cloud-notes/blocksuite/affine/widgets/toolbar/src/index.ts	verbatim		9	0	txt
ac_cloud-notes/blocksuite/affine/widgets/toolbar/src/toolbar.ts	verbatim		701	0	txt
ac_cloud-notes/blocksuite/affine/widgets/toolbar/src/utils.ts	verbatim		390	0	txt
ac_cloud-notes/blocksuite/affine/widgets/toolbar/src/view.ts	verbatim		18	0	txt
ac_cloud-notes/blocksuite/affine/widgets/toolbar/tsconfig.json	verbatim		20	0	txt
ac_cloud-notes/blocksuite/affine/widgets/viewport-overlay/package.json	verbatim		29	0	txt
ac_cloud-notes/blocksuite/affine/widgets/viewport-overlay/src/effects.ts	verbatim		10	0	txt
ac_cloud-notes/blocksuite/affine/widgets/viewport-overlay/src/index.ts	verbatim		79	0	txt
ac_cloud-notes/blocksuite/affine/widgets/viewport-overlay/src/view.ts	verbatim		17	0	txt
ac_cloud-notes/blocksuite/affine/widgets/viewport-overlay/tsconfig.json	verbatim		14	0	txt
ac_cloud-notes/blocksuite/docs-site/.gitignore	verbatim		4	0	txt
ac_cloud-notes/blocksuite/docs-site/.vitepress/config.ts	verbatim		215	0	txt
ac_cloud-notes/blocksuite/docs-site/.vitepress/sidebar.ts	verbatim		218	0	txt
ac_cloud-notes/blocksuite/docs-site/.vitepress/theme/components/blog-list-layout.vue	verbatim		68	0	txt
ac_cloud-notes/blocksuite/docs-site/.vitepress/theme/components/blog-post-meta.vue	verbatim		31	0	txt
ac_cloud-notes/blocksuite/docs-site/.vitepress/theme/components/code-sandbox.vue	verbatim		34	0	txt
ac_cloud-notes/blocksuite/docs-site/.vitepress/theme/components/hero-logo.vue	verbatim		6	0	txt
ac_cloud-notes/blocksuite/docs-site/.vitepress/theme/components/icon.vue	verbatim		22	0	txt
ac_cloud-notes/blocksuite/docs-site/.vitepress/theme/composables/posts.data.ts	verbatim		40	0	txt
ac_cloud-notes/blocksuite/docs-site/.vitepress/theme/composables/use-posts.ts	verbatim		14	0	txt
ac_cloud-notes/blocksuite/docs-site/.vitepress/theme/index.ts	verbatim		26	0	txt
ac_cloud-notes/blocksuite/docs-site/.vitepress/theme/style.css	verbatim		205	0	txt
ac_cloud-notes/blocksuite/docs-site/blog/crdt-native-data-flow.md	verbatim		56	0	txt
ac_cloud-notes/blocksuite/docs-site/blog/document-centric.md	verbatim		121	0	txt
ac_cloud-notes/blocksuite/docs-site/blog/index.md	verbatim		4	0	txt
ac_cloud-notes/blocksuite/docs-site/components/blocks/attachment-block.md	verbatim		5	0	txt
ac_cloud-notes/blocksuite/docs-site/components/blocks/code-block.md	verbatim		4	0	txt
ac_cloud-notes/blocksuite/docs-site/components/blocks/database-block.md	verbatim		6	0	txt
ac_cloud-notes/blocksuite/docs-site/components/blocks/divider-block.md	verbatim		4	0	txt
ac_cloud-notes/blocksuite/docs-site/components/blocks/embed-blocks.md	verbatim		7	0	txt
ac_cloud-notes/blocksuite/docs-site/components/blocks/frame-block.md	verbatim		6	0	txt
ac_cloud-notes/blocksuite/docs-site/components/blocks/image-block.md	verbatim		5	0	txt
ac_cloud-notes/blocksuite/docs-site/components/blocks/link-blocks.md	verbatim		10	0	txt
ac_cloud-notes/blocksuite/docs-site/components/blocks/list-block.md	verbatim		8	0	txt
ac_cloud-notes/blocksuite/docs-site/components/blocks/note-block.md	verbatim		8	0	txt
ac_cloud-notes/blocksuite/docs-site/components/blocks/paragraph-block.md	verbatim		9	0	txt
ac_cloud-notes/blocksuite/docs-site/components/blocks/root-block.md	verbatim		8	0	txt
ac_cloud-notes/blocksuite/docs-site/components/blocks/surface-block.md	verbatim		8	0	txt
ac_cloud-notes/blocksuite/docs-site/components/editors/edgeless-data-structure.md	verbatim		86	0	txt
ac_cloud-notes/blocksuite/docs-site/components/editors/edgeless-editor.md	verbatim		35	0	txt
ac_cloud-notes/blocksuite/docs-site/components/editors/page-editor.md	verbatim		32	0	txt
ac_cloud-notes/blocksuite/docs-site/components/fragments/bi-directional-link-panel.md	verbatim		5	0	txt
ac_cloud-notes/blocksuite/docs-site/components/fragments/copilot-panel.md	verbatim		5	0	txt
ac_cloud-notes/blocksuite/docs-site/components/fragments/doc-title.md	verbatim		6	0	txt
ac_cloud-notes/blocksuite/docs-site/components/fragments/frame-panel.md	verbatim		5	0	txt
ac_cloud-notes/blocksuite/docs-site/components/fragments/outline-panel.md	verbatim		6	0	txt
ac_cloud-notes/blocksuite/docs-site/components/overview.md	verbatim		19	0	txt
ac_cloud-notes/blocksuite/docs-site/components/widgets/drag-handle.md	verbatim		5	0	txt
ac_cloud-notes/blocksuite/docs-site/components/widgets/format-bar.md	verbatim		5	0	txt
ac_cloud-notes/blocksuite/docs-site/components/widgets/pie-menu.md	verbatim		9	0	txt
ac_cloud-notes/blocksuite/docs-site/components/widgets/slash-menu.md	verbatim		5	0	txt
ac_cloud-notes/blocksuite/docs-site/copy-pages-worker.mjs	verbatim		6	0	txt
ac_cloud-notes/blocksuite/docs-site/guide/adapter.md	verbatim		104	0	txt
ac_cloud-notes/blocksuite/docs-site/guide/block-schema.md	verbatim		137	0	txt
ac_cloud-notes/blocksuite/docs-site/guide/block-service.md	verbatim		47	0	txt
ac_cloud-notes/blocksuite/docs-site/guide/block-spec.md	verbatim		28	0	txt
ac_cloud-notes/blocksuite/docs-site/guide/block-view.md	verbatim		87	0	txt
ac_cloud-notes/blocksuite/docs-site/guide/block-widgets.md	verbatim		46	0	txt
ac_cloud-notes/blocksuite/docs-site/guide/command.md	verbatim		137	0	txt
ac_cloud-notes/blocksuite/docs-site/guide/component-types.md	verbatim		54	0	txt
ac_cloud-notes/blocksuite/docs-site/guide/data-synchronization.md	verbatim		76	0	txt
ac_cloud-notes/blocksuite/docs-site/guide/event.md	verbatim		105	0	txt
ac_cloud-notes/blocksuite/docs-site/guide/inline.md	verbatim		89	0	txt
ac_cloud-notes/blocksuite/docs-site/guide/overview.md	verbatim		72	0	txt
ac_cloud-notes/blocksuite/docs-site/guide/quick-start.md	verbatim		95	0	txt
ac_cloud-notes/blocksuite/docs-site/guide/selection.md	verbatim		153	0	txt
ac_cloud-notes/blocksuite/docs-site/guide/slot.md	verbatim		29	0	txt
ac_cloud-notes/blocksuite/docs-site/guide/store.md	verbatim		45	0	txt
ac_cloud-notes/blocksuite/docs-site/guide/working-with-block-tree.md	verbatim		262	0	txt
ac_cloud-notes/blocksuite/docs-site/images/affine-demo.jpg	verbatim		0	0	bin
ac_cloud-notes/blocksuite/docs-site/images/attach-editors.png	verbatim		0	0	bin
ac_cloud-notes/blocksuite/docs-site/images/bidirectional-data-flow.png	verbatim		0	0	bin
ac_cloud-notes/blocksuite/docs-site/images/block-nesting.png	verbatim		0	0	bin
ac_cloud-notes/blocksuite/docs-site/images/block-selection-example.png	verbatim		0	0	bin
ac_cloud-notes/blocksuite/docs-site/images/block-spec.png	verbatim		0	0	bin
ac_cloud-notes/blocksuite/docs-site/images/block-std-data-flow.png	verbatim		0	0	bin
ac_cloud-notes/blocksuite/docs-site/images/blocksuite-cover.jpg	verbatim		0	0	bin
ac_cloud-notes/blocksuite/docs-site/images/component-types.png	verbatim		0	0	bin
ac_cloud-notes/blocksuite/docs-site/images/composing-editors-1.png	verbatim		0	0	bin
ac_cloud-notes/blocksuite/docs-site/images/composing-editors-2.png	verbatim		0	0	bin
ac_cloud-notes/blocksuite/docs-site/images/context-interleaving.png	verbatim		0	0	bin
ac_cloud-notes/blocksuite/docs-site/images/crdt-native-data-flow.png	verbatim		0	0	bin
ac_cloud-notes/blocksuite/docs-site/images/editor-structure.png	verbatim		0	0	bin
ac_cloud-notes/blocksuite/docs-site/images/encoded-crdt-binary.png	verbatim		0	0	bin
ac_cloud-notes/blocksuite/docs-site/images/flat-inlines.png	verbatim		0	0	bin
ac_cloud-notes/blocksuite/docs-site/images/framework-agnostic.png	verbatim		0	0	bin
ac_cloud-notes/blocksuite/docs-site/images/hello-blocksuite.png	verbatim		0	0	bin
ac_cloud-notes/blocksuite/docs-site/images/inline-example.png	verbatim		0	0	bin
ac_cloud-notes/blocksuite/docs-site/images/package-overview.png	verbatim		0	0	bin
ac_cloud-notes/blocksuite/docs-site/images/pluggable-providers.png	verbatim		0	0	bin
ac_cloud-notes/blocksuite/docs-site/images/selection-types.png	verbatim		0	0	bin
ac_cloud-notes/blocksuite/docs-site/images/showcase-edgeless-perf.jpg	verbatim		0	0	bin
ac_cloud-notes/blocksuite/docs-site/images/showcase-fragments-1.jpg	verbatim		0	0	bin
ac_cloud-notes/blocksuite/docs-site/images/showcase-fragments-2.jpg	verbatim		0	0	bin
ac_cloud-notes/blocksuite/docs-site/images/showcase-page-edgeless-editors.jpg	verbatim		0	0	bin
ac_cloud-notes/blocksuite/docs-site/images/text-selection-example.png	verbatim		0	0	bin
ac_cloud-notes/blocksuite/docs-site/index.md	verbatim		30	0	txt
ac_cloud-notes/blocksuite/docs-site/package.json	verbatim		33	0	txt
ac_cloud-notes/blocksuite/docs-site/pages-worker.mjs	verbatim		31	0	txt
ac_cloud-notes/blocksuite/docs-site/public/_redirects	verbatim		1	0	txt
ac_cloud-notes/blocksuite/docs-site/tsconfig.json	verbatim		5	0	txt
ac_cloud-notes/blocksuite/docs-site/typedoc-remove-inherited.mjs	verbatim		30	0	txt
ac_cloud-notes/blocksuite/docs-site/typedoc.json	verbatim		36	0	txt
ac_cloud-notes/blocksuite/docs-site/wrangler.toml	verbatim		2	0	txt
ac_cloud-notes/blocksuite/docs/README.md	verbatim		8	0	txt
ac_cloud-notes/blocksuite/docs/api/@blocksuite/std/README.md	verbatim		7	0	txt
ac_cloud-notes/blocksuite/docs/api/@blocksuite/std/gfx/README.md	verbatim		37	0	txt
ac_cloud-notes/blocksuite/docs/api/@blocksuite/std/gfx/classes/GfxBlockElementModel.md	verbatim		81	0	txt
ac_cloud-notes/blocksuite/docs/api/@blocksuite/std/gfx/classes/GfxSelectionManager.md	verbatim		33	0	txt
ac_cloud-notes/blocksuite/docs/api/@blocksuite/std/gfx/functions/GfxCompatible.md	verbatim		18	0	txt
ac_cloud-notes/blocksuite/docs/api/@blocksuite/std/gfx/functions/canSafeAddToContainer.md	verbatim		13	0	txt
ac_cloud-notes/blocksuite/docs/api/@blocksuite/std/gfx/functions/compareLayer.md	verbatim		14	0	txt
ac_cloud-notes/blocksuite/docs/api/@blocksuite/std/gfx/functions/convert.md	verbatim		19	0	txt
ac_cloud-notes/blocksuite/docs/api/@blocksuite/std/gfx/functions/createRafCoalescer.md	verbatim		14	0	txt
ac_cloud-notes/blocksuite/docs/api/@blocksuite/std/gfx/functions/derive.md	verbatim		24	0	txt
ac_cloud-notes/blocksuite/docs/api/@blocksuite/std/gfx/functions/generateKeyBetween.md	verbatim		14	0	txt
ac_cloud-notes/blocksuite/docs/api/@blocksuite/std/gfx/functions/generateKeyBetweenV2.md	verbatim		15	0	txt
ac_cloud-notes/blocksuite/docs/api/@blocksuite/std/gfx/functions/generateNKeysBetween.md	verbatim		23	0	txt
ac_cloud-notes/blocksuite/docs/api/@blocksuite/std/gfx/functions/getEffectiveDpr.md	verbatim		15	0	txt
ac_cloud-notes/blocksuite/docs/api/@blocksuite/std/gfx/functions/getTopElements.md	verbatim		24	0	txt
ac_cloud-notes/blocksuite/docs/api/@blocksuite/std/gfx/functions/isGfxGroupCompatibleModel.md	verbatim		11	0	txt
ac_cloud-notes/blocksuite/docs/api/@blocksuite/std/gfx/functions/local.md	verbatim		15	0	txt
ac_cloud-notes/blocksuite/docs/api/@blocksuite/std/gfx/functions/measureOperation.md	verbatim		18	0	txt
ac_cloud-notes/blocksuite/docs/api/@blocksuite/std/gfx/functions/observe.md	verbatim		21	0	txt
ac_cloud-notes/blocksuite/docs/api/@blocksuite/std/gfx/functions/watch.md	verbatim		17	0	txt
ac_cloud-notes/blocksuite/docs/api/@blocksuite/std/gfx/interfaces/GfxCompatibleInterface.md	verbatim		47	0	txt
ac_cloud-notes/blocksuite/docs/api/@blocksuite/std/gfx/interfaces/GfxElementGeometry.md	verbatim		8	0	txt
ac_cloud-notes/blocksuite/docs/api/@blocksuite/std/gfx/interfaces/GfxGroupCompatibleInterface.md	verbatim		68	0	txt
ac_cloud-notes/blocksuite/docs/api/@blocksuite/std/gfx/interfaces/PointTestOptions.md	verbatim		29	0	txt
ac_cloud-notes/blocksuite/docs/api/@blocksuite/std/gfx/type-aliases/GfxCommonBlockProps.md	verbatim		12	0	txt
ac_cloud-notes/blocksuite/docs/api/@blocksuite/std/gfx/type-aliases/GfxCompatibleProps.md	verbatim		6	0	txt
ac_cloud-notes/blocksuite/docs/api/@blocksuite/std/gfx/variables/SURFACE_TEXT_UNIQ_IDENTIFIER.md	verbatim		6	0	txt
ac_cloud-notes/blocksuite/docs/api/@blocksuite/std/gfx/variables/SURFACE_YMAP_UNIQ_IDENTIFIER.md	verbatim		6	0	txt
ac_cloud-notes/blocksuite/docs/api/@blocksuite/std/gfx/variables/gfxGroupCompatibleSymbol.md	verbatim		6	0	txt
ac_cloud-notes/blocksuite/docs/api/@blocksuite/std/gfx/variables/viewportRuntimeConfig.md	verbatim		77	0	txt
ac_cloud-notes/blocksuite/docs/api/@blocksuite/std/index/README.md	verbatim		14	0	txt
ac_cloud-notes/blocksuite/docs/api/@blocksuite/std/index/classes/BlockService.md	verbatim		11	0	txt
ac_cloud-notes/blocksuite/docs/api/@blocksuite/std/index/classes/CommandManager.md	verbatim		125	0	txt
ac_cloud-notes/blocksuite/docs/api/@blocksuite/std/index/classes/LifeCycleWatcher.md	verbatim		47	0	txt
ac_cloud-notes/blocksuite/docs/api/@blocksuite/std/index/functions/BlockViewExtension.md	verbatim		24	0	txt
ac_cloud-notes/blocksuite/docs/api/@blocksuite/std/index/functions/ConfigExtensionFactory.md	verbatim		29	0	txt
ac_cloud-notes/blocksuite/docs/api/@blocksuite/std/index/functions/FlavourExtension.md	verbatim		17	0	txt
ac_cloud-notes/blocksuite/docs/api/@blocksuite/std/index/functions/KeymapExtension.md	verbatim		31	0	txt
ac_cloud-notes/blocksuite/docs/api/@blocksuite/std/index/functions/WidgetViewExtension.md	verbatim		24	0	txt
ac_cloud-notes/blocksuite/docs/api/@blocksuite/store/README.md	verbatim		15	0	txt
ac_cloud-notes/blocksuite/docs/api/@blocksuite/store/classes/Boxed.md	verbatim		82	0	txt
ac_cloud-notes/blocksuite/docs/api/@blocksuite/store/classes/Extension.md	verbatim		99	0	txt
ac_cloud-notes/blocksuite/docs/api/@blocksuite/store/classes/Schema.md	verbatim		151	0	txt
ac_cloud-notes/blocksuite/docs/api/@blocksuite/store/classes/Store.md	verbatim		524	0	txt
ac_cloud-notes/blocksuite/docs/api/@blocksuite/store/classes/StoreExtension.md	verbatim		25	0	txt
ac_cloud-notes/blocksuite/docs/api/@blocksuite/store/classes/Text.md	verbatim		219	0	txt
ac_cloud-notes/blocksuite/docs/api/@blocksuite/store/interfaces/StoreSlots.md	verbatim		36	0	txt
ac_cloud-notes/blocksuite/docs/api/README.md	verbatim		6	0	txt
ac_cloud-notes/blocksuite/docs/package.json	verbatim		18	0	txt
ac_cloud-notes/blocksuite/docs/tsconfig.json	verbatim		11	0	txt
ac_cloud-notes/blocksuite/docs/typedoc.json	verbatim		27	0	txt
ac_cloud-notes/blocksuite/framework/README.md	verbatim		2	0	txt
ac_cloud-notes/blocksuite/framework/global/package.json	verbatim		67	0	txt
ac_cloud-notes/blocksuite/framework/global/src/__tests__/curve.unit.spec.ts	verbatim		18	0	txt
ac_cloud-notes/blocksuite/framework/global/src/__tests__/di.unit.spec.ts	verbatim		277	0	txt
ac_cloud-notes/blocksuite/framework/global/src/__tests__/svg-path.unit.spec.ts	verbatim		58	0	txt
ac_cloud-notes/blocksuite/framework/global/src/di/consts.ts	verbatim		3	0	txt
ac_cloud-notes/blocksuite/framework/global/src/di/container.ts	verbatim		432	0	txt
ac_cloud-notes/blocksuite/framework/global/src/di/error.ts	verbatim		52	0	txt
ac_cloud-notes/blocksuite/framework/global/src/di/identifier.ts	verbatim		111	0	txt
ac_cloud-notes/blocksuite/framework/global/src/di/index.ts	verbatim		7	0	txt
ac_cloud-notes/blocksuite/framework/global/src/di/provider.ts	verbatim		192	0	txt
ac_cloud-notes/blocksuite/framework/global/src/di/scope.ts	verbatim		11	0	txt
ac_cloud-notes/blocksuite/framework/global/src/di/stable-hash.ts	verbatim		54	0	txt
ac_cloud-notes/blocksuite/framework/global/src/di/types.ts	verbatim		29	0	txt
ac_cloud-notes/blocksuite/framework/global/src/disposable/index.ts	verbatim		94	0	txt
ac_cloud-notes/blocksuite/framework/global/src/env/index.ts	verbatim		20	0	txt
ac_cloud-notes/blocksuite/framework/global/src/exceptions/code.ts	verbatim		29	0	txt
ac_cloud-notes/blocksuite/framework/global/src/exceptions/index.ts	verbatim		28	0	txt
ac_cloud-notes/blocksuite/framework/global/src/gfx/bound.ts	verbatim		149	0	txt
ac_cloud-notes/blocksuite/framework/global/src/gfx/curve.ts	verbatim		353	0	txt
ac_cloud-notes/blocksuite/framework/global/src/gfx/index.ts	verbatim		8	0	txt
ac_cloud-notes/blocksuite/framework/global/src/gfx/math.ts	verbatim		479	0	txt
ac_cloud-notes/blocksuite/framework/global/src/gfx/model/bound.ts	verbatim		315	0	txt
ac_cloud-notes/blocksuite/framework/global/src/gfx/model/index.ts	verbatim		4	0	txt
ac_cloud-notes/blocksuite/framework/global/src/gfx/model/point-location.ts	verbatim		75	0	txt
ac_cloud-notes/blocksuite/framework/global/src/gfx/model/point.ts	verbatim		213	0	txt
ac_cloud-notes/blocksuite/framework/global/src/gfx/model/vec.ts	verbatim		532	0	txt
ac_cloud-notes/blocksuite/framework/global/src/gfx/perfect-freehand/LICENSE	verbatim		17	0	txt
ac_cloud-notes/blocksuite/framework/global/src/gfx/perfect-freehand/get-solid-stroke-points.ts	verbatim		15	0	txt
ac_cloud-notes/blocksuite/framework/global/src/gfx/perfect-freehand/get-stroke-outline-points.ts	verbatim		322	0	txt
ac_cloud-notes/blocksuite/framework/global/src/gfx/perfect-freehand/get-stroke-points.ts	verbatim		113	0	txt
ac_cloud-notes/blocksuite/framework/global/src/gfx/perfect-freehand/get-stroke-radius.ts	verbatim		16	0	txt
ac_cloud-notes/blocksuite/framework/global/src/gfx/perfect-freehand/get-stroke.ts	verbatim		24	0	txt
ac_cloud-notes/blocksuite/framework/global/src/gfx/perfect-freehand/index.ts	verbatim		5	0	txt
ac_cloud-notes/blocksuite/framework/global/src/gfx/perfect-freehand/types.ts	verbatim		44	0	txt
ac_cloud-notes/blocksuite/framework/global/src/gfx/perfect-freehand/vec.ts	verbatim		158	0	txt
ac_cloud-notes/blocksuite/framework/global/src/gfx/polyline.ts	verbatim		106	0	txt
ac_cloud-notes/blocksuite/framework/global/src/gfx/svg-path.ts	verbatim		146	0	txt
ac_cloud-notes/blocksuite/framework/global/src/gfx/xywh.ts	verbatim		25	0	txt
ac_cloud-notes/blocksuite/framework/global/src/index.ts	verbatim		1	0	txt
ac_cloud-notes/blocksuite/framework/global/src/lit/index.ts	verbatim		3	0	txt
ac_cloud-notes/blocksuite/framework/global/src/lit/signal-watcher.ts	verbatim		65	0	txt
ac_cloud-notes/blocksuite/framework/global/src/lit/watch.ts	verbatim		60	0	txt
ac_cloud-notes/blocksuite/framework/global/src/lit/with-disposable.ts	verbatim		46	0	txt
ac_cloud-notes/blocksuite/framework/global/src/types/index.ts	verbatim		1	0	txt
ac_cloud-notes/blocksuite/framework/global/src/types/virtual-keyboard.ts	verbatim		39	0	txt
ac_cloud-notes/blocksuite/framework/global/src/utils/crypto.ts	verbatim		10	0	txt
ac_cloud-notes/blocksuite/framework/global/src/utils/function.ts	verbatim		31	0	txt
ac_cloud-notes/blocksuite/framework/global/src/utils/index.ts	verbatim		4	0	txt
ac_cloud-notes/blocksuite/framework/global/src/utils/logger.ts	verbatim		26	0	txt
ac_cloud-notes/blocksuite/framework/global/src/utils/types.ts	verbatim		12	0	txt
ac_cloud-notes/blocksuite/framework/global/tsconfig.json	verbatim		11	0	txt
ac_cloud-notes/blocksuite/framework/global/vitest.config.ts	verbatim		21	0	txt
ac_cloud-notes/blocksuite/framework/std/package.json	verbatim		53	0	txt
ac_cloud-notes/blocksuite/framework/std/src/__tests__/__screenshots__/command.unit.spec.ts/CommandManager-can-execute-a-single-command-with--exec--1.png	verbatim		0	0	bin
ac_cloud-notes/blocksuite/framework/std/src/__tests__/__screenshots__/editor-host.unit.spec.ts/editor-host-editor-host-should-rerender-model-when-view-changes-1.png	verbatim		0	0	bin
ac_cloud-notes/blocksuite/framework/std/src/__tests__/command.unit.spec.ts	verbatim		357	0	txt
ac_cloud-notes/blocksuite/framework/std/src/__tests__/editor-host.unit.spec.ts	verbatim		53	0	txt
ac_cloud-notes/blocksuite/framework/std/src/__tests__/gfx/surface.unit.spec.ts	verbatim		328	0	txt
ac_cloud-notes/blocksuite/framework/std/src/__tests__/gfx/tree.unit.spec.ts	verbatim		143	0	txt
ac_cloud-notes/blocksuite/framework/std/src/__tests__/gfx/view.unit.spec.ts	verbatim		866	0	txt
ac_cloud-notes/blocksuite/framework/std/src/__tests__/hast.unit.spec.ts	verbatim		61	0	txt
ac_cloud-notes/blocksuite/framework/std/src/__tests__/inline/active.unit.spec.ts	verbatim		51	0	txt
ac_cloud-notes/blocksuite/framework/std/src/__tests__/inline/convert.unit.spec.ts	verbatim		139	0	txt
ac_cloud-notes/blocksuite/framework/std/src/__tests__/inline/editor.unit.spec.ts	verbatim		487	0	txt
ac_cloud-notes/blocksuite/framework/std/src/__tests__/inline/event-beforeinput.unit.spec.ts	verbatim		122	0	txt
ac_cloud-notes/blocksuite/framework/std/src/__tests__/inline/inline-range.unit.spec.ts	verbatim		264	0	txt
ac_cloud-notes/blocksuite/framework/std/src/__tests__/inline/utils.ts	verbatim		151	0	txt
ac_cloud-notes/blocksuite/framework/std/src/__tests__/keymap.unit.spec.ts	verbatim		173	0	txt
ac_cloud-notes/blocksuite/framework/std/src/__tests__/test-block.ts	verbatim		54	0	txt
ac_cloud-notes/blocksuite/framework/std/src/__tests__/test-editor.ts	verbatim		31	0	txt
ac_cloud-notes/blocksuite/framework/std/src/__tests__/test-gfx-element.ts	verbatim		36	0	txt
ac_cloud-notes/blocksuite/framework/std/src/__tests__/test-schema.ts	verbatim		110	0	txt
ac_cloud-notes/blocksuite/framework/std/src/__tests__/test-spec.ts	verbatim		18	0	txt
ac_cloud-notes/blocksuite/framework/std/src/clipboard/clipboard-adapter.ts	verbatim		29	0	txt
ac_cloud-notes/blocksuite/framework/std/src/clipboard/clipboard.ts	verbatim		290	0	txt
ac_cloud-notes/blocksuite/framework/std/src/clipboard/index.ts	verbatim		2	0	txt
ac_cloud-notes/blocksuite/framework/std/src/clipboard/utils.ts	verbatim		31	0	txt
ac_cloud-notes/blocksuite/framework/std/src/command/consts.ts	verbatim		1	0	txt
ac_cloud-notes/blocksuite/framework/std/src/command/index.ts	verbatim		3	0	txt
ac_cloud-notes/blocksuite/framework/std/src/command/manager.ts	verbatim		219	0	txt
ac_cloud-notes/blocksuite/framework/std/src/command/types.ts	verbatim		38	0	txt
ac_cloud-notes/blocksuite/framework/std/src/effects.ts	verbatim		13	0	txt
ac_cloud-notes/blocksuite/framework/std/src/event/base.ts	verbatim		50	0	txt
ac_cloud-notes/blocksuite/framework/std/src/event/control/clipboard.ts	verbatim		49	0	txt
ac_cloud-notes/blocksuite/framework/std/src/event/control/keyboard.ts	verbatim		132	0	txt
ac_cloud-notes/blocksuite/framework/std/src/event/control/pointer.ts	verbatim		522	0	txt
ac_cloud-notes/blocksuite/framework/std/src/event/control/range.ts	verbatim		135	0	txt
ac_cloud-notes/blocksuite/framework/std/src/event/dispatcher.ts	verbatim		395	0	txt
ac_cloud-notes/blocksuite/framework/std/src/event/index.ts	verbatim		4	0	txt
ac_cloud-notes/blocksuite/framework/std/src/event/keymap.ts	verbatim		152	0	txt
ac_cloud-notes/blocksuite/framework/std/src/event/state/clipboard.ts	verbatim		17	0	txt
ac_cloud-notes/blocksuite/framework/std/src/event/state/dnd.ts	verbatim		17	0	txt
ac_cloud-notes/blocksuite/framework/std/src/event/state/index.ts	verbatim		5	0	txt
ac_cloud-notes/blocksuite/framework/std/src/event/state/keyboard.ts	verbatim		20	0	txt
ac_cloud-notes/blocksuite/framework/std/src/event/state/pointer.ts	verbatim		63	0	txt
ac_cloud-notes/blocksuite/framework/std/src/event/state/source.ts	verbatim		24	0	txt
ac_cloud-notes/blocksuite/framework/std/src/event/utils.ts	verbatim		14	0	txt
ac_cloud-notes/blocksuite/framework/std/src/extension/block-view.ts	verbatim		31	0	txt
ac_cloud-notes/blocksuite/framework/std/src/extension/config.ts	verbatim		41	0	txt
ac_cloud-notes/blocksuite/framework/std/src/extension/dnd/index.ts	verbatim		340	0	txt
ac_cloud-notes/blocksuite/framework/std/src/extension/dnd/types.ts	verbatim		106	0	txt
ac_cloud-notes/blocksuite/framework/std/src/extension/editor-life-cycle.ts	verbatim		38	0	txt
ac_cloud-notes/blocksuite/framework/std/src/extension/flavour.ts	verbatim		24	0	txt
ac_cloud-notes/blocksuite/framework/std/src/extension/index.ts	verbatim		10	0	txt
ac_cloud-notes/blocksuite/framework/std/src/extension/keymap.ts	verbatim		46	0	txt
ac_cloud-notes/blocksuite/framework/std/src/extension/lifecycle-watcher.ts	verbatim		60	0	txt
ac_cloud-notes/blocksuite/framework/std/src/extension/service-manager.ts	verbatim		17	0	txt
ac_cloud-notes/blocksuite/framework/std/src/extension/service.ts	verbatim		97	0	txt
ac_cloud-notes/blocksuite/framework/std/src/extension/widget-view-map.ts	verbatim		38	0	txt
ac_cloud-notes/blocksuite/framework/std/src/gfx/controller.ts	verbatim		239	0	txt
ac_cloud-notes/blocksuite/framework/std/src/gfx/cursor.ts	verbatim		50	0	txt
ac_cloud-notes/blocksuite/framework/std/src/gfx/extension.ts	verbatim		40	0	txt
ac_cloud-notes/blocksuite/framework/std/src/gfx/grid.ts	verbatim		449	0	txt
ac_cloud-notes/blocksuite/framework/std/src/gfx/identifiers.ts	verbatim		7	0	txt
ac_cloud-notes/blocksuite/framework/std/src/gfx/index.ts	verbatim		121	0	txt
ac_cloud-notes/blocksuite/framework/std/src/gfx/interactivity/event.ts	verbatim		42	0	txt
ac_cloud-notes/blocksuite/framework/std/src/gfx/interactivity/extension/base.ts	verbatim		180	0	txt
ac_cloud-notes/blocksuite/framework/std/src/gfx/interactivity/extension/view.ts	verbatim		121	0	txt
ac_cloud-notes/blocksuite/framework/std/src/gfx/interactivity/gfx-view-event-handler.ts	verbatim		96	0	txt
ac_cloud-notes/blocksuite/framework/std/src/gfx/interactivity/index.ts	verbatim		33	0	txt
ac_cloud-notes/blocksuite/framework/std/src/gfx/interactivity/manager.ts	verbatim		1013	0	txt
ac_cloud-notes/blocksuite/framework/std/src/gfx/interactivity/resize/manager.ts	verbatim		577	0	txt
ac_cloud-notes/blocksuite/framework/std/src/gfx/interactivity/types/clone.ts	verbatim		5	0	txt
ac_cloud-notes/blocksuite/framework/std/src/gfx/interactivity/types/drag.ts	verbatim		61	0	txt
ac_cloud-notes/blocksuite/framework/std/src/gfx/interactivity/types/resize.ts	verbatim		29	0	txt
ac_cloud-notes/blocksuite/framework/std/src/gfx/interactivity/types/select.ts	verbatim		29	0	txt
ac_cloud-notes/blocksuite/framework/std/src/gfx/interactivity/types/view.ts	verbatim		138	0	txt
ac_cloud-notes/blocksuite/framework/std/src/gfx/keyboard.ts	verbatim		40	0	txt
ac_cloud-notes/blocksuite/framework/std/src/gfx/layer.ts	verbatim		865	0	txt
ac_cloud-notes/blocksuite/framework/std/src/gfx/model/base.ts	verbatim		147	0	txt
ac_cloud-notes/blocksuite/framework/std/src/gfx/model/gfx-block-model.ts	verbatim		261	0	txt
ac_cloud-notes/blocksuite/framework/std/src/gfx/model/model.ts	verbatim		15	0	txt
ac_cloud-notes/blocksuite/framework/std/src/gfx/model/surface/decorators/common.ts	verbatim		48	0	txt
ac_cloud-notes/blocksuite/framework/std/src/gfx/model/surface/decorators/convert.ts	verbatim		44	0	txt
ac_cloud-notes/blocksuite/framework/std/src/gfx/model/surface/decorators/derive.ts	verbatim		90	0	txt
ac_cloud-notes/blocksuite/framework/std/src/gfx/model/surface/decorators/field.ts	verbatim		74	0	txt
ac_cloud-notes/blocksuite/framework/std/src/gfx/model/surface/decorators/index.ts	verbatim		6	0	txt
ac_cloud-notes/blocksuite/framework/std/src/gfx/model/surface/decorators/local.ts	verbatim		51	0	txt
ac_cloud-notes/blocksuite/framework/std/src/gfx/model/surface/decorators/observer.ts	verbatim		105	0	txt
ac_cloud-notes/blocksuite/framework/std/src/gfx/model/surface/decorators/watch.ts	verbatim		50	0	txt
ac_cloud-notes/blocksuite/framework/std/src/gfx/model/surface/element-model.ts	verbatim		504	0	txt
ac_cloud-notes/blocksuite/framework/std/src/gfx/model/surface/local-element-model.ts	verbatim		201	0	txt
ac_cloud-notes/blocksuite/framework/std/src/gfx/model/surface/surface-model.ts	verbatim		779	0	txt
ac_cloud-notes/blocksuite/framework/std/src/gfx/perf.ts	verbatim		28	0	txt
ac_cloud-notes/blocksuite/framework/std/src/gfx/raf-coalescer.ts	verbatim		65	0	txt
ac_cloud-notes/blocksuite/framework/std/src/gfx/selection.ts	verbatim		327	0	txt
ac_cloud-notes/blocksuite/framework/std/src/gfx/surface-middleware.ts	verbatim		48	0	txt
ac_cloud-notes/blocksuite/framework/std/src/gfx/tool/tool-controller.ts	verbatim		548	0	txt
ac_cloud-notes/blocksuite/framework/std/src/gfx/tool/tool.ts	verbatim		91	0	txt
ac_cloud-notes/blocksuite/framework/std/src/gfx/view/view-manager.ts	verbatim		115	0	txt
ac_cloud-notes/blocksuite/framework/std/src/gfx/view/view.ts	verbatim		184	0	txt
ac_cloud-notes/blocksuite/framework/std/src/gfx/viewport-element.ts	verbatim		912	0	txt
ac_cloud-notes/blocksuite/framework/std/src/gfx/viewport.ts	verbatim		792	0	txt
ac_cloud-notes/blocksuite/framework/std/src/identifier.ts	verbatim		24	0	txt
ac_cloud-notes/blocksuite/framework/std/src/index.ts	verbatim		9	0	txt
ac_cloud-notes/blocksuite/framework/std/src/inline/components/embed-gap.ts	verbatim		11	0	txt
ac_cloud-notes/blocksuite/framework/std/src/inline/components/index.ts	verbatim		3	0	txt
ac_cloud-notes/blocksuite/framework/std/src/inline/components/v-element.ts	verbatim		96	0	txt
ac_cloud-notes/blocksuite/framework/std/src/inline/components/v-line.ts	verbatim		134	0	txt
ac_cloud-notes/blocksuite/framework/std/src/inline/components/v-text.ts	verbatim		29	0	txt
ac_cloud-notes/blocksuite/framework/std/src/inline/consts.ts	verbatim		4	0	txt
ac_cloud-notes/blocksuite/framework/std/src/inline/extensions/index.ts	verbatim		4	0	txt
ac_cloud-notes/blocksuite/framework/std/src/inline/extensions/inline-manager.ts	verbatim		109	0	txt
ac_cloud-notes/blocksuite/framework/std/src/inline/extensions/inline-spec.ts	verbatim		46	0	txt
ac_cloud-notes/blocksuite/framework/std/src/inline/extensions/markdown-matcher.ts	verbatim		26	0	txt
ac_cloud-notes/blocksuite/framework/std/src/inline/extensions/type.ts	verbatim		41	0	txt
ac_cloud-notes/blocksuite/framework/std/src/inline/index.ts	verbatim		8	0	txt
ac_cloud-notes/blocksuite/framework/std/src/inline/inline-editor.ts	verbatim		258	0	txt
ac_cloud-notes/blocksuite/framework/std/src/inline/range/active.ts	verbatim		51	0	txt
ac_cloud-notes/blocksuite/framework/std/src/inline/range/consts.ts	verbatim		8	0	txt
ac_cloud-notes/blocksuite/framework/std/src/inline/range/index.ts	verbatim		4	0	txt
ac_cloud-notes/blocksuite/framework/std/src/inline/range/inline-range-provider.ts	verbatim		101	0	txt
ac_cloud-notes/blocksuite/framework/std/src/inline/range/range-binding.ts	verbatim		328	0	txt
ac_cloud-notes/blocksuite/framework/std/src/inline/range/range-manager.ts	verbatim		221	0	txt
ac_cloud-notes/blocksuite/framework/std/src/inline/services/attribute.ts	verbatim		91	0	txt
ac_cloud-notes/blocksuite/framework/std/src/inline/services/delta.ts	verbatim		140	0	txt
ac_cloud-notes/blocksuite/framework/std/src/inline/services/event.ts	verbatim		554	0	txt
ac_cloud-notes/blocksuite/framework/std/src/inline/services/hook.ts	verbatim		31	0	txt
ac_cloud-notes/blocksuite/framework/std/src/inline/services/index.ts	verbatim		6	0	txt
ac_cloud-notes/blocksuite/framework/std/src/inline/services/range.ts	verbatim		348	0	txt
ac_cloud-notes/blocksuite/framework/std/src/inline/services/render.ts	verbatim		179	0	txt
ac_cloud-notes/blocksuite/framework/std/src/inline/services/text.ts	verbatim		116	0	txt
ac_cloud-notes/blocksuite/framework/std/src/inline/types.ts	verbatim		31	0	txt
ac_cloud-notes/blocksuite/framework/std/src/inline/utils/attribute-renderer.ts	verbatim		44	0	txt
ac_cloud-notes/blocksuite/framework/std/src/inline/utils/delta-convert.ts	verbatim		53	0	txt
ac_cloud-notes/blocksuite/framework/std/src/inline/utils/dynamic-schema.ts	verbatim		24	0	txt
ac_cloud-notes/blocksuite/framework/std/src/inline/utils/embed.ts	verbatim		43	0	txt
ac_cloud-notes/blocksuite/framework/std/src/inline/utils/guard.ts	verbatim		24	0	txt
ac_cloud-notes/blocksuite/framework/std/src/inline/utils/index.ts	verbatim		11	0	txt
ac_cloud-notes/blocksuite/framework/std/src/inline/utils/inline-range.ts	verbatim		62	0	txt
ac_cloud-notes/blocksuite/framework/std/src/inline/utils/point-conversion.ts	verbatim		178	0	txt
ac_cloud-notes/blocksuite/framework/std/src/inline/utils/query.ts	verbatim		19	0	txt
ac_cloud-notes/blocksuite/framework/std/src/inline/utils/range-conversion.ts	verbatim		322	0	txt
ac_cloud-notes/blocksuite/framework/std/src/inline/utils/renderer.ts	verbatim		17	0	txt
ac_cloud-notes/blocksuite/framework/std/src/inline/utils/text.ts	verbatim		96	0	txt
ac_cloud-notes/blocksuite/framework/std/src/inline/utils/transform-input.ts	verbatim		71	0	txt
ac_cloud-notes/blocksuite/framework/std/src/scope/index.ts	verbatim		1	0	txt
ac_cloud-notes/blocksuite/framework/std/src/scope/std-scope.ts	verbatim		137	0	txt
ac_cloud-notes/blocksuite/framework/std/src/selection/block.ts	verbatim		26	0	txt
ac_cloud-notes/blocksuite/framework/std/src/selection/cursor.ts	verbatim		35	0	txt
ac_cloud-notes/blocksuite/framework/std/src/selection/index.ts	verbatim		4	0	txt
ac_cloud-notes/blocksuite/framework/std/src/selection/surface.ts	verbatim		57	0	txt
ac_cloud-notes/blocksuite/framework/std/src/selection/text.ts	verbatim		94	0	txt
ac_cloud-notes/blocksuite/framework/std/src/spec/index.ts	verbatim		1	0	txt
ac_cloud-notes/blocksuite/framework/std/src/spec/type.ts	verbatim		4	0	txt
ac_cloud-notes/blocksuite/framework/std/src/utils/fractional-indexing.ts	verbatim		65	0	txt
ac_cloud-notes/blocksuite/framework/std/src/utils/gfx.ts	verbatim		26	0	txt
ac_cloud-notes/blocksuite/framework/std/src/utils/layer.ts	verbatim		139	0	txt
ac_cloud-notes/blocksuite/framework/std/src/utils/tree.ts	verbatim		163	0	txt
ac_cloud-notes/blocksuite/framework/std/src/view/decorators/index.ts	verbatim		1	0	txt
ac_cloud-notes/blocksuite/framework/std/src/view/decorators/required.ts	verbatim		53	0	txt
ac_cloud-notes/blocksuite/framework/std/src/view/element/block-component.ts	verbatim		278	0	txt
ac_cloud-notes/blocksuite/framework/std/src/view/element/consts.ts	verbatim		8	0	txt
ac_cloud-notes/blocksuite/framework/std/src/view/element/gfx-block-component.ts	verbatim		270	0	txt
ac_cloud-notes/blocksuite/framework/std/src/view/element/index.ts	verbatim		6	0	txt
ac_cloud-notes/blocksuite/framework/std/src/view/element/lit-host.ts	verbatim		187	0	txt
ac_cloud-notes/blocksuite/framework/std/src/view/element/shadowless-element.ts	verbatim		85	0	txt
ac_cloud-notes/blocksuite/framework/std/src/view/element/widget-component.ts	verbatim		80	0	txt
ac_cloud-notes/blocksuite/framework/std/src/view/index.ts	verbatim		3	0	txt
ac_cloud-notes/blocksuite/framework/std/src/view/view-store.ts	verbatim		126	0	txt
ac_cloud-notes/blocksuite/framework/std/tsconfig.json	verbatim		10	0	txt
ac_cloud-notes/blocksuite/framework/std/typedoc.json	verbatim		3	0	txt
ac_cloud-notes/blocksuite/framework/std/vitest.config.ts	verbatim		24	0	txt
ac_cloud-notes/blocksuite/framework/store/README.md	verbatim		4	0	txt
ac_cloud-notes/blocksuite/framework/store/package.json	verbatim		42	0	txt
ac_cloud-notes/blocksuite/framework/store/src/__tests__/__snapshots__/transformer.unit.spec.ts.snap	verbatim		57	0	txt
ac_cloud-notes/blocksuite/framework/store/src/__tests__/assets.unit.spec.ts	verbatim		68	0	txt
ac_cloud-notes/blocksuite/framework/store/src/__tests__/block.unit.spec.ts	verbatim		474	0	txt
ac_cloud-notes/blocksuite/framework/store/src/__tests__/collection.unit.spec.ts	verbatim		772	0	txt
ac_cloud-notes/blocksuite/framework/store/src/__tests__/doc.unit.spec.ts	verbatim		258	0	txt
ac_cloud-notes/blocksuite/framework/store/src/__tests__/schema.unit.spec.ts	verbatim		162	0	txt
ac_cloud-notes/blocksuite/framework/store/src/__tests__/test-schema.ts	verbatim		92	0	txt
ac_cloud-notes/blocksuite/framework/store/src/__tests__/test-utils-dom.ts	verbatim		96	0	txt
ac_cloud-notes/blocksuite/framework/store/src/__tests__/transformer.unit.spec.ts	verbatim		120	0	txt
ac_cloud-notes/blocksuite/framework/store/src/__tests__/yjs.unit.spec.ts	verbatim		229	0	txt
ac_cloud-notes/blocksuite/framework/store/src/adapter/assets.ts	verbatim		145	0	txt
ac_cloud-notes/blocksuite/framework/store/src/adapter/base.ts	verbatim		287	0	txt
ac_cloud-notes/blocksuite/framework/store/src/adapter/context.ts	verbatim		96	0	txt
ac_cloud-notes/blocksuite/framework/store/src/adapter/index.ts	verbatim		3	0	txt
ac_cloud-notes/blocksuite/framework/store/src/consts.ts	verbatim		5	0	txt
ac_cloud-notes/blocksuite/framework/store/src/extension/extension.ts	verbatim		132	0	txt
ac_cloud-notes/blocksuite/framework/store/src/extension/history/history-extension.ts	verbatim		62	0	txt
ac_cloud-notes/blocksuite/framework/store/src/extension/history/index.ts	verbatim		1	0	txt
ac_cloud-notes/blocksuite/framework/store/src/extension/index.ts	verbatim		6	0	txt
ac_cloud-notes/blocksuite/framework/store/src/extension/schema.ts	verbatim		17	0	txt
ac_cloud-notes/blocksuite/framework/store/src/extension/selection/base.ts	verbatim		33	0	txt
ac_cloud-notes/blocksuite/framework/store/src/extension/selection/identifier.ts	verbatim		14	0	txt
ac_cloud-notes/blocksuite/framework/store/src/extension/selection/index.ts	verbatim		4	0	txt
ac_cloud-notes/blocksuite/framework/store/src/extension/selection/selection-extension.ts	verbatim		161	0	txt
ac_cloud-notes/blocksuite/framework/store/src/extension/selection/types.ts	verbatim		7	0	txt
ac_cloud-notes/blocksuite/framework/store/src/extension/store-extension.ts	verbatim		50	0	txt
ac_cloud-notes/blocksuite/framework/store/src/extension/workspace/doc.ts	verbatim		29	0	txt
ac_cloud-notes/blocksuite/framework/store/src/extension/workspace/index.ts	verbatim		3	0	txt
ac_cloud-notes/blocksuite/framework/store/src/extension/workspace/workspace-meta.ts	verbatim		34	0	txt
ac_cloud-notes/blocksuite/framework/store/src/extension/workspace/workspace.ts	verbatim		24	0	txt
ac_cloud-notes/blocksuite/framework/store/src/index.ts	verbatim		21	0	txt
ac_cloud-notes/blocksuite/framework/store/src/model/block/block-model.ts	verbatim		122	0	txt
ac_cloud-notes/blocksuite/framework/store/src/model/block/block.ts	verbatim		55	0	txt
ac_cloud-notes/blocksuite/framework/store/src/model/block/draft.ts	verbatim		35	0	txt
ac_cloud-notes/blocksuite/framework/store/src/model/block/flat-sync-controller.ts	verbatim		141	0	txt
ac_cloud-notes/blocksuite/framework/store/src/model/block/index.ts	verbatim		5	0	txt
ac_cloud-notes/blocksuite/framework/store/src/model/block/sync-controller.ts	verbatim		352	0	txt
ac_cloud-notes/blocksuite/framework/store/src/model/block/types.ts	verbatim		18	0	txt
ac_cloud-notes/blocksuite/framework/store/src/model/block/zod.ts	verbatim		107	0	txt
ac_cloud-notes/blocksuite/framework/store/src/model/index.ts	verbatim		3	0	txt
ac_cloud-notes/blocksuite/framework/store/src/model/store-container.ts	verbatim		75	0	txt
ac_cloud-notes/blocksuite/framework/store/src/model/store/crud.ts	verbatim		327	0	txt
ac_cloud-notes/blocksuite/framework/store/src/model/store/identifier.ts	verbatim		3	0	txt
ac_cloud-notes/blocksuite/framework/store/src/model/store/index.ts	verbatim		3	0	txt
ac_cloud-notes/blocksuite/framework/store/src/model/store/query.ts	verbatim		72	0	txt
ac_cloud-notes/blocksuite/framework/store/src/model/store/store.ts	verbatim		1170	0	txt
ac_cloud-notes/blocksuite/framework/store/src/model/store/utils.ts	verbatim		30	0	txt
ac_cloud-notes/blocksuite/framework/store/src/reactive/base-reactive-data.ts	verbatim		60	0	txt
ac_cloud-notes/blocksuite/framework/store/src/reactive/boxed.ts	verbatim		126	0	txt
ac_cloud-notes/blocksuite/framework/store/src/reactive/flat-native-y/index.ts	verbatim		148	0	txt
ac_cloud-notes/blocksuite/framework/store/src/reactive/flat-native-y/initialize.ts	verbatim		54	0	txt
ac_cloud-notes/blocksuite/framework/store/src/reactive/flat-native-y/proxy.ts	verbatim		181	0	txt
ac_cloud-notes/blocksuite/framework/store/src/reactive/flat-native-y/signal-updater.ts	verbatim		55	0	txt
ac_cloud-notes/blocksuite/framework/store/src/reactive/flat-native-y/types.ts	verbatim		23	0	txt
ac_cloud-notes/blocksuite/framework/store/src/reactive/flat-native-y/utils.ts	verbatim		41	0	txt
ac_cloud-notes/blocksuite/framework/store/src/reactive/flat-native-y/y-event-handler.ts	verbatim		108	0	txt
ac_cloud-notes/blocksuite/framework/store/src/reactive/flat-native-y/y-map-updater.ts	verbatim		59	0	txt
ac_cloud-notes/blocksuite/framework/store/src/reactive/index.ts	verbatim		8	0	txt
ac_cloud-notes/blocksuite/framework/store/src/reactive/is-pure-object.ts	verbatim		8	0	txt
ac_cloud-notes/blocksuite/framework/store/src/reactive/memory.ts	verbatim		3	0	txt
ac_cloud-notes/blocksuite/framework/store/src/reactive/native-y.ts	verbatim		66	0	txt
ac_cloud-notes/blocksuite/framework/store/src/reactive/proxy.ts	verbatim		355	0	txt
ac_cloud-notes/blocksuite/framework/store/src/reactive/stash-pop.ts	verbatim		14	0	txt
ac_cloud-notes/blocksuite/framework/store/src/reactive/text/attributes.ts	verbatim		10	0	txt
ac_cloud-notes/blocksuite/framework/store/src/reactive/text/index.ts	verbatim		3	0	txt
ac_cloud-notes/blocksuite/framework/store/src/reactive/text/text.ts	verbatim		439	0	txt
ac_cloud-notes/blocksuite/framework/store/src/reactive/text/types.ts	verbatim		17	0	txt
ac_cloud-notes/blocksuite/framework/store/src/reactive/types.ts	verbatim		15	0	txt
ac_cloud-notes/blocksuite/framework/store/src/schema/error.ts	verbatim		9	0	txt
ac_cloud-notes/blocksuite/framework/store/src/schema/index.ts	verbatim		1	0	txt
ac_cloud-notes/blocksuite/framework/store/src/schema/schema.ts	verbatim		297	0	txt
ac_cloud-notes/blocksuite/framework/store/src/test/index.ts	verbatim		8	0	txt
ac_cloud-notes/blocksuite/framework/store/src/test/test-doc.ts	verbatim		143	0	txt
ac_cloud-notes/blocksuite/framework/store/src/test/test-meta.ts	verbatim		147	0	txt
ac_cloud-notes/blocksuite/framework/store/src/test/test-workspace.ts	verbatim		195	0	txt
ac_cloud-notes/blocksuite/framework/store/src/transformer/assets.ts	verbatim		89	0	txt
ac_cloud-notes/blocksuite/framework/store/src/transformer/base.ts	verbatim		75	0	txt
ac_cloud-notes/blocksuite/framework/store/src/transformer/index.ts	verbatim		7	0	txt
ac_cloud-notes/blocksuite/framework/store/src/transformer/json.ts	verbatim		48	0	txt
ac_cloud-notes/blocksuite/framework/store/src/transformer/middleware.ts	verbatim		109	0	txt
ac_cloud-notes/blocksuite/framework/store/src/transformer/slice.ts	verbatim		33	0	txt
ac_cloud-notes/blocksuite/framework/store/src/transformer/transformer.ts	verbatim		576	0	txt
ac_cloud-notes/blocksuite/framework/store/src/transformer/type.ts	verbatim		63	0	txt
ac_cloud-notes/blocksuite/framework/store/src/utils/id-generator.ts	verbatim		9	0	txt
ac_cloud-notes/blocksuite/framework/store/src/yjs/awareness.ts	verbatim		56	0	txt
ac_cloud-notes/blocksuite/framework/store/src/yjs/index.ts	verbatim		2	0	txt
ac_cloud-notes/blocksuite/framework/store/src/yjs/utils.ts	verbatim		9	0	txt
ac_cloud-notes/blocksuite/framework/store/tsconfig.json	verbatim		10	0	txt
ac_cloud-notes/blocksuite/framework/store/typedoc.json	verbatim		3	0	txt
ac_cloud-notes/blocksuite/framework/store/vitest.config.ts	verbatim		27	0	txt
ac_cloud-notes/blocksuite/framework/sync/README.md	verbatim		4	0	txt
ac_cloud-notes/blocksuite/framework/sync/package.json	verbatim		37	0	txt
ac_cloud-notes/blocksuite/framework/sync/src/__tests__/blob.unit.spec.ts	verbatim		44	0	txt
ac_cloud-notes/blocksuite/framework/sync/src/awareness/engine.ts	verbatim		14	0	txt
ac_cloud-notes/blocksuite/framework/sync/src/awareness/impl/broadcast.ts	verbatim		61	0	txt
ac_cloud-notes/blocksuite/framework/sync/src/awareness/impl/index.ts	verbatim		1	0	txt
ac_cloud-notes/blocksuite/framework/sync/src/awareness/index.ts	verbatim		3	0	txt
ac_cloud-notes/blocksuite/framework/sync/src/awareness/source.ts	verbatim		5	0	txt
ac_cloud-notes/blocksuite/framework/sync/src/blob/engine.ts	verbatim		175	0	txt
ac_cloud-notes/blocksuite/framework/sync/src/blob/impl/index.ts	verbatim		2	0	txt
ac_cloud-notes/blocksuite/framework/sync/src/blob/impl/indexeddb.ts	verbatim		30	0	txt
ac_cloud-notes/blocksuite/framework/sync/src/blob/impl/memory.ts	verbatim		20	0	txt
ac_cloud-notes/blocksuite/framework/sync/src/blob/index.ts	verbatim		3	0	txt
ac_cloud-notes/blocksuite/framework/sync/src/blob/source.ts	verbatim		21	0	txt
ac_cloud-notes/blocksuite/framework/sync/src/doc/consts.ts	verbatim		14	0	txt
ac_cloud-notes/blocksuite/framework/sync/src/doc/engine.ts	verbatim		261	0	txt
ac_cloud-notes/blocksuite/framework/sync/src/doc/impl/broadcast.ts	verbatim		81	0	txt
ac_cloud-notes/blocksuite/framework/sync/src/doc/impl/index.ts	verbatim		3	0	txt
ac_cloud-notes/blocksuite/framework/sync/src/doc/impl/indexeddb.ts	verbatim		95	0	txt
ac_cloud-notes/blocksuite/framework/sync/src/doc/impl/noop.ts	verbatim		14	0	txt
ac_cloud-notes/blocksuite/framework/sync/src/doc/index.ts	verbatim		20	0	txt
ac_cloud-notes/blocksuite/framework/sync/src/doc/peer.ts	verbatim		406	0	txt
ac_cloud-notes/blocksuite/framework/sync/src/doc/source.ts	verbatim		26	0	txt
ac_cloud-notes/blocksuite/framework/sync/src/index.ts	verbatim		3	0	txt
ac_cloud-notes/blocksuite/framework/sync/src/utils/__tests__/async-queue.spec.ts	verbatim		37	0	txt
ac_cloud-notes/blocksuite/framework/sync/src/utils/__tests__/throw-if-aborted.spec.ts	verbatim		11	0	txt
ac_cloud-notes/blocksuite/framework/sync/src/utils/async-queue.ts	verbatim		88	0	txt
ac_cloud-notes/blocksuite/framework/sync/src/utils/throw-if-aborted.ts	verbatim		8	0	txt
ac_cloud-notes/blocksuite/framework/sync/tsconfig.json	verbatim		10	0	txt
ac_cloud-notes/blocksuite/framework/sync/vitest.config.ts	verbatim		22	0	txt
ac_cloud-notes/blocksuite/integration-test/README.md	verbatim		20	0	txt
ac_cloud-notes/blocksuite/integration-test/package.json	verbatim		45	0	txt
ac_cloud-notes/blocksuite/integration-test/renderer.html	verbatim		21	0	txt
ac_cloud-notes/blocksuite/integration-test/src/__tests__/edgeless/__screenshots__/connector-dom.spec.ts/Connector-rendering-with-DOM-renderer-should-remove-connector-DOM-node-when-element-is-deleted-1.png	verbatim		0	0	bin
ac_cloud-notes/blocksuite/integration-test/src/__tests__/edgeless/__screenshots__/connector-dom.spec.ts/Connector-rendering-with-DOM-renderer-should-render-a-connector-element-as-a-DOM-node-1.png	verbatim		0	0	bin
ac_cloud-notes/blocksuite/integration-test/src/__tests__/edgeless/__screenshots__/connector-dom.spec.ts/Connector-rendering-with-DOM-renderer-should-render-connector-with-arrow-endpoints-1.png	verbatim		0	0	bin
ac_cloud-notes/blocksuite/integration-test/src/__tests__/edgeless/__screenshots__/connector-dom.spec.ts/Connector-rendering-with-DOM-renderer-should-render-connector-with-different-stroke-styles-1.png	verbatim		0	0	bin
ac_cloud-notes/blocksuite/integration-test/src/__tests__/edgeless/__screenshots__/frame.spec.ts/frame-frame-should-always-be-placed-under-the-bottom-of-other-blocks-1.png	verbatim		0	0	bin
ac_cloud-notes/blocksuite/integration-test/src/__tests__/edgeless/__screenshots__/frame.spec.ts/frame-frame-should-have-externalXYWH-after-moving-viewport-to-contains-frame-1.png	verbatim		0	0	bin
ac_cloud-notes/blocksuite/integration-test/src/__tests__/edgeless/__screenshots__/frame.spec.ts/frame-frame-should-have-title-1.png	verbatim		0	0	bin
ac_cloud-notes/blocksuite/integration-test/src/__tests__/edgeless/__screenshots__/group.spec.ts/group-group-s-xywh-should-update-automatically-when-children-change-1.png	verbatim		0	0	bin
ac_cloud-notes/blocksuite/integration-test/src/__tests__/edgeless/__screenshots__/group.spec.ts/group-group-with-no-children-will-be-removed-automatically-1.png	verbatim		0	0	bin
ac_cloud-notes/blocksuite/integration-test/src/__tests__/edgeless/__screenshots__/group.spec.ts/group-remove-group-should-remove-its-children-at-the-same-time-1.png	verbatim		0	0	bin
ac_cloud-notes/blocksuite/integration-test/src/__tests__/edgeless/__screenshots__/group.spec.ts/mindmap-delete-the-root-node-should-remove-all-children-1.png	verbatim		0	0	bin
ac_cloud-notes/blocksuite/integration-test/src/__tests__/edgeless/__screenshots__/group.spec.ts/mindmap-mindmap-should-layout-automatically-when-creating-1.png	verbatim		0	0	bin
ac_cloud-notes/blocksuite/integration-test/src/__tests__/edgeless/__screenshots__/last-props.spec.ts/apply-last-props-brush-1.png	verbatim		0	0	bin
ac_cloud-notes/blocksuite/integration-test/src/__tests__/edgeless/__screenshots__/last-props.spec.ts/apply-last-props-connector-1.png	verbatim		0	0	bin
ac_cloud-notes/blocksuite/integration-test/src/__tests__/edgeless/__screenshots__/last-props.spec.ts/apply-last-props-shapes-1.png	verbatim		0	0	bin
ac_cloud-notes/blocksuite/integration-test/src/__tests__/edgeless/__screenshots__/last-props.spec.ts/apply-last-props-text-1.png	verbatim		0	0	bin
ac_cloud-notes/blocksuite/integration-test/src/__tests__/edgeless/__screenshots__/layer.spec.ts/a-new-layer-should-be-created-in-canvasLayers-prop-when-the-topmost-layer-is-not-canvas-layer-1.png	verbatim		0	0	bin
ac_cloud-notes/blocksuite/integration-test/src/__tests__/edgeless/__screenshots__/layer.spec.ts/add-new-edgeless-blocks-or-canvas-elements-should-update-layer-automatically-1.png	verbatim		0	0	bin
ac_cloud-notes/blocksuite/integration-test/src/__tests__/edgeless/__screenshots__/layer.spec.ts/blocks-should-rerender-when-their-z-index-changed-1.png	verbatim		0	0	bin
ac_cloud-notes/blocksuite/integration-test/src/__tests__/edgeless/__screenshots__/layer.spec.ts/change-element-should-update-layer-automatically-1.png	verbatim		0	0	bin
ac_cloud-notes/blocksuite/integration-test/src/__tests__/edgeless/__screenshots__/layer.spec.ts/compare-function-compare-a-group-and-its-child-1.png	verbatim		0	0	bin
ac_cloud-notes/blocksuite/integration-test/src/__tests__/edgeless/__screenshots__/layer.spec.ts/compare-function-compare-nested-elements-1.png	verbatim		0	0	bin
ac_cloud-notes/blocksuite/integration-test/src/__tests__/edgeless/__screenshots__/layer.spec.ts/compare-function-compare-same-element-1.png	verbatim		0	0	bin
ac_cloud-notes/blocksuite/integration-test/src/__tests__/edgeless/__screenshots__/layer.spec.ts/compare-function-compare-two-different-elements-1.png	verbatim		0	0	bin
ac_cloud-notes/blocksuite/integration-test/src/__tests__/edgeless/__screenshots__/layer.spec.ts/compare-function-compare-two-nested-elements-1.png	verbatim		0	0	bin
ac_cloud-notes/blocksuite/integration-test/src/__tests__/edgeless/__screenshots__/layer.spec.ts/delete-element-should-update-layer-automatically-1.png	verbatim		0	0	bin
ac_cloud-notes/blocksuite/integration-test/src/__tests__/edgeless/__screenshots__/layer.spec.ts/group-related-functionality-change-group-index-should-update-its-children-s-layer-1.png	verbatim		0	0	bin
ac_cloud-notes/blocksuite/integration-test/src/__tests__/edgeless/__screenshots__/layer.spec.ts/group-related-functionality-new-added-group-should-effect-it-children-s-layer-1.png	verbatim		0	0	bin
ac_cloud-notes/blocksuite/integration-test/src/__tests__/edgeless/__screenshots__/layer.spec.ts/if-the-topmost-layer-is-canvas-layer--the-length-of-canvasLayers-array-should-equal-to-the-counts-of-canvas-layers-1.png	verbatim		0	0	bin
ac_cloud-notes/blocksuite/integration-test/src/__tests__/edgeless/__screenshots__/layer.spec.ts/index-generator-generator-can-generate-incrementing-indices-regardless-the-element-type-1.png	verbatim		0	0	bin
ac_cloud-notes/blocksuite/integration-test/src/__tests__/edgeless/__screenshots__/layer.spec.ts/index-generator-generator-should-remember-the-index-it-generated-1.png	verbatim		0	0	bin
ac_cloud-notes/blocksuite/integration-test/src/__tests__/edgeless/__screenshots__/layer.spec.ts/indexed-canvas-should-be-inserted-into-edgeless-portal-when-switch-to-edgeless-mode-1.png	verbatim		0	0	bin
ac_cloud-notes/blocksuite/integration-test/src/__tests__/edgeless/__screenshots__/layer.spec.ts/layer-reorder-functionality-back-1.png	verbatim		0	0	bin
ac_cloud-notes/blocksuite/integration-test/src/__tests__/edgeless/__screenshots__/layer.spec.ts/layer-reorder-functionality-backward-1.png	verbatim		0	0	bin
ac_cloud-notes/blocksuite/integration-test/src/__tests__/edgeless/__screenshots__/layer.spec.ts/layer-reorder-functionality-forward-1.png	verbatim		0	0	bin
ac_cloud-notes/blocksuite/integration-test/src/__tests__/edgeless/__screenshots__/layer.spec.ts/layer-reorder-functionality-front-1.png	verbatim		0	0	bin
ac_cloud-notes/blocksuite/integration-test/src/__tests__/edgeless/__screenshots__/layer.spec.ts/layer-zindex-should-update-correctly-when-elements-changed-1.png	verbatim		0	0	bin
ac_cloud-notes/blocksuite/integration-test/src/__tests__/edgeless/__screenshots__/layer.spec.ts/new-added-block-should-be-placed-under-the-topmost-canvas-layer-1.png	verbatim		0	0	bin
ac_cloud-notes/blocksuite/integration-test/src/__tests__/edgeless/__screenshots__/layer.spec.ts/new-added-canvas-elements-should-be-placed-in-the-topmost-canvas-layer-1.png	verbatim		0	0	bin
ac_cloud-notes/blocksuite/integration-test/src/__tests__/edgeless/__screenshots__/layer.spec.ts/the-actual-rendering-z-index-should-satisfy-the-logic-order-of-their-indexes-1.png	verbatim		0	0	bin
ac_cloud-notes/blocksuite/integration-test/src/__tests__/edgeless/__screenshots__/surface-ref.spec.ts/basic-content-in-frame-should-be-rendered-in-the-correct-order-1.png	verbatim		0	0	bin
ac_cloud-notes/blocksuite/integration-test/src/__tests__/edgeless/__screenshots__/surface-ref.spec.ts/basic-content-in-group-should-be-rendered-in-the-correct-order-1.png	verbatim		0	0	bin
ac_cloud-notes/blocksuite/integration-test/src/__tests__/edgeless/__screenshots__/surface-ref.spec.ts/basic-frame-should-be-rendered-in-surface-ref-viewport-1.png	verbatim		0	0	bin
ac_cloud-notes/blocksuite/integration-test/src/__tests__/edgeless/__screenshots__/surface-ref.spec.ts/basic-group-should-be-rendered-in-surface-ref-viewport-1.png	verbatim		0	0	bin
ac_cloud-notes/blocksuite/integration-test/src/__tests__/edgeless/__screenshots__/surface-ref.spec.ts/basic-surface-ref-should-be-rendered-as-empty-surface-ref-block-edgeless-component-page-mode-1.png	verbatim		0	0	bin
ac_cloud-notes/blocksuite/integration-test/src/__tests__/edgeless/__screenshots__/surface-ref.spec.ts/basic-surface-ref-should-be-rendered-in-page-mode-1.png	verbatim		0	0	bin
ac_cloud-notes/blocksuite/integration-test/src/__tests__/edgeless/__screenshots__/surface-ref.spec.ts/basic-view-in-edgeless-mode-button-1.png	verbatim		0	0	bin
ac_cloud-notes/blocksuite/integration-test/src/__tests__/edgeless/__screenshots__/surface-ref.spec.ts/basic-viewport-of-surface-ref-should-be-updated-when-the-reference-xywh-updated-1.png	verbatim		0	0	bin
ac_cloud-notes/blocksuite/integration-test/src/__tests__/edgeless/__screenshots__/surface-ref.spec.ts/clipboard-import-surface-ref-snapshot-should-render-content-correctly-1.png	verbatim		0	0	bin
ac_cloud-notes/blocksuite/integration-test/src/__tests__/edgeless/__screenshots__/tools.spec.ts/default-tool-block-drag-moving-1.png	verbatim		0	0	bin
ac_cloud-notes/blocksuite/integration-test/src/__tests__/edgeless/__screenshots__/tools.spec.ts/default-tool-element-click-selection-1.png	verbatim		0	0	bin
ac_cloud-notes/blocksuite/integration-test/src/__tests__/edgeless/__screenshots__/tools.spec.ts/default-tool-element-drag-moving-1.png	verbatim		0	0	bin
ac_cloud-notes/blocksuite/integration-test/src/__tests__/edgeless/basic.spec.ts	verbatim		128	0	txt
ac_cloud-notes/blocksuite/integration-test/src/__tests__/edgeless/color-picker.spec.ts	verbatim		88	0	txt
ac_cloud-notes/blocksuite/integration-test/src/__tests__/edgeless/connector-dom.spec.ts	verbatim		169	0	txt
ac_cloud-notes/blocksuite/integration-test/src/__tests__/edgeless/frame.spec.ts	verbatim		110	0	txt
ac_cloud-notes/blocksuite/integration-test/src/__tests__/edgeless/group.spec.ts	verbatim		341	0	txt
ac_cloud-notes/blocksuite/integration-test/src/__tests__/edgeless/last-props.spec.ts	verbatim		299	0	txt
ac_cloud-notes/blocksuite/integration-test/src/__tests__/edgeless/layer.spec.ts	verbatim		808	0	txt
ac_cloud-notes/blocksuite/integration-test/src/__tests__/edgeless/mindmap.spec.ts	verbatim		527	0	txt
ac_cloud-notes/blocksuite/integration-test/src/__tests__/edgeless/shape-dom.spec.ts	verbatim		131	0	txt
ac_cloud-notes/blocksuite/integration-test/src/__tests__/edgeless/surface-model.spec.ts	verbatim		327	0	txt
ac_cloud-notes/blocksuite/integration-test/src/__tests__/edgeless/surface-ref.spec.ts	verbatim		246	0	txt
ac_cloud-notes/blocksuite/integration-test/src/__tests__/edgeless/template.spec.ts	verbatim		35	0	txt
ac_cloud-notes/blocksuite/integration-test/src/__tests__/edgeless/tools.spec.ts	verbatim		75	0	txt
ac_cloud-notes/blocksuite/integration-test/src/__tests__/edgeless/turbo-renderer.spec.ts	verbatim		98	0	txt
ac_cloud-notes/blocksuite/integration-test/src/__tests__/main/__screenshots__/snapshot.spec.ts/snapshot-1-importing-1.png	verbatim		0	0	bin
ac_cloud-notes/blocksuite/integration-test/src/__tests__/main/__screenshots__/snapshot.spec.ts/snapshot-2-importing-1.png	verbatim		0	0	bin
ac_cloud-notes/blocksuite/integration-test/src/__tests__/main/editor-semantics.spec.ts	verbatim		342	0	txt
ac_cloud-notes/blocksuite/integration-test/src/__tests__/main/snapshot.spec.ts	verbatim		89	0	txt
ac_cloud-notes/blocksuite/integration-test/src/__tests__/snapshots/edgeless/surface-ref.spec.ts/surface-ref.json	verbatim		222	0	txt
ac_cloud-notes/blocksuite/integration-test/src/__tests__/utils/common.ts	verbatim		183	0	txt
ac_cloud-notes/blocksuite/integration-test/src/__tests__/utils/doc-generator.ts	verbatim		35	0	txt
ac_cloud-notes/blocksuite/integration-test/src/__tests__/utils/edgeless.ts	verbatim		44	0	txt
ac_cloud-notes/blocksuite/integration-test/src/__tests__/utils/misc.ts	verbatim		24	0	txt
ac_cloud-notes/blocksuite/integration-test/src/__tests__/utils/renderer-entry.ts	verbatim		28	0	txt
ac_cloud-notes/blocksuite/integration-test/src/__tests__/utils/setup.ts	verbatim		154	0	txt
ac_cloud-notes/blocksuite/integration-test/src/__tests__/utils/turbo-painter.worker.ts	verbatim		11	0	txt
ac_cloud-notes/blocksuite/integration-test/src/editors/editor-container.ts	verbatim		190	0	txt
ac_cloud-notes/blocksuite/integration-test/src/editors/index.ts	verbatim		1	0	txt
ac_cloud-notes/blocksuite/integration-test/src/effects.ts	verbatim		5	0	txt
ac_cloud-notes/blocksuite/integration-test/src/index.ts	verbatim		1	0	txt
ac_cloud-notes/blocksuite/integration-test/src/store.ts	verbatim		6	0	txt
ac_cloud-notes/blocksuite/integration-test/src/view.ts	verbatim		6	0	txt
ac_cloud-notes/blocksuite/integration-test/tsconfig.json	verbatim		10	0	txt
ac_cloud-notes/blocksuite/integration-test/vite.config.ts	verbatim		38	0	txt
ac_cloud-notes/blocksuite/integration-test/vitest.config.ts	verbatim		45	0	txt
ac_cloud-notes/blocksuite/playground/.gitignore	verbatim		23	0	txt
ac_cloud-notes/blocksuite/playground/apps/README.md	verbatim		2	0	txt
ac_cloud-notes/blocksuite/playground/apps/_common/components/attachment-viewer-panel.ts	verbatim		273	0	txt
ac_cloud-notes/blocksuite/playground/apps/_common/components/custom-adapter-panel.ts	verbatim		55	0	txt
ac_cloud-notes/blocksuite/playground/apps/_common/components/custom-frame-panel.ts	verbatim		64	0	txt
ac_cloud-notes/blocksuite/playground/apps/_common/components/custom-outline-panel.ts	verbatim		50	0	txt
ac_cloud-notes/blocksuite/playground/apps/_common/components/custom-outline-viewer.ts	verbatim		42	0	txt
ac_cloud-notes/blocksuite/playground/apps/_common/components/docs-panel.ts	verbatim		163	0	txt
ac_cloud-notes/blocksuite/playground/apps/_common/components/left-side-panel.ts	verbatim		48	0	txt
ac_cloud-notes/blocksuite/playground/apps/_common/components/pdf/types.ts	verbatim		56	0	txt
ac_cloud-notes/blocksuite/playground/apps/_common/components/pdf/worker.ts	verbatim		88	0	txt
ac_cloud-notes/blocksuite/playground/apps/_common/components/starter-debug-menu.ts	verbatim		945	0	txt
ac_cloud-notes/blocksuite/playground/apps/_common/helper.ts	verbatim		20	0	txt
ac_cloud-notes/blocksuite/playground/apps/_common/history.ts	verbatim		52	0	txt
ac_cloud-notes/blocksuite/playground/apps/_common/mock-services.ts	verbatim		249	0	txt
ac_cloud-notes/blocksuite/playground/apps/_common/setup.ts	verbatim		63	0	txt
ac_cloud-notes/blocksuite/playground/apps/_common/sync/blob/mock-server.ts	verbatim		100	0	txt
ac_cloud-notes/blocksuite/playground/apps/_common/sync/websocket/awareness.ts	verbatim		79	0	txt
ac_cloud-notes/blocksuite/playground/apps/_common/sync/websocket/doc.ts	verbatim		88	0	txt
ac_cloud-notes/blocksuite/playground/apps/_common/sync/websocket/types.ts	verbatim		17	0	txt
ac_cloud-notes/blocksuite/playground/apps/_common/sync/websocket/utils.ts	verbatim		8	0	txt
ac_cloud-notes/blocksuite/playground/apps/_common/templates/stickers.ts	verbatim		1082	0	txt
ac_cloud-notes/blocksuite/playground/apps/comment/comment-input.ts	verbatim		103	0	txt
ac_cloud-notes/blocksuite/playground/apps/comment/comment-manager.ts	verbatim		143	0	txt
ac_cloud-notes/blocksuite/playground/apps/comment/comment-panel.ts	verbatim		96	0	txt
ac_cloud-notes/blocksuite/playground/apps/comment/effects.ts	verbatim		6	0	txt
ac_cloud-notes/blocksuite/playground/apps/comment/index.ts	verbatim		2	0	txt
ac_cloud-notes/blocksuite/playground/apps/env.d.ts	verbatim		25	0	txt
ac_cloud-notes/blocksuite/playground/apps/starter/data/affine-snapshot.ts	verbatim		22	0	txt
ac_cloud-notes/blocksuite/playground/apps/starter/data/database.ts	verbatim		129	0	txt
ac_cloud-notes/blocksuite/playground/apps/starter/data/embed.ts	verbatim		47	0	txt
ac_cloud-notes/blocksuite/playground/apps/starter/data/empty.ts	verbatim		22	0	txt
ac_cloud-notes/blocksuite/playground/apps/starter/data/heavy-whiteboard.ts	verbatim		88	0	txt
ac_cloud-notes/blocksuite/playground/apps/starter/data/heavy.ts	verbatim		30	0	txt
ac_cloud-notes/blocksuite/playground/apps/starter/data/index.ts	verbatim		19	0	txt
ac_cloud-notes/blocksuite/playground/apps/starter/data/linked.ts	verbatim		62	0	txt
ac_cloud-notes/blocksuite/playground/apps/starter/data/multiple-editor.ts	verbatim		57	0	txt
ac_cloud-notes/blocksuite/playground/apps/starter/data/pending-structs.ts	verbatim		33	0	txt
ac_cloud-notes/blocksuite/playground/apps/starter/data/preset.ts	verbatim		40	0	txt
ac_cloud-notes/blocksuite/playground/apps/starter/data/snapshots/put-snapshot-zips-here	verbatim		0	0	txt
ac_cloud-notes/blocksuite/playground/apps/starter/data/synced.ts	verbatim		146	0	txt
ac_cloud-notes/blocksuite/playground/apps/starter/data/utils.ts	verbatim		7	0	txt
ac_cloud-notes/blocksuite/playground/apps/starter/data/version-mismatch.ts	verbatim		29	0	txt
ac_cloud-notes/blocksuite/playground/apps/starter/main.ts	verbatim		51	0	txt
ac_cloud-notes/blocksuite/playground/apps/starter/utils/app.ts	verbatim		82	0	txt
ac_cloud-notes/blocksuite/playground/apps/starter/utils/collection.ts	verbatim		90	0	txt
ac_cloud-notes/blocksuite/playground/apps/starter/utils/extensions.ts	verbatim		57	0	txt
ac_cloud-notes/blocksuite/playground/apps/starter/utils/setup-playground.ts	verbatim		34	0	txt
ac_cloud-notes/blocksuite/playground/apps/starter/utils/test.ts	verbatim		46	0	txt
ac_cloud-notes/blocksuite/playground/apps/vite-env.d.ts	verbatim		1	0	txt
ac_cloud-notes/blocksuite/playground/examples/README.md	verbatim		2	0	txt
ac_cloud-notes/blocksuite/playground/examples/inline/index.html	verbatim		19	0	txt
ac_cloud-notes/blocksuite/playground/examples/inline/test-page.ts	verbatim		392	0	txt
ac_cloud-notes/blocksuite/playground/index.html	verbatim		60	0	txt
ac_cloud-notes/blocksuite/playground/package.json	verbatim		43	0	txt
ac_cloud-notes/blocksuite/playground/public/logo.svg	verbatim		1	0	txt
ac_cloud-notes/blocksuite/playground/public/test-card-1.png	verbatim		0	0	bin
ac_cloud-notes/blocksuite/playground/public/test-card-2.png	verbatim		0	0	bin
ac_cloud-notes/blocksuite/playground/scripts/hmr-plugin/fine-tune.ts	verbatim		60	0	txt
ac_cloud-notes/blocksuite/playground/scripts/hmr-plugin/index.ts	verbatim		33	0	txt
ac_cloud-notes/blocksuite/playground/style.css	verbatim		13	0	txt
ac_cloud-notes/blocksuite/playground/tsconfig.json	verbatim		17	0	txt
ac_cloud-notes/blocksuite/playground/tsconfig.node.json	verbatim		11	0	txt
ac_cloud-notes/blocksuite/playground/vite.config.ts	verbatim		105	0	txt
ac_cloud-notes/blocksuite/tsconfig.json	verbatim		7	0	txt
ac_cloud-notes/build.json	new		0	120	txt
ac_cloud-notes/build.sh	new		0	255	txt
ac_cloud-notes/codecov.yml	verbatim		5	0	txt
ac_cloud-notes/debug-api.json	new		0	14	txt
ac_cloud-notes/deny.toml	verbatim		43	0	txt
ac_cloud-notes/docs/BUILDING.md	verbatim		157	0	txt
ac_cloud-notes/docs/CODE_OF_CONDUCT.md	verbatim		27	0	txt
ac_cloud-notes/docs/CONTRIBUTING.md	verbatim		23	0	txt
ac_cloud-notes/docs/building-desktop-client-app.md	verbatim		82	0	txt
ac_cloud-notes/docs/contributing/assets/release-action.png	verbatim		0	0	bin
ac_cloud-notes/docs/contributing/releases.md	verbatim		29	0	txt
ac_cloud-notes/docs/contributing/tutorial.md	verbatim		32	0	txt
ac_cloud-notes/docs/developing-server.md	verbatim		70	0	txt
ac_cloud-notes/docs/issue-triaging.md	verbatim		25	0	txt
ac_cloud-notes/docs/reference/package.json	verbatim		23	0	txt
ac_cloud-notes/docs/reference/readme.md	verbatim		4	0	txt
ac_cloud-notes/docs/types-of-contributions.md	verbatim		16	0	txt
ac_cloud-notes/licence-proof/cargo-tree-affine_mobile_native.txt	new		0	679	txt
ac_cloud-notes/licence-proof/guard-green.txt	new		0	1	txt
ac_cloud-notes/licence-proof/mutation-green.txt	new		0	1	txt
ac_cloud-notes/licence-proof/mutation-red.txt	new		0	16	txt
ac_cloud-notes/nyc.config.js	verbatim		6	0	txt
ac_cloud-notes/package.json	verbatim		226	0	txt
ac_cloud-notes/packages/common/auth/package.json	verbatim		12	0	txt
ac_cloud-notes/packages/common/auth/src/index.ts	verbatim		1	0	txt
ac_cloud-notes/packages/common/auth/src/token-broker.spec.ts	verbatim		364	0	txt
ac_cloud-notes/packages/common/auth/src/token-broker.ts	verbatim		431	0	txt
ac_cloud-notes/packages/common/auth/tsconfig.json	verbatim		10	0	txt
ac_cloud-notes/packages/common/debug/README.md	verbatim		2	0	txt
ac_cloud-notes/packages/common/debug/package.json	verbatim		16	0	txt
ac_cloud-notes/packages/common/debug/src/__tests__/index.spec.ts	verbatim		31	0	txt
ac_cloud-notes/packages/common/debug/src/index.ts	verbatim		68	0	txt
ac_cloud-notes/packages/common/debug/tsconfig.json	verbatim		10	0	txt
ac_cloud-notes/packages/common/env/package.json	verbatim		25	0	txt
ac_cloud-notes/packages/common/env/src/__tests__/is-valid-ip-address.spec.ts	verbatim		24	0	txt
ac_cloud-notes/packages/common/env/src/automation.ts	verbatim		11	0	txt
ac_cloud-notes/packages/common/env/src/constant.ts	verbatim		105	0	txt
ac_cloud-notes/packages/common/env/src/filter.ts	verbatim		49	0	txt
ac_cloud-notes/packages/common/env/src/global.ts	verbatim		72	0	txt
ac_cloud-notes/packages/common/env/src/is-valid-ip-address.ts	verbatim		8	0	txt
ac_cloud-notes/packages/common/env/src/page-info.ts	verbatim		6	0	txt
ac_cloud-notes/packages/common/env/src/ua-helper.ts	verbatim		88	0	txt
ac_cloud-notes/packages/common/env/src/worker.ts	verbatim		8	0	txt
ac_cloud-notes/packages/common/env/tsconfig.json	verbatim		11	0	txt
ac_cloud-notes/packages/common/error/README.md	verbatim		2	0	txt
ac_cloud-notes/packages/common/error/package.json	verbatim		16	0	txt
ac_cloud-notes/packages/common/error/src/__tests__/index.spec.ts	verbatim		84	0	txt
ac_cloud-notes/packages/common/error/src/index.ts	verbatim		93	0	txt
ac_cloud-notes/packages/common/error/tsconfig.json	verbatim		10	0	txt
ac_cloud-notes/packages/common/graphql/README.md	verbatim		2	0	txt
ac_cloud-notes/packages/common/graphql/codegen.yml	verbatim		34	0	txt
ac_cloud-notes/packages/common/graphql/export-gql-plugin.cjs	verbatim		272	0	txt
ac_cloud-notes/packages/common/graphql/package.json	verbatim		32	0	txt
ac_cloud-notes/packages/common/graphql/src/__tests__/fetcher.spec.ts	verbatim		93	0	txt
ac_cloud-notes/packages/common/graphql/src/fetcher.ts	verbatim		214	0	txt
ac_cloud-notes/packages/common/graphql/src/graphql/admin/admin-all-shared-links.gql	verbatim		39	0	txt
ac_cloud-notes/packages/common/graphql/src/graphql/admin/admin-dashboard.gql	verbatim		64	0	txt
ac_cloud-notes/packages/common/graphql/src/graphql/admin/admin-mail-deliveries.gql	verbatim		50	0	txt
ac_cloud-notes/packages/common/graphql/src/graphql/admin/admin-server-config.gql	verbatim		22	0	txt
ac_cloud-notes/packages/common/graphql/src/graphql/admin/admin-update-workspace.gql	verbatim		25	0	txt
ac_cloud-notes/packages/common/graphql/src/graphql/admin/admin-workspace.gql	verbatim		43	0	txt
ac_cloud-notes/packages/common/graphql/src/graphql/admin/admin-workspaces.gql	verbatim		28	0	txt
ac_cloud-notes/packages/common/graphql/src/graphql/admin/auth-signing-keys.gql	verbatim		11	0	txt
ac_cloud-notes/packages/common/graphql/src/graphql/admin/change-password-url.gql	verbatim		3	0	txt
ac_cloud-notes/packages/common/graphql/src/graphql/admin/config.gql	verbatim		3	0	txt
ac_cloud-notes/packages/common/graphql/src/graphql/admin/create-user.gql	verbatim		5	0	txt
ac_cloud-notes/packages/common/graphql/src/graphql/admin/delete-auth-signing-key.gql	verbatim		11	0	txt
ac_cloud-notes/packages/common/graphql/src/graphql/admin/delete-user.gql	verbatim		5	0	txt
ac_cloud-notes/packages/common/graphql/src/graphql/admin/disable-user.gql	verbatim		6	0	txt
ac_cloud-notes/packages/common/graphql/src/graphql/admin/enable-user.gql	verbatim		6	0	txt
ac_cloud-notes/packages/common/graphql/src/graphql/admin/get-user-by-email.gql	verbatim		12	0	txt
ac_cloud-notes/packages/common/graphql/src/graphql/admin/import-users.gql	verbatim		14	0	txt
ac_cloud-notes/packages/common/graphql/src/graphql/admin/list-users.gql	verbatim		13	0	txt
ac_cloud-notes/packages/common/graphql/src/graphql/admin/rotate-auth-signing-key.gql	verbatim		11	0	txt
ac_cloud-notes/packages/common/graphql/src/graphql/admin/send-test-email.gql	verbatim		21	0	txt
ac_cloud-notes/packages/common/graphql/src/graphql/admin/update-account-features.gql	verbatim		3	0	txt
ac_cloud-notes/packages/common/graphql/src/graphql/admin/update-account.gql	verbatim		7	0	txt
ac_cloud-notes/packages/common/graphql/src/graphql/admin/update-config.gql	verbatim		3	0	txt
ac_cloud-notes/packages/common/graphql/src/graphql/admin/validate-config.gql	verbatim		9	0	txt
ac_cloud-notes/packages/common/graphql/src/graphql/blob-delete.gql	verbatim		7	0	txt
ac_cloud-notes/packages/common/graphql/src/graphql/blob-list.gql	verbatim		10	0	txt
ac_cloud-notes/packages/common/graphql/src/graphql/blob-release-deleted.gql	verbatim		3	0	txt
ac_cloud-notes/packages/common/graphql/src/graphql/blob-set.gql	verbatim		3	0	txt
ac_cloud-notes/packages/common/graphql/src/graphql/blob-upload-abort.gql	verbatim		7	0	txt
ac_cloud-notes/packages/common/graphql/src/graphql/blob-upload-complete.gql	verbatim		13	0	txt
ac_cloud-notes/packages/common/graphql/src/graphql/blob-upload-create.gql	verbatim		26	0	txt
ac_cloud-notes/packages/common/graphql/src/graphql/blob-upload-part-url.gql	verbatim		14	0	txt
ac_cloud-notes/packages/common/graphql/src/graphql/calendar/calendar-accounts.gql	verbatim		28	0	txt
ac_cloud-notes/packages/common/graphql/src/graphql/calendar/calendar-events.gql	verbatim		21	0	txt
ac_cloud-notes/packages/common/graphql/src/graphql/calendar/calendar-providers.gql	verbatim		11	0	txt
ac_cloud-notes/packages/common/graphql/src/graphql/calendar/link-caldav-account.gql	verbatim		15	0	txt
ac_cloud-notes/packages/common/graphql/src/graphql/calendar/link-calendar-account.gql	verbatim		3	0	txt
ac_cloud-notes/packages/common/graphql/src/graphql/calendar/unlink-calendar-account.gql	verbatim		3	0	txt
ac_cloud-notes/packages/common/graphql/src/graphql/calendar/update-calendar-account.gql	verbatim		21	0	txt
ac_cloud-notes/packages/common/graphql/src/graphql/calendar/update-workspace-calendars.gql	verbatim		17	0	txt
ac_cloud-notes/packages/common/graphql/src/graphql/calendar/workspace-calendars.gql	verbatim		19	0	txt
ac_cloud-notes/packages/common/graphql/src/graphql/cancel-subscription.gql	verbatim		11	0	txt
ac_cloud-notes/packages/common/graphql/src/graphql/change-email.gql	verbatim		6	0	txt
ac_cloud-notes/packages/common/graphql/src/graphql/change-password.gql	verbatim		7	0	txt
ac_cloud-notes/packages/common/graphql/src/graphql/comment-change-list.gql	verbatim		26	0	txt
ac_cloud-notes/packages/common/graphql/src/graphql/comment-create.gql	verbatim		26	0	txt
ac_cloud-notes/packages/common/graphql/src/graphql/comment-delete.gql	verbatim		3	0	txt
ac_cloud-notes/packages/common/graphql/src/graphql/comment-list.gql	verbatim		44	0	txt
ac_cloud-notes/packages/common/graphql/src/graphql/comment-reply-create.gql	verbatim		14	0	txt
ac_cloud-notes/packages/common/graphql/src/graphql/comment-reply-delete.gql	verbatim		3	0	txt
ac_cloud-notes/packages/common/graphql/src/graphql/comment-reply-update.gql	verbatim		3	0	txt
ac_cloud-notes/packages/common/graphql/src/graphql/comment-resolve.gql	verbatim		3	0	txt
ac_cloud-notes/packages/common/graphql/src/graphql/comment-update.gql	verbatim		3	0	txt
ac_cloud-notes/packages/common/graphql/src/graphql/comment-upload-attachment.gql	verbatim		11	0	txt
ac_cloud-notes/packages/common/graphql/src/graphql/copilot-history-get-ids.gql	verbatim		31	0	txt
ac_cloud-notes/packages/common/graphql/src/graphql/copilot-history-list-doc-sessions.gql	verbatim		15	0	txt
ac_cloud-notes/packages/common/graphql/src/graphql/copilot-history-list-pinned-session.gql	verbatim		23	0	txt
ac_cloud-notes/packages/common/graphql/src/graphql/copilot-history-list-workspace-sessions.gql	verbatim		14	0	txt
ac_cloud-notes/packages/common/graphql/src/graphql/copilot-history-list.gql	verbatim		15	0	txt
ac_cloud-notes/packages/common/graphql/src/graphql/copilot-message-create.gql	verbatim		3	0	txt
ac_cloud-notes/packages/common/graphql/src/graphql/copilot-quota.gql	verbatim		10	0	txt
ac_cloud-notes/packages/common/graphql/src/graphql/copilot-route-options-get.gql	verbatim		16	0	txt
ac_cloud-notes/packages/common/graphql/src/graphql/copilot-session-cleanup.gql	verbatim		3	0	txt
ac_cloud-notes/packages/common/graphql/src/graphql/copilot-session-create-with-history.gql	verbatim		6	0	txt
ac_cloud-notes/packages/common/graphql/src/graphql/copilot-session-create.gql	verbatim		3	0	txt
ac_cloud-notes/packages/common/graphql/src/graphql/copilot-session-fork.gql	verbatim		3	0	txt
ac_cloud-notes/packages/common/graphql/src/graphql/copilot-session-get-latest-doc.gql	verbatim		19	0	txt
ac_cloud-notes/packages/common/graphql/src/graphql/copilot-session-get.gql	verbatim		10	0	txt
ac_cloud-notes/packages/common/graphql/src/graphql/copilot-session-list-recent.gql	verbatim		22	0	txt
ac_cloud-notes/packages/common/graphql/src/graphql/copilot-session-update.gql	verbatim		3	0	txt
ac_cloud-notes/packages/common/graphql/src/graphql/copilot-sessions-get.gql	verbatim		15	0	txt
ac_cloud-notes/packages/common/graphql/src/graphql/copilot-transcript-task-get.gql	verbatim		60	0	txt
ac_cloud-notes/packages/common/graphql/src/graphql/copilot-transcript-task-retry.gql	verbatim		6	0	txt
ac_cloud-notes/packages/common/graphql/src/graphql/copilot-transcript-task-settle.gql	verbatim		57	0	txt
ac_cloud-notes/packages/common/graphql/src/graphql/copilot-transcript-task-submit.gql	verbatim		18	0	txt
ac_cloud-notes/packages/common/graphql/src/graphql/copilot-workspace-artifact-add.gql	verbatim		9	0	txt
ac_cloud-notes/packages/common/graphql/src/graphql/copilot-workspace-artifact-get.gql	verbatim		27	0	txt
ac_cloud-notes/packages/common/graphql/src/graphql/copilot-workspace-artifact-remove.gql	verbatim		6	0	txt
ac_cloud-notes/packages/common/graphql/src/graphql/copilot-workspace-ignored-docs-add.gql	verbatim		6	0	txt
ac_cloud-notes/packages/common/graphql/src/graphql/copilot-workspace-ignored-docs-get-all.gql	verbatim		10	0	txt
ac_cloud-notes/packages/common/graphql/src/graphql/copilot-workspace-ignored-docs-get.gql	verbatim		28	0	txt
ac_cloud-notes/packages/common/graphql/src/graphql/copilot-workspace-ignored-docs-remove.gql	verbatim		9	0	txt
ac_cloud-notes/packages/common/graphql/src/graphql/create-checkout-link.gql	verbatim		3	0	txt
ac_cloud-notes/packages/common/graphql/src/graphql/create-customer-portal.gql	verbatim		3	0	txt
ac_cloud-notes/packages/common/graphql/src/graphql/create-self-host-customer-portal.gql	verbatim		3	0	txt
ac_cloud-notes/packages/common/graphql/src/graphql/create-workspace.gql	verbatim		7	0	txt
ac_cloud-notes/packages/common/graphql/src/graphql/delete-account.gql	verbatim		5	0	txt
ac_cloud-notes/packages/common/graphql/src/graphql/delete-workspace.gql	verbatim		3	0	txt
ac_cloud-notes/packages/common/graphql/src/graphql/doc-role-permissions.gql	verbatim		29	0	txt
ac_cloud-notes/packages/common/graphql/src/graphql/fragments/copilot-chat-history.gql	verbatim		28	0	txt
ac_cloud-notes/packages/common/graphql/src/graphql/fragments/credentials-requirement.gql	verbatim		5	0	txt
ac_cloud-notes/packages/common/graphql/src/graphql/fragments/paginated-copilot-chats.gql	verbatim		15	0	txt
ac_cloud-notes/packages/common/graphql/src/graphql/fragments/password-limits.gql	verbatim		4	0	txt
ac_cloud-notes/packages/common/graphql/src/graphql/generate-license-key.gql	verbatim		3	0	txt
ac_cloud-notes/packages/common/graphql/src/graphql/get-current-user-features.gql	verbatim		11	0	txt
ac_cloud-notes/packages/common/graphql/src/graphql/get-current-user.gql	verbatim		11	0	txt
ac_cloud-notes/packages/common/graphql/src/graphql/get-doc-created-by-updated-by-list.gql	verbatim		21	0	txt
ac_cloud-notes/packages/common/graphql/src/graphql/get-doc-last-accessed-members.gql	verbatim		37	0	txt
ac_cloud-notes/packages/common/graphql/src/graphql/get-doc-page-analytics.gql	verbatim		33	0	txt
ac_cloud-notes/packages/common/graphql/src/graphql/get-doc-summary.gql	verbatim		7	0	txt
ac_cloud-notes/packages/common/graphql/src/graphql/get-invite-info.gql	verbatim		21	0	txt
ac_cloud-notes/packages/common/graphql/src/graphql/get-member-count-by-workspace-id.gql	verbatim		5	0	txt
ac_cloud-notes/packages/common/graphql/src/graphql/get-oauth-providers.gql	verbatim		5	0	txt
ac_cloud-notes/packages/common/graphql/src/graphql/get-public-user-by-id.gql	verbatim		7	0	txt
ac_cloud-notes/packages/common/graphql/src/graphql/get-recently-update-docs.gql	verbatim		24	0	txt
ac_cloud-notes/packages/common/graphql/src/graphql/get-user-features.gql	verbatim		6	0	txt
ac_cloud-notes/packages/common/graphql/src/graphql/get-user-settings.gql	verbatim		9	0	txt
ac_cloud-notes/packages/common/graphql/src/graphql/get-user.gql	verbatim		16	0	txt
ac_cloud-notes/packages/common/graphql/src/graphql/get-workspace-page-by-id.gql	verbatim		12	0	txt
ac_cloud-notes/packages/common/graphql/src/graphql/get-workspace-page-meta.gql	verbatim		16	0	txt
ac_cloud-notes/packages/common/graphql/src/graphql/get-workspace-public-by-id.gql	verbatim		5	0	txt
ac_cloud-notes/packages/common/graphql/src/graphql/get-workspace-public-pages.gql	verbatim		8	0	txt
ac_cloud-notes/packages/common/graphql/src/graphql/get-workspace-subscription.gql	verbatim		15	0	txt
ac_cloud-notes/packages/common/graphql/src/graphql/get-workspace.gql	verbatim		5	0	txt
ac_cloud-notes/packages/common/graphql/src/graphql/get-workspaces.gql	verbatim		10	0	txt
ac_cloud-notes/packages/common/graphql/src/graphql/grant-doc-user-roles.gql	verbatim		3	0	txt
ac_cloud-notes/packages/common/graphql/src/graphql/histories.gql	verbatim		17	0	txt
ac_cloud-notes/packages/common/graphql/src/graphql/index.ts	verbatim		2896	0	txt
ac_cloud-notes/packages/common/graphql/src/graphql/indexer-aggregate.gql	verbatim		21	0	txt
ac_cloud-notes/packages/common/graphql/src/graphql/indexer-search-docs.gql	verbatim		22	0	txt
ac_cloud-notes/packages/common/graphql/src/graphql/indexer-search.gql	verbatim		15	0	txt
ac_cloud-notes/packages/common/graphql/src/graphql/invoices-count.gql	verbatim		5	0	txt
ac_cloud-notes/packages/common/graphql/src/graphql/invoices.gql	verbatim		14	0	txt
ac_cloud-notes/packages/common/graphql/src/graphql/leave-workspace.gql	verbatim		3	0	txt
ac_cloud-notes/packages/common/graphql/src/graphql/license/activate-license.gql	verbatim		6	0	txt
ac_cloud-notes/packages/common/graphql/src/graphql/license/deactivate-license.gql	verbatim		3	0	txt
ac_cloud-notes/packages/common/graphql/src/graphql/license/get-license.gql	verbatim		8	0	txt
ac_cloud-notes/packages/common/graphql/src/graphql/license/install-license.gql	verbatim		6	0	txt
ac_cloud-notes/packages/common/graphql/src/graphql/license/license-body.gql	verbatim		8	0	txt
ac_cloud-notes/packages/common/graphql/src/graphql/license/preview-license.gql	verbatim		15	0	txt
ac_cloud-notes/packages/common/graphql/src/graphql/list-notifications.gql	verbatim		25	0	txt
ac_cloud-notes/packages/common/graphql/src/graphql/mcp-credentials/create.gql	verbatim		18	0	txt
ac_cloud-notes/packages/common/graphql/src/graphql/mcp-credentials/list.gql	verbatim		16	0	txt
ac_cloud-notes/packages/common/graphql/src/graphql/mcp-credentials/revoke.gql	verbatim		3	0	txt
ac_cloud-notes/packages/common/graphql/src/graphql/mcp-credentials/rotate.gql	verbatim		26	0	txt
ac_cloud-notes/packages/common/graphql/src/graphql/mention-user.gql	verbatim		3	0	txt
ac_cloud-notes/packages/common/graphql/src/graphql/prices.gql	verbatim		10	0	txt
ac_cloud-notes/packages/common/graphql/src/graphql/public-page.gql	verbatim		10	0	txt
ac_cloud-notes/packages/common/graphql/src/graphql/quota.gql	verbatim		22	0	txt
ac_cloud-notes/packages/common/graphql/src/graphql/read-all-notifications.gql	verbatim		3	0	txt
ac_cloud-notes/packages/common/graphql/src/graphql/read-notification.gql	verbatim		3	0	txt
ac_cloud-notes/packages/common/graphql/src/graphql/recover-doc.gql	verbatim		7	0	txt
ac_cloud-notes/packages/common/graphql/src/graphql/remove-avatar.gql	verbatim		5	0	txt
ac_cloud-notes/packages/common/graphql/src/graphql/resume-subscription.gql	verbatim		12	0	txt
ac_cloud-notes/packages/common/graphql/src/graphql/revoke-doc-user-roles.gql	verbatim		3	0	txt
ac_cloud-notes/packages/common/graphql/src/graphql/revoke-member-permission.gql	verbatim		3	0	txt
ac_cloud-notes/packages/common/graphql/src/graphql/revoke-public-page.gql	verbatim		7	0	txt
ac_cloud-notes/packages/common/graphql/src/graphql/send-change-email.gql	verbatim		3	0	txt
ac_cloud-notes/packages/common/graphql/src/graphql/send-change-password-email.gql	verbatim		3	0	txt
ac_cloud-notes/packages/common/graphql/src/graphql/send-set-password-email.gql	verbatim		3	0	txt
ac_cloud-notes/packages/common/graphql/src/graphql/send-verify-change-email.gql	verbatim		7	0	txt
ac_cloud-notes/packages/common/graphql/src/graphql/send-verify-email.gql	verbatim		3	0	txt
ac_cloud-notes/packages/common/graphql/src/graphql/server-config.gql	verbatim		16	0	txt
ac_cloud-notes/packages/common/graphql/src/graphql/set-workspace-public-by-id.gql	verbatim		5	0	txt
ac_cloud-notes/packages/common/graphql/src/graphql/subscription-refresh.gql	verbatim		13	0	txt
ac_cloud-notes/packages/common/graphql/src/graphql/subscription-request.gql	verbatim		13	0	txt
ac_cloud-notes/packages/common/graphql/src/graphql/subscription.gql	verbatim		16	0	txt
ac_cloud-notes/packages/common/graphql/src/graphql/update-doc-default-role.gql	verbatim		3	0	txt
ac_cloud-notes/packages/common/graphql/src/graphql/update-doc-user-role.gql	verbatim		3	0	txt
ac_cloud-notes/packages/common/graphql/src/graphql/update-subscription-billing.gql	verbatim		16	0	txt
ac_cloud-notes/packages/common/graphql/src/graphql/update-user-profile.gql	verbatim		6	0	txt
ac_cloud-notes/packages/common/graphql/src/graphql/update-user-settings.gql	verbatim		3	0	txt
ac_cloud-notes/packages/common/graphql/src/graphql/upload-avatar.gql	verbatim		8	0	txt
ac_cloud-notes/packages/common/graphql/src/graphql/verify-email.gql	verbatim		3	0	txt
ac_cloud-notes/packages/common/graphql/src/graphql/workspace-blob-quota.gql	verbatim		10	0	txt
ac_cloud-notes/packages/common/graphql/src/graphql/workspace-byok-config-delete.gql	verbatim		3	0	txt
ac_cloud-notes/packages/common/graphql/src/graphql/workspace-byok-config-test.gql	verbatim		22	0	txt
ac_cloud-notes/packages/common/graphql/src/graphql/workspace-byok-config-upsert.gql	verbatim		9	0	txt
ac_cloud-notes/packages/common/graphql/src/graphql/workspace-byok-local-lease-create.gql	verbatim		8	0	txt
ac_cloud-notes/packages/common/graphql/src/graphql/workspace-byok-profile-reorder.gql	verbatim		7	0	txt
ac_cloud-notes/packages/common/graphql/src/graphql/workspace-byok-settings.gql	verbatim		72	0	txt
ac_cloud-notes/packages/common/graphql/src/graphql/workspace-enable-ai.gql	verbatim		5	0	txt
ac_cloud-notes/packages/common/graphql/src/graphql/workspace-enable-doc-embedding.gql	verbatim		5	0	txt
ac_cloud-notes/packages/common/graphql/src/graphql/workspace-enable-sharing.gql	verbatim		5	0	txt
ac_cloud-notes/packages/common/graphql/src/graphql/workspace-enable-url-preview.gql	verbatim		5	0	txt
ac_cloud-notes/packages/common/graphql/src/graphql/workspace-intive-by-emails.gql	verbatim		6	0	txt
ac_cloud-notes/packages/common/graphql/src/graphql/workspace-invite-accept-by-invite-id.gql	verbatim		3	0	txt
ac_cloud-notes/packages/common/graphql/src/graphql/workspace-invite-link.gql	verbatim		9	0	txt
ac_cloud-notes/packages/common/graphql/src/graphql/workspace-invite-revoke-link.gql	verbatim		3	0	txt
ac_cloud-notes/packages/common/graphql/src/graphql/workspace-invoices.gql	verbatim		14	0	txt
ac_cloud-notes/packages/common/graphql/src/graphql/workspace-role-permissions.gql	verbatim		25	0	txt
ac_cloud-notes/packages/common/graphql/src/graphql/workspace-team-approve.gql	verbatim		3	0	txt
ac_cloud-notes/packages/common/graphql/src/graphql/workspace-team-grant.gql	verbatim		11	0	txt
ac_cloud-notes/packages/common/graphql/src/index.ts	verbatim		3	0	txt
ac_cloud-notes/packages/common/graphql/src/schema.ts	verbatim		7795	0	txt
ac_cloud-notes/packages/common/graphql/tsconfig.json	verbatim		10	0	txt
ac_cloud-notes/packages/common/infra/package.json	verbatim		42	0	txt
ac_cloud-notes/packages/common/infra/src/app-config-storage.ts	verbatim		81	0	txt
ac_cloud-notes/packages/common/infra/src/atom/index.ts	verbatim		2	0	txt
ac_cloud-notes/packages/common/infra/src/atom/root-store.ts	verbatim		4	0	txt
ac_cloud-notes/packages/common/infra/src/atom/settings.ts	verbatim		75	0	txt
ac_cloud-notes/packages/common/infra/src/framework/__tests__/framework.spec.ts	verbatim		426	0	txt
ac_cloud-notes/packages/common/infra/src/framework/core/components/component.ts	verbatim		24	0	txt
ac_cloud-notes/packages/common/infra/src/framework/core/components/entity.ts	verbatim		4	0	txt
ac_cloud-notes/packages/common/infra/src/framework/core/components/scope.ts	verbatim		32	0	txt
ac_cloud-notes/packages/common/infra/src/framework/core/components/service.ts	verbatim		5	0	txt
ac_cloud-notes/packages/common/infra/src/framework/core/components/store.ts	verbatim		5	0	txt
ac_cloud-notes/packages/common/infra/src/framework/core/constructor-context.ts	verbatim		20	0	txt
ac_cloud-notes/packages/common/infra/src/framework/core/consts.ts	verbatim		4	0	txt
ac_cloud-notes/packages/common/infra/src/framework/core/error.ts	verbatim		52	0	txt
ac_cloud-notes/packages/common/infra/src/framework/core/event.ts	verbatim		110	0	txt
ac_cloud-notes/packages/common/infra/src/framework/core/framework.ts	verbatim		483	0	txt
ac_cloud-notes/packages/common/infra/src/framework/core/identifier.ts	verbatim		111	0	txt
ac_cloud-notes/packages/common/infra/src/framework/core/index.ts	verbatim		11	0	txt
ac_cloud-notes/packages/common/infra/src/framework/core/provider.ts	verbatim		337	0	txt
ac_cloud-notes/packages/common/infra/src/framework/core/scope.ts	verbatim		4	0	txt
ac_cloud-notes/packages/common/infra/src/framework/core/types.ts	verbatim		26	0	txt
ac_cloud-notes/packages/common/infra/src/framework/index.ts	verbatim		2	0	txt
ac_cloud-notes/packages/common/infra/src/framework/react/index.tsx	verbatim		68	0	txt
ac_cloud-notes/packages/common/infra/src/index.ts	verbatim		8	0	txt
ac_cloud-notes/packages/common/infra/src/livedata/__tests__/livedata.spec.ts	verbatim		294	0	txt
ac_cloud-notes/packages/common/infra/src/livedata/__tests__/react.spec.tsx	verbatim		162	0	txt
ac_cloud-notes/packages/common/infra/src/livedata/effect/__tests__/effect.spec.ts	verbatim		103	0	txt
ac_cloud-notes/packages/common/infra/src/livedata/effect/index.ts	verbatim		117	0	txt
ac_cloud-notes/packages/common/infra/src/livedata/index.ts	verbatim		13	0	txt
ac_cloud-notes/packages/common/infra/src/livedata/livedata.ts	verbatim		544	0	txt
ac_cloud-notes/packages/common/infra/src/livedata/ops.ts	verbatim		194	0	txt
ac_cloud-notes/packages/common/infra/src/livedata/react.ts	verbatim		32	0	txt
ac_cloud-notes/packages/common/infra/src/media/index.ts	verbatim		1	0	txt
ac_cloud-notes/packages/common/infra/src/media/types.ts	verbatim		64	0	txt
ac_cloud-notes/packages/common/infra/src/op/README.md	verbatim		121	0	txt
ac_cloud-notes/packages/common/infra/src/op/__tests__/client.spec.ts	verbatim		248	0	txt
ac_cloud-notes/packages/common/infra/src/op/__tests__/consumer.spec.ts	verbatim		231	0	txt
ac_cloud-notes/packages/common/infra/src/op/__tests__/message.spec.ts	verbatim		66	0	txt
ac_cloud-notes/packages/common/infra/src/op/client.ts	verbatim		197	0	txt
ac_cloud-notes/packages/common/infra/src/op/consumer.ts	verbatim		246	0	txt
ac_cloud-notes/packages/common/infra/src/op/index.ts	verbatim		4	0	txt
ac_cloud-notes/packages/common/infra/src/op/message.ts	verbatim		142	0	txt
ac_cloud-notes/packages/common/infra/src/op/types.ts	verbatim		43	0	txt
ac_cloud-notes/packages/common/infra/src/orm/core/__tests__/doc.spec.ts	verbatim		100	0	txt
ac_cloud-notes/packages/common/infra/src/orm/core/__tests__/entity.spec.ts	verbatim		107	0	txt
ac_cloud-notes/packages/common/infra/src/orm/core/__tests__/hook.spec.ts	verbatim		102	0	txt
ac_cloud-notes/packages/common/infra/src/orm/core/__tests__/schema.spec.ts	verbatim		122	0	txt
ac_cloud-notes/packages/common/infra/src/orm/core/__tests__/yjs.spec.ts	verbatim		493	0	txt
ac_cloud-notes/packages/common/infra/src/orm/core/adapters/index.ts	verbatim		4	0	txt
ac_cloud-notes/packages/common/infra/src/orm/core/adapters/memory/db.ts	verbatim		7	0	txt
ac_cloud-notes/packages/common/infra/src/orm/core/adapters/memory/table.ts	verbatim		145	0	txt
ac_cloud-notes/packages/common/infra/src/orm/core/adapters/mixins/hook.ts	verbatim		37	0	txt
ac_cloud-notes/packages/common/infra/src/orm/core/adapters/mixins/index.ts	verbatim		1	0	txt
ac_cloud-notes/packages/common/infra/src/orm/core/adapters/types.ts	verbatim		61	0	txt
ac_cloud-notes/packages/common/infra/src/orm/core/adapters/yjs/db.ts	verbatim		28	0	txt
ac_cloud-notes/packages/common/infra/src/orm/core/adapters/yjs/table.ts	verbatim		251	0	txt
ac_cloud-notes/packages/common/infra/src/orm/core/client.ts	verbatim		57	0	txt
ac_cloud-notes/packages/common/infra/src/orm/core/index.ts	verbatim		4	0	txt
ac_cloud-notes/packages/common/infra/src/orm/core/schema.ts	verbatim		63	0	txt
ac_cloud-notes/packages/common/infra/src/orm/core/table.ts	verbatim		336	0	txt
ac_cloud-notes/packages/common/infra/src/orm/core/types.ts	verbatim		7	0	txt
ac_cloud-notes/packages/common/infra/src/orm/core/validators/data.ts	verbatim		143	0	txt
ac_cloud-notes/packages/common/infra/src/orm/core/validators/index.ts	verbatim		42	0	txt
ac_cloud-notes/packages/common/infra/src/orm/core/validators/schema.ts	verbatim		39	0	txt
ac_cloud-notes/packages/common/infra/src/orm/core/validators/types.ts	verbatim		8	0	txt
ac_cloud-notes/packages/common/infra/src/orm/core/validators/yjs.ts	verbatim		31	0	txt
ac_cloud-notes/packages/common/infra/src/orm/index.ts	verbatim		11	0	txt
ac_cloud-notes/packages/common/infra/src/storage/__tests__/memento.spec.ts	verbatim		20	0	txt
ac_cloud-notes/packages/common/infra/src/storage/async-memento.ts	verbatim		9	0	txt
ac_cloud-notes/packages/common/infra/src/storage/index.ts	verbatim		3	0	txt
ac_cloud-notes/packages/common/infra/src/storage/kv.ts	verbatim		79	0	txt
ac_cloud-notes/packages/common/infra/src/storage/memento.ts	verbatim		81	0	txt
ac_cloud-notes/packages/common/infra/src/utils/__tests__/async-lock.spec.ts	verbatim		91	0	txt
ac_cloud-notes/packages/common/infra/src/utils/__tests__/async-queue.spec.ts	verbatim		43	0	txt
ac_cloud-notes/packages/common/infra/src/utils/__tests__/fractional-indexing.spec.ts	verbatim		67	0	txt
ac_cloud-notes/packages/common/infra/src/utils/__tests__/redirect-allowlist.spec.ts	verbatim		57	0	txt
ac_cloud-notes/packages/common/infra/src/utils/__tests__/throw-if-aborted.spec.ts	verbatim		11	0	txt
ac_cloud-notes/packages/common/infra/src/utils/__tests__/yjs-observable.spec.ts	verbatim		85	0	txt
ac_cloud-notes/packages/common/infra/src/utils/async-lock.ts	verbatim		32	0	txt
ac_cloud-notes/packages/common/infra/src/utils/async-queue.ts	verbatim		88	0	txt
ac_cloud-notes/packages/common/infra/src/utils/exhaustmap-with-trailing.ts	verbatim		40	0	txt
ac_cloud-notes/packages/common/infra/src/utils/fractional-indexing.ts	verbatim		68	0	txt
ac_cloud-notes/packages/common/infra/src/utils/index.ts	verbatim		10	0	txt
ac_cloud-notes/packages/common/infra/src/utils/merge-updates.ts	verbatim		16	0	txt
ac_cloud-notes/packages/common/infra/src/utils/object-pool.ts	verbatim		84	0	txt
ac_cloud-notes/packages/common/infra/src/utils/redirect-allowlist.ts	verbatim		41	0	txt
ac_cloud-notes/packages/common/infra/src/utils/shallow-equal.ts	verbatim		29	0	txt
ac_cloud-notes/packages/common/infra/src/utils/stable-hash.ts	verbatim		54	0	txt
ac_cloud-notes/packages/common/infra/src/utils/throw-if-aborted.ts	verbatim		8	0	txt
ac_cloud-notes/packages/common/infra/src/utils/yjs-observable.ts	verbatim		186	0	txt
ac_cloud-notes/packages/common/infra/tsconfig.json	verbatim		15	0	txt
ac_cloud-notes/packages/common/infra/typedoc.json	verbatim		4	0	txt
ac_cloud-notes/packages/common/nbstore/README.md	verbatim		63	0	txt
ac_cloud-notes/packages/common/nbstore/package.json	verbatim		51	0	txt
ac_cloud-notes/packages/common/nbstore/src/__tests__/__snapshots__/cloud-doc-updates.spec.ts.snap	verbatim		222	0	txt
ac_cloud-notes/packages/common/nbstore/src/__tests__/base64.bench.ts	verbatim		18	0	txt
ac_cloud-notes/packages/common/nbstore/src/__tests__/base64.spec.ts	verbatim		23	0	txt
ac_cloud-notes/packages/common/nbstore/src/__tests__/cloud-blob.spec.ts	verbatim		902	0	txt
ac_cloud-notes/packages/common/nbstore/src/__tests__/cloud-doc-updates.spec.ts	verbatim		197	0	txt
ac_cloud-notes/packages/common/nbstore/src/__tests__/frontend.spec.ts	verbatim		126	0	txt
ac_cloud-notes/packages/common/nbstore/src/__tests__/sync.spec.ts	verbatim		800	0	txt
ac_cloud-notes/packages/common/nbstore/src/__tests__/utils.ts	verbatim		28	0	txt
ac_cloud-notes/packages/common/nbstore/src/connection/__tests__/auto-reconnection.spec.ts	verbatim		275	0	txt
ac_cloud-notes/packages/common/nbstore/src/connection/connection.ts	verbatim		227	0	txt
ac_cloud-notes/packages/common/nbstore/src/connection/index.ts	verbatim		2	0	txt
ac_cloud-notes/packages/common/nbstore/src/connection/shared-connection.ts	verbatim		15	0	txt
ac_cloud-notes/packages/common/nbstore/src/frontend/awareness.ts	verbatim		65	0	txt
ac_cloud-notes/packages/common/nbstore/src/frontend/blob.ts	verbatim		73	0	txt
ac_cloud-notes/packages/common/nbstore/src/frontend/doc.ts	verbatim		484	0	txt
ac_cloud-notes/packages/common/nbstore/src/frontend/index.ts	verbatim		4	0	txt
ac_cloud-notes/packages/common/nbstore/src/frontend/indexer.ts	verbatim		69	0	txt
ac_cloud-notes/packages/common/nbstore/src/impls/broadcast-channel/awareness.ts	verbatim		138	0	txt
ac_cloud-notes/packages/common/nbstore/src/impls/broadcast-channel/channel.ts	verbatim		16	0	txt
ac_cloud-notes/packages/common/nbstore/src/impls/broadcast-channel/index.ts	verbatim		5	0	txt
ac_cloud-notes/packages/common/nbstore/src/impls/cloud/awareness.ts	verbatim		208	0	txt
ac_cloud-notes/packages/common/nbstore/src/impls/cloud/blob-source-registry.ts	verbatim		92	0	txt
ac_cloud-notes/packages/common/nbstore/src/impls/cloud/blob-writer.ts	verbatim		300	0	txt
ac_cloud-notes/packages/common/nbstore/src/impls/cloud/blob.ts	verbatim		327	0	txt
ac_cloud-notes/packages/common/nbstore/src/impls/cloud/doc-static.ts	verbatim		96	0	txt
ac_cloud-notes/packages/common/nbstore/src/impls/cloud/doc.ts	verbatim		344	0	txt
ac_cloud-notes/packages/common/nbstore/src/impls/cloud/http.ts	verbatim		90	0	txt
ac_cloud-notes/packages/common/nbstore/src/impls/cloud/index.ts	verbatim		19	0	txt
ac_cloud-notes/packages/common/nbstore/src/impls/cloud/indexer.ts	verbatim		135	0	txt
ac_cloud-notes/packages/common/nbstore/src/impls/cloud/socket.ts	verbatim		291	0	txt
ac_cloud-notes/packages/common/nbstore/src/impls/idb/blob-sync.ts	verbatim		30	0	txt
ac_cloud-notes/packages/common/nbstore/src/impls/idb/blob.ts	verbatim		81	0	txt
ac_cloud-notes/packages/common/nbstore/src/impls/idb/db.ts	verbatim		50	0	txt
ac_cloud-notes/packages/common/nbstore/src/impls/idb/doc-sync.ts	verbatim		123	0	txt
ac_cloud-notes/packages/common/nbstore/src/impls/idb/doc.ts	verbatim		169	0	txt
ac_cloud-notes/packages/common/nbstore/src/impls/idb/index.ts	verbatim		25	0	txt
ac_cloud-notes/packages/common/nbstore/src/impls/idb/indexer-sync.ts	verbatim		39	0	txt
ac_cloud-notes/packages/common/nbstore/src/impls/idb/indexer/__tests__/bm25.spec.ts	verbatim		8	0	txt
ac_cloud-notes/packages/common/nbstore/src/impls/idb/indexer/__tests__/highlighter.spec.ts	verbatim		28	0	txt
ac_cloud-notes/packages/common/nbstore/src/impls/idb/indexer/__tests__/tokenizer.spec.ts	verbatim		111	0	txt
ac_cloud-notes/packages/common/nbstore/src/impls/idb/indexer/bm25.ts	verbatim		58	0	txt
ac_cloud-notes/packages/common/nbstore/src/impls/idb/indexer/data-struct.ts	verbatim		482	0	txt
ac_cloud-notes/packages/common/nbstore/src/impls/idb/indexer/highlighter.ts	verbatim		62	0	txt
ac_cloud-notes/packages/common/nbstore/src/impls/idb/indexer/index.ts	verbatim		209	0	txt
ac_cloud-notes/packages/common/nbstore/src/impls/idb/indexer/inverted-index.ts	verbatim		486	0	txt
ac_cloud-notes/packages/common/nbstore/src/impls/idb/indexer/match.ts	verbatim		93	0	txt
ac_cloud-notes/packages/common/nbstore/src/impls/idb/indexer/tokenizer.ts	verbatim		145	0	txt
ac_cloud-notes/packages/common/nbstore/src/impls/idb/indexer/utils.ts	verbatim		73	0	txt
ac_cloud-notes/packages/common/nbstore/src/impls/idb/lock.ts	verbatim		72	0	txt
ac_cloud-notes/packages/common/nbstore/src/impls/idb/schema.ts	verbatim		253	0	txt
ac_cloud-notes/packages/common/nbstore/src/impls/idb/v1/blob.ts	verbatim		65	0	txt
ac_cloud-notes/packages/common/nbstore/src/impls/idb/v1/db.ts	verbatim		66	0	txt
ac_cloud-notes/packages/common/nbstore/src/impls/idb/v1/doc.ts	verbatim		169	0	txt
ac_cloud-notes/packages/common/nbstore/src/impls/idb/v1/index.ts	verbatim		9	0	txt
ac_cloud-notes/packages/common/nbstore/src/impls/index.ts	verbatim		24	0	txt
ac_cloud-notes/packages/common/nbstore/src/impls/sqlite/blob-sync.ts	verbatim		26	0	txt
ac_cloud-notes/packages/common/nbstore/src/impls/sqlite/blob.ts	verbatim		29	0	txt
ac_cloud-notes/packages/common/nbstore/src/impls/sqlite/db.ts	verbatim		224	0	txt
ac_cloud-notes/packages/common/nbstore/src/impls/sqlite/doc-sync.ts	verbatim		55	0	txt
ac_cloud-notes/packages/common/nbstore/src/impls/sqlite/doc.ts	verbatim		175	0	txt
ac_cloud-notes/packages/common/nbstore/src/impls/sqlite/index.ts	verbatim		30	0	txt
ac_cloud-notes/packages/common/nbstore/src/impls/sqlite/indexer-sync.ts	verbatim		35	0	txt
ac_cloud-notes/packages/common/nbstore/src/impls/sqlite/indexer/index.ts	verbatim		234	0	txt
ac_cloud-notes/packages/common/nbstore/src/impls/sqlite/indexer/node-builder.spec.ts	verbatim		31	0	txt
ac_cloud-notes/packages/common/nbstore/src/impls/sqlite/indexer/node-builder.ts	verbatim		40	0	txt
ac_cloud-notes/packages/common/nbstore/src/impls/sqlite/v1/blob.ts	verbatim		55	0	txt
ac_cloud-notes/packages/common/nbstore/src/impls/sqlite/v1/db.ts	verbatim		22	0	txt
ac_cloud-notes/packages/common/nbstore/src/impls/sqlite/v1/doc.ts	verbatim		120	0	txt
ac_cloud-notes/packages/common/nbstore/src/impls/sqlite/v1/index.ts	verbatim		10	0	txt
ac_cloud-notes/packages/common/nbstore/src/index.ts	verbatim		5	0	txt
ac_cloud-notes/packages/common/nbstore/src/realtime/__tests__/manager.spec.ts	verbatim		369	0	txt
ac_cloud-notes/packages/common/nbstore/src/realtime/index.ts	verbatim		1	0	txt
ac_cloud-notes/packages/common/nbstore/src/realtime/manager.ts	verbatim		305	0	txt
ac_cloud-notes/packages/common/nbstore/src/storage/awareness.ts	verbatim		30	0	txt
ac_cloud-notes/packages/common/nbstore/src/storage/blob-sync.ts	verbatim		24	0	txt
ac_cloud-notes/packages/common/nbstore/src/storage/blob.ts	verbatim		70	0	txt
ac_cloud-notes/packages/common/nbstore/src/storage/doc-sync.ts	verbatim		45	0	txt
ac_cloud-notes/packages/common/nbstore/src/storage/doc.ts	verbatim		267	0	txt
ac_cloud-notes/packages/common/nbstore/src/storage/dummy/awareness.ts	verbatim		15	0	txt
ac_cloud-notes/packages/common/nbstore/src/storage/dummy/blob-sync.ts	verbatim		12	0	txt
ac_cloud-notes/packages/common/nbstore/src/storage/dummy/blob.ts	verbatim		32	0	txt
ac_cloud-notes/packages/common/nbstore/src/storage/dummy/doc-sync.ts	verbatim		48	0	txt
ac_cloud-notes/packages/common/nbstore/src/storage/dummy/doc.ts	verbatim		41	0	txt
ac_cloud-notes/packages/common/nbstore/src/storage/dummy/indexer-sync.ts	verbatim		14	0	txt
ac_cloud-notes/packages/common/nbstore/src/storage/dummy/indexer.ts	verbatim		89	0	txt
ac_cloud-notes/packages/common/nbstore/src/storage/errors/index.ts	verbatim		2	0	txt
ac_cloud-notes/packages/common/nbstore/src/storage/errors/over-capacity.ts	verbatim		5	0	txt
ac_cloud-notes/packages/common/nbstore/src/storage/errors/over-size.ts	verbatim		10	0	txt
ac_cloud-notes/packages/common/nbstore/src/storage/history.ts	verbatim		102	0	txt
ac_cloud-notes/packages/common/nbstore/src/storage/index.ts	verbatim		83	0	txt
ac_cloud-notes/packages/common/nbstore/src/storage/indexer-sync.ts	verbatim		25	0	txt
ac_cloud-notes/packages/common/nbstore/src/storage/indexer.ts	verbatim		153	0	txt
ac_cloud-notes/packages/common/nbstore/src/storage/indexer/document.ts	verbatim		52	0	txt
ac_cloud-notes/packages/common/nbstore/src/storage/indexer/field-type.ts	verbatim		1	0	txt
ac_cloud-notes/packages/common/nbstore/src/storage/indexer/query.ts	verbatim		29	0	txt
ac_cloud-notes/packages/common/nbstore/src/storage/indexer/schema.ts	verbatim		48	0	txt
ac_cloud-notes/packages/common/nbstore/src/storage/lock.ts	verbatim		35	0	txt
ac_cloud-notes/packages/common/nbstore/src/storage/storage.ts	verbatim		13	0	txt
ac_cloud-notes/packages/common/nbstore/src/sync/awareness/index.ts	verbatim		39	0	txt
ac_cloud-notes/packages/common/nbstore/src/sync/blob/index.ts	verbatim		236	0	txt
ac_cloud-notes/packages/common/nbstore/src/sync/blob/peer.ts	verbatim		550	0	txt
ac_cloud-notes/packages/common/nbstore/src/sync/doc/index.ts	verbatim		213	0	txt
ac_cloud-notes/packages/common/nbstore/src/sync/doc/peer.ts	verbatim		864	0	txt
ac_cloud-notes/packages/common/nbstore/src/sync/index.ts	verbatim		90	0	txt
ac_cloud-notes/packages/common/nbstore/src/sync/indexer/crawler.ts	verbatim		50	0	txt
ac_cloud-notes/packages/common/nbstore/src/sync/indexer/index.ts	verbatim		803	0	txt
ac_cloud-notes/packages/common/nbstore/src/sync/types.ts	verbatim		4	0	txt
ac_cloud-notes/packages/common/nbstore/src/telemetry/__tests__/manager.spec.ts	verbatim		62	0	txt
ac_cloud-notes/packages/common/nbstore/src/telemetry/manager.ts	verbatim		273	0	txt
ac_cloud-notes/packages/common/nbstore/src/telemetry/queue.ts	verbatim		116	0	txt
ac_cloud-notes/packages/common/nbstore/src/telemetry/types.ts	verbatim		46	0	txt
ac_cloud-notes/packages/common/nbstore/src/utils/__tests__/__snapshots__/storage.spec.ts.snap	verbatim		36	0	txt
ac_cloud-notes/packages/common/nbstore/src/utils/__tests__/binary-search-tree.spec.ts	verbatim		184	0	txt
ac_cloud-notes/packages/common/nbstore/src/utils/__tests__/id-converter.spec.ts	verbatim		43	0	txt
ac_cloud-notes/packages/common/nbstore/src/utils/__tests__/priority-queue.spec.ts	verbatim		31	0	txt
ac_cloud-notes/packages/common/nbstore/src/utils/__tests__/storage.spec.ts	verbatim		30	0	txt
ac_cloud-notes/packages/common/nbstore/src/utils/async-priority-queue.ts	verbatim		41	0	txt
ac_cloud-notes/packages/common/nbstore/src/utils/binary-search-tree.ts	verbatim		262	0	txt
ac_cloud-notes/packages/common/nbstore/src/utils/clock.ts	verbatim		33	0	txt
ac_cloud-notes/packages/common/nbstore/src/utils/from-promise.ts	verbatim		25	0	txt
ac_cloud-notes/packages/common/nbstore/src/utils/id-converter.ts	verbatim		67	0	txt
ac_cloud-notes/packages/common/nbstore/src/utils/is-empty-update.ts	verbatim		13	0	txt
ac_cloud-notes/packages/common/nbstore/src/utils/priority-queue.ts	verbatim		66	0	txt
ac_cloud-notes/packages/common/nbstore/src/utils/shallow-equal.ts	verbatim		29	0	txt
ac_cloud-notes/packages/common/nbstore/src/utils/take-until-abort.ts	verbatim		37	0	txt
ac_cloud-notes/packages/common/nbstore/src/utils/throw-if-aborted.ts	verbatim		8	0	txt
ac_cloud-notes/packages/common/nbstore/src/utils/universal-id.ts	verbatim		79	0	txt
ac_cloud-notes/packages/common/nbstore/src/worker/client.ts	verbatim		555	0	txt
ac_cloud-notes/packages/common/nbstore/src/worker/consumer.ts	verbatim		388	0	txt
ac_cloud-notes/packages/common/nbstore/src/worker/ops.ts	verbatim		221	0	txt
ac_cloud-notes/packages/common/nbstore/tsconfig.json	verbatim		18	0	txt
ac_cloud-notes/packages/common/reader/README.md	verbatim		17	0	txt
ac_cloud-notes/packages/common/reader/__tests__/__fixtures__/test-doc-with-ai-editable.snapshot.bin	verbatim		0	0	bin
ac_cloud-notes/packages/common/reader/__tests__/__fixtures__/test-doc.snapshot.bin	verbatim		0	0	bin
ac_cloud-notes/packages/common/reader/__tests__/__fixtures__/test-root-doc.snapshot.bin	verbatim		0	0	bin
ac_cloud-notes/packages/common/reader/__tests__/__snapshots__/reader.spec.ts.snap	verbatim		4028	0	txt
ac_cloud-notes/packages/common/reader/__tests__/reader.spec.ts	verbatim		214	0	txt
ac_cloud-notes/packages/common/reader/package.json	verbatim		27	0	txt
ac_cloud-notes/packages/common/reader/src/bs-store.ts	verbatim		6	0	txt
ac_cloud-notes/packages/common/reader/src/doc-parser/delta-to-md/README.md	verbatim		1	0	txt
ac_cloud-notes/packages/common/reader/src/doc-parser/delta-to-md/delta-converters.ts	verbatim		88	0	txt
ac_cloud-notes/packages/common/reader/src/doc-parser/delta-to-md/delta-to-md.ts	verbatim		129	0	txt
ac_cloud-notes/packages/common/reader/src/doc-parser/delta-to-md/index.ts	verbatim		2	0	txt
ac_cloud-notes/packages/common/reader/src/doc-parser/delta-to-md/utils/node.ts	verbatim		57	0	txt
ac_cloud-notes/packages/common/reader/src/doc-parser/delta-to-md/utils/url.ts	verbatim		5	0	txt
ac_cloud-notes/packages/common/reader/src/doc-parser/parser.ts	verbatim		433	0	txt
ac_cloud-notes/packages/common/reader/src/doc-parser/types.ts	verbatim		131	0	txt
ac_cloud-notes/packages/common/reader/src/index.ts	verbatim		1	0	txt
ac_cloud-notes/packages/common/reader/src/reader.ts	verbatim		889	0	txt
ac_cloud-notes/packages/common/reader/tsconfig.json	verbatim		10	0	txt
ac_cloud-notes/packages/common/realtime/package.json	verbatim		13	0	txt
ac_cloud-notes/packages/common/realtime/src/index.ts	verbatim		471	0	txt
ac_cloud-notes/packages/common/realtime/tsconfig.json	verbatim		10	0	txt
ac_cloud-notes/packages/common/s3-compat/package.json	verbatim		17	0	txt
ac_cloud-notes/packages/common/s3-compat/src/index.ts	verbatim		468	0	txt
ac_cloud-notes/packages/common/s3-compat/tsconfig.json	verbatim		11	0	txt
ac_cloud-notes/packages/common/theme/README.md	verbatim		1	0	txt
ac_cloud-notes/packages/frontend/admin/components.json	verbatim		17	0	txt
ac_cloud-notes/packages/frontend/admin/package.json	verbatim		78	0	txt
ac_cloud-notes/packages/frontend/admin/src/app.tsx	verbatim		135	0	txt
ac_cloud-notes/packages/frontend/admin/src/components/shared/confirm-dialog.tsx	verbatim		69	0	txt
ac_cloud-notes/packages/frontend/admin/src/components/shared/data-table-pagination.tsx	verbatim		124	0	txt
ac_cloud-notes/packages/frontend/admin/src/components/shared/data-table.spec.tsx	verbatim		72	0	txt
ac_cloud-notes/packages/frontend/admin/src/components/shared/data-table.tsx	verbatim		192	0	txt
ac_cloud-notes/packages/frontend/admin/src/components/shared/discard-changes.tsx	verbatim		27	0	txt
ac_cloud-notes/packages/frontend/admin/src/components/shared/feature-filter-popover.tsx	verbatim		97	0	txt
ac_cloud-notes/packages/frontend/admin/src/components/shared/feature-toggle-list.tsx	verbatim		81	0	txt
ac_cloud-notes/packages/frontend/admin/src/components/shared/type-confirm-dialog.tsx	verbatim		92	0	txt
ac_cloud-notes/packages/frontend/admin/src/components/theme-provider.spec.tsx	verbatim		29	0	txt
ac_cloud-notes/packages/frontend/admin/src/components/theme-provider.tsx	verbatim		14	0	txt
ac_cloud-notes/packages/frontend/admin/src/components/ui/accordion.tsx	verbatim		49	0	txt
ac_cloud-notes/packages/frontend/admin/src/components/ui/alert-dialog.tsx	verbatim		126	0	txt
ac_cloud-notes/packages/frontend/admin/src/components/ui/alert.tsx	verbatim		53	0	txt
ac_cloud-notes/packages/frontend/admin/src/components/ui/aspect-ratio.tsx	verbatim		3	0	txt
ac_cloud-notes/packages/frontend/admin/src/components/ui/avatar.tsx	verbatim		44	0	txt
ac_cloud-notes/packages/frontend/admin/src/components/ui/badge.tsx	verbatim		32	0	txt
ac_cloud-notes/packages/frontend/admin/src/components/ui/breadcrumb.tsx	verbatim		105	0	txt
ac_cloud-notes/packages/frontend/admin/src/components/ui/button.spec.tsx	verbatim		30	0	txt
ac_cloud-notes/packages/frontend/admin/src/components/ui/button.tsx	verbatim		52	0	txt
ac_cloud-notes/packages/frontend/admin/src/components/ui/calendar.tsx	verbatim		67	0	txt
ac_cloud-notes/packages/frontend/admin/src/components/ui/card.tsx	verbatim		78	0	txt
ac_cloud-notes/packages/frontend/admin/src/components/ui/carousel.tsx	verbatim		251	0	txt
ac_cloud-notes/packages/frontend/admin/src/components/ui/chart.tsx	verbatim		150	0	txt
ac_cloud-notes/packages/frontend/admin/src/components/ui/checkbox.tsx	verbatim		25	0	txt
ac_cloud-notes/packages/frontend/admin/src/components/ui/collapsible.tsx	verbatim		5	0	txt
ac_cloud-notes/packages/frontend/admin/src/components/ui/command.tsx	verbatim		137	0	txt
ac_cloud-notes/packages/frontend/admin/src/components/ui/context-menu.tsx	verbatim		181	0	txt
ac_cloud-notes/packages/frontend/admin/src/components/ui/dialog.tsx	verbatim		109	0	txt
ac_cloud-notes/packages/frontend/admin/src/components/ui/drawer.tsx	verbatim		104	0	txt
ac_cloud-notes/packages/frontend/admin/src/components/ui/dropdown-menu.tsx	verbatim		181	0	txt
ac_cloud-notes/packages/frontend/admin/src/components/ui/form.tsx	verbatim		152	0	txt
ac_cloud-notes/packages/frontend/admin/src/components/ui/hover-card.tsx	verbatim		22	0	txt
ac_cloud-notes/packages/frontend/admin/src/components/ui/input-otp.tsx	verbatim		62	0	txt
ac_cloud-notes/packages/frontend/admin/src/components/ui/input.tsx	verbatim		20	0	txt
ac_cloud-notes/packages/frontend/admin/src/components/ui/label.tsx	verbatim		20	0	txt
ac_cloud-notes/packages/frontend/admin/src/components/ui/menubar.tsx	verbatim		216	0	txt
ac_cloud-notes/packages/frontend/admin/src/components/ui/navigation-menu.tsx	verbatim		117	0	txt
ac_cloud-notes/packages/frontend/admin/src/components/ui/pagination.tsx	verbatim		108	0	txt
ac_cloud-notes/packages/frontend/admin/src/components/ui/popover.tsx	verbatim		24	0	txt
ac_cloud-notes/packages/frontend/admin/src/components/ui/progress.tsx	verbatim		23	0	txt
ac_cloud-notes/packages/frontend/admin/src/components/ui/radio-group.tsx	verbatim		38	0	txt
ac_cloud-notes/packages/frontend/admin/src/components/ui/resizable.tsx	verbatim		38	0	txt
ac_cloud-notes/packages/frontend/admin/src/components/ui/scroll-area.tsx	verbatim		42	0	txt
ac_cloud-notes/packages/frontend/admin/src/components/ui/select.tsx	verbatim		145	0	txt
ac_cloud-notes/packages/frontend/admin/src/components/ui/separator.tsx	verbatim		26	0	txt
ac_cloud-notes/packages/frontend/admin/src/components/ui/sheet.tsx	verbatim		132	0	txt
ac_cloud-notes/packages/frontend/admin/src/components/ui/skeleton.tsx	verbatim		13	0	txt
ac_cloud-notes/packages/frontend/admin/src/components/ui/slider.tsx	verbatim		23	0	txt
ac_cloud-notes/packages/frontend/admin/src/components/ui/sonner.tsx	verbatim		25	0	txt
ac_cloud-notes/packages/frontend/admin/src/components/ui/switch.tsx	verbatim		24	0	txt
ac_cloud-notes/packages/frontend/admin/src/components/ui/table.tsx	verbatim		107	0	txt
ac_cloud-notes/packages/frontend/admin/src/components/ui/tabs.tsx	verbatim		47	0	txt
ac_cloud-notes/packages/frontend/admin/src/components/ui/textarea.tsx	verbatim		19	0	txt
ac_cloud-notes/packages/frontend/admin/src/components/ui/toast.tsx	verbatim		115	0	txt
ac_cloud-notes/packages/frontend/admin/src/components/ui/toaster.tsx	verbatim		31	0	txt
ac_cloud-notes/packages/frontend/admin/src/components/ui/toggle-group.tsx	verbatim		55	0	txt
ac_cloud-notes/packages/frontend/admin/src/components/ui/toggle.tsx	verbatim		38	0	txt
ac_cloud-notes/packages/frontend/admin/src/components/ui/tooltip.tsx	verbatim		24	0	txt
ac_cloud-notes/packages/frontend/admin/src/components/ui/use-toast.ts	verbatim		161	0	txt
ac_cloud-notes/packages/frontend/admin/src/config.json	verbatim		422	0	txt
ac_cloud-notes/packages/frontend/admin/src/fetch-utils.ts	verbatim		44	0	txt
ac_cloud-notes/packages/frontend/admin/src/global.css	verbatim		152	0	txt
ac_cloud-notes/packages/frontend/admin/src/global.d.ts	verbatim		4	0	txt
ac_cloud-notes/packages/frontend/admin/src/global.spec.ts	verbatim		22	0	txt
ac_cloud-notes/packages/frontend/admin/src/hooks/use-debounced-value.ts	verbatim		13	0	txt
ac_cloud-notes/packages/frontend/admin/src/index.tsx	verbatim		6	0	txt
ac_cloud-notes/packages/frontend/admin/src/modules/about/about.tsx	verbatim		79	0	txt
ac_cloud-notes/packages/frontend/admin/src/modules/about/index.tsx	verbatim		14	0	txt
ac_cloud-notes/packages/frontend/admin/src/modules/accounts/components/columns.tsx	verbatim		251	0	txt
ac_cloud-notes/packages/frontend/admin/src/modules/accounts/components/data-table-column-header.tsx	verbatim		20	0	txt
ac_cloud-notes/packages/frontend/admin/src/modules/accounts/components/data-table-row-actions.tsx	verbatim		241	0	txt
ac_cloud-notes/packages/frontend/admin/src/modules/accounts/components/data-table-toolbar.tsx	verbatim		177	0	txt
ac_cloud-notes/packages/frontend/admin/src/modules/accounts/components/data-table.tsx	verbatim		73	0	txt
ac_cloud-notes/packages/frontend/admin/src/modules/accounts/components/delete-account.tsx	verbatim		34	0	txt
ac_cloud-notes/packages/frontend/admin/src/modules/accounts/components/disable-account.tsx	verbatim		35	0	txt
ac_cloud-notes/packages/frontend/admin/src/modules/accounts/components/enable-account.tsx	verbatim		33	0	txt
ac_cloud-notes/packages/frontend/admin/src/modules/accounts/components/export-users-dialog.tsx	verbatim		120	0	txt
ac_cloud-notes/packages/frontend/admin/src/modules/accounts/components/import-users/csv-format-guidance.tsx	verbatim		40	0	txt
ac_cloud-notes/packages/frontend/admin/src/modules/accounts/components/import-users/file-upload-area.tsx	verbatim		110	0	txt
ac_cloud-notes/packages/frontend/admin/src/modules/accounts/components/import-users/import-content.tsx	verbatim		66	0	txt
ac_cloud-notes/packages/frontend/admin/src/modules/accounts/components/import-users/import-footer.tsx	verbatim		159	0	txt
ac_cloud-notes/packages/frontend/admin/src/modules/accounts/components/import-users/index.tsx	verbatim		101	0	txt
ac_cloud-notes/packages/frontend/admin/src/modules/accounts/components/import-users/use-import-users-state.ts	verbatim		169	0	txt
ac_cloud-notes/packages/frontend/admin/src/modules/accounts/components/logo.tsx	verbatim		16	0	txt
ac_cloud-notes/packages/frontend/admin/src/modules/accounts/components/reset-password.tsx	verbatim		50	0	txt
ac_cloud-notes/packages/frontend/admin/src/modules/accounts/components/use-user-management.ts	verbatim		291	0	txt
ac_cloud-notes/packages/frontend/admin/src/modules/accounts/components/user-form.tsx	verbatim		306	0	txt
ac_cloud-notes/packages/frontend/admin/src/modules/accounts/components/user-table.tsx	verbatim		95	0	txt
ac_cloud-notes/packages/frontend/admin/src/modules/accounts/index.tsx	verbatim		55	0	txt
ac_cloud-notes/packages/frontend/admin/src/modules/accounts/schema.ts	verbatim		8	0	txt
ac_cloud-notes/packages/frontend/admin/src/modules/accounts/use-user-list.ts	verbatim		48	0	txt
ac_cloud-notes/packages/frontend/admin/src/modules/accounts/utils/csv-utils.ts	verbatim		197	0	txt
ac_cloud-notes/packages/frontend/admin/src/modules/auth/index.tsx	verbatim		128	0	txt
ac_cloud-notes/packages/frontend/admin/src/modules/auth/logo.svg	verbatim		18	0	txt
ac_cloud-notes/packages/frontend/admin/src/modules/common.ts	verbatim		51	0	txt
ac_cloud-notes/packages/frontend/admin/src/modules/dashboard/index.spec.tsx	verbatim		263	0	txt
ac_cloud-notes/packages/frontend/admin/src/modules/dashboard/index.tsx	verbatim		1379	0	txt
ac_cloud-notes/packages/frontend/admin/src/modules/header.tsx	verbatim		75	0	txt
ac_cloud-notes/packages/frontend/admin/src/modules/layout.tsx	verbatim		309	0	txt
ac_cloud-notes/packages/frontend/admin/src/modules/nav/nav-item.spec.tsx	verbatim		36	0	txt
ac_cloud-notes/packages/frontend/admin/src/modules/nav/nav-item.tsx	verbatim		37	0	txt
ac_cloud-notes/packages/frontend/admin/src/modules/nav/nav.tsx	verbatim		67	0	txt
ac_cloud-notes/packages/frontend/admin/src/modules/nav/server-version.tsx	verbatim		40	0	txt
ac_cloud-notes/packages/frontend/admin/src/modules/nav/settings-item.tsx	verbatim		13	0	txt
ac_cloud-notes/packages/frontend/admin/src/modules/nav/user-dropdown.tsx	verbatim		157	0	txt
ac_cloud-notes/packages/frontend/admin/src/modules/panel/context.ts	verbatim		48	0	txt
ac_cloud-notes/packages/frontend/admin/src/modules/settings/config-input-row.spec.tsx	verbatim		89	0	txt
ac_cloud-notes/packages/frontend/admin/src/modules/settings/config-input-row.tsx	verbatim		200	0	txt
ac_cloud-notes/packages/frontend/admin/src/modules/settings/config.ts	verbatim		192	0	txt
ac_cloud-notes/packages/frontend/admin/src/modules/settings/index.spec.tsx	verbatim		275	0	txt
ac_cloud-notes/packages/frontend/admin/src/modules/settings/index.tsx	verbatim		262	0	txt
ac_cloud-notes/packages/frontend/admin/src/modules/settings/operations/auth-signing-keys.spec.tsx	verbatim		84	0	txt
ac_cloud-notes/packages/frontend/admin/src/modules/settings/operations/auth-signing-keys.tsx	verbatim		177	0	txt
ac_cloud-notes/packages/frontend/admin/src/modules/settings/operations/send-test-email.tsx	verbatim		28	0	txt
ac_cloud-notes/packages/frontend/admin/src/modules/settings/use-app-config.spec.ts	verbatim		168	0	txt
ac_cloud-notes/packages/frontend/admin/src/modules/settings/use-app-config.ts	verbatim		247	0	txt
ac_cloud-notes/packages/frontend/admin/src/modules/settings/utils.tsx	verbatim		5	0	txt
ac_cloud-notes/packages/frontend/admin/src/modules/setup/create-admin.tsx	verbatim		111	0	txt
ac_cloud-notes/packages/frontend/admin/src/modules/setup/form.tsx	verbatim		207	0	txt
ac_cloud-notes/packages/frontend/admin/src/modules/setup/index.tsx	verbatim		25	0	txt
ac_cloud-notes/packages/frontend/admin/src/modules/setup/logo.svg	verbatim		5	0	txt
ac_cloud-notes/packages/frontend/admin/src/modules/workspaces/components/columns.tsx	verbatim		123	0	txt
ac_cloud-notes/packages/frontend/admin/src/modules/workspaces/components/data-table-row-actions.tsx	verbatim		126	0	txt
ac_cloud-notes/packages/frontend/admin/src/modules/workspaces/components/data-table-toolbar.tsx	verbatim		169	0	txt
ac_cloud-notes/packages/frontend/admin/src/modules/workspaces/components/data-table.tsx	verbatim		64	0	txt
ac_cloud-notes/packages/frontend/admin/src/modules/workspaces/components/workspace-panel.tsx	verbatim		309	0	txt
ac_cloud-notes/packages/frontend/admin/src/modules/workspaces/components/workspace-shared-links-panel.tsx	verbatim		91	0	txt
ac_cloud-notes/packages/frontend/admin/src/modules/workspaces/index.tsx	verbatim		41	0	txt
ac_cloud-notes/packages/frontend/admin/src/modules/workspaces/schema.ts	verbatim		20	0	txt
ac_cloud-notes/packages/frontend/admin/src/modules/workspaces/use-workspace-list.ts	verbatim		80	0	txt
ac_cloud-notes/packages/frontend/admin/src/modules/workspaces/utils.ts	verbatim		14	0	txt
ac_cloud-notes/packages/frontend/admin/src/setup.ts	verbatim		1	0	txt
ac_cloud-notes/packages/frontend/admin/src/use-mutation.ts	verbatim		90	0	txt
ac_cloud-notes/packages/frontend/admin/src/use-query.ts	verbatim		122	0	txt
ac_cloud-notes/packages/frontend/admin/src/utils.ts	verbatim		26	0	txt
ac_cloud-notes/packages/frontend/admin/tailwind.config.js	verbatim		120	0	txt
ac_cloud-notes/packages/frontend/admin/tsconfig.json	verbatim		18	0	txt
ac_cloud-notes/packages/frontend/apps/android/.gitignore	verbatim		19	0	txt
ac_cloud-notes/packages/frontend/apps/android/App/.gitignore	verbatim		78	0	txt
ac_cloud-notes/packages/frontend/apps/android/App/app/.gitignore	verbatim		3	0	txt
ac_cloud-notes/packages/frontend/apps/android/App/app/build.gradle	modified	packages/frontend/apps/android/App/app/build.gradle	177	39	txt
ac_cloud-notes/packages/frontend/apps/android/App/app/capacitor.build.gradle	verbatim		17	0	txt
ac_cloud-notes/packages/frontend/apps/android/App/app/proguard-rules.pro	verbatim		63	0	txt
ac_cloud-notes/packages/frontend/apps/android/App/app/src/androidTest/java/app/affine/pro/MobileBackDispatcherTest.kt	verbatim		68	0	txt
ac_cloud-notes/packages/frontend/apps/android/App/app/src/androidTest/java/com/getcapacitor/myapp/ExampleInstrumentedTest.java	verbatim		21	0	txt
ac_cloud-notes/packages/frontend/apps/android/App/app/src/main/AndroidManifest.xml	modified	packages/frontend/apps/android/App/app/src/main/AndroidManifest.xml	43	12	txt
ac_cloud-notes/packages/frontend/apps/android/App/app/src/main/ic_launcher-playstore.png	verbatim		0	0	bin
ac_cloud-notes/packages/frontend/apps/android/App/app/src/main/java/app/affine/pro/AFFiNEApp.kt	modified	packages/frontend/apps/android/App/app/src/main/java/app/affine/pro/AFFiNEApp.kt	61	4	txt
ac_cloud-notes/packages/frontend/apps/android/App/app/src/main/java/app/affine/pro/AffineEditorWebView.kt	verbatim		71	0	txt
ac_cloud-notes/packages/frontend/apps/android/App/app/src/main/java/app/affine/pro/AffineImeBridge.kt	verbatim		55	0	txt
ac_cloud-notes/packages/frontend/apps/android/App/app/src/main/java/app/affine/pro/AffineImeWebDispatcher.kt	verbatim		67	0	txt
ac_cloud-notes/packages/frontend/apps/android/App/app/src/main/java/app/affine/pro/AffineInputConnection.kt	verbatim		290	0	txt
ac_cloud-notes/packages/frontend/apps/android/App/app/src/main/java/app/affine/pro/AffineWebViewClient.kt	verbatim		23	0	txt
ac_cloud-notes/packages/frontend/apps/android/App/app/src/main/java/app/affine/pro/AndroidImeState.kt	verbatim		21	0	txt
ac_cloud-notes/packages/frontend/apps/android/App/app/src/main/java/app/affine/pro/CapacitorConfig.kt	verbatim		20	0	txt
ac_cloud-notes/packages/frontend/apps/android/App/app/src/main/java/app/affine/pro/ImeReplayController.kt	verbatim		184	0	txt
ac_cloud-notes/packages/frontend/apps/android/App/app/src/main/java/app/affine/pro/MainActivity.kt	modified	packages/frontend/apps/android/App/app/src/main/java/app/affine/pro/MainActivity.kt	110	76	txt
ac_cloud-notes/packages/frontend/apps/android/App/app/src/main/java/app/affine/pro/components/AFFiNEAppBar.kt	verbatim		97	0	txt
ac_cloud-notes/packages/frontend/apps/android/App/app/src/main/java/app/affine/pro/components/AFFiNEIcon.kt	verbatim		44	0	txt
ac_cloud-notes/packages/frontend/apps/android/App/app/src/main/java/app/affine/pro/components/Markdown.kt	verbatim		188	0	txt
ac_cloud-notes/packages/frontend/apps/android/App/app/src/main/java/app/affine/pro/plugin/AFFiNEThemePlugin.kt	verbatim		26	0	txt
ac_cloud-notes/packages/frontend/apps/android/App/app/src/main/java/app/affine/pro/plugin/DeCloudedPlugins.kt	new		0	79	txt
ac_cloud-notes/packages/frontend/apps/android/App/app/src/main/java/app/affine/pro/plugin/ExternalFilePlugin.kt	new		0	214	txt
ac_cloud-notes/packages/frontend/apps/android/App/app/src/main/java/app/affine/pro/plugin/MobileBackPlugin.kt	verbatim		43	0	txt
ac_cloud-notes/packages/frontend/apps/android/App/app/src/main/java/app/affine/pro/plugin/NbStorePlugin.kt	verbatim		786	0	txt
ac_cloud-notes/packages/frontend/apps/android/App/app/src/main/java/app/affine/pro/plugin/PluginExt.kt	verbatim		26	0	txt
ac_cloud-notes/packages/frontend/apps/android/App/app/src/main/java/app/affine/pro/plugin/PreviewPlugin.kt	verbatim		96	0	txt
ac_cloud-notes/packages/frontend/apps/android/App/app/src/main/java/app/affine/pro/service/WebService.kt	verbatim		21	0	txt
ac_cloud-notes/packages/frontend/apps/android/App/app/src/main/java/app/affine/pro/theme/Colors.kt	verbatim		316	0	txt
ac_cloud-notes/packages/frontend/apps/android/App/app/src/main/java/app/affine/pro/theme/Theme.kt	verbatim		42	0	txt
ac_cloud-notes/packages/frontend/apps/android/App/app/src/main/java/app/affine/pro/theme/Typography.kt	verbatim		54	0	txt
ac_cloud-notes/packages/frontend/apps/android/App/app/src/main/java/app/affine/pro/utils/DataStore.kt	verbatim		31	0	txt
ac_cloud-notes/packages/frontend/apps/android/App/app/src/main/java/app/affine/pro/utils/DensityUtil.kt	verbatim		11	0	txt
ac_cloud-notes/packages/frontend/apps/android/App/app/src/main/java/app/affine/pro/utils/WebExt.kt	verbatim		23	0	txt
ac_cloud-notes/packages/frontend/apps/android/App/app/src/main/java/app/affine/pro/utils/logger/AffineDebugTree.kt	verbatim		7	0	txt
ac_cloud-notes/packages/frontend/apps/android/App/app/src/main/java/app/affine/pro/utils/logger/FileTree.kt	modified	packages/frontend/apps/android/App/app/src/main/java/app/affine/pro/utils/logger/FileTree.kt	68	4	txt
ac_cloud-notes/packages/frontend/apps/android/App/app/src/main/java/uniffi/affine_mobile_native/affine_mobile_native.kt	modified	packages/frontend/apps/android/App/app/src/main/java/uniffi/affine_mobile_native/affine_mobile_native.kt	3461	2	txt
ac_cloud-notes/packages/frontend/apps/android/App/app/src/main/res/drawable/ic_ai.xml	verbatim		12	0	txt
ac_cloud-notes/packages/frontend/apps/android/App/app/src/main/res/drawable/ic_arrow_down_small.xml	verbatim		10	0	txt
ac_cloud-notes/packages/frontend/apps/android/App/app/src/main/res/drawable/ic_arrow_up_big.xml	verbatim		10	0	txt
ac_cloud-notes/packages/frontend/apps/android/App/app/src/main/res/drawable/ic_broom.xml	verbatim		10	0	txt
ac_cloud-notes/packages/frontend/apps/android/App/app/src/main/res/drawable/ic_bubble.xml	verbatim		10	0	txt
ac_cloud-notes/packages/frontend/apps/android/App/app/src/main/res/drawable/ic_bulleted_list_01.xml	verbatim		9	0	txt
ac_cloud-notes/packages/frontend/apps/android/App/app/src/main/res/drawable/ic_bulleted_list_02.xml	verbatim		10	0	txt
ac_cloud-notes/packages/frontend/apps/android/App/app/src/main/res/drawable/ic_bulleted_list_03.xml	verbatim		9	0	txt
ac_cloud-notes/packages/frontend/apps/android/App/app/src/main/res/drawable/ic_bulleted_list_04.xml	verbatim		10	0	txt
ac_cloud-notes/packages/frontend/apps/android/App/app/src/main/res/drawable/ic_camera.xml	verbatim		10	0	txt
ac_cloud-notes/packages/frontend/apps/android/App/app/src/main/res/drawable/ic_close.xml	verbatim		10	0	txt
ac_cloud-notes/packages/frontend/apps/android/App/app/src/main/res/drawable/ic_image.xml	verbatim		10	0	txt
ac_cloud-notes/packages/frontend/apps/android/App/app/src/main/res/drawable/ic_launcher_background.xml	verbatim		9	0	txt
ac_cloud-notes/packages/frontend/apps/android/App/app/src/main/res/drawable/ic_launcher_foreground.xml	verbatim		15	0	txt
ac_cloud-notes/packages/frontend/apps/android/App/app/src/main/res/drawable/ic_more_horizontal.xml	verbatim		10	0	txt
ac_cloud-notes/packages/frontend/apps/android/App/app/src/main/res/drawable/ic_open_file.xml	new		0	10	txt
ac_cloud-notes/packages/frontend/apps/android/App/app/src/main/res/drawable/ic_send.xml	verbatim		9	0	txt
ac_cloud-notes/packages/frontend/apps/android/App/app/src/main/res/layout/activity_main.xml	verbatim		11	0	txt
ac_cloud-notes/packages/frontend/apps/android/App/app/src/main/res/layout/capacitor_bridge_layout_main.xml	verbatim		12	0	txt
ac_cloud-notes/packages/frontend/apps/android/App/app/src/main/res/mipmap-anydpi-v26/ic_launcher.xml	verbatim		6	0	txt
ac_cloud-notes/packages/frontend/apps/android/App/app/src/main/res/mipmap-anydpi-v26/ic_launcher_round.xml	verbatim		6	0	txt
ac_cloud-notes/packages/frontend/apps/android/App/app/src/main/res/mipmap-hdpi/ic_launcher.webp	verbatim		0	0	bin
ac_cloud-notes/packages/frontend/apps/android/App/app/src/main/res/mipmap-hdpi/ic_launcher_round.webp	verbatim		0	0	bin
ac_cloud-notes/packages/frontend/apps/android/App/app/src/main/res/mipmap-mdpi/ic_launcher.webp	verbatim		0	0	bin
ac_cloud-notes/packages/frontend/apps/android/App/app/src/main/res/mipmap-mdpi/ic_launcher_round.webp	verbatim		0	0	bin
ac_cloud-notes/packages/frontend/apps/android/App/app/src/main/res/mipmap-xhdpi/ic_launcher.webp	verbatim		0	0	bin
ac_cloud-notes/packages/frontend/apps/android/App/app/src/main/res/mipmap-xhdpi/ic_launcher_round.webp	verbatim		0	0	bin
ac_cloud-notes/packages/frontend/apps/android/App/app/src/main/res/mipmap-xxhdpi/ic_launcher.webp	verbatim		0	0	bin
ac_cloud-notes/packages/frontend/apps/android/App/app/src/main/res/mipmap-xxhdpi/ic_launcher_round.webp	verbatim		0	0	bin
ac_cloud-notes/packages/frontend/apps/android/App/app/src/main/res/mipmap-xxxhdpi/ic_launcher.webp	verbatim		0	0	bin
ac_cloud-notes/packages/frontend/apps/android/App/app/src/main/res/mipmap-xxxhdpi/ic_launcher_round.webp	verbatim		0	0	bin
ac_cloud-notes/packages/frontend/apps/android/App/app/src/main/res/values/colors.xml	verbatim		6	0	txt
ac_cloud-notes/packages/frontend/apps/android/App/app/src/main/res/values/strings.xml	modified	packages/frontend/apps/android/App/app/src/main/res/values/strings.xml	5	8	txt
ac_cloud-notes/packages/frontend/apps/android/App/app/src/main/res/values/styles.xml	verbatim		19	0	txt
ac_cloud-notes/packages/frontend/apps/android/App/app/src/main/res/xml/file_paths.xml	verbatim		5	0	txt
ac_cloud-notes/packages/frontend/apps/android/App/app/src/test/java/com/getcapacitor/myapp/ExampleUnitTest.java	verbatim		14	0	txt
ac_cloud-notes/packages/frontend/apps/android/App/build.gradle	modified	packages/frontend/apps/android/App/build.gradle	45	0	txt
ac_cloud-notes/packages/frontend/apps/android/App/buildscripts/toml-updater-config.gradle	verbatim		26	0	txt
ac_cloud-notes/packages/frontend/apps/android/App/capacitor-cordova-android-plugins/build.gradle	verbatim		51	0	txt
ac_cloud-notes/packages/frontend/apps/android/App/capacitor-cordova-android-plugins/cordova.variables.gradle	verbatim		7	0	txt
ac_cloud-notes/packages/frontend/apps/android/App/capacitor-cordova-android-plugins/src/main/AndroidManifest.xml	verbatim		6	0	txt
ac_cloud-notes/packages/frontend/apps/android/App/capacitor-cordova-android-plugins/src/main/java/.gitkeep	verbatim		0	0	txt
ac_cloud-notes/packages/frontend/apps/android/App/capacitor-cordova-android-plugins/src/main/res/.gitkeep	verbatim		0	0	txt
ac_cloud-notes/packages/frontend/apps/android/App/capacitor.settings.gradle	verbatim		11	0	txt
ac_cloud-notes/packages/frontend/apps/android/App/gradle.properties	modified	packages/frontend/apps/android/App/gradle.properties	19	5	txt
ac_cloud-notes/packages/frontend/apps/android/App/gradle/gradle-daemon-jvm.properties	verbatim		13	0	txt
ac_cloud-notes/packages/frontend/apps/android/App/gradle/libs.versions.toml	modified	packages/frontend/apps/android/App/gradle/libs.versions.toml	112	3	txt
ac_cloud-notes/packages/frontend/apps/android/App/gradle/wrapper/gradle-wrapper.jar	verbatim		0	0	bin
ac_cloud-notes/packages/frontend/apps/android/App/gradle/wrapper/gradle-wrapper.properties	verbatim		7	0	txt
ac_cloud-notes/packages/frontend/apps/android/App/gradlew	verbatim		223	0	txt
ac_cloud-notes/packages/frontend/apps/android/App/gradlew.bat	verbatim		73	0	txt
ac_cloud-notes/packages/frontend/apps/android/App/settings.gradle	modified	packages/frontend/apps/android/App/settings.gradle	19	20	txt
ac_cloud-notes/packages/frontend/apps/android/App/variables.gradle	verbatim		6	0	txt
ac_cloud-notes/packages/frontend/apps/android/README.md	verbatim		13	0	txt
ac_cloud-notes/packages/frontend/apps/android/capacitor.config.ts	modified	packages/frontend/apps/android/capacitor.config.ts	45	8	txt
ac_cloud-notes/packages/frontend/apps/android/package.json	verbatim		42	0	txt
ac_cloud-notes/packages/frontend/apps/android/src/app.tsx	modified	packages/frontend/apps/android/src/app.tsx	492	206	txt
ac_cloud-notes/packages/frontend/apps/android/src/index.tsx	verbatim		23	0	txt
ac_cloud-notes/packages/frontend/apps/android/src/nbstore.worker.ts	verbatim		68	0	txt
ac_cloud-notes/packages/frontend/apps/android/src/plugins/affine-theme/definitions.ts	verbatim		4	0	txt
ac_cloud-notes/packages/frontend/apps/android/src/plugins/affine-theme/index.ts	verbatim		5	0	txt
ac_cloud-notes/packages/frontend/apps/android/src/plugins/ai-button/definitions.ts	verbatim		4	0	txt
ac_cloud-notes/packages/frontend/apps/android/src/plugins/ai-button/index.ts	verbatim		5	0	txt
ac_cloud-notes/packages/frontend/apps/android/src/plugins/auth/definitions.ts	verbatim		28	0	txt
ac_cloud-notes/packages/frontend/apps/android/src/plugins/auth/index.ts	verbatim		5	0	txt
ac_cloud-notes/packages/frontend/apps/android/src/plugins/external-file.ts	new		0	46	txt
ac_cloud-notes/packages/frontend/apps/android/src/plugins/hashcash/definitions.ts	verbatim		6	0	txt
ac_cloud-notes/packages/frontend/apps/android/src/plugins/hashcash/index.ts	verbatim		5	0	txt
ac_cloud-notes/packages/frontend/apps/android/src/plugins/mobile-back.ts	verbatim		14	0	txt
ac_cloud-notes/packages/frontend/apps/android/src/plugins/nbstore/definitions.ts	verbatim		221	0	txt
ac_cloud-notes/packages/frontend/apps/android/src/plugins/nbstore/index.ts	verbatim		458	0	txt
ac_cloud-notes/packages/frontend/apps/android/src/plugins/preview/definitions.ts	verbatim		16	0	txt
ac_cloud-notes/packages/frontend/apps/android/src/plugins/preview/index.ts	verbatim		5	0	txt
ac_cloud-notes/packages/frontend/apps/android/src/proxy.ts	verbatim		29	0	txt
ac_cloud-notes/packages/frontend/apps/android/src/setup-worker.ts	verbatim		1	0	txt
ac_cloud-notes/packages/frontend/apps/android/src/setup.ts	verbatim		20	0	txt
ac_cloud-notes/packages/frontend/apps/android/tsconfig.json	verbatim		20	0	txt
ac_cloud-notes/packages/frontend/apps/electron-renderer/package.json	verbatim		34	0	txt
ac_cloud-notes/packages/frontend/apps/electron-renderer/src/app/app.css.ts	verbatim		4	0	txt
ac_cloud-notes/packages/frontend/apps/electron-renderer/src/app/app.tsx	verbatim		68	0	txt
ac_cloud-notes/packages/frontend/apps/electron-renderer/src/app/effects/events.ts	verbatim		67	0	txt
ac_cloud-notes/packages/frontend/apps/electron-renderer/src/app/effects/index.ts	verbatim		12	0	txt
ac_cloud-notes/packages/frontend/apps/electron-renderer/src/app/effects/modules.ts	verbatim		127	0	txt
ac_cloud-notes/packages/frontend/apps/electron-renderer/src/app/effects/power.ts	verbatim		43	0	txt
ac_cloud-notes/packages/frontend/apps/electron-renderer/src/app/effects/recording.ts	verbatim		366	0	txt
ac_cloud-notes/packages/frontend/apps/electron-renderer/src/app/effects/store-manager.ts	verbatim		66	0	txt
ac_cloud-notes/packages/frontend/apps/electron-renderer/src/app/effects/utils.ts	verbatim		41	0	txt
ac_cloud-notes/packages/frontend/apps/electron-renderer/src/app/global.css	verbatim		30	0	txt
ac_cloud-notes/packages/frontend/apps/electron-renderer/src/app/index.tsx	verbatim		29	0	txt
ac_cloud-notes/packages/frontend/apps/electron-renderer/src/app/language-sync.ts	verbatim		15	0	txt
ac_cloud-notes/packages/frontend/apps/electron-renderer/src/app/native-import.ts	verbatim		13	0	txt
ac_cloud-notes/packages/frontend/apps/electron-renderer/src/app/setup.ts	verbatim		12	0	txt
ac_cloud-notes/packages/frontend/apps/electron-renderer/src/app/theme-sync.ts	verbatim		22	0	txt
ac_cloud-notes/packages/frontend/apps/electron-renderer/src/background-worker/index.ts	verbatim		43	0	txt
ac_cloud-notes/packages/frontend/apps/electron-renderer/src/global.d.ts	verbatim		14	0	txt
ac_cloud-notes/packages/frontend/apps/electron-renderer/src/popup/app.css.ts	verbatim		19	0	txt
ac_cloud-notes/packages/frontend/apps/electron-renderer/src/popup/app.tsx	verbatim		31	0	txt
ac_cloud-notes/packages/frontend/apps/electron-renderer/src/popup/index.tsx	verbatim		19	0	txt
ac_cloud-notes/packages/frontend/apps/electron-renderer/src/popup/recording/index.tsx	verbatim		216	0	txt
ac_cloud-notes/packages/frontend/apps/electron-renderer/src/popup/recording/styles.css.ts	verbatim		34	0	txt
ac_cloud-notes/packages/frontend/apps/electron-renderer/src/popup/setup.ts	verbatim		2	0	txt
ac_cloud-notes/packages/frontend/apps/electron-renderer/src/shell/app.css.ts	verbatim		33	0	txt
ac_cloud-notes/packages/frontend/apps/electron-renderer/src/shell/app.tsx	verbatim		51	0	txt
ac_cloud-notes/packages/frontend/apps/electron-renderer/src/shell/index.tsx	verbatim		24	0	txt
ac_cloud-notes/packages/frontend/apps/electron-renderer/src/shell/setup.ts	verbatim		3	0	txt
ac_cloud-notes/packages/frontend/apps/electron-renderer/tsconfig.json	verbatim		21	0	txt
ac_cloud-notes/packages/frontend/apps/electron/.gitignore	verbatim		14	0	txt
ac_cloud-notes/packages/frontend/apps/electron/README.md	verbatim		22	0	txt
ac_cloud-notes/packages/frontend/apps/electron/dev-app-update.yml	verbatim		4	0	txt
ac_cloud-notes/packages/frontend/apps/electron/forge.config.mjs	verbatim		405	0	txt
ac_cloud-notes/packages/frontend/apps/electron/package.json	verbatim		95	0	txt
ac_cloud-notes/packages/frontend/apps/electron/resources/affine.metainfo.xml	verbatim		71	0	txt
ac_cloud-notes/packages/frontend/apps/electron/resources/app-update.yml	verbatim		4	0	txt
ac_cloud-notes/packages/frontend/apps/electron/resources/deb/postinst	verbatim		4	0	txt
ac_cloud-notes/packages/frontend/apps/electron/resources/deb/prerm	verbatim		3	0	txt
ac_cloud-notes/packages/frontend/apps/electron/resources/icons/affine_installing.gif	verbatim		0	0	bin
ac_cloud-notes/packages/frontend/apps/electron/resources/icons/dmg-background.png	verbatim		0	0	bin
ac_cloud-notes/packages/frontend/apps/electron/resources/icons/dmg-background@2x.png	verbatim		0	0	bin
ac_cloud-notes/packages/frontend/apps/electron/resources/icons/doc-edgeless.png	verbatim		0	0	bin
ac_cloud-notes/packages/frontend/apps/electron/resources/icons/doc-page.png	verbatim		0	0	bin
ac_cloud-notes/packages/frontend/apps/electron/resources/icons/icon.icns	verbatim		0	0	bin
ac_cloud-notes/packages/frontend/apps/electron/resources/icons/icon.ico	verbatim		0	0	bin
ac_cloud-notes/packages/frontend/apps/electron/resources/icons/icon.png	verbatim		0	0	bin
ac_cloud-notes/packages/frontend/apps/electron/resources/icons/icon_beta.icns	verbatim		0	0	bin
ac_cloud-notes/packages/frontend/apps/electron/resources/icons/icon_beta.ico	verbatim		0	0	bin
ac_cloud-notes/packages/frontend/apps/electron/resources/icons/icon_beta.png	verbatim		0	0	bin
ac_cloud-notes/packages/frontend/apps/electron/resources/icons/icon_beta_512x512.png	verbatim		0	0	bin
ac_cloud-notes/packages/frontend/apps/electron/resources/icons/icon_beta_64x64.png	verbatim		0	0	bin
ac_cloud-notes/packages/frontend/apps/electron/resources/icons/icon_canary.icns	verbatim		0	0	bin
ac_cloud-notes/packages/frontend/apps/electron/resources/icons/icon_canary.ico	verbatim		0	0	bin
ac_cloud-notes/packages/frontend/apps/electron/resources/icons/icon_canary.png	verbatim		0	0	bin
ac_cloud-notes/packages/frontend/apps/electron/resources/icons/icon_canary_512x512.png	verbatim		0	0	bin
ac_cloud-notes/packages/frontend/apps/electron/resources/icons/icon_canary_64x64.png	verbatim		0	0	bin
ac_cloud-notes/packages/frontend/apps/electron/resources/icons/icon_internal.icns	verbatim		0	0	bin
ac_cloud-notes/packages/frontend/apps/electron/resources/icons/icon_internal.ico	verbatim		0	0	bin
ac_cloud-notes/packages/frontend/apps/electron/resources/icons/icon_internal_512x512.png	verbatim		0	0	bin
ac_cloud-notes/packages/frontend/apps/electron/resources/icons/icon_internal_64x64.png	verbatim		0	0	bin
ac_cloud-notes/packages/frontend/apps/electron/resources/icons/icon_stable_512x512.png	verbatim		0	0	bin
ac_cloud-notes/packages/frontend/apps/electron/resources/icons/icon_stable_64x64.png	verbatim		0	0	bin
ac_cloud-notes/packages/frontend/apps/electron/resources/icons/journal-today.png	verbatim		0	0	bin
ac_cloud-notes/packages/frontend/apps/electron/resources/icons/monitor.png	verbatim		0	0	bin
ac_cloud-notes/packages/frontend/apps/electron/resources/icons/nsis-sidebar.bmp	verbatim		0	0	bin
ac_cloud-notes/packages/frontend/apps/electron/resources/icons/pause.png	verbatim		0	0	bin
ac_cloud-notes/packages/frontend/apps/electron/resources/icons/stop.png	verbatim		0	0	bin
ac_cloud-notes/packages/frontend/apps/electron/resources/icons/tray-icon.png	verbatim		0	0	bin
ac_cloud-notes/packages/frontend/apps/electron/resources/icons/waveform-recording.png	verbatim		0	0	bin
ac_cloud-notes/packages/frontend/apps/electron/resources/icons/waveform.png	verbatim		0	0	bin
ac_cloud-notes/packages/frontend/apps/electron/scripts/build-layers.ts	verbatim		46	0	txt
ac_cloud-notes/packages/frontend/apps/electron/scripts/common.ts	verbatim		98	0	txt
ac_cloud-notes/packages/frontend/apps/electron/scripts/dev.ts	verbatim		101	0	txt
ac_cloud-notes/packages/frontend/apps/electron/scripts/generate-assets.ts	verbatim		64	0	txt
ac_cloud-notes/packages/frontend/apps/electron/scripts/macos-arm64-output-check.ts	verbatim		12	0	txt
ac_cloud-notes/packages/frontend/apps/electron/scripts/make-env.ts	verbatim		78	0	txt
ac_cloud-notes/packages/frontend/apps/electron/scripts/make-nsis.ts	verbatim		81	0	txt
ac_cloud-notes/packages/frontend/apps/electron/scripts/make-squirrel.ts	verbatim		76	0	txt
ac_cloud-notes/packages/frontend/apps/electron/scripts/nsis-installer.nsh	verbatim		1	0	txt
ac_cloud-notes/packages/frontend/apps/electron/scripts/package.json	verbatim		3	0	txt
ac_cloud-notes/packages/frontend/apps/electron/src/helper/dialog/dialog.ts	verbatim		263	0	txt
ac_cloud-notes/packages/frontend/apps/electron/src/helper/dialog/index.ts	verbatim		12	0	txt
ac_cloud-notes/packages/frontend/apps/electron/src/helper/exposed.ts	verbatim		33	0	txt
ac_cloud-notes/packages/frontend/apps/electron/src/helper/index.ts	verbatim		80	0	txt
ac_cloud-notes/packages/frontend/apps/electron/src/helper/logger.ts	verbatim		5	0	txt
ac_cloud-notes/packages/frontend/apps/electron/src/helper/main-rpc.ts	verbatim		31	0	txt
ac_cloud-notes/packages/frontend/apps/electron/src/helper/nbstore/handlers.ts	verbatim		57	0	txt
ac_cloud-notes/packages/frontend/apps/electron/src/helper/nbstore/index.ts	verbatim		4	0	txt
ac_cloud-notes/packages/frontend/apps/electron/src/helper/nbstore/v1/db-adapter.ts	verbatim		248	0	txt
ac_cloud-notes/packages/frontend/apps/electron/src/helper/nbstore/v1/ensure-db.ts	verbatim		58	0	txt
ac_cloud-notes/packages/frontend/apps/electron/src/helper/nbstore/v1/index.ts	verbatim		40	0	txt
ac_cloud-notes/packages/frontend/apps/electron/src/helper/nbstore/v1/merge-update.ts	verbatim		16	0	txt
ac_cloud-notes/packages/frontend/apps/electron/src/helper/nbstore/v1/workspace-db-adapter.ts	verbatim		133	0	txt
ac_cloud-notes/packages/frontend/apps/electron/src/helper/preview/index.ts	verbatim		59	0	txt
ac_cloud-notes/packages/frontend/apps/electron/src/helper/provide.ts	verbatim		8	0	txt
ac_cloud-notes/packages/frontend/apps/electron/src/helper/type.ts	verbatim		6	0	txt
ac_cloud-notes/packages/frontend/apps/electron/src/helper/workspace/handlers.ts	verbatim		316	0	txt
ac_cloud-notes/packages/frontend/apps/electron/src/helper/workspace/index.ts	verbatim		22	0	txt
ac_cloud-notes/packages/frontend/apps/electron/src/helper/workspace/meta.ts	verbatim		89	0	txt
ac_cloud-notes/packages/frontend/apps/electron/src/helper/workspace/subjects.ts	verbatim		5	0	txt
ac_cloud-notes/packages/frontend/apps/electron/src/main/application-menu/create.ts	verbatim		284	0	txt
ac_cloud-notes/packages/frontend/apps/electron/src/main/application-menu/index.ts	verbatim		33	0	txt
ac_cloud-notes/packages/frontend/apps/electron/src/main/application-menu/subject.ts	verbatim		10	0	txt
ac_cloud-notes/packages/frontend/apps/electron/src/main/auth/auth-session.ts	verbatim		281	0	txt
ac_cloud-notes/packages/frontend/apps/electron/src/main/auth/handlers.ts	verbatim		199	0	txt
ac_cloud-notes/packages/frontend/apps/electron/src/main/auth/transport.ts	verbatim		8	0	txt
ac_cloud-notes/packages/frontend/apps/electron/src/main/byok-storage/handlers.ts	verbatim		274	0	txt
ac_cloud-notes/packages/frontend/apps/electron/src/main/cleanup.ts	verbatim		47	0	txt
ac_cloud-notes/packages/frontend/apps/electron/src/main/clipboard/index.ts	verbatim		10	0	txt
ac_cloud-notes/packages/frontend/apps/electron/src/main/config-storage/handlers.ts	verbatim		9	0	txt
ac_cloud-notes/packages/frontend/apps/electron/src/main/config-storage/index.ts	verbatim		1	0	txt
ac_cloud-notes/packages/frontend/apps/electron/src/main/config-storage/persist.ts	verbatim		17	0	txt
ac_cloud-notes/packages/frontend/apps/electron/src/main/config.ts	verbatim		18	0	txt
ac_cloud-notes/packages/frontend/apps/electron/src/main/deep-link.ts	verbatim		139	0	txt
ac_cloud-notes/packages/frontend/apps/electron/src/main/events.ts	verbatim		113	0	txt
ac_cloud-notes/packages/frontend/apps/electron/src/main/exposed.ts	verbatim		24	0	txt
ac_cloud-notes/packages/frontend/apps/electron/src/main/find-in-page/handlers.ts	verbatim		18	0	txt
ac_cloud-notes/packages/frontend/apps/electron/src/main/find-in-page/index.ts	verbatim		1	0	txt
ac_cloud-notes/packages/frontend/apps/electron/src/main/handlers.ts	verbatim		103	0	txt
ac_cloud-notes/packages/frontend/apps/electron/src/main/helper-process.ts	verbatim		128	0	txt
ac_cloud-notes/packages/frontend/apps/electron/src/main/import/handlers.ts	verbatim		38	0	txt
ac_cloud-notes/packages/frontend/apps/electron/src/main/import/index.ts	verbatim		1	0	txt
ac_cloud-notes/packages/frontend/apps/electron/src/main/index.ts	verbatim		137	0	txt
ac_cloud-notes/packages/frontend/apps/electron/src/main/logger.ts	verbatim		19	0	txt
ac_cloud-notes/packages/frontend/apps/electron/src/main/power/index.ts	verbatim		25	0	txt
ac_cloud-notes/packages/frontend/apps/electron/src/main/protocol.ts	verbatim		265	0	txt
ac_cloud-notes/packages/frontend/apps/electron/src/main/recording/allow-list.ts	verbatim		42	0	txt
ac_cloud-notes/packages/frontend/apps/electron/src/main/recording/coordinator.ts	verbatim		788	0	txt
ac_cloud-notes/packages/frontend/apps/electron/src/main/recording/feature.ts	verbatim		645	0	txt
ac_cloud-notes/packages/frontend/apps/electron/src/main/recording/index.ts	verbatim		152	0	txt
ac_cloud-notes/packages/frontend/apps/electron/src/main/recording/state-transitions.md	verbatim		52	0	txt
ac_cloud-notes/packages/frontend/apps/electron/src/main/recording/types.ts	verbatim		108	0	txt
ac_cloud-notes/packages/frontend/apps/electron/src/main/security-restrictions.ts	verbatim		66	0	txt
ac_cloud-notes/packages/frontend/apps/electron/src/main/security/open-external.ts	verbatim		44	0	txt
ac_cloud-notes/packages/frontend/apps/electron/src/main/security/redirect-proxy.ts	verbatim		72	0	txt
ac_cloud-notes/packages/frontend/apps/electron/src/main/security/url-safety.ts	verbatim		101	0	txt
ac_cloud-notes/packages/frontend/apps/electron/src/main/shared-state-schema.ts	verbatim		74	0	txt
ac_cloud-notes/packages/frontend/apps/electron/src/main/shared-storage/events.ts	verbatim		16	0	txt
ac_cloud-notes/packages/frontend/apps/electron/src/main/shared-storage/handlers.ts	verbatim		52	0	txt
ac_cloud-notes/packages/frontend/apps/electron/src/main/shared-storage/index.ts	verbatim		2	0	txt
ac_cloud-notes/packages/frontend/apps/electron/src/main/shared-storage/json-file.ts	verbatim		133	0	txt
ac_cloud-notes/packages/frontend/apps/electron/src/main/shared-storage/storage.ts	verbatim		9	0	txt
ac_cloud-notes/packages/frontend/apps/electron/src/main/tray/icons.ts	verbatim		11	0	txt
ac_cloud-notes/packages/frontend/apps/electron/src/main/tray/index.ts	verbatim		362	0	txt
ac_cloud-notes/packages/frontend/apps/electron/src/main/type.ts	verbatim		8	0	txt
ac_cloud-notes/packages/frontend/apps/electron/src/main/ui/challenge.ts	verbatim		6	0	txt
ac_cloud-notes/packages/frontend/apps/electron/src/main/ui/events.ts	verbatim		56	0	txt
ac_cloud-notes/packages/frontend/apps/electron/src/main/ui/handlers.ts	verbatim		225	0	txt
ac_cloud-notes/packages/frontend/apps/electron/src/main/ui/index.ts	verbatim		3	0	txt
ac_cloud-notes/packages/frontend/apps/electron/src/main/ui/subject.ts	verbatim		11	0	txt
ac_cloud-notes/packages/frontend/apps/electron/src/main/updater/affine-update-provider.ts	verbatim		248	0	txt
ac_cloud-notes/packages/frontend/apps/electron/src/main/updater/electron-updater.ts	verbatim		134	0	txt
ac_cloud-notes/packages/frontend/apps/electron/src/main/updater/event.ts	verbatim		32	0	txt
ac_cloud-notes/packages/frontend/apps/electron/src/main/updater/index.ts	verbatim		42	0	txt
ac_cloud-notes/packages/frontend/apps/electron/src/main/updater/utils.ts	verbatim		14	0	txt
ac_cloud-notes/packages/frontend/apps/electron/src/main/updater/windows-updater.ts	verbatim		7	0	txt
ac_cloud-notes/packages/frontend/apps/electron/src/main/utils.ts	verbatim		48	0	txt
ac_cloud-notes/packages/frontend/apps/electron/src/main/web-preferences.ts	verbatim		17	0	txt
ac_cloud-notes/packages/frontend/apps/electron/src/main/windows-manager/authentication.ts	verbatim		5	0	txt
ac_cloud-notes/packages/frontend/apps/electron/src/main/windows-manager/context-menu.ts	verbatim		108	0	txt
ac_cloud-notes/packages/frontend/apps/electron/src/main/windows-manager/custom-theme-window.ts	verbatim		58	0	txt
ac_cloud-notes/packages/frontend/apps/electron/src/main/windows-manager/index.ts	verbatim		7	0	txt
ac_cloud-notes/packages/frontend/apps/electron/src/main/windows-manager/launcher.ts	verbatim		10	0	txt
ac_cloud-notes/packages/frontend/apps/electron/src/main/windows-manager/main-window.ts	verbatim		353	0	txt
ac_cloud-notes/packages/frontend/apps/electron/src/main/windows-manager/onboarding.ts	verbatim		87	0	txt
ac_cloud-notes/packages/frontend/apps/electron/src/main/windows-manager/popup.ts	verbatim		242	0	txt
ac_cloud-notes/packages/frontend/apps/electron/src/main/windows-manager/stage.ts	verbatim		5	0	txt
ac_cloud-notes/packages/frontend/apps/electron/src/main/windows-manager/tab-views.ts	verbatim		1138	0	txt
ac_cloud-notes/packages/frontend/apps/electron/src/main/windows-manager/types.ts	verbatim		1	0	txt
ac_cloud-notes/packages/frontend/apps/electron/src/main/windows-manager/utils.ts	verbatim		23	0	txt
ac_cloud-notes/packages/frontend/apps/electron/src/main/worker/handlers.ts	verbatim		18	0	txt
ac_cloud-notes/packages/frontend/apps/electron/src/main/worker/pool.ts	verbatim		120	0	txt
ac_cloud-notes/packages/frontend/apps/electron/src/preload/bootstrap.ts	verbatim		16	0	txt
ac_cloud-notes/packages/frontend/apps/electron/src/preload/electron-api.ts	verbatim		304	0	txt
ac_cloud-notes/packages/frontend/apps/electron/src/preload/index.ts	verbatim		1	0	txt
ac_cloud-notes/packages/frontend/apps/electron/src/preload/shared-storage.ts	verbatim		138	0	txt
ac_cloud-notes/packages/frontend/apps/electron/src/preload/worker.ts	verbatim		31	0	txt
ac_cloud-notes/packages/frontend/apps/electron/src/shared/import.ts	verbatim		26	0	txt
ac_cloud-notes/packages/frontend/apps/electron/src/shared/internal-origin.ts	verbatim		21	0	txt
ac_cloud-notes/packages/frontend/apps/electron/src/shared/type.ts	verbatim		27	0	txt
ac_cloud-notes/packages/frontend/apps/electron/src/shared/utils.ts	verbatim		172	0	txt
ac_cloud-notes/packages/frontend/apps/electron/test/dialog/dialog.spec.ts	verbatim		282	0	txt
ac_cloud-notes/packages/frontend/apps/electron/test/helper/preview.spec.ts	verbatim		69	0	txt
ac_cloud-notes/packages/frontend/apps/electron/test/helper/utils.spec.ts	verbatim		90	0	txt
ac_cloud-notes/packages/frontend/apps/electron/test/main/__snapshots__/updater.spec.ts.snap	verbatim		43	0	txt
ac_cloud-notes/packages/frontend/apps/electron/test/main/auth-session.spec.ts	verbatim		306	0	txt
ac_cloud-notes/packages/frontend/apps/electron/test/main/byok-storage.spec.ts	verbatim		288	0	txt
ac_cloud-notes/packages/frontend/apps/electron/test/main/fixtures/candidates/beta.json	verbatim		75	0	txt
ac_cloud-notes/packages/frontend/apps/electron/test/main/fixtures/candidates/canary.json	verbatim		85	0	txt
ac_cloud-notes/packages/frontend/apps/electron/test/main/fixtures/candidates/stable.json	verbatim		75	0	txt
ac_cloud-notes/packages/frontend/apps/electron/test/main/fixtures/releases/0.16.3-beta.2/latest-linux.yml	verbatim		11	0	txt
ac_cloud-notes/packages/frontend/apps/electron/test/main/fixtures/releases/0.16.3-beta.2/latest-mac.yml	verbatim		17	0	txt
ac_cloud-notes/packages/frontend/apps/electron/test/main/fixtures/releases/0.16.3-beta.2/latest.yml	verbatim		11	0	txt
ac_cloud-notes/packages/frontend/apps/electron/test/main/fixtures/releases/0.17.0-canary.7/latest-linux.yml	verbatim		15	0	txt
ac_cloud-notes/packages/frontend/apps/electron/test/main/fixtures/releases/0.17.0-canary.7/latest-mac.yml	verbatim		15	0	txt
ac_cloud-notes/packages/frontend/apps/electron/test/main/fixtures/releases/0.17.0-canary.7/latest.yml	verbatim		15	0	txt
ac_cloud-notes/packages/frontend/apps/electron/test/main/fixtures/releases/0.18.0/latest.yml	verbatim		39	0	txt
ac_cloud-notes/packages/frontend/apps/electron/test/main/mocks/app-adapter.ts	verbatim		28	0	txt
ac_cloud-notes/packages/frontend/apps/electron/test/main/mocks/http-executor.ts	verbatim		23	0	txt
ac_cloud-notes/packages/frontend/apps/electron/test/main/mocks/index.ts	verbatim		3	0	txt
ac_cloud-notes/packages/frontend/apps/electron/test/main/mocks/updater.ts	verbatim		32	0	txt
ac_cloud-notes/packages/frontend/apps/electron/test/main/recording-coordinator.spec.ts	verbatim		378	0	txt
ac_cloud-notes/packages/frontend/apps/electron/test/main/recording-effect.spec.ts	verbatim		569	0	txt
ac_cloud-notes/packages/frontend/apps/electron/test/main/recording-feature.spec.ts	verbatim		296	0	txt
ac_cloud-notes/packages/frontend/apps/electron/test/main/recording-index.spec.ts	verbatim		66	0	txt
ac_cloud-notes/packages/frontend/apps/electron/test/main/redirect-proxy.spec.ts	verbatim		97	0	txt
ac_cloud-notes/packages/frontend/apps/electron/test/main/updater.spec.ts	verbatim		131	0	txt
ac_cloud-notes/packages/frontend/apps/electron/test/workspace/handlers.spec.ts	verbatim		162	0	txt
ac_cloud-notes/packages/frontend/apps/electron/tsconfig.json	verbatim		17	0	txt
ac_cloud-notes/packages/frontend/apps/electron/tsconfig.node.json	verbatim		9	0	txt
ac_cloud-notes/packages/frontend/apps/electron/vitest.config.ts	verbatim		30	0	txt
ac_cloud-notes/packages/frontend/apps/ios/.claude/settings.local.json	verbatim		7	0	txt
ac_cloud-notes/packages/frontend/apps/ios/.gitignore	verbatim		18	0	txt
ac_cloud-notes/packages/frontend/apps/ios/AGENTS.md	verbatim		105	0	txt
ac_cloud-notes/packages/frontend/apps/ios/App/App.xcodeproj/project.pbxproj	verbatim		1024	0	txt
ac_cloud-notes/packages/frontend/apps/ios/App/App.xcodeproj/xcshareddata/xcschemes/AFFiNE.xcscheme	verbatim		78	0	txt
ac_cloud-notes/packages/frontend/apps/ios/App/App.xcodeproj/xcshareddata/xcschemes/AFFiNETests.xcscheme	verbatim		71	0	txt
ac_cloud-notes/packages/frontend/apps/ios/App/App.xcodeproj/xcshareddata/xcschemes/App.xcscheme	verbatim		104	0	txt
ac_cloud-notes/packages/frontend/apps/ios/App/App.xcworkspace/contents.xcworkspacedata	verbatim		10	0	txt
ac_cloud-notes/packages/frontend/apps/ios/App/App.xcworkspace/xcshareddata/IDEWorkspaceChecks.plist	verbatim		8	0	txt
ac_cloud-notes/packages/frontend/apps/ios/App/App/AffineViewController+AIButton.swift	verbatim		121	0	txt
ac_cloud-notes/packages/frontend/apps/ios/App/App/AffineViewController.swift	verbatim		149	0	txt
ac_cloud-notes/packages/frontend/apps/ios/App/App/App.entitlements	verbatim		10	0	txt
ac_cloud-notes/packages/frontend/apps/ios/App/App/AppConfigManager.swift	verbatim		16	0	txt
ac_cloud-notes/packages/frontend/apps/ios/App/App/AppDelegate.swift	verbatim		70	0	txt
ac_cloud-notes/packages/frontend/apps/ios/App/App/ApplicationBridgedWindowScript.swift	verbatim		49	0	txt
ac_cloud-notes/packages/frontend/apps/ios/App/App/Assets.xcassets/AppIcon.appiconset/Contents.json	verbatim		38	0	txt
ac_cloud-notes/packages/frontend/apps/ios/App/App/Assets.xcassets/AppIcon.appiconset/dark@1024.png	verbatim		0	0	bin
ac_cloud-notes/packages/frontend/apps/ios/App/App/Assets.xcassets/AppIcon.appiconset/dark@trans.png	verbatim		0	0	bin
ac_cloud-notes/packages/frontend/apps/ios/App/App/Assets.xcassets/AppIcon.appiconset/light.png	verbatim		0	0	bin
ac_cloud-notes/packages/frontend/apps/ios/App/App/Assets.xcassets/Contents.json	verbatim		6	0	txt
ac_cloud-notes/packages/frontend/apps/ios/App/App/Assets.xcassets/NativeLoginBackground.imageset/Contents.json	verbatim		21	0	txt
ac_cloud-notes/packages/frontend/apps/ios/App/App/Assets.xcassets/NativeLoginBackground.imageset/native-login-background.png	verbatim		0	0	bin
ac_cloud-notes/packages/frontend/apps/ios/App/App/Assets.xcassets/NativeLoginLogo.imageset/Contents.json	verbatim		21	0	txt
ac_cloud-notes/packages/frontend/apps/ios/App/App/Assets.xcassets/NativeLoginLogo.imageset/native-login-logo.png	verbatim		0	0	bin
ac_cloud-notes/packages/frontend/apps/ios/App/App/Assets.xcassets/OnboardingBackground.colorset/Contents.json	verbatim		38	0	txt
ac_cloud-notes/packages/frontend/apps/ios/App/App/Assets.xcassets/OnboardingFeatureAI.imageset/Contents.json	verbatim		21	0	txt
ac_cloud-notes/packages/frontend/apps/ios/App/App/Assets.xcassets/OnboardingFeatureAI.imageset/onboarding-feature-ai.png	verbatim		0	0	bin
ac_cloud-notes/packages/frontend/apps/ios/App/App/Assets.xcassets/OnboardingFeatureBiggerPicture.imageset/Contents.json	verbatim		21	0	txt
ac_cloud-notes/packages/frontend/apps/ios/App/App/Assets.xcassets/OnboardingFeatureBiggerPicture.imageset/onboarding-feature-bigger-picture.png	verbatim		0	0	bin
ac_cloud-notes/packages/frontend/apps/ios/App/App/Assets.xcassets/OnboardingFeatureClearDocs.imageset/Contents.json	verbatim		21	0	txt
ac_cloud-notes/packages/frontend/apps/ios/App/App/Assets.xcassets/OnboardingFeatureClearDocs.imageset/onboarding-feature-clear-docs.png	verbatim		0	0	bin
ac_cloud-notes/packages/frontend/apps/ios/App/App/Assets.xcassets/OnboardingFeatureEveryDevice.imageset/Contents.json	verbatim		21	0	txt
ac_cloud-notes/packages/frontend/apps/ios/App/App/Assets.xcassets/OnboardingFeatureEveryDevice.imageset/onboarding-feature-every-device.png	verbatim		0	0	bin
ac_cloud-notes/packages/frontend/apps/ios/App/App/Assets.xcassets/OnboardingFeatureMultipleViews.imageset/Contents.json	verbatim		21	0	txt
ac_cloud-notes/packages/frontend/apps/ios/App/App/Assets.xcassets/OnboardingFeatureMultipleViews.imageset/onboarding-feature-multiple-views.png	verbatim		0	0	bin
ac_cloud-notes/packages/frontend/apps/ios/App/App/Assets.xcassets/OnboardingIntroBackground.colorset/Contents.json	verbatim		38	0	txt
ac_cloud-notes/packages/frontend/apps/ios/App/App/Assets.xcassets/OnboardingIntroReference.imageset/Contents.json	verbatim		21	0	txt
ac_cloud-notes/packages/frontend/apps/ios/App/App/Assets.xcassets/OnboardingIntroReference.imageset/onboarding-intro-reference.png	verbatim		0	0	bin
ac_cloud-notes/packages/frontend/apps/ios/App/App/Assets.xcassets/OnboardingRoleEducator.imageset/Contents.json	verbatim		21	0	txt
ac_cloud-notes/packages/frontend/apps/ios/App/App/Assets.xcassets/OnboardingRoleEducator.imageset/onboarding-role-educator.png	verbatim		0	0	bin
ac_cloud-notes/packages/frontend/apps/ios/App/App/Assets.xcassets/OnboardingRoleOther.imageset/Contents.json	verbatim		21	0	txt
ac_cloud-notes/packages/frontend/apps/ios/App/App/Assets.xcassets/OnboardingRoleOther.imageset/onboarding-role-other.png	verbatim		0	0	bin
ac_cloud-notes/packages/frontend/apps/ios/App/App/Assets.xcassets/OnboardingRoleProfessional.imageset/Contents.json	verbatim		21	0	txt
ac_cloud-notes/packages/frontend/apps/ios/App/App/Assets.xcassets/OnboardingRoleProfessional.imageset/onboarding-role-professional.png	verbatim		0	0	bin
ac_cloud-notes/packages/frontend/apps/ios/App/App/Assets.xcassets/OnboardingRoleStudent.imageset/Contents.json	verbatim		21	0	txt
ac_cloud-notes/packages/frontend/apps/ios/App/App/Assets.xcassets/OnboardingRoleStudent.imageset/onboarding-role-student.png	verbatim		0	0	bin
ac_cloud-notes/packages/frontend/apps/ios/App/App/Assets.xcassets/Splash.imageset/Contents.json	verbatim		56	0	txt
ac_cloud-notes/packages/frontend/apps/ios/App/App/Assets.xcassets/Splash.imageset/affine@png-1.png	verbatim		0	0	bin
ac_cloud-notes/packages/frontend/apps/ios/App/App/Assets.xcassets/Splash.imageset/affine@png-2.png	verbatim		0	0	bin
ac_cloud-notes/packages/frontend/apps/ios/App/App/Assets.xcassets/Splash.imageset/affine@png-3.png	verbatim		0	0	bin
ac_cloud-notes/packages/frontend/apps/ios/App/App/Assets.xcassets/Splash.imageset/dark@128.png	verbatim		0	0	bin
ac_cloud-notes/packages/frontend/apps/ios/App/App/Assets.xcassets/Splash.imageset/dark@256.png	verbatim		0	0	bin
ac_cloud-notes/packages/frontend/apps/ios/App/App/Assets.xcassets/Splash.imageset/dark@512.png	verbatim		0	0	bin
ac_cloud-notes/packages/frontend/apps/ios/App/App/Base.lproj/Main.storyboard	verbatim		18	0	txt
ac_cloud-notes/packages/frontend/apps/ios/App/App/Info.plist	verbatim		80	0	txt
ac_cloud-notes/packages/frontend/apps/ios/App/App/InfoPlist.xcstrings	verbatim		78	0	txt
ac_cloud-notes/packages/frontend/apps/ios/App/App/JSValueContainerExt.swift	verbatim		60	0	txt
ac_cloud-notes/packages/frontend/apps/ios/App/App/Localizable.xcstrings	verbatim		250	0	txt
ac_cloud-notes/packages/frontend/apps/ios/App/App/Mutex.swift	verbatim		19	0	txt
ac_cloud-notes/packages/frontend/apps/ios/App/App/Onboarding/AppPaywallCards.swift	verbatim		105	0	txt
ac_cloud-notes/packages/frontend/apps/ios/App/App/Onboarding/AppPaywallStyle.swift	verbatim		78	0	txt
ac_cloud-notes/packages/frontend/apps/ios/App/App/Onboarding/AppPaywallView.swift	verbatim		150	0	txt
ac_cloud-notes/packages/frontend/apps/ios/App/App/Onboarding/AppPaywallViewController.swift	verbatim		207	0	txt
ac_cloud-notes/packages/frontend/apps/ios/App/App/Onboarding/OnboardingFeatureViews.swift	verbatim		159	0	txt
ac_cloud-notes/packages/frontend/apps/ios/App/App/Onboarding/OnboardingFlag.swift	verbatim		15	0	txt
ac_cloud-notes/packages/frontend/apps/ios/App/App/Onboarding/OnboardingIntroViews.swift	verbatim		79	0	txt
ac_cloud-notes/packages/frontend/apps/ios/App/App/Onboarding/OnboardingRootView.swift	verbatim		288	0	txt
ac_cloud-notes/packages/frontend/apps/ios/App/App/Onboarding/OnboardingViewController.swift	verbatim		25	0	txt
ac_cloud-notes/packages/frontend/apps/ios/App/App/Plugins/AffineTheme/AffineThemePlugin.swift	verbatim		46	0	txt
ac_cloud-notes/packages/frontend/apps/ios/App/App/Plugins/Auth/AuthDateParser.swift	verbatim		6	0	txt
ac_cloud-notes/packages/frontend/apps/ios/App/App/Plugins/Auth/AuthPlugin.swift	verbatim		524	0	txt
ac_cloud-notes/packages/frontend/apps/ios/App/App/Plugins/Cookie/CookieManager.swift	verbatim		25	0	txt
ac_cloud-notes/packages/frontend/apps/ios/App/App/Plugins/Cookie/CookiePlugin.swift	verbatim		17	0	txt
ac_cloud-notes/packages/frontend/apps/ios/App/App/Plugins/Cookie/HashcashPlugin.swift	verbatim		16	0	txt
ac_cloud-notes/packages/frontend/apps/ios/App/App/Plugins/ImagePicker/ImagePickerPlugin.swift	verbatim		584	0	txt
ac_cloud-notes/packages/frontend/apps/ios/App/App/Plugins/NBStore/NBStorePlugin.swift	verbatim		751	0	txt
ac_cloud-notes/packages/frontend/apps/ios/App/App/Plugins/NavigationGesture/NavigationGesturePlugin.swift	verbatim		58	0	txt
ac_cloud-notes/packages/frontend/apps/ios/App/App/Plugins/PayWall/PayWallPlugin.swift	verbatim		58	0	txt
ac_cloud-notes/packages/frontend/apps/ios/App/App/Plugins/Preview/PreviewPlugin.swift	verbatim		106	0	txt
ac_cloud-notes/packages/frontend/apps/ios/App/App/Plugins/ShareInbox/ShareInboxPlugin.swift	verbatim		124	0	txt
ac_cloud-notes/packages/frontend/apps/ios/App/App/Products.storekit	verbatim		130	0	txt
ac_cloud-notes/packages/frontend/apps/ios/App/App/RootViewController.swift	verbatim		144	0	txt
ac_cloud-notes/packages/frontend/apps/ios/App/App/SafeWKURLSchemeTask.swift	verbatim		27	0	txt
ac_cloud-notes/packages/frontend/apps/ios/App/App/SignIn/NativeSignInComponents.swift	verbatim		182	0	txt
ac_cloud-notes/packages/frontend/apps/ios/App/App/SignIn/NativeSignInHUD.swift	verbatim		215	0	txt
ac_cloud-notes/packages/frontend/apps/ios/App/App/SignIn/NativeSignInStyle.swift	verbatim		173	0	txt
ac_cloud-notes/packages/frontend/apps/ios/App/App/SignIn/NativeSignInView.swift	verbatim		347	0	txt
ac_cloud-notes/packages/frontend/apps/ios/App/App/SignIn/NativeSignInViewController.swift	verbatim		95	0	txt
ac_cloud-notes/packages/frontend/apps/ios/App/App/SignIn/NativeSignInViewModel.swift	verbatim		232	0	txt
ac_cloud-notes/packages/frontend/apps/ios/App/App/SignIn/NativeSignInWebBridge.swift	verbatim		197	0	txt
ac_cloud-notes/packages/frontend/apps/ios/App/App/Tools.swift	verbatim		159	0	txt
ac_cloud-notes/packages/frontend/apps/ios/App/App/uniffi/affine_mobile_native.swift	verbatim		3077	0	txt
ac_cloud-notes/packages/frontend/apps/ios/App/App/uniffi/affine_mobile_nativeFFI.h	verbatim		951	0	txt
ac_cloud-notes/packages/frontend/apps/ios/App/App/uniffi/affine_mobile_nativeFFI.modulemap	verbatim		7	0	txt
ac_cloud-notes/packages/frontend/apps/ios/App/AppTests/AuthDateParserTests.swift	verbatim		8	0	txt
ac_cloud-notes/packages/frontend/apps/ios/App/AppTests/ShareInboxSafetyTests.swift	verbatim		286	0	txt
ac_cloud-notes/packages/frontend/apps/ios/App/Gemfile	verbatim		2	0	txt
ac_cloud-notes/packages/frontend/apps/ios/App/IOSApp-Bridging-Header.h	verbatim		4	0	txt
ac_cloud-notes/packages/frontend/apps/ios/App/Packages/AffineGraphQL/.gitignore	verbatim		2	0	txt
ac_cloud-notes/packages/frontend/apps/ios/App/Packages/AffineGraphQL/Package.swift	verbatim		26	0	txt
ac_cloud-notes/packages/frontend/apps/ios/App/Packages/AffineGraphQL/Sources/AuthAccessTokenCache.swift	verbatim		57	0	txt
ac_cloud-notes/packages/frontend/apps/ios/App/Packages/AffineGraphQL/Sources/Fragments/CopilotChatHistory.graphql.swift	verbatim		94	0	txt
ac_cloud-notes/packages/frontend/apps/ios/App/Packages/AffineGraphQL/Sources/Fragments/CredentialsRequirements.graphql.swift	verbatim		42	0	txt
ac_cloud-notes/packages/frontend/apps/ios/App/Packages/AffineGraphQL/Sources/Fragments/LicenseBody.graphql.swift	verbatim		29	0	txt
ac_cloud-notes/packages/frontend/apps/ios/App/Packages/AffineGraphQL/Sources/Fragments/PaginatedCopilotChats.graphql.swift	verbatim		95	0	txt
ac_cloud-notes/packages/frontend/apps/ios/App/Packages/AffineGraphQL/Sources/Fragments/PasswordLimits.graphql.swift	verbatim		21	0	txt
ac_cloud-notes/packages/frontend/apps/ios/App/Packages/AffineGraphQL/Sources/Operations/Mutations/AbortBlobUploadMutation.graphql.swift	verbatim		43	0	txt
ac_cloud-notes/packages/frontend/apps/ios/App/Packages/AffineGraphQL/Sources/Operations/Mutations/AcceptInviteByInviteIdMutation.graphql.swift	verbatim		39	0	txt
ac_cloud-notes/packages/frontend/apps/ios/App/Packages/AffineGraphQL/Sources/Operations/Mutations/ActivateLicenseMutation.graphql.swift	verbatim		66	0	txt
ac_cloud-notes/packages/frontend/apps/ios/App/Packages/AffineGraphQL/Sources/Operations/Mutations/AddWorkspaceArtifactMutation.graphql.swift	verbatim		63	0	txt
ac_cloud-notes/packages/frontend/apps/ios/App/Packages/AffineGraphQL/Sources/Operations/Mutations/AddWorkspaceEmbeddingIgnoredDocsMutation.graphql.swift	verbatim		39	0	txt
ac_cloud-notes/packages/frontend/apps/ios/App/Packages/AffineGraphQL/Sources/Operations/Mutations/AdminUpdateWorkspaceMutation.graphql.swift	verbatim		96	0	txt
ac_cloud-notes/packages/frontend/apps/ios/App/Packages/AffineGraphQL/Sources/Operations/Mutations/ApproveWorkspaceTeamMemberMutation.graphql.swift	verbatim		38	0	txt
ac_cloud-notes/packages/frontend/apps/ios/App/Packages/AffineGraphQL/Sources/Operations/Mutations/CancelSubscriptionMutation.graphql.swift	verbatim		61	0	txt
ac_cloud-notes/packages/frontend/apps/ios/App/Packages/AffineGraphQL/Sources/Operations/Mutations/ChangeEmailMutation.graphql.swift	verbatim		57	0	txt
ac_cloud-notes/packages/frontend/apps/ios/App/Packages/AffineGraphQL/Sources/Operations/Mutations/ChangePasswordMutation.graphql.swift	verbatim		43	0	txt
ac_cloud-notes/packages/frontend/apps/ios/App/Packages/AffineGraphQL/Sources/Operations/Mutations/CleanupCopilotSessionMutation.graphql.swift	verbatim		28	0	txt
ac_cloud-notes/packages/frontend/apps/ios/App/Packages/AffineGraphQL/Sources/Operations/Mutations/CompleteBlobUploadMutation.graphql.swift	verbatim		48	0	txt
ac_cloud-notes/packages/frontend/apps/ios/App/Packages/AffineGraphQL/Sources/Operations/Mutations/CreateBlobUploadMutation.graphql.swift	verbatim		98	0	txt
ac_cloud-notes/packages/frontend/apps/ios/App/Packages/AffineGraphQL/Sources/Operations/Mutations/CreateChangePasswordUrlMutation.graphql.swift	verbatim		39	0	txt
ac_cloud-notes/packages/frontend/apps/ios/App/Packages/AffineGraphQL/Sources/Operations/Mutations/CreateCheckoutSessionMutation.graphql.swift	verbatim		28	0	txt
ac_cloud-notes/packages/frontend/apps/ios/App/Packages/AffineGraphQL/Sources/Operations/Mutations/CreateCommentMutation.graphql.swift	verbatim		131	0	txt
ac_cloud-notes/packages/frontend/apps/ios/App/Packages/AffineGraphQL/Sources/Operations/Mutations/CreateCopilotMessageMutation.graphql.swift	verbatim		28	0	txt
ac_cloud-notes/packages/frontend/apps/ios/App/Packages/AffineGraphQL/Sources/Operations/Mutations/CreateCopilotSessionMutation.graphql.swift	verbatim		29	0	txt
ac_cloud-notes/packages/frontend/apps/ios/App/Packages/AffineGraphQL/Sources/Operations/Mutations/CreateCopilotSessionWithHistoryMutation.graphql.swift	verbatim		63	0	txt
ac_cloud-notes/packages/frontend/apps/ios/App/Packages/AffineGraphQL/Sources/Operations/Mutations/CreateCustomerPortalMutation.graphql.swift	verbatim		24	0	txt
ac_cloud-notes/packages/frontend/apps/ios/App/Packages/AffineGraphQL/Sources/Operations/Mutations/CreateInviteLinkMutation.graphql.swift	verbatim		58	0	txt
ac_cloud-notes/packages/frontend/apps/ios/App/Packages/AffineGraphQL/Sources/Operations/Mutations/CreateMcpCredentialMutation.graphql.swift	verbatim		81	0	txt
ac_cloud-notes/packages/frontend/apps/ios/App/Packages/AffineGraphQL/Sources/Operations/Mutations/CreateReplyMutation.graphql.swift	verbatim		77	0	txt
ac_cloud-notes/packages/frontend/apps/ios/App/Packages/AffineGraphQL/Sources/Operations/Mutations/CreateSelfhostCustomerPortalMutation.graphql.swift	verbatim		27	0	txt
ac_cloud-notes/packages/frontend/apps/ios/App/Packages/AffineGraphQL/Sources/Operations/Mutations/CreateUserMutation.graphql.swift	verbatim		44	0	txt
ac_cloud-notes/packages/frontend/apps/ios/App/Packages/AffineGraphQL/Sources/Operations/Mutations/CreateWorkspaceByokLocalLeaseMutation.graphql.swift	verbatim		45	0	txt
ac_cloud-notes/packages/frontend/apps/ios/App/Packages/AffineGraphQL/Sources/Operations/Mutations/CreateWorkspaceByokProfileMutation.graphql.swift	verbatim		43	0	txt
ac_cloud-notes/packages/frontend/apps/ios/App/Packages/AffineGraphQL/Sources/Operations/Mutations/CreateWorkspaceMutation.graphql.swift	verbatim		46	0	txt
ac_cloud-notes/packages/frontend/apps/ios/App/Packages/AffineGraphQL/Sources/Operations/Mutations/DeactivateLicenseMutation.graphql.swift	verbatim		27	0	txt
ac_cloud-notes/packages/frontend/apps/ios/App/Packages/AffineGraphQL/Sources/Operations/Mutations/DeleteAccountMutation.graphql.swift	verbatim		39	0	txt
ac_cloud-notes/packages/frontend/apps/ios/App/Packages/AffineGraphQL/Sources/Operations/Mutations/DeleteAuthSigningKeyMutation.graphql.swift	verbatim		55	0	txt
ac_cloud-notes/packages/frontend/apps/ios/App/Packages/AffineGraphQL/Sources/Operations/Mutations/DeleteBlobMutation.graphql.swift	verbatim		43	0	txt
ac_cloud-notes/packages/frontend/apps/ios/App/Packages/AffineGraphQL/Sources/Operations/Mutations/DeleteCommentMutation.graphql.swift	verbatim		28	0	txt
ac_cloud-notes/packages/frontend/apps/ios/App/Packages/AffineGraphQL/Sources/Operations/Mutations/DeleteReplyMutation.graphql.swift	verbatim		28	0	txt
ac_cloud-notes/packages/frontend/apps/ios/App/Packages/AffineGraphQL/Sources/Operations/Mutations/DeleteUserMutation.graphql.swift	verbatim		44	0	txt
ac_cloud-notes/packages/frontend/apps/ios/App/Packages/AffineGraphQL/Sources/Operations/Mutations/DeleteWorkspaceByokProfileMutation.graphql.swift	verbatim		38	0	txt
ac_cloud-notes/packages/frontend/apps/ios/App/Packages/AffineGraphQL/Sources/Operations/Mutations/DeleteWorkspaceMutation.graphql.swift	verbatim		27	0	txt
ac_cloud-notes/packages/frontend/apps/ios/App/Packages/AffineGraphQL/Sources/Operations/Mutations/DisableUserMutation.graphql.swift	verbatim		48	0	txt
ac_cloud-notes/packages/frontend/apps/ios/App/Packages/AffineGraphQL/Sources/Operations/Mutations/EnableUserMutation.graphql.swift	verbatim		48	0	txt
ac_cloud-notes/packages/frontend/apps/ios/App/Packages/AffineGraphQL/Sources/Operations/Mutations/ForkCopilotSessionMutation.graphql.swift	verbatim		28	0	txt
ac_cloud-notes/packages/frontend/apps/ios/App/Packages/AffineGraphQL/Sources/Operations/Mutations/GenerateLicenseKeyMutation.graphql.swift	verbatim		27	0	txt
ac_cloud-notes/packages/frontend/apps/ios/App/Packages/AffineGraphQL/Sources/Operations/Mutations/GrantDocUserRolesMutation.graphql.swift	verbatim		27	0	txt
ac_cloud-notes/packages/frontend/apps/ios/App/Packages/AffineGraphQL/Sources/Operations/Mutations/GrantWorkspaceTeamMemberMutation.graphql.swift	verbatim		43	0	txt
ac_cloud-notes/packages/frontend/apps/ios/App/Packages/AffineGraphQL/Sources/Operations/Mutations/ImportUsersMutation.graphql.swift	verbatim		88	0	txt
ac_cloud-notes/packages/frontend/apps/ios/App/Packages/AffineGraphQL/Sources/Operations/Mutations/InstallLicenseMutation.graphql.swift	verbatim		66	0	txt
ac_cloud-notes/packages/frontend/apps/ios/App/Packages/AffineGraphQL/Sources/Operations/Mutations/InviteByEmailsMutation.graphql.swift	verbatim		57	0	txt
ac_cloud-notes/packages/frontend/apps/ios/App/Packages/AffineGraphQL/Sources/Operations/Mutations/LeaveWorkspaceMutation.graphql.swift	verbatim		39	0	txt
ac_cloud-notes/packages/frontend/apps/ios/App/Packages/AffineGraphQL/Sources/Operations/Mutations/LinkCalDavAccountMutation.graphql.swift	verbatim		63	0	txt
ac_cloud-notes/packages/frontend/apps/ios/App/Packages/AffineGraphQL/Sources/Operations/Mutations/LinkCalendarAccountMutation.graphql.swift	verbatim		27	0	txt
ac_cloud-notes/packages/frontend/apps/ios/App/Packages/AffineGraphQL/Sources/Operations/Mutations/MentionUserMutation.graphql.swift	verbatim		28	0	txt
ac_cloud-notes/packages/frontend/apps/ios/App/Packages/AffineGraphQL/Sources/Operations/Mutations/PreviewLicenseMutation.graphql.swift	verbatim		63	0	txt
ac_cloud-notes/packages/frontend/apps/ios/App/Packages/AffineGraphQL/Sources/Operations/Mutations/ProbeWorkspaceByokDraftMutation.graphql.swift	verbatim		125	0	txt
ac_cloud-notes/packages/frontend/apps/ios/App/Packages/AffineGraphQL/Sources/Operations/Mutations/ProbeWorkspaceByokProfileMutation.graphql.swift	verbatim		125	0	txt
ac_cloud-notes/packages/frontend/apps/ios/App/Packages/AffineGraphQL/Sources/Operations/Mutations/PublishPageMutation.graphql.swift	verbatim		61	0	txt
ac_cloud-notes/packages/frontend/apps/ios/App/Packages/AffineGraphQL/Sources/Operations/Mutations/ReadAllNotificationsMutation.graphql.swift	verbatim		24	0	txt
ac_cloud-notes/packages/frontend/apps/ios/App/Packages/AffineGraphQL/Sources/Operations/Mutations/ReadNotificationMutation.graphql.swift	verbatim		28	0	txt
ac_cloud-notes/packages/frontend/apps/ios/App/Packages/AffineGraphQL/Sources/Operations/Mutations/RecoverDocMutation.graphql.swift	verbatim		43	0	txt
ac_cloud-notes/packages/frontend/apps/ios/App/Packages/AffineGraphQL/Sources/Operations/Mutations/RefreshSubscriptionMutation.graphql.swift	verbatim		59	0	txt
ac_cloud-notes/packages/frontend/apps/ios/App/Packages/AffineGraphQL/Sources/Operations/Mutations/ReleaseDeletedBlobsMutation.graphql.swift	verbatim		27	0	txt
ac_cloud-notes/packages/frontend/apps/ios/App/Packages/AffineGraphQL/Sources/Operations/Mutations/RemoveAvatarMutation.graphql.swift	verbatim		40	0	txt
ac_cloud-notes/packages/frontend/apps/ios/App/Packages/AffineGraphQL/Sources/Operations/Mutations/RemoveWorkspaceArtifactMutation.graphql.swift	verbatim		39	0	txt
ac_cloud-notes/packages/frontend/apps/ios/App/Packages/AffineGraphQL/Sources/Operations/Mutations/RemoveWorkspaceEmbeddingIgnoredDocsMutation.graphql.swift	verbatim		39	0	txt
ac_cloud-notes/packages/frontend/apps/ios/App/Packages/AffineGraphQL/Sources/Operations/Mutations/ReorderWorkspaceByokProfilesMutation.graphql.swift	verbatim		47	0	txt
ac_cloud-notes/packages/frontend/apps/ios/App/Packages/AffineGraphQL/Sources/Operations/Mutations/ReplaceWorkspaceByokProfileMutation.graphql.swift	verbatim		43	0	txt
ac_cloud-notes/packages/frontend/apps/ios/App/Packages/AffineGraphQL/Sources/Operations/Mutations/RequestApplySubscriptionMutation.graphql.swift	verbatim		63	0	txt
ac_cloud-notes/packages/frontend/apps/ios/App/Packages/AffineGraphQL/Sources/Operations/Mutations/ResolveCommentMutation.graphql.swift	verbatim		28	0	txt
ac_cloud-notes/packages/frontend/apps/ios/App/Packages/AffineGraphQL/Sources/Operations/Mutations/ResumeSubscriptionMutation.graphql.swift	verbatim		63	0	txt
ac_cloud-notes/packages/frontend/apps/ios/App/Packages/AffineGraphQL/Sources/Operations/Mutations/RetryTranscriptTaskMutation.graphql.swift	verbatim		56	0	txt
ac_cloud-notes/packages/frontend/apps/ios/App/Packages/AffineGraphQL/Sources/Operations/Mutations/RevokeDocUserRolesMutation.graphql.swift	verbatim		27	0	txt
ac_cloud-notes/packages/frontend/apps/ios/App/Packages/AffineGraphQL/Sources/Operations/Mutations/RevokeInviteLinkMutation.graphql.swift	verbatim		27	0	txt
ac_cloud-notes/packages/frontend/apps/ios/App/Packages/AffineGraphQL/Sources/Operations/Mutations/RevokeMcpCredentialMutation.graphql.swift	verbatim		38	0	txt
ac_cloud-notes/packages/frontend/apps/ios/App/Packages/AffineGraphQL/Sources/Operations/Mutations/RevokeMemberPermissionMutation.graphql.swift	verbatim		38	0	txt
ac_cloud-notes/packages/frontend/apps/ios/App/Packages/AffineGraphQL/Sources/Operations/Mutations/RevokePublicPageMutation.graphql.swift	verbatim		58	0	txt
ac_cloud-notes/packages/frontend/apps/ios/App/Packages/AffineGraphQL/Sources/Operations/Mutations/RotateAuthSigningKeyMutation.graphql.swift	verbatim		55	0	txt
ac_cloud-notes/packages/frontend/apps/ios/App/Packages/AffineGraphQL/Sources/Operations/Mutations/RotateMcpCredentialMutation.graphql.swift	verbatim		97	0	txt
ac_cloud-notes/packages/frontend/apps/ios/App/Packages/AffineGraphQL/Sources/Operations/Mutations/RotateWorkspaceByokCredentialMutation.graphql.swift	verbatim		43	0	txt
ac_cloud-notes/packages/frontend/apps/ios/App/Packages/AffineGraphQL/Sources/Operations/Mutations/SendChangeEmailMutation.graphql.swift	verbatim		27	0	txt
ac_cloud-notes/packages/frontend/apps/ios/App/Packages/AffineGraphQL/Sources/Operations/Mutations/SendChangePasswordEmailMutation.graphql.swift	verbatim		27	0	txt
ac_cloud-notes/packages/frontend/apps/ios/App/Packages/AffineGraphQL/Sources/Operations/Mutations/SendSetPasswordEmailMutation.graphql.swift	verbatim		27	0	txt
ac_cloud-notes/packages/frontend/apps/ios/App/Packages/AffineGraphQL/Sources/Operations/Mutations/SendTestEmailMutation.graphql.swift	verbatim		63	0	txt
ac_cloud-notes/packages/frontend/apps/ios/App/Packages/AffineGraphQL/Sources/Operations/Mutations/SendVerifyChangeEmailMutation.graphql.swift	verbatim		43	0	txt
ac_cloud-notes/packages/frontend/apps/ios/App/Packages/AffineGraphQL/Sources/Operations/Mutations/SendVerifyEmailMutation.graphql.swift	verbatim		27	0	txt
ac_cloud-notes/packages/frontend/apps/ios/App/Packages/AffineGraphQL/Sources/Operations/Mutations/SetBlobMutation.graphql.swift	verbatim		38	0	txt
ac_cloud-notes/packages/frontend/apps/ios/App/Packages/AffineGraphQL/Sources/Operations/Mutations/SetEnableAiMutation.graphql.swift	verbatim		55	0	txt
ac_cloud-notes/packages/frontend/apps/ios/App/Packages/AffineGraphQL/Sources/Operations/Mutations/SetEnableDocEmbeddingMutation.graphql.swift	verbatim		55	0	txt
ac_cloud-notes/packages/frontend/apps/ios/App/Packages/AffineGraphQL/Sources/Operations/Mutations/SetEnableSharingMutation.graphql.swift	verbatim		55	0	txt
ac_cloud-notes/packages/frontend/apps/ios/App/Packages/AffineGraphQL/Sources/Operations/Mutations/SetEnableUrlPreviewMutation.graphql.swift	verbatim		55	0	txt
ac_cloud-notes/packages/frontend/apps/ios/App/Packages/AffineGraphQL/Sources/Operations/Mutations/SetWorkspacePublicByIdMutation.graphql.swift	verbatim		55	0	txt
ac_cloud-notes/packages/frontend/apps/ios/App/Packages/AffineGraphQL/Sources/Operations/Mutations/SettleTranscriptTaskMutation.graphql.swift	verbatim		242	0	txt
ac_cloud-notes/packages/frontend/apps/ios/App/Packages/AffineGraphQL/Sources/Operations/Mutations/SubmitTranscriptTaskMutation.graphql.swift	verbatim		71	0	txt
ac_cloud-notes/packages/frontend/apps/ios/App/Packages/AffineGraphQL/Sources/Operations/Mutations/UnlinkCalendarAccountMutation.graphql.swift	verbatim		27	0	txt
ac_cloud-notes/packages/frontend/apps/ios/App/Packages/AffineGraphQL/Sources/Operations/Mutations/UpdateAccountFeaturesMutation.graphql.swift	verbatim		39	0	txt
ac_cloud-notes/packages/frontend/apps/ios/App/Packages/AffineGraphQL/Sources/Operations/Mutations/UpdateAccountMutation.graphql.swift	verbatim		61	0	txt
ac_cloud-notes/packages/frontend/apps/ios/App/Packages/AffineGraphQL/Sources/Operations/Mutations/UpdateAppConfigMutation.graphql.swift	verbatim		28	0	txt
ac_cloud-notes/packages/frontend/apps/ios/App/Packages/AffineGraphQL/Sources/Operations/Mutations/UpdateCalendarAccountMutation.graphql.swift	verbatim		74	0	txt
ac_cloud-notes/packages/frontend/apps/ios/App/Packages/AffineGraphQL/Sources/Operations/Mutations/UpdateCommentMutation.graphql.swift	verbatim		28	0	txt
ac_cloud-notes/packages/frontend/apps/ios/App/Packages/AffineGraphQL/Sources/Operations/Mutations/UpdateCopilotSessionMutation.graphql.swift	verbatim		28	0	txt
ac_cloud-notes/packages/frontend/apps/ios/App/Packages/AffineGraphQL/Sources/Operations/Mutations/UpdateDocDefaultRoleMutation.graphql.swift	verbatim		27	0	txt
ac_cloud-notes/packages/frontend/apps/ios/App/Packages/AffineGraphQL/Sources/Operations/Mutations/UpdateDocUserRoleMutation.graphql.swift	verbatim		27	0	txt
ac_cloud-notes/packages/frontend/apps/ios/App/Packages/AffineGraphQL/Sources/Operations/Mutations/UpdateReplyMutation.graphql.swift	verbatim		28	0	txt
ac_cloud-notes/packages/frontend/apps/ios/App/Packages/AffineGraphQL/Sources/Operations/Mutations/UpdateSubscriptionMutation.graphql.swift	verbatim		68	0	txt
ac_cloud-notes/packages/frontend/apps/ios/App/Packages/AffineGraphQL/Sources/Operations/Mutations/UpdateUserProfileMutation.graphql.swift	verbatim		46	0	txt
ac_cloud-notes/packages/frontend/apps/ios/App/Packages/AffineGraphQL/Sources/Operations/Mutations/UpdateUserSettingsMutation.graphql.swift	verbatim		28	0	txt
ac_cloud-notes/packages/frontend/apps/ios/App/Packages/AffineGraphQL/Sources/Operations/Mutations/UpdateWorkspaceCalendarsMutation.graphql.swift	verbatim		79	0	txt
ac_cloud-notes/packages/frontend/apps/ios/App/Packages/AffineGraphQL/Sources/Operations/Mutations/UploadAvatarMutation.graphql.swift	verbatim		53	0	txt
ac_cloud-notes/packages/frontend/apps/ios/App/Packages/AffineGraphQL/Sources/Operations/Mutations/UploadCommentAttachmentMutation.graphql.swift	verbatim		44	0	txt
ac_cloud-notes/packages/frontend/apps/ios/App/Packages/AffineGraphQL/Sources/Operations/Mutations/VerifyEmailMutation.graphql.swift	verbatim		27	0	txt
ac_cloud-notes/packages/frontend/apps/ios/App/Packages/AffineGraphQL/Sources/Operations/Queries/AdminAllSharedLinksQuery.graphql.swift	verbatim		165	0	txt
ac_cloud-notes/packages/frontend/apps/ios/App/Packages/AffineGraphQL/Sources/Operations/Queries/AdminDashboardQuery.graphql.swift	verbatim		258	0	txt
ac_cloud-notes/packages/frontend/apps/ios/App/Packages/AffineGraphQL/Sources/Operations/Queries/AdminMailDeliveriesQuery.graphql.swift	verbatim		230	0	txt
ac_cloud-notes/packages/frontend/apps/ios/App/Packages/AffineGraphQL/Sources/Operations/Queries/AdminServerConfigQuery.graphql.swift	verbatim		111	0	txt
ac_cloud-notes/packages/frontend/apps/ios/App/Packages/AffineGraphQL/Sources/Operations/Queries/AdminWorkspaceQuery.graphql.swift	verbatim		167	0	txt
ac_cloud-notes/packages/frontend/apps/ios/App/Packages/AffineGraphQL/Sources/Operations/Queries/AdminWorkspacesCountQuery.graphql.swift	verbatim		28	0	txt
ac_cloud-notes/packages/frontend/apps/ios/App/Packages/AffineGraphQL/Sources/Operations/Queries/AdminWorkspacesQuery.graphql.swift	verbatim		96	0	txt
ac_cloud-notes/packages/frontend/apps/ios/App/Packages/AffineGraphQL/Sources/Operations/Queries/AppConfigQuery.graphql.swift	verbatim		24	0	txt
ac_cloud-notes/packages/frontend/apps/ios/App/Packages/AffineGraphQL/Sources/Operations/Queries/AuthSigningKeysQuery.graphql.swift	verbatim		51	0	txt
ac_cloud-notes/packages/frontend/apps/ios/App/Packages/AffineGraphQL/Sources/Operations/Queries/CalendarAccountsQuery.graphql.swift	verbatim		110	0	txt
ac_cloud-notes/packages/frontend/apps/ios/App/Packages/AffineGraphQL/Sources/Operations/Queries/CalendarEventsQuery.graphql.swift	verbatim		115	0	txt
ac_cloud-notes/packages/frontend/apps/ios/App/Packages/AffineGraphQL/Sources/Operations/Queries/CalendarProvidersQuery.graphql.swift	verbatim		64	0	txt
ac_cloud-notes/packages/frontend/apps/ios/App/Packages/AffineGraphQL/Sources/Operations/Queries/CopilotQuotaQuery.graphql.swift	verbatim		75	0	txt
ac_cloud-notes/packages/frontend/apps/ios/App/Packages/AffineGraphQL/Sources/Operations/Queries/GetAllWorkspaceEmbeddingIgnoredDocsQuery.graphql.swift	verbatim		78	0	txt
ac_cloud-notes/packages/frontend/apps/ios/App/Packages/AffineGraphQL/Sources/Operations/Queries/GetBlobUploadPartUrlQuery.graphql.swift	verbatim		85	0	txt
ac_cloud-notes/packages/frontend/apps/ios/App/Packages/AffineGraphQL/Sources/Operations/Queries/GetCopilotDocSessionsQuery.graphql.swift	verbatim		106	0	txt
ac_cloud-notes/packages/frontend/apps/ios/App/Packages/AffineGraphQL/Sources/Operations/Queries/GetCopilotHistoriesQuery.graphql.swift	verbatim		106	0	txt
ac_cloud-notes/packages/frontend/apps/ios/App/Packages/AffineGraphQL/Sources/Operations/Queries/GetCopilotHistoryIdsQuery.graphql.swift	verbatim		178	0	txt
ac_cloud-notes/packages/frontend/apps/ios/App/Packages/AffineGraphQL/Sources/Operations/Queries/GetCopilotLatestDocSessionQuery.graphql.swift	verbatim		103	0	txt
ac_cloud-notes/packages/frontend/apps/ios/App/Packages/AffineGraphQL/Sources/Operations/Queries/GetCopilotPinnedSessionsQuery.graphql.swift	verbatim		110	0	txt
ac_cloud-notes/packages/frontend/apps/ios/App/Packages/AffineGraphQL/Sources/Operations/Queries/GetCopilotRecentSessionsQuery.graphql.swift	verbatim		109	0	txt
ac_cloud-notes/packages/frontend/apps/ios/App/Packages/AffineGraphQL/Sources/Operations/Queries/GetCopilotRouteOptionsQuery.graphql.swift	verbatim		103	0	txt
ac_cloud-notes/packages/frontend/apps/ios/App/Packages/AffineGraphQL/Sources/Operations/Queries/GetCopilotSessionQuery.graphql.swift	verbatim		97	0	txt
ac_cloud-notes/packages/frontend/apps/ios/App/Packages/AffineGraphQL/Sources/Operations/Queries/GetCopilotSessionsQuery.graphql.swift	verbatim		106	0	txt
ac_cloud-notes/packages/frontend/apps/ios/App/Packages/AffineGraphQL/Sources/Operations/Queries/GetCopilotWorkspaceSessionsQuery.graphql.swift	verbatim		102	0	txt
ac_cloud-notes/packages/frontend/apps/ios/App/Packages/AffineGraphQL/Sources/Operations/Queries/GetCurrentUserFeaturesQuery.graphql.swift	verbatim		55	0	txt
ac_cloud-notes/packages/frontend/apps/ios/App/Packages/AffineGraphQL/Sources/Operations/Queries/GetCurrentUserQuery.graphql.swift	verbatim		58	0	txt
ac_cloud-notes/packages/frontend/apps/ios/App/Packages/AffineGraphQL/Sources/Operations/Queries/GetDocCreatedByUpdatedByListQuery.graphql.swift	verbatim		126	0	txt
ac_cloud-notes/packages/frontend/apps/ios/App/Packages/AffineGraphQL/Sources/Operations/Queries/GetDocLastAccessedMembersQuery.graphql.swift	verbatim		186	0	txt
ac_cloud-notes/packages/frontend/apps/ios/App/Packages/AffineGraphQL/Sources/Operations/Queries/GetDocPageAnalyticsQuery.graphql.swift	verbatim		166	0	txt
ac_cloud-notes/packages/frontend/apps/ios/App/Packages/AffineGraphQL/Sources/Operations/Queries/GetDocRolePermissionsQuery.graphql.swift	verbatim		125	0	txt
ac_cloud-notes/packages/frontend/apps/ios/App/Packages/AffineGraphQL/Sources/Operations/Queries/GetDocSummaryQuery.graphql.swift	verbatim		69	0	txt
ac_cloud-notes/packages/frontend/apps/ios/App/Packages/AffineGraphQL/Sources/Operations/Queries/GetInviteInfoQuery.graphql.swift	verbatim		118	0	txt
ac_cloud-notes/packages/frontend/apps/ios/App/Packages/AffineGraphQL/Sources/Operations/Queries/GetInvoicesCountQuery.graphql.swift	verbatim		41	0	txt
ac_cloud-notes/packages/frontend/apps/ios/App/Packages/AffineGraphQL/Sources/Operations/Queries/GetLicenseQuery.graphql.swift	verbatim		73	0	txt
ac_cloud-notes/packages/frontend/apps/ios/App/Packages/AffineGraphQL/Sources/Operations/Queries/GetMemberCountByWorkspaceIdQuery.graphql.swift	verbatim		45	0	txt
ac_cloud-notes/packages/frontend/apps/ios/App/Packages/AffineGraphQL/Sources/Operations/Queries/GetPublicUserByIdQuery.graphql.swift	verbatim		48	0	txt
ac_cloud-notes/packages/frontend/apps/ios/App/Packages/AffineGraphQL/Sources/Operations/Queries/GetRecentlyUpdatedDocsQuery.graphql.swift	verbatim		133	0	txt
ac_cloud-notes/packages/frontend/apps/ios/App/Packages/AffineGraphQL/Sources/Operations/Queries/GetTranscriptTaskQuery.graphql.swift	verbatim		278	0	txt
ac_cloud-notes/packages/frontend/apps/ios/App/Packages/AffineGraphQL/Sources/Operations/Queries/GetUserByEmailQuery.graphql.swift	verbatim		65	0	txt
ac_cloud-notes/packages/frontend/apps/ios/App/Packages/AffineGraphQL/Sources/Operations/Queries/GetUserFeaturesQuery.graphql.swift	verbatim		43	0	txt
ac_cloud-notes/packages/frontend/apps/ios/App/Packages/AffineGraphQL/Sources/Operations/Queries/GetUserQuery.graphql.swift	verbatim		96	0	txt
ac_cloud-notes/packages/frontend/apps/ios/App/Packages/AffineGraphQL/Sources/Operations/Queries/GetUserSettingsQuery.graphql.swift	verbatim		64	0	txt
ac_cloud-notes/packages/frontend/apps/ios/App/Packages/AffineGraphQL/Sources/Operations/Queries/GetWorkspaceArtifactsQuery.graphql.swift	verbatim		150	0	txt
ac_cloud-notes/packages/frontend/apps/ios/App/Packages/AffineGraphQL/Sources/Operations/Queries/GetWorkspaceEmbeddingIgnoredDocsQuery.graphql.swift	verbatim		152	0	txt
ac_cloud-notes/packages/frontend/apps/ios/App/Packages/AffineGraphQL/Sources/Operations/Queries/GetWorkspacePageByIdQuery.graphql.swift	verbatim		79	0	txt
ac_cloud-notes/packages/frontend/apps/ios/App/Packages/AffineGraphQL/Sources/Operations/Queries/GetWorkspacePageMetaByIdQuery.graphql.swift	verbatim		112	0	txt
ac_cloud-notes/packages/frontend/apps/ios/App/Packages/AffineGraphQL/Sources/Operations/Queries/GetWorkspacePublicByIdQuery.graphql.swift	verbatim		45	0	txt
ac_cloud-notes/packages/frontend/apps/ios/App/Packages/AffineGraphQL/Sources/Operations/Queries/GetWorkspacePublicPagesQuery.graphql.swift	verbatim		63	0	txt
ac_cloud-notes/packages/frontend/apps/ios/App/Packages/AffineGraphQL/Sources/Operations/Queries/GetWorkspaceQuery.graphql.swift	verbatim		44	0	txt
ac_cloud-notes/packages/frontend/apps/ios/App/Packages/AffineGraphQL/Sources/Operations/Queries/GetWorkspaceRolePermissionsQuery.graphql.swift	verbatim		97	0	txt
ac_cloud-notes/packages/frontend/apps/ios/App/Packages/AffineGraphQL/Sources/Operations/Queries/GetWorkspaceSubscriptionQuery.graphql.swift	verbatim		80	0	txt
ac_cloud-notes/packages/frontend/apps/ios/App/Packages/AffineGraphQL/Sources/Operations/Queries/GetWorkspacesQuery.graphql.swift	verbatim		65	0	txt
ac_cloud-notes/packages/frontend/apps/ios/App/Packages/AffineGraphQL/Sources/Operations/Queries/IndexerAggregateQuery.graphql.swift	verbatim		152	0	txt
ac_cloud-notes/packages/frontend/apps/ios/App/Packages/AffineGraphQL/Sources/Operations/Queries/IndexerSearchDocsQuery.graphql.swift	verbatim		123	0	txt
ac_cloud-notes/packages/frontend/apps/ios/App/Packages/AffineGraphQL/Sources/Operations/Queries/IndexerSearchQuery.graphql.swift	verbatim		114	0	txt
ac_cloud-notes/packages/frontend/apps/ios/App/Packages/AffineGraphQL/Sources/Operations/Queries/InvoicesQuery.graphql.swift	verbatim		86	0	txt
ac_cloud-notes/packages/frontend/apps/ios/App/Packages/AffineGraphQL/Sources/Operations/Queries/ListBlobsQuery.graphql.swift	verbatim		67	0	txt
ac_cloud-notes/packages/frontend/apps/ios/App/Packages/AffineGraphQL/Sources/Operations/Queries/ListCommentChangesQuery.graphql.swift	verbatim		144	0	txt
ac_cloud-notes/packages/frontend/apps/ios/App/Packages/AffineGraphQL/Sources/Operations/Queries/ListCommentsQuery.graphql.swift	verbatim		224	0	txt
ac_cloud-notes/packages/frontend/apps/ios/App/Packages/AffineGraphQL/Sources/Operations/Queries/ListHistoryQuery.graphql.swift	verbatim		102	0	txt
ac_cloud-notes/packages/frontend/apps/ios/App/Packages/AffineGraphQL/Sources/Operations/Queries/ListNotificationsQuery.graphql.swift	verbatim		139	0	txt
ac_cloud-notes/packages/frontend/apps/ios/App/Packages/AffineGraphQL/Sources/Operations/Queries/ListUsersQuery.graphql.swift	verbatim		68	0	txt
ac_cloud-notes/packages/frontend/apps/ios/App/Packages/AffineGraphQL/Sources/Operations/Queries/McpCredentialsQuery.graphql.swift	verbatim		65	0	txt
ac_cloud-notes/packages/frontend/apps/ios/App/Packages/AffineGraphQL/Sources/Operations/Queries/OauthProvidersQuery.graphql.swift	verbatim		40	0	txt
ac_cloud-notes/packages/frontend/apps/ios/App/Packages/AffineGraphQL/Sources/Operations/Queries/PricesQuery.graphql.swift	verbatim		49	0	txt
ac_cloud-notes/packages/frontend/apps/ios/App/Packages/AffineGraphQL/Sources/Operations/Queries/QuotaQuery.graphql.swift	verbatim		111	0	txt
ac_cloud-notes/packages/frontend/apps/ios/App/Packages/AffineGraphQL/Sources/Operations/Queries/ServerConfigQuery.graphql.swift	verbatim		85	0	txt
ac_cloud-notes/packages/frontend/apps/ios/App/Packages/AffineGraphQL/Sources/Operations/Queries/SubscriptionQuery.graphql.swift	verbatim		77	0	txt
ac_cloud-notes/packages/frontend/apps/ios/App/Packages/AffineGraphQL/Sources/Operations/Queries/ValidateConfigQuery.graphql.swift	verbatim		52	0	txt
ac_cloud-notes/packages/frontend/apps/ios/App/Packages/AffineGraphQL/Sources/Operations/Queries/WorkspaceBlobQuotaQuery.graphql.swift	verbatim		79	0	txt
ac_cloud-notes/packages/frontend/apps/ios/App/Packages/AffineGraphQL/Sources/Operations/Queries/WorkspaceByokSettingsQuery.graphql.swift	verbatim		427	0	txt
ac_cloud-notes/packages/frontend/apps/ios/App/Packages/AffineGraphQL/Sources/Operations/Queries/WorkspaceCalendarsQuery.graphql.swift	verbatim		96	0	txt
ac_cloud-notes/packages/frontend/apps/ios/App/Packages/AffineGraphQL/Sources/Operations/Queries/WorkspaceInvoicesQuery.graphql.swift	verbatim		90	0	txt
ac_cloud-notes/packages/frontend/apps/ios/App/Packages/AffineGraphQL/Sources/Schema/CustomScalars/DateTime.swift	verbatim		9	0	txt
ac_cloud-notes/packages/frontend/apps/ios/App/Packages/AffineGraphQL/Sources/Schema/CustomScalars/ID.swift	verbatim		9	0	txt
ac_cloud-notes/packages/frontend/apps/ios/App/Packages/AffineGraphQL/Sources/Schema/CustomScalars/JSON.swift	verbatim		20	0	txt
ac_cloud-notes/packages/frontend/apps/ios/App/Packages/AffineGraphQL/Sources/Schema/CustomScalars/JSONObject.swift	verbatim		23	0	txt
ac_cloud-notes/packages/frontend/apps/ios/App/Packages/AffineGraphQL/Sources/Schema/CustomScalars/SafeInt.swift	verbatim		9	0	txt
ac_cloud-notes/packages/frontend/apps/ios/App/Packages/AffineGraphQL/Sources/Schema/CustomScalars/Upload.swift	verbatim		9	0	txt
ac_cloud-notes/packages/frontend/apps/ios/App/Packages/AffineGraphQL/Sources/Schema/Enums/AdminSharedLinksOrder.graphql.swift	verbatim		8	0	txt
ac_cloud-notes/packages/frontend/apps/ios/App/Packages/AffineGraphQL/Sources/Schema/Enums/AdminWorkspaceMemberRole.graphql.swift	verbatim		8	0	txt
ac_cloud-notes/packages/frontend/apps/ios/App/Packages/AffineGraphQL/Sources/Schema/Enums/AdminWorkspaceSort.graphql.swift	verbatim		12	0	txt
ac_cloud-notes/packages/frontend/apps/ios/App/Packages/AffineGraphQL/Sources/Schema/Enums/AiJobStatus.graphql.swift	verbatim		10	0	txt
ac_cloud-notes/packages/frontend/apps/ios/App/Packages/AffineGraphQL/Sources/Schema/Enums/BlobUploadMethod.graphql.swift	verbatim		9	0	txt
ac_cloud-notes/packages/frontend/apps/ios/App/Packages/AffineGraphQL/Sources/Schema/Enums/ByokAttachmentKind.graphql.swift	verbatim		8	0	txt
ac_cloud-notes/packages/frontend/apps/ios/App/Packages/AffineGraphQL/Sources/Schema/Enums/ByokAttachmentSource.graphql.swift	verbatim		9	0	txt
ac_cloud-notes/packages/frontend/apps/ios/App/Packages/AffineGraphQL/Sources/Schema/Enums/ByokCustomEndpointMode.graphql.swift	verbatim		8	0	txt
ac_cloud-notes/packages/frontend/apps/ios/App/Packages/AffineGraphQL/Sources/Schema/Enums/ByokEndpointKind.graphql.swift	verbatim		7	0	txt
ac_cloud-notes/packages/frontend/apps/ios/App/Packages/AffineGraphQL/Sources/Schema/Enums/ByokModelFeature.graphql.swift	verbatim		8	0	txt
ac_cloud-notes/packages/frontend/apps/ios/App/Packages/AffineGraphQL/Sources/Schema/Enums/ByokModelInput.graphql.swift	verbatim		9	0	txt
ac_cloud-notes/packages/frontend/apps/ios/App/Packages/AffineGraphQL/Sources/Schema/Enums/ByokModelOutput.graphql.swift	verbatim		11	0	txt
ac_cloud-notes/packages/frontend/apps/ios/App/Packages/AffineGraphQL/Sources/Schema/Enums/ByokOpenAiDialect.graphql.swift	verbatim		7	0	txt
ac_cloud-notes/packages/frontend/apps/ios/App/Packages/AffineGraphQL/Sources/Schema/Enums/ByokProbeOperation.graphql.swift	verbatim		13	0	txt
ac_cloud-notes/packages/frontend/apps/ios/App/Packages/AffineGraphQL/Sources/Schema/Enums/ByokProbeStatusKind.graphql.swift	verbatim		8	0	txt
ac_cloud-notes/packages/frontend/apps/ios/App/Packages/AffineGraphQL/Sources/Schema/Enums/ByokProvider.graphql.swift	verbatim		9	0	txt
ac_cloud-notes/packages/frontend/apps/ios/App/Packages/AffineGraphQL/Sources/Schema/Enums/CalendarProviderType.graphql.swift	verbatim		7	0	txt
ac_cloud-notes/packages/frontend/apps/ios/App/Packages/AffineGraphQL/Sources/Schema/Enums/ChatHistoryOrder.graphql.swift	verbatim		7	0	txt
ac_cloud-notes/packages/frontend/apps/ios/App/Packages/AffineGraphQL/Sources/Schema/Enums/CommentChangeAction.graphql.swift	verbatim		8	0	txt
ac_cloud-notes/packages/frontend/apps/ios/App/Packages/AffineGraphQL/Sources/Schema/Enums/DocMode.graphql.swift	verbatim		8	0	txt
ac_cloud-notes/packages/frontend/apps/ios/App/Packages/AffineGraphQL/Sources/Schema/Enums/DocRole.graphql.swift	verbatim		13	0	txt
ac_cloud-notes/packages/frontend/apps/ios/App/Packages/AffineGraphQL/Sources/Schema/Enums/FeatureType.graphql.swift	verbatim		6	0	txt
ac_cloud-notes/packages/frontend/apps/ios/App/Packages/AffineGraphQL/Sources/Schema/Enums/InvoiceStatus.graphql.swift	verbatim		10	0	txt
ac_cloud-notes/packages/frontend/apps/ios/App/Packages/AffineGraphQL/Sources/Schema/Enums/McpAccessMode.graphql.swift	verbatim		7	0	txt
ac_cloud-notes/packages/frontend/apps/ios/App/Packages/AffineGraphQL/Sources/Schema/Enums/McpCredentialStatus.graphql.swift	verbatim		10	0	txt
ac_cloud-notes/packages/frontend/apps/ios/App/Packages/AffineGraphQL/Sources/Schema/Enums/NotificationLevel.graphql.swift	verbatim		11	0	txt
ac_cloud-notes/packages/frontend/apps/ios/App/Packages/AffineGraphQL/Sources/Schema/Enums/NotificationType.graphql.swift	verbatim		16	0	txt
ac_cloud-notes/packages/frontend/apps/ios/App/Packages/AffineGraphQL/Sources/Schema/Enums/OAuthProviderType.graphql.swift	verbatim		9	0	txt
ac_cloud-notes/packages/frontend/apps/ios/App/Packages/AffineGraphQL/Sources/Schema/Enums/Permission.graphql.swift	verbatim		10	0	txt
ac_cloud-notes/packages/frontend/apps/ios/App/Packages/AffineGraphQL/Sources/Schema/Enums/PublicDocMode.graphql.swift	verbatim		8	0	txt
ac_cloud-notes/packages/frontend/apps/ios/App/Packages/AffineGraphQL/Sources/Schema/Enums/SearchQueryOccur.graphql.swift	verbatim		9	0	txt
ac_cloud-notes/packages/frontend/apps/ios/App/Packages/AffineGraphQL/Sources/Schema/Enums/SearchQueryType.graphql.swift	verbatim		11	0	txt
ac_cloud-notes/packages/frontend/apps/ios/App/Packages/AffineGraphQL/Sources/Schema/Enums/SearchTable.graphql.swift	verbatim		8	0	txt
ac_cloud-notes/packages/frontend/apps/ios/App/Packages/AffineGraphQL/Sources/Schema/Enums/ServerDeploymentType.graphql.swift	verbatim		7	0	txt
ac_cloud-notes/packages/frontend/apps/ios/App/Packages/AffineGraphQL/Sources/Schema/Enums/ServerFeature.graphql.swift	verbatim		13	0	txt
ac_cloud-notes/packages/frontend/apps/ios/App/Packages/AffineGraphQL/Sources/Schema/Enums/SubscriptionPlan.graphql.swift	verbatim		12	0	txt
ac_cloud-notes/packages/frontend/apps/ios/App/Packages/AffineGraphQL/Sources/Schema/Enums/SubscriptionRecurring.graphql.swift	verbatim		8	0	txt
ac_cloud-notes/packages/frontend/apps/ios/App/Packages/AffineGraphQL/Sources/Schema/Enums/SubscriptionStatus.graphql.swift	verbatim		13	0	txt
ac_cloud-notes/packages/frontend/apps/ios/App/Packages/AffineGraphQL/Sources/Schema/Enums/SubscriptionVariant.graphql.swift	verbatim		6	0	txt
ac_cloud-notes/packages/frontend/apps/ios/App/Packages/AffineGraphQL/Sources/Schema/Enums/TimeBucket.graphql.swift	verbatim		8	0	txt
ac_cloud-notes/packages/frontend/apps/ios/App/Packages/AffineGraphQL/Sources/Schema/Enums/WorkspaceInviteLinkExpireTime.graphql.swift	verbatim		10	0	txt
ac_cloud-notes/packages/frontend/apps/ios/App/Packages/AffineGraphQL/Sources/Schema/Enums/WorkspaceMemberStatus.graphql.swift	verbatim		12	0	txt
ac_cloud-notes/packages/frontend/apps/ios/App/Packages/AffineGraphQL/Sources/Schema/InputObjects/AdminAllSharedLinksFilterInput.graphql.swift	verbatim		50	0	txt
ac_cloud-notes/packages/frontend/apps/ios/App/Packages/AffineGraphQL/Sources/Schema/InputObjects/AdminDashboardInput.graphql.swift	verbatim		44	0	txt
ac_cloud-notes/packages/frontend/apps/ios/App/Packages/AffineGraphQL/Sources/Schema/InputObjects/AdminMailDeliveriesInput.graphql.swift	verbatim		20	0	txt
ac_cloud-notes/packages/frontend/apps/ios/App/Packages/AffineGraphQL/Sources/Schema/InputObjects/AdminUpdateWorkspaceInput.graphql.swift	verbatim		62	0	txt
ac_cloud-notes/packages/frontend/apps/ios/App/Packages/AffineGraphQL/Sources/Schema/InputObjects/AggregateHitsOptions.graphql.swift	verbatim		32	0	txt
ac_cloud-notes/packages/frontend/apps/ios/App/Packages/AffineGraphQL/Sources/Schema/InputObjects/AggregateHitsPagination.graphql.swift	verbatim		26	0	txt
ac_cloud-notes/packages/frontend/apps/ios/App/Packages/AffineGraphQL/Sources/Schema/InputObjects/AggregateInput.graphql.swift	verbatim		38	0	txt
ac_cloud-notes/packages/frontend/apps/ios/App/Packages/AffineGraphQL/Sources/Schema/InputObjects/AggregateOptions.graphql.swift	verbatim		26	0	txt
ac_cloud-notes/packages/frontend/apps/ios/App/Packages/AffineGraphQL/Sources/Schema/InputObjects/AudioSliceManifestItemInput.graphql.swift	verbatim		50	0	txt
ac_cloud-notes/packages/frontend/apps/ios/App/Packages/AffineGraphQL/Sources/Schema/InputObjects/BlobUploadPartInput.graphql.swift	verbatim		26	0	txt
ac_cloud-notes/packages/frontend/apps/ios/App/Packages/AffineGraphQL/Sources/Schema/InputObjects/CommentCreateInput.graphql.swift	verbatim		51	0	txt
ac_cloud-notes/packages/frontend/apps/ios/App/Packages/AffineGraphQL/Sources/Schema/InputObjects/CommentResolveInput.graphql.swift	verbatim		27	0	txt
ac_cloud-notes/packages/frontend/apps/ios/App/Packages/AffineGraphQL/Sources/Schema/InputObjects/CommentUpdateInput.graphql.swift	verbatim		26	0	txt
ac_cloud-notes/packages/frontend/apps/ios/App/Packages/AffineGraphQL/Sources/Schema/InputObjects/CreateChatMessageInput.graphql.swift	verbatim		67	0	txt
ac_cloud-notes/packages/frontend/apps/ios/App/Packages/AffineGraphQL/Sources/Schema/InputObjects/CreateChatSessionInput.graphql.swift	verbatim		46	0	txt
ac_cloud-notes/packages/frontend/apps/ios/App/Packages/AffineGraphQL/Sources/Schema/InputObjects/CreateCheckoutSessionInput.graphql.swift	verbatim		75	0	txt
ac_cloud-notes/packages/frontend/apps/ios/App/Packages/AffineGraphQL/Sources/Schema/InputObjects/CreateMcpCredentialInput.graphql.swift	verbatim		38	0	txt
ac_cloud-notes/packages/frontend/apps/ios/App/Packages/AffineGraphQL/Sources/Schema/InputObjects/CreateUserInput.graphql.swift	verbatim		32	0	txt
ac_cloud-notes/packages/frontend/apps/ios/App/Packages/AffineGraphQL/Sources/Schema/InputObjects/CreateWorkspaceByokLocalLeaseInput.graphql.swift	verbatim		26	0	txt
ac_cloud-notes/packages/frontend/apps/ios/App/Packages/AffineGraphQL/Sources/Schema/InputObjects/CreateWorkspaceByokLocalLeaseProviderInput.graphql.swift	verbatim		50	0	txt
ac_cloud-notes/packages/frontend/apps/ios/App/Packages/AffineGraphQL/Sources/Schema/InputObjects/CreateWorkspaceByokProfileInput.graphql.swift	verbatim		56	0	txt
ac_cloud-notes/packages/frontend/apps/ios/App/Packages/AffineGraphQL/Sources/Schema/InputObjects/DeleteSessionInput.graphql.swift	verbatim		32	0	txt
ac_cloud-notes/packages/frontend/apps/ios/App/Packages/AffineGraphQL/Sources/Schema/InputObjects/DocPageAnalyticsInput.graphql.swift	verbatim		26	0	txt
ac_cloud-notes/packages/frontend/apps/ios/App/Packages/AffineGraphQL/Sources/Schema/InputObjects/ForkChatSessionInput.graphql.swift	verbatim		39	0	txt
ac_cloud-notes/packages/frontend/apps/ios/App/Packages/AffineGraphQL/Sources/Schema/InputObjects/GrantDocUserRolesInput.graphql.swift	verbatim		38	0	txt
ac_cloud-notes/packages/frontend/apps/ios/App/Packages/AffineGraphQL/Sources/Schema/InputObjects/ImportUsersInput.graphql.swift	verbatim		20	0	txt
ac_cloud-notes/packages/frontend/apps/ios/App/Packages/AffineGraphQL/Sources/Schema/InputObjects/LinkCalDAVAccountInput.graphql.swift	verbatim		38	0	txt
ac_cloud-notes/packages/frontend/apps/ios/App/Packages/AffineGraphQL/Sources/Schema/InputObjects/LinkCalendarAccountInput.graphql.swift	verbatim		26	0	txt
ac_cloud-notes/packages/frontend/apps/ios/App/Packages/AffineGraphQL/Sources/Schema/InputObjects/ListUserInput.graphql.swift	verbatim		38	0	txt
ac_cloud-notes/packages/frontend/apps/ios/App/Packages/AffineGraphQL/Sources/Schema/InputObjects/ListWorkspaceInput.graphql.swift	verbatim		68	0	txt
ac_cloud-notes/packages/frontend/apps/ios/App/Packages/AffineGraphQL/Sources/Schema/InputObjects/ManageUserInput.graphql.swift	verbatim		28	0	txt
ac_cloud-notes/packages/frontend/apps/ios/App/Packages/AffineGraphQL/Sources/Schema/InputObjects/MentionDocInput.graphql.swift	verbatim		46	0	txt
ac_cloud-notes/packages/frontend/apps/ios/App/Packages/AffineGraphQL/Sources/Schema/InputObjects/MentionInput.graphql.swift	verbatim		32	0	txt
ac_cloud-notes/packages/frontend/apps/ios/App/Packages/AffineGraphQL/Sources/Schema/InputObjects/PaginationInput.graphql.swift	verbatim		35	0	txt
ac_cloud-notes/packages/frontend/apps/ios/App/Packages/AffineGraphQL/Sources/Schema/InputObjects/ProbeWorkspaceByokDraftInput.graphql.swift	verbatim		56	0	txt
ac_cloud-notes/packages/frontend/apps/ios/App/Packages/AffineGraphQL/Sources/Schema/InputObjects/ProbeWorkspaceByokProfileInput.graphql.swift	verbatim		32	0	txt
ac_cloud-notes/packages/frontend/apps/ios/App/Packages/AffineGraphQL/Sources/Schema/InputObjects/QueryChatHistoriesInput.graphql.swift	verbatim		74	0	txt
ac_cloud-notes/packages/frontend/apps/ios/App/Packages/AffineGraphQL/Sources/Schema/InputObjects/ReorderWorkspaceByokProfilesInput.graphql.swift	verbatim		26	0	txt
ac_cloud-notes/packages/frontend/apps/ios/App/Packages/AffineGraphQL/Sources/Schema/InputObjects/ReplaceWorkspaceByokProfileInput.graphql.swift	verbatim		62	0	txt
ac_cloud-notes/packages/frontend/apps/ios/App/Packages/AffineGraphQL/Sources/Schema/InputObjects/ReplyCreateInput.graphql.swift	verbatim		45	0	txt
ac_cloud-notes/packages/frontend/apps/ios/App/Packages/AffineGraphQL/Sources/Schema/InputObjects/ReplyUpdateInput.graphql.swift	verbatim		26	0	txt
ac_cloud-notes/packages/frontend/apps/ios/App/Packages/AffineGraphQL/Sources/Schema/InputObjects/RevokeDocUserRoleInput.graphql.swift	verbatim		32	0	txt
ac_cloud-notes/packages/frontend/apps/ios/App/Packages/AffineGraphQL/Sources/Schema/InputObjects/RotateWorkspaceByokCredentialInput.graphql.swift	verbatim		38	0	txt
ac_cloud-notes/packages/frontend/apps/ios/App/Packages/AffineGraphQL/Sources/Schema/InputObjects/SearchDocsInput.graphql.swift	verbatim		27	0	txt
ac_cloud-notes/packages/frontend/apps/ios/App/Packages/AffineGraphQL/Sources/Schema/InputObjects/SearchHighlight.graphql.swift	verbatim		32	0	txt
ac_cloud-notes/packages/frontend/apps/ios/App/Packages/AffineGraphQL/Sources/Schema/InputObjects/SearchInput.graphql.swift	verbatim		32	0	txt
ac_cloud-notes/packages/frontend/apps/ios/App/Packages/AffineGraphQL/Sources/Schema/InputObjects/SearchOptions.graphql.swift	verbatim		32	0	txt
ac_cloud-notes/packages/frontend/apps/ios/App/Packages/AffineGraphQL/Sources/Schema/InputObjects/SearchPagination.graphql.swift	verbatim		32	0	txt
ac_cloud-notes/packages/frontend/apps/ios/App/Packages/AffineGraphQL/Sources/Schema/InputObjects/SearchQuery.graphql.swift	verbatim		56	0	txt
ac_cloud-notes/packages/frontend/apps/ios/App/Packages/AffineGraphQL/Sources/Schema/InputObjects/SubmitAudioTranscriptionInput.graphql.swift	verbatim		32	0	txt
ac_cloud-notes/packages/frontend/apps/ios/App/Packages/AffineGraphQL/Sources/Schema/InputObjects/TranscriptionQualityInput.graphql.swift	verbatim		26	0	txt
ac_cloud-notes/packages/frontend/apps/ios/App/Packages/AffineGraphQL/Sources/Schema/InputObjects/TranscriptionSourceAudioInput.graphql.swift	verbatim		38	0	txt
ac_cloud-notes/packages/frontend/apps/ios/App/Packages/AffineGraphQL/Sources/Schema/InputObjects/UpdateAppConfigInput.graphql.swift	verbatim		32	0	txt
ac_cloud-notes/packages/frontend/apps/ios/App/Packages/AffineGraphQL/Sources/Schema/InputObjects/UpdateChatSessionInput.graphql.swift	verbatim		41	0	txt
ac_cloud-notes/packages/frontend/apps/ios/App/Packages/AffineGraphQL/Sources/Schema/InputObjects/UpdateDocDefaultRoleInput.graphql.swift	verbatim		32	0	txt
ac_cloud-notes/packages/frontend/apps/ios/App/Packages/AffineGraphQL/Sources/Schema/InputObjects/UpdateDocUserRoleInput.graphql.swift	verbatim		38	0	txt
ac_cloud-notes/packages/frontend/apps/ios/App/Packages/AffineGraphQL/Sources/Schema/InputObjects/UpdateUserInput.graphql.swift	verbatim		21	0	txt
ac_cloud-notes/packages/frontend/apps/ios/App/Packages/AffineGraphQL/Sources/Schema/InputObjects/UpdateUserSettingsInput.graphql.swift	verbatim		35	0	txt
ac_cloud-notes/packages/frontend/apps/ios/App/Packages/AffineGraphQL/Sources/Schema/InputObjects/UpdateWorkspaceCalendarsInput.graphql.swift	verbatim		26	0	txt
ac_cloud-notes/packages/frontend/apps/ios/App/Packages/AffineGraphQL/Sources/Schema/InputObjects/WorkspaceByokCapabilityInput.graphql.swift	verbatim		44	0	txt
ac_cloud-notes/packages/frontend/apps/ios/App/Packages/AffineGraphQL/Sources/Schema/InputObjects/WorkspaceByokEndpointInput.graphql.swift	verbatim		32	0	txt
ac_cloud-notes/packages/frontend/apps/ios/App/Packages/AffineGraphQL/Sources/Schema/InputObjects/WorkspaceByokModelDeclarationInput.graphql.swift	verbatim		32	0	txt
ac_cloud-notes/packages/frontend/apps/ios/App/Packages/AffineGraphQL/Sources/Schema/InputObjects/WorkspaceByokProbeCheckInput.graphql.swift	verbatim		26	0	txt
ac_cloud-notes/packages/frontend/apps/ios/App/Packages/AffineGraphQL/Sources/Schema/InputObjects/WorkspaceByokProfileDefinitionInput.graphql.swift	verbatim		26	0	txt
ac_cloud-notes/packages/frontend/apps/ios/App/Packages/AffineGraphQL/Sources/Schema/InputObjects/WorkspaceByokProfileOrderInput.graphql.swift	verbatim		26	0	txt
ac_cloud-notes/packages/frontend/apps/ios/App/Packages/AffineGraphQL/Sources/Schema/InputObjects/WorkspaceCalendarItemInput.graphql.swift	verbatim		32	0	txt
ac_cloud-notes/packages/frontend/apps/ios/App/Packages/AffineGraphQL/Sources/Schema/Objects/AdminAllSharedLink.graphql.swift	verbatim		10	0	txt
ac_cloud-notes/packages/frontend/apps/ios/App/Packages/AffineGraphQL/Sources/Schema/Objects/AdminAllSharedLinkEdge.graphql.swift	verbatim		10	0	txt
ac_cloud-notes/packages/frontend/apps/ios/App/Packages/AffineGraphQL/Sources/Schema/Objects/AdminDashboard.graphql.swift	verbatim		10	0	txt
ac_cloud-notes/packages/frontend/apps/ios/App/Packages/AffineGraphQL/Sources/Schema/Objects/AdminDashboardMinutePoint.graphql.swift	verbatim		10	0	txt
ac_cloud-notes/packages/frontend/apps/ios/App/Packages/AffineGraphQL/Sources/Schema/Objects/AdminDashboardValueDayPoint.graphql.swift	verbatim		10	0	txt
ac_cloud-notes/packages/frontend/apps/ios/App/Packages/AffineGraphQL/Sources/Schema/Objects/AdminLicensePreview.graphql.swift	verbatim		10	0	txt
ac_cloud-notes/packages/frontend/apps/ios/App/Packages/AffineGraphQL/Sources/Schema/Objects/AdminMailDeliveryAnalytics.graphql.swift	verbatim		10	0	txt
ac_cloud-notes/packages/frontend/apps/ios/App/Packages/AffineGraphQL/Sources/Schema/Objects/AdminMailDeliveryPoint.graphql.swift	verbatim		10	0	txt
ac_cloud-notes/packages/frontend/apps/ios/App/Packages/AffineGraphQL/Sources/Schema/Objects/AdminMailDeliverySeries.graphql.swift	verbatim		10	0	txt
ac_cloud-notes/packages/frontend/apps/ios/App/Packages/AffineGraphQL/Sources/Schema/Objects/AdminMailDeliverySummary.graphql.swift	verbatim		10	0	txt
ac_cloud-notes/packages/frontend/apps/ios/App/Packages/AffineGraphQL/Sources/Schema/Objects/AdminSharedLinkTopItem.graphql.swift	verbatim		10	0	txt
ac_cloud-notes/packages/frontend/apps/ios/App/Packages/AffineGraphQL/Sources/Schema/Objects/AdminWorkspace.graphql.swift	verbatim		10	0	txt
ac_cloud-notes/packages/frontend/apps/ios/App/Packages/AffineGraphQL/Sources/Schema/Objects/AdminWorkspaceMember.graphql.swift	verbatim		10	0	txt
ac_cloud-notes/packages/frontend/apps/ios/App/Packages/AffineGraphQL/Sources/Schema/Objects/AdminWorkspaceSharedLink.graphql.swift	verbatim		10	0	txt
ac_cloud-notes/packages/frontend/apps/ios/App/Packages/AffineGraphQL/Sources/Schema/Objects/AggregateBucketHitsObjectType.graphql.swift	verbatim		10	0	txt
ac_cloud-notes/packages/frontend/apps/ios/App/Packages/AffineGraphQL/Sources/Schema/Objects/AggregateBucketObjectType.graphql.swift	verbatim		10	0	txt
ac_cloud-notes/packages/frontend/apps/ios/App/Packages/AffineGraphQL/Sources/Schema/Objects/AggregateResultObjectType.graphql.swift	verbatim		10	0	txt
ac_cloud-notes/packages/frontend/apps/ios/App/Packages/AffineGraphQL/Sources/Schema/Objects/AppConfigValidateResult.graphql.swift	verbatim		10	0	txt
ac_cloud-notes/packages/frontend/apps/ios/App/Packages/AffineGraphQL/Sources/Schema/Objects/AudioSliceManifestItemType.graphql.swift	verbatim		10	0	txt
ac_cloud-notes/packages/frontend/apps/ios/App/Packages/AffineGraphQL/Sources/Schema/Objects/AuthSigningKeyType.graphql.swift	verbatim		10	0	txt
ac_cloud-notes/packages/frontend/apps/ios/App/Packages/AffineGraphQL/Sources/Schema/Objects/BlobUploadInit.graphql.swift	verbatim		10	0	txt
ac_cloud-notes/packages/frontend/apps/ios/App/Packages/AffineGraphQL/Sources/Schema/Objects/BlobUploadPart.graphql.swift	verbatim		10	0	txt
ac_cloud-notes/packages/frontend/apps/ios/App/Packages/AffineGraphQL/Sources/Schema/Objects/BlobUploadedPart.graphql.swift	verbatim		10	0	txt
ac_cloud-notes/packages/frontend/apps/ios/App/Packages/AffineGraphQL/Sources/Schema/Objects/CalendarAccountObjectType.graphql.swift	verbatim		10	0	txt
ac_cloud-notes/packages/frontend/apps/ios/App/Packages/AffineGraphQL/Sources/Schema/Objects/CalendarCalDAVProviderPresetObjectType.graphql.swift	verbatim		10	0	txt
ac_cloud-notes/packages/frontend/apps/ios/App/Packages/AffineGraphQL/Sources/Schema/Objects/CalendarEventObjectType.graphql.swift	verbatim		10	0	txt
ac_cloud-notes/packages/frontend/apps/ios/App/Packages/AffineGraphQL/Sources/Schema/Objects/CalendarSubscriptionObjectType.graphql.swift	verbatim		10	0	txt
ac_cloud-notes/packages/frontend/apps/ios/App/Packages/AffineGraphQL/Sources/Schema/Objects/ChatMessage.graphql.swift	verbatim		10	0	txt
ac_cloud-notes/packages/frontend/apps/ios/App/Packages/AffineGraphQL/Sources/Schema/Objects/CommentChangeObjectType.graphql.swift	verbatim		10	0	txt
ac_cloud-notes/packages/frontend/apps/ios/App/Packages/AffineGraphQL/Sources/Schema/Objects/CommentChangeObjectTypeEdge.graphql.swift	verbatim		10	0	txt
ac_cloud-notes/packages/frontend/apps/ios/App/Packages/AffineGraphQL/Sources/Schema/Objects/CommentObjectType.graphql.swift	verbatim		10	0	txt
ac_cloud-notes/packages/frontend/apps/ios/App/Packages/AffineGraphQL/Sources/Schema/Objects/CommentObjectTypeEdge.graphql.swift	verbatim		10	0	txt
ac_cloud-notes/packages/frontend/apps/ios/App/Packages/AffineGraphQL/Sources/Schema/Objects/Copilot.graphql.swift	verbatim		10	0	txt
ac_cloud-notes/packages/frontend/apps/ios/App/Packages/AffineGraphQL/Sources/Schema/Objects/CopilotHistories.graphql.swift	verbatim		10	0	txt
ac_cloud-notes/packages/frontend/apps/ios/App/Packages/AffineGraphQL/Sources/Schema/Objects/CopilotHistoriesTypeEdge.graphql.swift	verbatim		10	0	txt
ac_cloud-notes/packages/frontend/apps/ios/App/Packages/AffineGraphQL/Sources/Schema/Objects/CopilotQuota.graphql.swift	verbatim		10	0	txt
ac_cloud-notes/packages/frontend/apps/ios/App/Packages/AffineGraphQL/Sources/Schema/Objects/CopilotRouteOptions.graphql.swift	verbatim		10	0	txt
ac_cloud-notes/packages/frontend/apps/ios/App/Packages/AffineGraphQL/Sources/Schema/Objects/CopilotRouteTarget.graphql.swift	verbatim		10	0	txt
ac_cloud-notes/packages/frontend/apps/ios/App/Packages/AffineGraphQL/Sources/Schema/Objects/CopilotWorkspaceArtifact.graphql.swift	verbatim		10	0	txt
ac_cloud-notes/packages/frontend/apps/ios/App/Packages/AffineGraphQL/Sources/Schema/Objects/CopilotWorkspaceArtifactTypeEdge.graphql.swift	verbatim		10	0	txt
ac_cloud-notes/packages/frontend/apps/ios/App/Packages/AffineGraphQL/Sources/Schema/Objects/CopilotWorkspaceConfig.graphql.swift	verbatim		10	0	txt
ac_cloud-notes/packages/frontend/apps/ios/App/Packages/AffineGraphQL/Sources/Schema/Objects/CopilotWorkspaceIgnoredDoc.graphql.swift	verbatim		10	0	txt
ac_cloud-notes/packages/frontend/apps/ios/App/Packages/AffineGraphQL/Sources/Schema/Objects/CopilotWorkspaceIgnoredDocTypeEdge.graphql.swift	verbatim		10	0	txt
ac_cloud-notes/packages/frontend/apps/ios/App/Packages/AffineGraphQL/Sources/Schema/Objects/CreateWorkspaceByokLocalLeaseResultType.graphql.swift	verbatim		10	0	txt
ac_cloud-notes/packages/frontend/apps/ios/App/Packages/AffineGraphQL/Sources/Schema/Objects/CredentialsRequirementType.graphql.swift	verbatim		10	0	txt
ac_cloud-notes/packages/frontend/apps/ios/App/Packages/AffineGraphQL/Sources/Schema/Objects/DeleteAccount.graphql.swift	verbatim		10	0	txt
ac_cloud-notes/packages/frontend/apps/ios/App/Packages/AffineGraphQL/Sources/Schema/Objects/DocHistoryType.graphql.swift	verbatim		10	0	txt
ac_cloud-notes/packages/frontend/apps/ios/App/Packages/AffineGraphQL/Sources/Schema/Objects/DocMemberLastAccess.graphql.swift	verbatim		10	0	txt
ac_cloud-notes/packages/frontend/apps/ios/App/Packages/AffineGraphQL/Sources/Schema/Objects/DocMemberLastAccessEdge.graphql.swift	verbatim		10	0	txt
ac_cloud-notes/packages/frontend/apps/ios/App/Packages/AffineGraphQL/Sources/Schema/Objects/DocPageAnalytics.graphql.swift	verbatim		10	0	txt
ac_cloud-notes/packages/frontend/apps/ios/App/Packages/AffineGraphQL/Sources/Schema/Objects/DocPageAnalyticsPoint.graphql.swift	verbatim		10	0	txt
ac_cloud-notes/packages/frontend/apps/ios/App/Packages/AffineGraphQL/Sources/Schema/Objects/DocPageAnalyticsSummary.graphql.swift	verbatim		10	0	txt
ac_cloud-notes/packages/frontend/apps/ios/App/Packages/AffineGraphQL/Sources/Schema/Objects/DocPermissions.graphql.swift	verbatim		10	0	txt
ac_cloud-notes/packages/frontend/apps/ios/App/Packages/AffineGraphQL/Sources/Schema/Objects/DocType.graphql.swift	verbatim		10	0	txt
ac_cloud-notes/packages/frontend/apps/ios/App/Packages/AffineGraphQL/Sources/Schema/Objects/DocTypeEdge.graphql.swift	verbatim		10	0	txt
ac_cloud-notes/packages/frontend/apps/ios/App/Packages/AffineGraphQL/Sources/Schema/Objects/EditorType.graphql.swift	verbatim		10	0	txt
ac_cloud-notes/packages/frontend/apps/ios/App/Packages/AffineGraphQL/Sources/Schema/Objects/InvitationType.graphql.swift	verbatim		10	0	txt
ac_cloud-notes/packages/frontend/apps/ios/App/Packages/AffineGraphQL/Sources/Schema/Objects/InvitationWorkspaceType.graphql.swift	verbatim		10	0	txt
ac_cloud-notes/packages/frontend/apps/ios/App/Packages/AffineGraphQL/Sources/Schema/Objects/InviteLink.graphql.swift	verbatim		10	0	txt
ac_cloud-notes/packages/frontend/apps/ios/App/Packages/AffineGraphQL/Sources/Schema/Objects/InviteResult.graphql.swift	verbatim		10	0	txt
ac_cloud-notes/packages/frontend/apps/ios/App/Packages/AffineGraphQL/Sources/Schema/Objects/InvoiceType.graphql.swift	verbatim		10	0	txt
ac_cloud-notes/packages/frontend/apps/ios/App/Packages/AffineGraphQL/Sources/Schema/Objects/License.graphql.swift	verbatim		10	0	txt
ac_cloud-notes/packages/frontend/apps/ios/App/Packages/AffineGraphQL/Sources/Schema/Objects/LimitedUserType.graphql.swift	verbatim		10	0	txt
ac_cloud-notes/packages/frontend/apps/ios/App/Packages/AffineGraphQL/Sources/Schema/Objects/ListedBlob.graphql.swift	verbatim		10	0	txt
ac_cloud-notes/packages/frontend/apps/ios/App/Packages/AffineGraphQL/Sources/Schema/Objects/McpCredentialType.graphql.swift	verbatim		10	0	txt
ac_cloud-notes/packages/frontend/apps/ios/App/Packages/AffineGraphQL/Sources/Schema/Objects/MeetingActionItemType.graphql.swift	verbatim		10	0	txt
ac_cloud-notes/packages/frontend/apps/ios/App/Packages/AffineGraphQL/Sources/Schema/Objects/MeetingSummaryV2Type.graphql.swift	verbatim		10	0	txt
ac_cloud-notes/packages/frontend/apps/ios/App/Packages/AffineGraphQL/Sources/Schema/Objects/Mutation.graphql.swift	verbatim		10	0	txt
ac_cloud-notes/packages/frontend/apps/ios/App/Packages/AffineGraphQL/Sources/Schema/Objects/NormalizedTranscriptSegmentType.graphql.swift	verbatim		10	0	txt
ac_cloud-notes/packages/frontend/apps/ios/App/Packages/AffineGraphQL/Sources/Schema/Objects/NotificationObjectType.graphql.swift	verbatim		10	0	txt
ac_cloud-notes/packages/frontend/apps/ios/App/Packages/AffineGraphQL/Sources/Schema/Objects/NotificationObjectTypeEdge.graphql.swift	verbatim		10	0	txt
ac_cloud-notes/packages/frontend/apps/ios/App/Packages/AffineGraphQL/Sources/Schema/Objects/PageInfo.graphql.swift	verbatim		10	0	txt
ac_cloud-notes/packages/frontend/apps/ios/App/Packages/AffineGraphQL/Sources/Schema/Objects/PaginatedAdminAllSharedLink.graphql.swift	verbatim		10	0	txt
ac_cloud-notes/packages/frontend/apps/ios/App/Packages/AffineGraphQL/Sources/Schema/Objects/PaginatedCommentChangeObjectType.graphql.swift	verbatim		10	0	txt
ac_cloud-notes/packages/frontend/apps/ios/App/Packages/AffineGraphQL/Sources/Schema/Objects/PaginatedCommentObjectType.graphql.swift	verbatim		10	0	txt
ac_cloud-notes/packages/frontend/apps/ios/App/Packages/AffineGraphQL/Sources/Schema/Objects/PaginatedCopilotHistoriesType.graphql.swift	verbatim		10	0	txt
ac_cloud-notes/packages/frontend/apps/ios/App/Packages/AffineGraphQL/Sources/Schema/Objects/PaginatedCopilotWorkspaceArtifactType.graphql.swift	verbatim		10	0	txt
ac_cloud-notes/packages/frontend/apps/ios/App/Packages/AffineGraphQL/Sources/Schema/Objects/PaginatedDocMemberLastAccess.graphql.swift	verbatim		10	0	txt
ac_cloud-notes/packages/frontend/apps/ios/App/Packages/AffineGraphQL/Sources/Schema/Objects/PaginatedDocType.graphql.swift	verbatim		10	0	txt
ac_cloud-notes/packages/frontend/apps/ios/App/Packages/AffineGraphQL/Sources/Schema/Objects/PaginatedIgnoredDocsType.graphql.swift	verbatim		10	0	txt
ac_cloud-notes/packages/frontend/apps/ios/App/Packages/AffineGraphQL/Sources/Schema/Objects/PaginatedNotificationObjectType.graphql.swift	verbatim		10	0	txt
ac_cloud-notes/packages/frontend/apps/ios/App/Packages/AffineGraphQL/Sources/Schema/Objects/PasswordLimitsType.graphql.swift	verbatim		10	0	txt
ac_cloud-notes/packages/frontend/apps/ios/App/Packages/AffineGraphQL/Sources/Schema/Objects/PublicUserType.graphql.swift	verbatim		10	0	txt
ac_cloud-notes/packages/frontend/apps/ios/App/Packages/AffineGraphQL/Sources/Schema/Objects/Query.graphql.swift	verbatim		10	0	txt
ac_cloud-notes/packages/frontend/apps/ios/App/Packages/AffineGraphQL/Sources/Schema/Objects/ReleaseVersionType.graphql.swift	verbatim		10	0	txt
ac_cloud-notes/packages/frontend/apps/ios/App/Packages/AffineGraphQL/Sources/Schema/Objects/RemoveAvatar.graphql.swift	verbatim		10	0	txt
ac_cloud-notes/packages/frontend/apps/ios/App/Packages/AffineGraphQL/Sources/Schema/Objects/ReplyObjectType.graphql.swift	verbatim		10	0	txt
ac_cloud-notes/packages/frontend/apps/ios/App/Packages/AffineGraphQL/Sources/Schema/Objects/RevealedMcpCredentialType.graphql.swift	verbatim		10	0	txt
ac_cloud-notes/packages/frontend/apps/ios/App/Packages/AffineGraphQL/Sources/Schema/Objects/SearchDocObjectType.graphql.swift	verbatim		10	0	txt
ac_cloud-notes/packages/frontend/apps/ios/App/Packages/AffineGraphQL/Sources/Schema/Objects/SearchNodeObjectType.graphql.swift	verbatim		10	0	txt
ac_cloud-notes/packages/frontend/apps/ios/App/Packages/AffineGraphQL/Sources/Schema/Objects/SearchResultObjectType.graphql.swift	verbatim		10	0	txt
ac_cloud-notes/packages/frontend/apps/ios/App/Packages/AffineGraphQL/Sources/Schema/Objects/SearchResultPagination.graphql.swift	verbatim		10	0	txt
ac_cloud-notes/packages/frontend/apps/ios/App/Packages/AffineGraphQL/Sources/Schema/Objects/ServerConfigType.graphql.swift	verbatim		10	0	txt
ac_cloud-notes/packages/frontend/apps/ios/App/Packages/AffineGraphQL/Sources/Schema/Objects/StreamObject.graphql.swift	verbatim		10	0	txt
ac_cloud-notes/packages/frontend/apps/ios/App/Packages/AffineGraphQL/Sources/Schema/Objects/SubscriptionPrice.graphql.swift	verbatim		10	0	txt
ac_cloud-notes/packages/frontend/apps/ios/App/Packages/AffineGraphQL/Sources/Schema/Objects/SubscriptionType.graphql.swift	verbatim		10	0	txt
ac_cloud-notes/packages/frontend/apps/ios/App/Packages/AffineGraphQL/Sources/Schema/Objects/TimeWindow.graphql.swift	verbatim		10	0	txt
ac_cloud-notes/packages/frontend/apps/ios/App/Packages/AffineGraphQL/Sources/Schema/Objects/TranscriptionItemType.graphql.swift	verbatim		10	0	txt
ac_cloud-notes/packages/frontend/apps/ios/App/Packages/AffineGraphQL/Sources/Schema/Objects/TranscriptionQualityType.graphql.swift	verbatim		10	0	txt
ac_cloud-notes/packages/frontend/apps/ios/App/Packages/AffineGraphQL/Sources/Schema/Objects/TranscriptionResultType.graphql.swift	verbatim		10	0	txt
ac_cloud-notes/packages/frontend/apps/ios/App/Packages/AffineGraphQL/Sources/Schema/Objects/TranscriptionSourceAudioType.graphql.swift	verbatim		10	0	txt
ac_cloud-notes/packages/frontend/apps/ios/App/Packages/AffineGraphQL/Sources/Schema/Objects/UserImportFailedType.graphql.swift	verbatim		10	0	txt
ac_cloud-notes/packages/frontend/apps/ios/App/Packages/AffineGraphQL/Sources/Schema/Objects/UserQuotaHumanReadableType.graphql.swift	verbatim		10	0	txt
ac_cloud-notes/packages/frontend/apps/ios/App/Packages/AffineGraphQL/Sources/Schema/Objects/UserQuotaType.graphql.swift	verbatim		10	0	txt
ac_cloud-notes/packages/frontend/apps/ios/App/Packages/AffineGraphQL/Sources/Schema/Objects/UserQuotaUsageType.graphql.swift	verbatim		10	0	txt
ac_cloud-notes/packages/frontend/apps/ios/App/Packages/AffineGraphQL/Sources/Schema/Objects/UserSettingsType.graphql.swift	verbatim		10	0	txt
ac_cloud-notes/packages/frontend/apps/ios/App/Packages/AffineGraphQL/Sources/Schema/Objects/UserType.graphql.swift	verbatim		10	0	txt
ac_cloud-notes/packages/frontend/apps/ios/App/Packages/AffineGraphQL/Sources/Schema/Objects/WorkspaceByokCapabilityType.graphql.swift	verbatim		10	0	txt
ac_cloud-notes/packages/frontend/apps/ios/App/Packages/AffineGraphQL/Sources/Schema/Objects/WorkspaceByokCatalogModelType.graphql.swift	verbatim		10	0	txt
ac_cloud-notes/packages/frontend/apps/ios/App/Packages/AffineGraphQL/Sources/Schema/Objects/WorkspaceByokCatalogProviderType.graphql.swift	verbatim		10	0	txt
ac_cloud-notes/packages/frontend/apps/ios/App/Packages/AffineGraphQL/Sources/Schema/Objects/WorkspaceByokCatalogType.graphql.swift	verbatim		10	0	txt
ac_cloud-notes/packages/frontend/apps/ios/App/Packages/AffineGraphQL/Sources/Schema/Objects/WorkspaceByokEndpointType.graphql.swift	verbatim		10	0	txt
ac_cloud-notes/packages/frontend/apps/ios/App/Packages/AffineGraphQL/Sources/Schema/Objects/WorkspaceByokModelDeclarationType.graphql.swift	verbatim		10	0	txt
ac_cloud-notes/packages/frontend/apps/ios/App/Packages/AffineGraphQL/Sources/Schema/Objects/WorkspaceByokModelProbeCheckType.graphql.swift	verbatim		10	0	txt
ac_cloud-notes/packages/frontend/apps/ios/App/Packages/AffineGraphQL/Sources/Schema/Objects/WorkspaceByokModelProbeType.graphql.swift	verbatim		10	0	txt
ac_cloud-notes/packages/frontend/apps/ios/App/Packages/AffineGraphQL/Sources/Schema/Objects/WorkspaceByokPolicyType.graphql.swift	verbatim		10	0	txt
ac_cloud-notes/packages/frontend/apps/ios/App/Packages/AffineGraphQL/Sources/Schema/Objects/WorkspaceByokProbeResultType.graphql.swift	verbatim		10	0	txt
ac_cloud-notes/packages/frontend/apps/ios/App/Packages/AffineGraphQL/Sources/Schema/Objects/WorkspaceByokProbeStatusType.graphql.swift	verbatim		10	0	txt
ac_cloud-notes/packages/frontend/apps/ios/App/Packages/AffineGraphQL/Sources/Schema/Objects/WorkspaceByokProfileDefinitionType.graphql.swift	verbatim		10	0	txt
ac_cloud-notes/packages/frontend/apps/ios/App/Packages/AffineGraphQL/Sources/Schema/Objects/WorkspaceByokProfileType.graphql.swift	verbatim		10	0	txt
ac_cloud-notes/packages/frontend/apps/ios/App/Packages/AffineGraphQL/Sources/Schema/Objects/WorkspaceByokSettingsType.graphql.swift	verbatim		10	0	txt
ac_cloud-notes/packages/frontend/apps/ios/App/Packages/AffineGraphQL/Sources/Schema/Objects/WorkspaceByokUsagePointType.graphql.swift	verbatim		10	0	txt
ac_cloud-notes/packages/frontend/apps/ios/App/Packages/AffineGraphQL/Sources/Schema/Objects/WorkspaceByokValidationType.graphql.swift	verbatim		10	0	txt
ac_cloud-notes/packages/frontend/apps/ios/App/Packages/AffineGraphQL/Sources/Schema/Objects/WorkspaceCalendarItemObjectType.graphql.swift	verbatim		10	0	txt
ac_cloud-notes/packages/frontend/apps/ios/App/Packages/AffineGraphQL/Sources/Schema/Objects/WorkspaceCalendarObjectType.graphql.swift	verbatim		10	0	txt
ac_cloud-notes/packages/frontend/apps/ios/App/Packages/AffineGraphQL/Sources/Schema/Objects/WorkspaceDocMeta.graphql.swift	verbatim		10	0	txt
ac_cloud-notes/packages/frontend/apps/ios/App/Packages/AffineGraphQL/Sources/Schema/Objects/WorkspacePermissions.graphql.swift	verbatim		10	0	txt
ac_cloud-notes/packages/frontend/apps/ios/App/Packages/AffineGraphQL/Sources/Schema/Objects/WorkspaceQuotaHumanReadableType.graphql.swift	verbatim		10	0	txt
ac_cloud-notes/packages/frontend/apps/ios/App/Packages/AffineGraphQL/Sources/Schema/Objects/WorkspaceQuotaType.graphql.swift	verbatim		10	0	txt
ac_cloud-notes/packages/frontend/apps/ios/App/Packages/AffineGraphQL/Sources/Schema/Objects/WorkspaceRolePermissions.graphql.swift	verbatim		10	0	txt
ac_cloud-notes/packages/frontend/apps/ios/App/Packages/AffineGraphQL/Sources/Schema/Objects/WorkspaceType.graphql.swift	verbatim		10	0	txt
ac_cloud-notes/packages/frontend/apps/ios/App/Packages/AffineGraphQL/Sources/Schema/Objects/WorkspaceUserType.graphql.swift	verbatim		10	0	txt
ac_cloud-notes/packages/frontend/apps/ios/App/Packages/AffineGraphQL/Sources/Schema/SchemaConfiguration.swift	verbatim		13	0	txt
ac_cloud-notes/packages/frontend/apps/ios/App/Packages/AffineGraphQL/Sources/Schema/SchemaMetadata.graphql.swift	verbatim		154	0	txt
ac_cloud-notes/packages/frontend/apps/ios/App/Packages/AffineGraphQL/Sources/Schema/Unions/UserImportResultType.graphql.swift	verbatim		12	0	txt
ac_cloud-notes/packages/frontend/apps/ios/App/Packages/AffineGraphQL/Sources/Schema/Unions/UserOrLimitedUser.graphql.swift	verbatim		12	0	txt
ac_cloud-notes/packages/frontend/apps/ios/App/Packages/AffinePaywall/.gitignore	verbatim		8	0	txt
ac_cloud-notes/packages/frontend/apps/ios/App/Packages/AffinePaywall/Package.swift	verbatim		27	0	txt
ac_cloud-notes/packages/frontend/apps/ios/App/Packages/AffinePaywall/Sources/AffinePaywall/Model/PricingConfiguration.swift	verbatim		48	0	txt
ac_cloud-notes/packages/frontend/apps/ios/App/Packages/AffinePaywall/Sources/AffinePaywall/NativePaywallBridge.swift	verbatim		212	0	txt
ac_cloud-notes/packages/frontend/apps/ios/App/Packages/AffineResources/.gitignore	verbatim		8	0	txt
ac_cloud-notes/packages/frontend/apps/ios/App/Packages/AffineResources/Package.swift	verbatim		21	0	txt
ac_cloud-notes/packages/frontend/apps/ios/App/Packages/AffineResources/Sources/AffineResources/AffineResources.swift	verbatim		56	0	txt
ac_cloud-notes/packages/frontend/apps/ios/App/Packages/AffineResources/Sources/AffineResources/Resources/Colors.xcassets/Contents.json	verbatim		6	0	txt
ac_cloud-notes/packages/frontend/apps/ios/App/Packages/AffineResources/Sources/AffineResources/Resources/Colors.xcassets/affine.button.primary.colorset/Contents.json	verbatim		38	0	txt
ac_cloud-notes/packages/frontend/apps/ios/App/Packages/AffineResources/Sources/AffineResources/Resources/Colors.xcassets/affine.icon.activated.colorset/Contents.json	verbatim		38	0	txt
ac_cloud-notes/packages/frontend/apps/ios/App/Packages/AffineResources/Sources/AffineResources/Resources/Colors.xcassets/affine.icon.primary.colorset/Contents.json	verbatim		38	0	txt
ac_cloud-notes/packages/frontend/apps/ios/App/Packages/AffineResources/Sources/AffineResources/Resources/Colors.xcassets/affine.layer.background.primary.colorset/Contents.json	verbatim		38	0	txt
ac_cloud-notes/packages/frontend/apps/ios/App/Packages/AffineResources/Sources/AffineResources/Resources/Colors.xcassets/affine.layer.background.secondary.colorset/Contents.json	verbatim		38	0	txt
ac_cloud-notes/packages/frontend/apps/ios/App/Packages/AffineResources/Sources/AffineResources/Resources/Colors.xcassets/affine.layer.border.colorset/Contents.json	verbatim		38	0	txt
ac_cloud-notes/packages/frontend/apps/ios/App/Packages/AffineResources/Sources/AffineResources/Resources/Colors.xcassets/affine.layer.pureWhite.colorset/Contents.json	verbatim		38	0	txt
ac_cloud-notes/packages/frontend/apps/ios/App/Packages/AffineResources/Sources/AffineResources/Resources/Colors.xcassets/affine.text.emphasis.colorset/Contents.json	verbatim		38	0	txt
ac_cloud-notes/packages/frontend/apps/ios/App/Packages/AffineResources/Sources/AffineResources/Resources/Colors.xcassets/affine.text.link.colorset/Contents.json	verbatim		38	0	txt
ac_cloud-notes/packages/frontend/apps/ios/App/Packages/AffineResources/Sources/AffineResources/Resources/Colors.xcassets/affine.text.listDotAndNumber.colorset/Contents.json	verbatim		38	0	txt
ac_cloud-notes/packages/frontend/apps/ios/App/Packages/AffineResources/Sources/AffineResources/Resources/Colors.xcassets/affine.text.placeholder.colorset/Contents.json	verbatim		38	0	txt
ac_cloud-notes/packages/frontend/apps/ios/App/Packages/AffineResources/Sources/AffineResources/Resources/Colors.xcassets/affine.text.primary.colorset/Contents.json	verbatim		38	0	txt
ac_cloud-notes/packages/frontend/apps/ios/App/Packages/AffineResources/Sources/AffineResources/Resources/Colors.xcassets/affine.text.pureWhite.colorset/Contents.json	verbatim		38	0	txt
ac_cloud-notes/packages/frontend/apps/ios/App/Packages/AffineResources/Sources/AffineResources/Resources/Colors.xcassets/affine.text.secondary.colorset/Contents.json	verbatim		38	0	txt
ac_cloud-notes/packages/frontend/apps/ios/App/Packages/AffineResources/Sources/AffineResources/Resources/Colors.xcassets/affine.text.tertiary.colorset/Contents.json	verbatim		38	0	txt
ac_cloud-notes/packages/frontend/apps/ios/App/Packages/AffineResources/Sources/AffineResources/Resources/Icons.xcassets/ArrowDown.imageset/Contents.json	verbatim		12	0	txt
ac_cloud-notes/packages/frontend/apps/ios/App/Packages/AffineResources/Sources/AffineResources/Resources/Icons.xcassets/ArrowDown.imageset/More Options Icon.pdf	verbatim		0	0	bin
ac_cloud-notes/packages/frontend/apps/ios/App/Packages/AffineResources/Sources/AffineResources/Resources/Icons.xcassets/ArrowUpBig.imageset/ArrowUpBig.pdf	verbatim		0	0	bin
ac_cloud-notes/packages/frontend/apps/ios/App/Packages/AffineResources/Sources/AffineResources/Resources/Icons.xcassets/ArrowUpBig.imageset/Contents.json	verbatim		12	0	txt
ac_cloud-notes/packages/frontend/apps/ios/App/Packages/AffineResources/Sources/AffineResources/Resources/Icons.xcassets/Box.imageset/Contents.json	verbatim		12	0	txt
ac_cloud-notes/packages/frontend/apps/ios/App/Packages/AffineResources/Sources/AffineResources/Resources/Icons.xcassets/Box.imageset/Left icon-5.pdf	verbatim		0	0	bin
ac_cloud-notes/packages/frontend/apps/ios/App/Packages/AffineResources/Sources/AffineResources/Resources/Icons.xcassets/Broom.imageset/Broom.pdf	verbatim		0	0	bin
ac_cloud-notes/packages/frontend/apps/ios/App/Packages/AffineResources/Sources/AffineResources/Resources/Icons.xcassets/Broom.imageset/Contents.json	verbatim		12	0	txt
ac_cloud-notes/packages/frontend/apps/ios/App/Packages/AffineResources/Sources/AffineResources/Resources/Icons.xcassets/Bubble.imageset/Bubble.pdf	verbatim		0	0	bin
ac_cloud-notes/packages/frontend/apps/ios/App/Packages/AffineResources/Sources/AffineResources/Resources/Icons.xcassets/Bubble.imageset/Contents.json	verbatim		12	0	txt
ac_cloud-notes/packages/frontend/apps/ios/App/Packages/AffineResources/Sources/AffineResources/Resources/Icons.xcassets/Calendar.imageset/Contents.json	verbatim		12	0	txt
ac_cloud-notes/packages/frontend/apps/ios/App/Packages/AffineResources/Sources/AffineResources/Resources/Icons.xcassets/Calendar.imageset/Left icon-1.pdf	verbatim		0	0	bin
ac_cloud-notes/packages/frontend/apps/ios/App/Packages/AffineResources/Sources/AffineResources/Resources/Icons.xcassets/Camera.imageset/Camera.pdf	verbatim		0	0	bin
ac_cloud-notes/packages/frontend/apps/ios/App/Packages/AffineResources/Sources/AffineResources/Resources/Icons.xcassets/Camera.imageset/Contents.json	verbatim		12	0	txt
ac_cloud-notes/packages/frontend/apps/ios/App/Packages/AffineResources/Sources/AffineResources/Resources/Icons.xcassets/CheckCircle.imageset/Contents.json	verbatim		12	0	txt
ac_cloud-notes/packages/frontend/apps/ios/App/Packages/AffineResources/Sources/AffineResources/Resources/Icons.xcassets/CheckCircle.imageset/Left icon.pdf	verbatim		0	0	bin
ac_cloud-notes/packages/frontend/apps/ios/App/Packages/AffineResources/Sources/AffineResources/Resources/Icons.xcassets/Close.imageset/Close.pdf	verbatim		0	0	bin
ac_cloud-notes/packages/frontend/apps/ios/App/Packages/AffineResources/Sources/AffineResources/Resources/Icons.xcassets/Close.imageset/Contents.json	verbatim		12	0	txt
ac_cloud-notes/packages/frontend/apps/ios/App/Packages/AffineResources/Sources/AffineResources/Resources/Icons.xcassets/Contents.json	verbatim		6	0	txt
ac_cloud-notes/packages/frontend/apps/ios/App/Packages/AffineResources/Sources/AffineResources/Resources/Icons.xcassets/Image.imageset/Contents.json	verbatim		12	0	txt
ac_cloud-notes/packages/frontend/apps/ios/App/Packages/AffineResources/Sources/AffineResources/Resources/Icons.xcassets/Image.imageset/Image.pdf	verbatim		0	0	bin
ac_cloud-notes/packages/frontend/apps/ios/App/Packages/AffineResources/Sources/AffineResources/Resources/Icons.xcassets/More.imageset/Contents.json	verbatim		12	0	txt
ac_cloud-notes/packages/frontend/apps/ios/App/Packages/AffineResources/Sources/AffineResources/Resources/Icons.xcassets/More.imageset/More Options Icon-1.pdf	verbatim		0	0	bin
ac_cloud-notes/packages/frontend/apps/ios/App/Packages/AffineResources/Sources/AffineResources/Resources/Icons.xcassets/Page.imageset/Contents.json	verbatim		12	0	txt
ac_cloud-notes/packages/frontend/apps/ios/App/Packages/AffineResources/Sources/AffineResources/Resources/Icons.xcassets/Page.imageset/Page.pdf	verbatim		0	0	bin
ac_cloud-notes/packages/frontend/apps/ios/App/Packages/AffineResources/Sources/AffineResources/Resources/Icons.xcassets/Plus.imageset/Contents.json	verbatim		12	0	txt
ac_cloud-notes/packages/frontend/apps/ios/App/Packages/AffineResources/Sources/AffineResources/Resources/Icons.xcassets/Plus.imageset/Plus.pdf	verbatim		0	0	bin
ac_cloud-notes/packages/frontend/apps/ios/App/Packages/AffineResources/Sources/AffineResources/Resources/Icons.xcassets/Settings.imageset/Contents.json	verbatim		12	0	txt
ac_cloud-notes/packages/frontend/apps/ios/App/Packages/AffineResources/Sources/AffineResources/Resources/Icons.xcassets/Settings.imageset/Settings.pdf	verbatim		0	0	bin
ac_cloud-notes/packages/frontend/apps/ios/App/Packages/AffineResources/Sources/AffineResources/Resources/Icons.xcassets/Think.imageset/Contents.json	verbatim		12	0	txt
ac_cloud-notes/packages/frontend/apps/ios/App/Packages/AffineResources/Sources/AffineResources/Resources/Icons.xcassets/Think.imageset/icon-2.pdf	verbatim		0	0	bin
ac_cloud-notes/packages/frontend/apps/ios/App/Packages/AffineResources/Sources/AffineResources/Resources/Icons.xcassets/Tools.imageset/Contents.json	verbatim		12	0	txt
ac_cloud-notes/packages/frontend/apps/ios/App/Packages/AffineResources/Sources/AffineResources/Resources/Icons.xcassets/Tools.imageset/icon.pdf	verbatim		0	0	bin
ac_cloud-notes/packages/frontend/apps/ios/App/Packages/AffineResources/Sources/AffineResources/Resources/Icons.xcassets/Upload.imageset/Contents.json	verbatim		12	0	txt
ac_cloud-notes/packages/frontend/apps/ios/App/Packages/AffineResources/Sources/AffineResources/Resources/Icons.xcassets/Upload.imageset/Upload.pdf	verbatim		0	0	bin
ac_cloud-notes/packages/frontend/apps/ios/App/Packages/AffineResources/Sources/AffineResources/Resources/Icons.xcassets/Web.imageset/Contents.json	verbatim		12	0	txt
ac_cloud-notes/packages/frontend/apps/ios/App/Packages/AffineResources/Sources/AffineResources/Resources/Icons.xcassets/Web.imageset/icon-1.pdf	verbatim		0	0	bin
ac_cloud-notes/packages/frontend/apps/ios/App/Packages/Intelligents/.gitignore	verbatim		8	0	txt
ac_cloud-notes/packages/frontend/apps/ios/App/Packages/Intelligents/Package.swift	verbatim		43	0	txt
ac_cloud-notes/packages/frontend/apps/ios/App/Packages/Intelligents/Sources/Intelligents/ChatManager/ChatError.swift	verbatim		28	0	txt
ac_cloud-notes/packages/frontend/apps/ios/App/Packages/Intelligents/Sources/Intelligents/ChatManager/ChatManager+CURD.swift	verbatim		29	0	txt
ac_cloud-notes/packages/frontend/apps/ios/App/Packages/Intelligents/Sources/Intelligents/ChatManager/ChatManager+Closable.swift	verbatim		17	0	txt
ac_cloud-notes/packages/frontend/apps/ios/App/Packages/Intelligents/Sources/Intelligents/ChatManager/ChatManager+Stream.swift	verbatim		209	0	txt
ac_cloud-notes/packages/frontend/apps/ios/App/Packages/Intelligents/Sources/Intelligents/ChatManager/ChatManager.swift	verbatim		80	0	txt
ac_cloud-notes/packages/frontend/apps/ios/App/Packages/Intelligents/Sources/Intelligents/ChatManager/ChatSessionObject.swift	verbatim		49	0	txt
ac_cloud-notes/packages/frontend/apps/ios/App/Packages/Intelligents/Sources/Intelligents/ChatManager/PromptName.swift	verbatim		26	0	txt
ac_cloud-notes/packages/frontend/apps/ios/App/Packages/Intelligents/Sources/Intelligents/Extension/BridgedWindowScript.swift	verbatim		50	0	txt
ac_cloud-notes/packages/frontend/apps/ios/App/Packages/Intelligents/Sources/Intelligents/Extension/Color+Affine.swift	verbatim		64	0	txt
ac_cloud-notes/packages/frontend/apps/ios/App/Packages/Intelligents/Sources/Intelligents/Extension/DateTime.swift	verbatim		25	0	txt
ac_cloud-notes/packages/frontend/apps/ios/App/Packages/Intelligents/Sources/Intelligents/Extension/Image+Affine.swift	verbatim		76	0	txt
ac_cloud-notes/packages/frontend/apps/ios/App/Packages/Intelligents/Sources/Intelligents/Extension/Then.swift	verbatim		86	0	txt
ac_cloud-notes/packages/frontend/apps/ios/App/Packages/Intelligents/Sources/Intelligents/Extension/UIColor+Affine.swift	verbatim		64	0	txt
ac_cloud-notes/packages/frontend/apps/ios/App/Packages/Intelligents/Sources/Intelligents/Extension/UIColor.swift	verbatim		17	0	txt
ac_cloud-notes/packages/frontend/apps/ios/App/Packages/Intelligents/Sources/Intelligents/Extension/UIImage+Affine.swift	verbatim		76	0	txt
ac_cloud-notes/packages/frontend/apps/ios/App/Packages/Intelligents/Sources/Intelligents/Extension/ViewPreview.swift	verbatim		40	0	txt
ac_cloud-notes/packages/frontend/apps/ios/App/Packages/Intelligents/Sources/Intelligents/IntelligentContext/IntelligentContext+CreateSession.swift	verbatim		51	0	txt
ac_cloud-notes/packages/frontend/apps/ios/App/Packages/Intelligents/Sources/Intelligents/IntelligentContext/IntelligentContext+GraphQL.swift	verbatim		65	0	txt
ac_cloud-notes/packages/frontend/apps/ios/App/Packages/Intelligents/Sources/Intelligents/IntelligentContext/IntelligentContext+Markdown.swift	verbatim		14	0	txt
ac_cloud-notes/packages/frontend/apps/ios/App/Packages/Intelligents/Sources/Intelligents/IntelligentContext/IntelligentContext+WebView.swift	verbatim		41	0	txt
ac_cloud-notes/packages/frontend/apps/ios/App/Packages/Intelligents/Sources/Intelligents/IntelligentContext/IntelligentContext.swift	verbatim		183	0	txt
ac_cloud-notes/packages/frontend/apps/ios/App/Packages/Intelligents/Sources/Intelligents/IntelligentContext/QLService+CopilotBlobUpload.swift	verbatim		129	0	txt
ac_cloud-notes/packages/frontend/apps/ios/App/Packages/Intelligents/Sources/Intelligents/IntelligentContext/QLService+URLSessionCookieClient.swift	verbatim		48	0	txt
ac_cloud-notes/packages/frontend/apps/ios/App/Packages/Intelligents/Sources/Intelligents/IntelligentContext/QLService.swift	verbatim		173	0	txt
ac_cloud-notes/packages/frontend/apps/ios/App/Packages/Intelligents/Sources/Intelligents/Intelligents.swift	verbatim		6	0	txt
ac_cloud-notes/packages/frontend/apps/ios/App/Packages/Intelligents/Sources/Intelligents/Interface/Controller/AttachmentManagementController/AttachmentIcon.xcassets/Contents.json	verbatim		6	0	txt
ac_cloud-notes/packages/frontend/apps/ios/App/Packages/Intelligents/Sources/Intelligents/Interface/Controller/AttachmentManagementController/AttachmentIcon.xcassets/FileAttachment.imageset/Contents.json	verbatim		12	0	txt
ac_cloud-notes/packages/frontend/apps/ios/App/Packages/Intelligents/Sources/Intelligents/Interface/Controller/AttachmentManagementController/AttachmentIcon.xcassets/FileAttachment.imageset/Page.pdf	verbatim		0	0	bin
ac_cloud-notes/packages/frontend/apps/ios/App/Packages/Intelligents/Sources/Intelligents/Interface/Controller/AttachmentManagementController/AttachmentIcon.xcassets/FileAttachment_json.imageset/AiFileClip attachment icon.pdf	verbatim		0	0	bin
ac_cloud-notes/packages/frontend/apps/ios/App/Packages/Intelligents/Sources/Intelligents/Interface/Controller/AttachmentManagementController/AttachmentIcon.xcassets/FileAttachment_json.imageset/Contents.json	verbatim		12	0	txt
ac_cloud-notes/packages/frontend/apps/ios/App/Packages/Intelligents/Sources/Intelligents/Interface/Controller/AttachmentManagementController/AttachmentIcon.xcassets/FileAttachment_md.imageset/AiFileClip attachment icon.pdf	verbatim		0	0	bin
ac_cloud-notes/packages/frontend/apps/ios/App/Packages/Intelligents/Sources/Intelligents/Interface/Controller/AttachmentManagementController/AttachmentIcon.xcassets/FileAttachment_md.imageset/Contents.json	verbatim		12	0	txt
ac_cloud-notes/packages/frontend/apps/ios/App/Packages/Intelligents/Sources/Intelligents/Interface/Controller/AttachmentManagementController/AttachmentIcon.xcassets/FileAttachment_pdf.imageset/AiFileClip attachment icon.pdf	verbatim		0	0	bin
ac_cloud-notes/packages/frontend/apps/ios/App/Packages/Intelligents/Sources/Intelligents/Interface/Controller/AttachmentManagementController/AttachmentIcon.xcassets/FileAttachment_pdf.imageset/Contents.json	verbatim		12	0	txt
ac_cloud-notes/packages/frontend/apps/ios/App/Packages/Intelligents/Sources/Intelligents/Interface/Controller/AttachmentManagementController/AttachmentIcon.xcassets/FileAttachment_txt.imageset/AiFileClip attachment icon.pdf	verbatim		0	0	bin
ac_cloud-notes/packages/frontend/apps/ios/App/Packages/Intelligents/Sources/Intelligents/Interface/Controller/AttachmentManagementController/AttachmentIcon.xcassets/FileAttachment_txt.imageset/Contents.json	verbatim		12	0	txt
ac_cloud-notes/packages/frontend/apps/ios/App/Packages/Intelligents/Sources/Intelligents/Interface/Controller/AttachmentManagementController/AttachmentManagementController.swift	verbatim		264	0	txt
ac_cloud-notes/packages/frontend/apps/ios/App/Packages/Intelligents/Sources/Intelligents/Interface/Controller/AttachmentManagementController/AttachmentManagementControllerDelegate.swift	verbatim		11	0	txt
ac_cloud-notes/packages/frontend/apps/ios/App/Packages/Intelligents/Sources/Intelligents/Interface/Controller/IntelligentsController/BlurTransition.swift	verbatim		136	0	txt
ac_cloud-notes/packages/frontend/apps/ios/App/Packages/Intelligents/Sources/Intelligents/Interface/Controller/IntelligentsController/IntelligentsController.swift	verbatim		23	0	txt
ac_cloud-notes/packages/frontend/apps/ios/App/Packages/Intelligents/Sources/Intelligents/Interface/Controller/MainViewController/MainViewController+Header.swift	verbatim		18	0	txt
ac_cloud-notes/packages/frontend/apps/ios/App/Packages/Intelligents/Sources/Intelligents/Interface/Controller/MainViewController/MainViewController+Input.swift	verbatim		167	0	txt
ac_cloud-notes/packages/frontend/apps/ios/App/Packages/Intelligents/Sources/Intelligents/Interface/Controller/MainViewController/MainViewController.swift	verbatim		90	0	txt
ac_cloud-notes/packages/frontend/apps/ios/App/Packages/Intelligents/Sources/Intelligents/Interface/Effect/ParticleView+Removal.swift	verbatim		39	0	txt
ac_cloud-notes/packages/frontend/apps/ios/App/Packages/Intelligents/Sources/Intelligents/Interface/Effect/ParticleView+Renderer.swift	verbatim		284	0	txt
ac_cloud-notes/packages/frontend/apps/ios/App/Packages/Intelligents/Sources/Intelligents/Interface/Effect/ParticleView.swift	verbatim		67	0	txt
ac_cloud-notes/packages/frontend/apps/ios/App/Packages/Intelligents/Sources/Intelligents/Interface/Effect/UIView+createViewSnapshot.swift	verbatim		19	0	txt
ac_cloud-notes/packages/frontend/apps/ios/App/Packages/Intelligents/Sources/Intelligents/Interface/Supplement/AccentColor.swift	verbatim		10	0	txt
ac_cloud-notes/packages/frontend/apps/ios/App/Packages/Intelligents/Sources/Intelligents/Interface/Supplement/Animation.swift	verbatim		22	0	txt
ac_cloud-notes/packages/frontend/apps/ios/App/Packages/Intelligents/Sources/Intelligents/Interface/View/ChatCell/AssistantMessageCell.swift	verbatim		43	0	txt
ac_cloud-notes/packages/frontend/apps/ios/App/Packages/Intelligents/Sources/Intelligents/Interface/View/ChatCell/ChatBaseCell.swift	verbatim		65	0	txt
ac_cloud-notes/packages/frontend/apps/ios/App/Packages/Intelligents/Sources/Intelligents/Interface/View/ChatCell/ErrorCell.swift	verbatim		62	0	txt
ac_cloud-notes/packages/frontend/apps/ios/App/Packages/Intelligents/Sources/Intelligents/Interface/View/ChatCell/LoadingCell.swift	verbatim		28	0	txt
ac_cloud-notes/packages/frontend/apps/ios/App/Packages/Intelligents/Sources/Intelligents/Interface/View/ChatCell/SystemMessageCell.swift	verbatim		70	0	txt
ac_cloud-notes/packages/frontend/apps/ios/App/Packages/Intelligents/Sources/Intelligents/Interface/View/ChatCell/UserHintCell.swift	verbatim		90	0	txt
ac_cloud-notes/packages/frontend/apps/ios/App/Packages/Intelligents/Sources/Intelligents/Interface/View/ChatCell/UserMessageCell.swift	verbatim		77	0	txt
ac_cloud-notes/packages/frontend/apps/ios/App/Packages/Intelligents/Sources/Intelligents/Interface/View/ChatCell/ViewModel/CCVM+Assistant.swift	verbatim		86	0	txt
ac_cloud-notes/packages/frontend/apps/ios/App/Packages/Intelligents/Sources/Intelligents/Interface/View/ChatCell/ViewModel/CCVM+Error.swift	verbatim		13	0	txt
ac_cloud-notes/packages/frontend/apps/ios/App/Packages/Intelligents/Sources/Intelligents/Interface/View/ChatCell/ViewModel/CCVM+Loading.swift	verbatim		14	0	txt
ac_cloud-notes/packages/frontend/apps/ios/App/Packages/Intelligents/Sources/Intelligents/Interface/View/ChatCell/ViewModel/CCVM+System.swift	verbatim		13	0	txt
ac_cloud-notes/packages/frontend/apps/ios/App/Packages/Intelligents/Sources/Intelligents/Interface/View/ChatCell/ViewModel/CCVM+User.swift	verbatim		21	0	txt
ac_cloud-notes/packages/frontend/apps/ios/App/Packages/Intelligents/Sources/Intelligents/Interface/View/ChatCell/ViewModel/ChatCellType.swift	verbatim		15	0	txt
ac_cloud-notes/packages/frontend/apps/ios/App/Packages/Intelligents/Sources/Intelligents/Interface/View/ChatCell/ViewModel/ChatCellViewModel.swift	verbatim		12	0	txt
ac_cloud-notes/packages/frontend/apps/ios/App/Packages/Intelligents/Sources/Intelligents/Interface/View/ChatList/ChatItemEntity.swift	verbatim		20	0	txt
ac_cloud-notes/packages/frontend/apps/ios/App/Packages/Intelligents/Sources/Intelligents/Interface/View/ChatList/ChatListView+Adapter.swift	verbatim		77	0	txt
ac_cloud-notes/packages/frontend/apps/ios/App/Packages/Intelligents/Sources/Intelligents/Interface/View/ChatList/ChatListView.swift	verbatim		75	0	txt
ac_cloud-notes/packages/frontend/apps/ios/App/Packages/Intelligents/Sources/Intelligents/Interface/View/DocumentPickerView/DocumentItem.swift	verbatim		23	0	txt
ac_cloud-notes/packages/frontend/apps/ios/App/Packages/Intelligents/Sources/Intelligents/Interface/View/DocumentPickerView/DocumentPickerView.swift	verbatim		244	0	txt
ac_cloud-notes/packages/frontend/apps/ios/App/Packages/Intelligents/Sources/Intelligents/Interface/View/DocumentPickerView/DocumentPickerViewDelegate.swift	verbatim		10	0	txt
ac_cloud-notes/packages/frontend/apps/ios/App/Packages/Intelligents/Sources/Intelligents/Interface/View/DocumentPickerView/DocumentTableViewCell.swift	verbatim		64	0	txt
ac_cloud-notes/packages/frontend/apps/ios/App/Packages/Intelligents/Sources/Intelligents/Interface/View/FileAttachmentHeader/FileAttachmentHeaderView.swift	verbatim		140	0	txt
ac_cloud-notes/packages/frontend/apps/ios/App/Packages/Intelligents/Sources/Intelligents/Interface/View/FileAttachmentHeader/FileAttachmentHeaderViewDelegate.swift	verbatim		11	0	txt
ac_cloud-notes/packages/frontend/apps/ios/App/Packages/Intelligents/Sources/Intelligents/Interface/View/ImageAttachmentBar/ImageAttachmentBar.swift	verbatim		122	0	txt
ac_cloud-notes/packages/frontend/apps/ios/App/Packages/Intelligents/Sources/Intelligents/Interface/View/ImageAttachmentBar/ImageAttachmentBarDelegate.swift	verbatim		10	0	txt
ac_cloud-notes/packages/frontend/apps/ios/App/Packages/Intelligents/Sources/Intelligents/Interface/View/ImageAttachmentBar/ImageCollectionViewCell.swift	verbatim		50	0	txt
ac_cloud-notes/packages/frontend/apps/ios/App/Packages/Intelligents/Sources/Intelligents/Interface/View/InputBox/InputBox+Delegates.swift	verbatim		86	0	txt
ac_cloud-notes/packages/frontend/apps/ios/App/Packages/Intelligents/Sources/Intelligents/Interface/View/InputBox/InputBox.swift	verbatim		254	0	txt
ac_cloud-notes/packages/frontend/apps/ios/App/Packages/Intelligents/Sources/Intelligents/Interface/View/InputBox/InputBox.xcassets/InputBoxBackground.colorset/Contents.json	verbatim		38	0	txt
ac_cloud-notes/packages/frontend/apps/ios/App/Packages/Intelligents/Sources/Intelligents/Interface/View/InputBox/InputBoxDelegate.swift	verbatim		15	0	txt
ac_cloud-notes/packages/frontend/apps/ios/App/Packages/Intelligents/Sources/Intelligents/Interface/View/InputBox/InputBoxFunctionBar.swift	verbatim		166	0	txt
ac_cloud-notes/packages/frontend/apps/ios/App/Packages/Intelligents/Sources/Intelligents/Interface/View/InputBox/InputBoxFunctionBarDelegate.swift	verbatim		17	0	txt
ac_cloud-notes/packages/frontend/apps/ios/App/Packages/Intelligents/Sources/Intelligents/Interface/View/InputBox/ViewModel/DocumentAttachment.swift	verbatim		21	0	txt
ac_cloud-notes/packages/frontend/apps/ios/App/Packages/Intelligents/Sources/Intelligents/Interface/View/InputBox/ViewModel/FileAttachment.swift	verbatim		25	0	txt
ac_cloud-notes/packages/frontend/apps/ios/App/Packages/Intelligents/Sources/Intelligents/Interface/View/InputBox/ViewModel/ImageAttachment.swift	verbatim		14	0	txt
ac_cloud-notes/packages/frontend/apps/ios/App/Packages/Intelligents/Sources/Intelligents/Interface/View/InputBox/ViewModel/InputBoxViewModel.swift	verbatim		132	0	txt
ac_cloud-notes/packages/frontend/apps/ios/App/Packages/Intelligents/Sources/Intelligents/Interface/View/IntelligentsButton/IntelligentsButton+Control.swift	verbatim		74	0	txt
ac_cloud-notes/packages/frontend/apps/ios/App/Packages/Intelligents/Sources/Intelligents/Interface/View/IntelligentsButton/IntelligentsButton+Delegate.swift	verbatim		10	0	txt
ac_cloud-notes/packages/frontend/apps/ios/App/Packages/Intelligents/Sources/Intelligents/Interface/View/IntelligentsButton/IntelligentsButton.swift	verbatim		92	0	txt
ac_cloud-notes/packages/frontend/apps/ios/App/Packages/Intelligents/Sources/Intelligents/Interface/View/MainHeaderView/MainHeaderView.swift	verbatim		108	0	txt
ac_cloud-notes/packages/frontend/apps/ios/App/Packages/Intelligents/Sources/Intelligents/Interface/View/MainHeaderView/MainHeaderViewDelegate.swift	verbatim		12	0	txt
ac_cloud-notes/packages/frontend/apps/ios/App/Packages/Intelligents/Sources/Intelligents/Interface/View/SupplementView/CircleImageView.swift	verbatim		23	0	txt
ac_cloud-notes/packages/frontend/apps/ios/App/Packages/Intelligents/Sources/Intelligents/Interface/View/SupplementView/DarkActionButton.swift	verbatim		59	0	txt
ac_cloud-notes/packages/frontend/apps/ios/App/Packages/Intelligents/Sources/Intelligents/Interface/View/SupplementView/DeleteButtonView.swift	verbatim		44	0	txt
ac_cloud-notes/packages/frontend/apps/ios/App/Packages/Intelligents/Sources/Intelligents/Resources/Media.xcassets/Contents.json	verbatim		6	0	txt
ac_cloud-notes/packages/frontend/apps/ios/App/Packages/Intelligents/Sources/Intelligents/Resources/Media.xcassets/close.imageset/Contents.json	verbatim		12	0	txt
ac_cloud-notes/packages/frontend/apps/ios/App/Packages/Intelligents/Sources/Intelligents/Resources/Media.xcassets/close.imageset/close.svg	verbatim		5	0	txt
ac_cloud-notes/packages/frontend/apps/ios/App/Packages/Intelligents/Sources/Intelligents/Resources/Media.xcassets/spark.imageset/Contents.json	verbatim		15	0	txt
ac_cloud-notes/packages/frontend/apps/ios/App/Packages/Intelligents/Sources/Intelligents/Resources/Media.xcassets/spark.imageset/spark.svg	verbatim		8	0	txt
ac_cloud-notes/packages/frontend/apps/ios/App/Packages/Intelligents/Sources/Intelligents/Resources/main.metal	verbatim		69	0	txt
ac_cloud-notes/packages/frontend/apps/ios/App/Podfile	verbatim		24	0	txt
ac_cloud-notes/packages/frontend/apps/ios/App/Podfile.lock	verbatim		53	0	txt
ac_cloud-notes/packages/frontend/apps/ios/App/ShareExtension/Info.plist	verbatim		36	0	txt
ac_cloud-notes/packages/frontend/apps/ios/App/ShareExtension/SafariPageCapture.js	verbatim		12	0	txt
ac_cloud-notes/packages/frontend/apps/ios/App/ShareExtension/ShareExtension.entitlements	verbatim		10	0	txt
ac_cloud-notes/packages/frontend/apps/ios/App/ShareExtension/ShareExtensionView.swift	verbatim		292	0	txt
ac_cloud-notes/packages/frontend/apps/ios/App/ShareExtension/ShareViewController.swift	verbatim		80	0	txt
ac_cloud-notes/packages/frontend/apps/ios/App/ShareExtension/ShareViewModel.swift	verbatim		146	0	txt
ac_cloud-notes/packages/frontend/apps/ios/App/Shared/ShareInbox/ShareInboxConstants.swift	verbatim		16	0	txt
ac_cloud-notes/packages/frontend/apps/ios/App/Shared/ShareInbox/ShareInboxModels.swift	verbatim		76	0	txt
ac_cloud-notes/packages/frontend/apps/ios/App/Shared/ShareInbox/ShareInboxSafety.swift	verbatim		124	0	txt
ac_cloud-notes/packages/frontend/apps/ios/App/Shared/ShareInbox/ShareInboxStore.swift	verbatim		180	0	txt
ac_cloud-notes/packages/frontend/apps/ios/App/Shared/ShareInbox/ShareLinkPreview.swift	verbatim		148	0	txt
ac_cloud-notes/packages/frontend/apps/ios/App/Shared/ShareInbox/SharePayloadBuilder.swift	verbatim		265	0	txt
ac_cloud-notes/packages/frontend/apps/ios/App/fastlane/Appfile	verbatim		6	0	txt
ac_cloud-notes/packages/frontend/apps/ios/App/fastlane/Fastfile	verbatim		34	0	txt
ac_cloud-notes/packages/frontend/apps/ios/App/fastlane/README.md	verbatim		18	0	txt
ac_cloud-notes/packages/frontend/apps/ios/App/xc-universal-binary.sh	verbatim		103	0	txt
ac_cloud-notes/packages/frontend/apps/ios/README.md	verbatim		14	0	txt
ac_cloud-notes/packages/frontend/apps/ios/apollo-codegen-chore.sh	verbatim		18	0	txt
ac_cloud-notes/packages/frontend/apps/ios/apollo-codegen-config.json	verbatim		26	0	txt
ac_cloud-notes/packages/frontend/apps/ios/capacitor.config.ts	verbatim		46	0	txt
ac_cloud-notes/packages/frontend/apps/ios/codegen.ts	verbatim		26	0	txt
ac_cloud-notes/packages/frontend/apps/ios/package.json	verbatim		49	0	txt
ac_cloud-notes/packages/frontend/apps/ios/setup.sh	verbatim		45	0	txt
ac_cloud-notes/packages/frontend/apps/ios/src/app.tsx	verbatim		857	0	txt
ac_cloud-notes/packages/frontend/apps/ios/src/bs-menu-config.tsx	verbatim		18	0	txt
ac_cloud-notes/packages/frontend/apps/ios/src/index.tsx	verbatim		25	0	txt
ac_cloud-notes/packages/frontend/apps/ios/src/nbstore.worker.ts	verbatim		68	0	txt
ac_cloud-notes/packages/frontend/apps/ios/src/plugins/affine-theme/definitions.ts	verbatim		4	0	txt
ac_cloud-notes/packages/frontend/apps/ios/src/plugins/affine-theme/index.ts	verbatim		6	0	txt
ac_cloud-notes/packages/frontend/apps/ios/src/plugins/affine-theme/theme-mode.ts	verbatim		1	0	txt
ac_cloud-notes/packages/frontend/apps/ios/src/plugins/auth/definitions.ts	verbatim		29	0	txt
ac_cloud-notes/packages/frontend/apps/ios/src/plugins/auth/index.ts	verbatim		5	0	txt
ac_cloud-notes/packages/frontend/apps/ios/src/plugins/hashcash/definitions.ts	verbatim		6	0	txt
ac_cloud-notes/packages/frontend/apps/ios/src/plugins/hashcash/index.ts	verbatim		5	0	txt
ac_cloud-notes/packages/frontend/apps/ios/src/plugins/image-picker/definitions.ts	verbatim		12	0	txt
ac_cloud-notes/packages/frontend/apps/ios/src/plugins/image-picker/index.ts	verbatim		5	0	txt
ac_cloud-notes/packages/frontend/apps/ios/src/plugins/navigation-gesture/definitions.ts	verbatim		13	0	txt
ac_cloud-notes/packages/frontend/apps/ios/src/plugins/navigation-gesture/index.ts	verbatim		6	0	txt
ac_cloud-notes/packages/frontend/apps/ios/src/plugins/nbstore/definitions.ts	verbatim		221	0	txt
ac_cloud-notes/packages/frontend/apps/ios/src/plugins/nbstore/index.ts	verbatim		458	0	txt
ac_cloud-notes/packages/frontend/apps/ios/src/plugins/paywall/definitions.ts	verbatim		5	0	txt
ac_cloud-notes/packages/frontend/apps/ios/src/plugins/paywall/index.ts	verbatim		5	0	txt
ac_cloud-notes/packages/frontend/apps/ios/src/plugins/preview/definitions.ts	verbatim		16	0	txt
ac_cloud-notes/packages/frontend/apps/ios/src/plugins/preview/index.ts	verbatim		5	0	txt
ac_cloud-notes/packages/frontend/apps/ios/src/plugins/share-inbox/definitions.ts	verbatim		19	0	txt
ac_cloud-notes/packages/frontend/apps/ios/src/plugins/share-inbox/index.ts	verbatim		40	0	txt
ac_cloud-notes/packages/frontend/apps/ios/src/proxy.ts	verbatim		29	0	txt
ac_cloud-notes/packages/frontend/apps/ios/src/setup-worker.ts	verbatim		1	0	txt
ac_cloud-notes/packages/frontend/apps/ios/src/setup.ts	verbatim		82	0	txt
ac_cloud-notes/packages/frontend/apps/ios/tsconfig.json	verbatim		23	0	txt
ac_cloud-notes/packages/frontend/apps/ios/update_code_sign_identity.sh	verbatim		67	0	txt
ac_cloud-notes/packages/frontend/apps/mobile-shared/package.json	verbatim		23	0	txt
ac_cloud-notes/packages/frontend/apps/mobile-shared/src/auth/auth.spec.ts	verbatim		320	0	txt
ac_cloud-notes/packages/frontend/apps/mobile-shared/src/auth/channel.ts	verbatim		122	0	txt
ac_cloud-notes/packages/frontend/apps/mobile-shared/src/auth/endpoint.ts	verbatim		13	0	txt
ac_cloud-notes/packages/frontend/apps/mobile-shared/src/auth/request.ts	modified	packages/frontend/apps/mobile-shared/src/auth/request.ts	223	5	txt
ac_cloud-notes/packages/frontend/apps/mobile-shared/src/index.ts	verbatim		5	0	txt
ac_cloud-notes/packages/frontend/apps/mobile-shared/src/nbstore/optional.spec.ts	verbatim		12	0	txt
ac_cloud-notes/packages/frontend/apps/mobile-shared/src/nbstore/optional.ts	verbatim		3	0	txt
ac_cloud-notes/packages/frontend/apps/mobile-shared/src/nbstore/payload.spec.ts	verbatim		124	0	txt
ac_cloud-notes/packages/frontend/apps/mobile-shared/src/nbstore/payload.ts	verbatim		146	0	txt
ac_cloud-notes/packages/frontend/apps/mobile-shared/tsconfig.json	verbatim		10	0	txt
ac_cloud-notes/packages/frontend/apps/mobile/README.md	verbatim		2	0	txt
ac_cloud-notes/packages/frontend/apps/mobile/package.json	verbatim		28	0	txt
ac_cloud-notes/packages/frontend/apps/mobile/src/app.tsx	verbatim		154	0	txt
ac_cloud-notes/packages/frontend/apps/mobile/src/index.tsx	verbatim		20	0	txt
ac_cloud-notes/packages/frontend/apps/mobile/src/nbstore.worker.ts	verbatim		28	0	txt
ac_cloud-notes/packages/frontend/apps/mobile/src/setup.ts	verbatim		4	0	txt
ac_cloud-notes/packages/frontend/apps/mobile/tsconfig.json	verbatim		18	0	txt
ac_cloud-notes/packages/frontend/apps/web/README.md	verbatim		2	0	txt
ac_cloud-notes/packages/frontend/apps/web/package.json	verbatim		28	0	txt
ac_cloud-notes/packages/frontend/apps/web/src/app.tsx	verbatim		106	0	txt
ac_cloud-notes/packages/frontend/apps/web/src/index.tsx	verbatim		20	0	txt
ac_cloud-notes/packages/frontend/apps/web/src/nbstore.worker.ts	verbatim		28	0	txt
ac_cloud-notes/packages/frontend/apps/web/src/setup.ts	verbatim		3	0	txt
ac_cloud-notes/packages/frontend/apps/web/tsconfig.json	verbatim		17	0	txt
ac_cloud-notes/packages/frontend/component/.storybook/main.ts	verbatim		62	0	txt
ac_cloud-notes/packages/frontend/component/.storybook/polyfill.ts	verbatim		2	0	txt
ac_cloud-notes/packages/frontend/component/.storybook/preview.css.ts	verbatim		18	0	txt
ac_cloud-notes/packages/frontend/component/.storybook/preview.html	verbatim		3	0	txt
ac_cloud-notes/packages/frontend/component/.storybook/preview.tsx	verbatim		58	0	txt
ac_cloud-notes/packages/frontend/component/package.json	verbatim		88	0	txt
ac_cloud-notes/packages/frontend/component/src/components/affine-banner/browser-warning.tsx	verbatim		29	0	txt
ac_cloud-notes/packages/frontend/component/src/components/affine-banner/index.css.ts	verbatim		68	0	txt
ac_cloud-notes/packages/frontend/component/src/components/affine-banner/index.tsx	verbatim		2	0	txt
ac_cloud-notes/packages/frontend/component/src/components/affine-banner/local-demo-tips.tsx	verbatim		49	0	txt
ac_cloud-notes/packages/frontend/component/src/components/affine-other-page-layout/assets/dot-bg.dark.png	verbatim		0	0	bin
ac_cloud-notes/packages/frontend/component/src/components/affine-other-page-layout/assets/dot-bg.light.png	verbatim		0	0	bin
ac_cloud-notes/packages/frontend/component/src/components/affine-other-page-layout/assets/other-page.dark.png	verbatim		0	0	bin
ac_cloud-notes/packages/frontend/component/src/components/affine-other-page-layout/assets/other-page.light.png	verbatim		0	0	bin
ac_cloud-notes/packages/frontend/component/src/components/affine-other-page-layout/desktop-navbar.tsx	verbatim		22	0	txt
ac_cloud-notes/packages/frontend/component/src/components/affine-other-page-layout/index.css.ts	verbatim		110	0	txt
ac_cloud-notes/packages/frontend/component/src/components/affine-other-page-layout/index.tsx	verbatim		1	0	txt
ac_cloud-notes/packages/frontend/component/src/components/affine-other-page-layout/layout.tsx	verbatim		48	0	txt
ac_cloud-notes/packages/frontend/component/src/components/affine-other-page-layout/mobile-navbar.tsx	verbatim		46	0	txt
ac_cloud-notes/packages/frontend/component/src/components/affine-other-page-layout/use-nav-config.ts	verbatim		22	0	txt
ac_cloud-notes/packages/frontend/component/src/components/auth-components/auth-container.tsx	verbatim		5	0	txt
ac_cloud-notes/packages/frontend/component/src/components/auth-components/auth-content.tsx	verbatim		12	0	txt
ac_cloud-notes/packages/frontend/component/src/components/auth-components/auth-footer.tsx	verbatim		5	0	txt
ac_cloud-notes/packages/frontend/component/src/components/auth-components/auth-header.tsx	verbatim		19	0	txt
ac_cloud-notes/packages/frontend/component/src/components/auth-components/auth-input.tsx	verbatim		42	0	txt
ac_cloud-notes/packages/frontend/component/src/components/auth-components/auth-page-container.tsx	verbatim		38	0	txt
ac_cloud-notes/packages/frontend/component/src/components/auth-components/back-button.tsx	verbatim		20	0	txt
ac_cloud-notes/packages/frontend/component/src/components/auth-components/change-email-page.tsx	verbatim		68	0	txt
ac_cloud-notes/packages/frontend/component/src/components/auth-components/change-password-page.tsx	verbatim		57	0	txt
ac_cloud-notes/packages/frontend/component/src/components/auth-components/index.tsx	verbatim		17	0	txt
ac_cloud-notes/packages/frontend/component/src/components/auth-components/logo.tsx	verbatim		18	0	txt
ac_cloud-notes/packages/frontend/component/src/components/auth-components/onboarding-page.css.ts	verbatim		157	0	txt
ac_cloud-notes/packages/frontend/component/src/components/auth-components/onboarding-page.tsx	verbatim		259	0	txt
ac_cloud-notes/packages/frontend/component/src/components/auth-components/password-input/error.tsx	verbatim		30	0	txt
ac_cloud-notes/packages/frontend/component/src/components/auth-components/password-input/index.tsx	verbatim		185	0	txt
ac_cloud-notes/packages/frontend/component/src/components/auth-components/password-input/style.css.ts	verbatim		32	0	txt
ac_cloud-notes/packages/frontend/component/src/components/auth-components/password-input/success.tsx	verbatim		28	0	txt
ac_cloud-notes/packages/frontend/component/src/components/auth-components/password-input/tag.tsx	verbatim		34	0	txt
ac_cloud-notes/packages/frontend/component/src/components/auth-components/set-password-page.tsx	verbatim		57	0	txt
ac_cloud-notes/packages/frontend/component/src/components/auth-components/set-password.tsx	verbatim		49	0	txt
ac_cloud-notes/packages/frontend/component/src/components/auth-components/share.css.ts	verbatim		154	0	txt
ac_cloud-notes/packages/frontend/component/src/components/auth-components/sign-in-page-container.tsx	verbatim		5	0	txt
ac_cloud-notes/packages/frontend/component/src/components/auth-components/sign-in-success-page.tsx	verbatim		19	0	txt
ac_cloud-notes/packages/frontend/component/src/components/auth-components/sign-up-page.tsx	verbatim		75	0	txt
ac_cloud-notes/packages/frontend/component/src/components/auth-components/type.ts	verbatim		7	0	txt
ac_cloud-notes/packages/frontend/component/src/components/auth-components/utils.ts	verbatim		2	0	txt
ac_cloud-notes/packages/frontend/component/src/components/card/block-card/index.tsx	verbatim		32	0	txt
ac_cloud-notes/packages/frontend/component/src/components/card/block-card/styles.css.ts	verbatim		41	0	txt
ac_cloud-notes/packages/frontend/component/src/components/global-loading/index.jotai.ts	verbatim		29	0	txt
ac_cloud-notes/packages/frontend/component/src/components/global-loading/index.tsx	verbatim		6	0	txt
ac_cloud-notes/packages/frontend/component/src/components/import-page/index.css.ts	verbatim		41	0	txt
ac_cloud-notes/packages/frontend/component/src/components/import-page/index.tsx	verbatim		88	0	txt
ac_cloud-notes/packages/frontend/component/src/components/internal-lottie/index.tsx	verbatim		86	0	txt
ac_cloud-notes/packages/frontend/component/src/components/member-components/accept-invite-page.tsx	verbatim		49	0	txt
ac_cloud-notes/packages/frontend/component/src/components/member-components/expired.tsx	verbatim		16	0	txt
ac_cloud-notes/packages/frontend/component/src/components/member-components/failed-to-send-page.tsx	verbatim		47	0	txt
ac_cloud-notes/packages/frontend/component/src/components/member-components/index.tsx	verbatim		10	0	txt
ac_cloud-notes/packages/frontend/component/src/components/member-components/invitation-account-mismatch.tsx	verbatim		49	0	txt
ac_cloud-notes/packages/frontend/component/src/components/member-components/invite-modal.tsx	verbatim		73	0	txt
ac_cloud-notes/packages/frontend/component/src/components/member-components/invite-team-modal/email-invite.tsx	verbatim		47	0	txt
ac_cloud-notes/packages/frontend/component/src/components/member-components/invite-team-modal/index.tsx	verbatim		113	0	txt
ac_cloud-notes/packages/frontend/component/src/components/member-components/invite-team-modal/link-invite.tsx	verbatim		184	0	txt
ac_cloud-notes/packages/frontend/component/src/components/member-components/invite-team-modal/modal-content.tsx	verbatim		105	0	txt
ac_cloud-notes/packages/frontend/component/src/components/member-components/invite-team-modal/styles.css.ts	verbatim		104	0	txt
ac_cloud-notes/packages/frontend/component/src/components/member-components/join-failed-page.tsx	verbatim		53	0	txt
ac_cloud-notes/packages/frontend/component/src/components/member-components/member-limit-modal.css.ts	verbatim		24	0	txt
ac_cloud-notes/packages/frontend/component/src/components/member-components/member-limit-modal.tsx	verbatim		78	0	txt
ac_cloud-notes/packages/frontend/component/src/components/member-components/request-to-join-page.tsx	verbatim		74	0	txt
ac_cloud-notes/packages/frontend/component/src/components/member-components/sent-request-page.tsx	verbatim		47	0	txt
ac_cloud-notes/packages/frontend/component/src/components/member-components/styles.css.ts	verbatim		80	0	txt
ac_cloud-notes/packages/frontend/component/src/components/not-found-page/index.tsx	verbatim		1	0	txt
ac_cloud-notes/packages/frontend/component/src/components/not-found-page/not-found-page.tsx	verbatim		122	0	txt
ac_cloud-notes/packages/frontend/component/src/components/not-found-page/styles.css.ts	verbatim		36	0	txt
ac_cloud-notes/packages/frontend/component/src/components/notification-center/icons.tsx	verbatim		22	0	txt
ac_cloud-notes/packages/frontend/component/src/components/notification-center/index.css.ts	verbatim		313	0	txt
ac_cloud-notes/packages/frontend/component/src/components/notification-center/index.jotai.ts	verbatim		77	0	txt
ac_cloud-notes/packages/frontend/component/src/components/notification-center/index.tsx	verbatim		402	0	txt
ac_cloud-notes/packages/frontend/component/src/components/page-detail-skeleton/assets/loading.dark.png	verbatim		0	0	bin
ac_cloud-notes/packages/frontend/component/src/components/page-detail-skeleton/assets/loading.light.png	verbatim		0	0	bin
ac_cloud-notes/packages/frontend/component/src/components/page-detail-skeleton/index.css.ts	verbatim		82	0	txt
ac_cloud-notes/packages/frontend/component/src/components/page-detail-skeleton/index.tsx	verbatim		87	0	txt
ac_cloud-notes/packages/frontend/component/src/components/provider-composer/__tests__/__snapshots__/provider-composer.spec.tsx.snap	verbatim		6	0	txt
ac_cloud-notes/packages/frontend/component/src/components/provider-composer/__tests__/provider-composer.spec.tsx	verbatim		28	0	txt
ac_cloud-notes/packages/frontend/component/src/components/provider-composer/index.tsx	verbatim		17	0	txt
ac_cloud-notes/packages/frontend/component/src/components/rename-modal/index.tsx	verbatim		70	0	txt
ac_cloud-notes/packages/frontend/component/src/components/resize-panel/index.tsx	verbatim		1	0	txt
ac_cloud-notes/packages/frontend/component/src/components/resize-panel/resize-panel.css.ts	verbatim		108	0	txt
ac_cloud-notes/packages/frontend/component/src/components/resize-panel/resize-panel.tsx	verbatim		235	0	txt
ac_cloud-notes/packages/frontend/component/src/components/setting-components/index.tsx	verbatim		6	0	txt
ac_cloud-notes/packages/frontend/component/src/components/setting-components/pagination.css.ts	verbatim		46	0	txt
ac_cloud-notes/packages/frontend/component/src/components/setting-components/pagination.tsx	verbatim		48	0	txt
ac_cloud-notes/packages/frontend/component/src/components/setting-components/setting-header.tsx	verbatim		26	0	txt
ac_cloud-notes/packages/frontend/component/src/components/setting-components/setting-row.tsx	verbatim		46	0	txt
ac_cloud-notes/packages/frontend/component/src/components/setting-components/share.css.ts	verbatim		108	0	txt
ac_cloud-notes/packages/frontend/component/src/components/setting-components/workspace-detail-skeleton.tsx	verbatim		20	0	txt
ac_cloud-notes/packages/frontend/component/src/components/setting-components/workspace-list-skeleton.tsx	verbatim		32	0	txt
ac_cloud-notes/packages/frontend/component/src/components/setting-components/wrapper.tsx	verbatim		28	0	txt
ac_cloud-notes/packages/frontend/component/src/fonts/ibm-plex-mono/IBMPlexMono-Bold.ttf	verbatim		0	0	bin
ac_cloud-notes/packages/frontend/component/src/fonts/ibm-plex-mono/IBMPlexMono-BoldItalic.ttf	verbatim		0	0	bin
ac_cloud-notes/packages/frontend/component/src/fonts/ibm-plex-mono/IBMPlexMono-Italic.ttf	verbatim		0	0	bin
ac_cloud-notes/packages/frontend/component/src/fonts/ibm-plex-mono/IBMPlexMono-Regular.ttf	verbatim		0	0	bin
ac_cloud-notes/packages/frontend/component/src/fonts/ibm-plex-mono/OFL.txt	verbatim		75	0	txt
ac_cloud-notes/packages/frontend/component/src/fonts/inter/Inter-VariableFont_slnt,wght.ttf	verbatim		0	0	bin
ac_cloud-notes/packages/frontend/component/src/fonts/inter/OFL.txt	verbatim		75	0	txt
ac_cloud-notes/packages/frontend/component/src/fonts/kalam/Kalam-Bold.ttf	verbatim		0	0	bin
ac_cloud-notes/packages/frontend/component/src/fonts/kalam/Kalam-Light.ttf	verbatim		0	0	bin
ac_cloud-notes/packages/frontend/component/src/fonts/kalam/Kalam-Regular.ttf	verbatim		0	0	bin
ac_cloud-notes/packages/frontend/component/src/fonts/kalam/OFL.txt	verbatim		75	0	txt
ac_cloud-notes/packages/frontend/component/src/fonts/source-code-pro/OFL.txt	verbatim		75	0	txt
ac_cloud-notes/packages/frontend/component/src/fonts/source-code-pro/SourceCodePro-Italic-VariableFont_wght.ttf	verbatim		0	0	bin
ac_cloud-notes/packages/frontend/component/src/fonts/source-code-pro/SourceCodePro-VariableFont_wght.ttf	verbatim		0	0	bin
ac_cloud-notes/packages/frontend/component/src/fonts/source-serif-4/OFL.txt	verbatim		74	0	txt
ac_cloud-notes/packages/frontend/component/src/fonts/source-serif-4/SourceSerif4-Bold.ttf	verbatim		0	0	bin
ac_cloud-notes/packages/frontend/component/src/fonts/source-serif-4/SourceSerif4-BoldItalic.ttf	verbatim		0	0	bin
ac_cloud-notes/packages/frontend/component/src/fonts/source-serif-4/SourceSerif4-Italic-VariableFont_opsz,wght.ttf	verbatim		0	0	bin
ac_cloud-notes/packages/frontend/component/src/fonts/source-serif-4/SourceSerif4-Italic.ttf	verbatim		0	0	bin
ac_cloud-notes/packages/frontend/component/src/fonts/source-serif-4/SourceSerif4-Light.ttf	verbatim		0	0	bin
ac_cloud-notes/packages/frontend/component/src/fonts/source-serif-4/SourceSerif4-LightItalic.ttf	verbatim		0	0	bin
ac_cloud-notes/packages/frontend/component/src/fonts/source-serif-4/SourceSerif4-Medium.ttf	verbatim		0	0	bin
ac_cloud-notes/packages/frontend/component/src/fonts/source-serif-4/SourceSerif4-MediumItalic.ttf	verbatim		0	0	bin
ac_cloud-notes/packages/frontend/component/src/fonts/source-serif-4/SourceSerif4-Regular.ttf	verbatim		0	0	bin
ac_cloud-notes/packages/frontend/component/src/fonts/source-serif-4/SourceSerif4-SemiBold.ttf	verbatim		0	0	bin
ac_cloud-notes/packages/frontend/component/src/fonts/source-serif-4/SourceSerif4-SemiBoldItalic.ttf	verbatim		0	0	bin
ac_cloud-notes/packages/frontend/component/src/fonts/source-serif-4/SourceSerif4-VariableFont_opsz,wght.ttf	verbatim		0	0	bin
ac_cloud-notes/packages/frontend/component/src/fonts/space-mono/OFL.txt	verbatim		75	0	txt
ac_cloud-notes/packages/frontend/component/src/fonts/space-mono/SpaceMono-Bold.ttf	verbatim		0	0	bin
ac_cloud-notes/packages/frontend/component/src/fonts/space-mono/SpaceMono-BoldItalic.ttf	verbatim		0	0	bin
ac_cloud-notes/packages/frontend/component/src/fonts/space-mono/SpaceMono-Italic.ttf	verbatim		0	0	bin
ac_cloud-notes/packages/frontend/component/src/fonts/space-mono/SpaceMono-Regular.ttf	verbatim		0	0	bin
ac_cloud-notes/packages/frontend/component/src/hooks/focus-and-select.ts	verbatim		29	0	txt
ac_cloud-notes/packages/frontend/component/src/hooks/index.ts	verbatim		5	0	txt
ac_cloud-notes/packages/frontend/component/src/hooks/use-debounce-callback.ts	verbatim		22	0	txt
ac_cloud-notes/packages/frontend/component/src/hooks/use-disposable.ts	verbatim		53	0	txt
ac_cloud-notes/packages/frontend/component/src/hooks/use-ref-effect.ts	verbatim		82	0	txt
ac_cloud-notes/packages/frontend/component/src/hooks/use-theme-color-meta.ts	verbatim		40	0	txt
ac_cloud-notes/packages/frontend/component/src/hooks/use-theme-value.ts	verbatim		15	0	txt
ac_cloud-notes/packages/frontend/component/src/index.ts	verbatim		39	0	txt
ac_cloud-notes/packages/frontend/component/src/lit-react/create-component.ts	verbatim		321	0	txt
ac_cloud-notes/packages/frontend/component/src/lit-react/index.ts	verbatim		7	0	txt
ac_cloud-notes/packages/frontend/component/src/lit-react/lit-portal/index.ts	verbatim		7	0	txt
ac_cloud-notes/packages/frontend/component/src/lit-react/lit-portal/lit-portal.tsx	verbatim		148	0	txt
ac_cloud-notes/packages/frontend/component/src/lit-react/lit-portal/uni-component.tsx	verbatim		95	0	txt
ac_cloud-notes/packages/frontend/component/src/lit-react/readme.md	verbatim		2	0	txt
ac_cloud-notes/packages/frontend/component/src/lit-react/to-react-node.ts	verbatim		31	0	txt
ac_cloud-notes/packages/frontend/component/src/lit-react/utils.ts	verbatim		8	0	txt
ac_cloud-notes/packages/frontend/component/src/styles/helper.ts	verbatim		141	0	txt
ac_cloud-notes/packages/frontend/component/src/styles/index.ts	verbatim		2	0	txt
ac_cloud-notes/packages/frontend/component/src/styles/styled.tsx	verbatim		7	0	txt
ac_cloud-notes/packages/frontend/component/src/theme/fonts.css	verbatim		169	0	txt
ac_cloud-notes/packages/frontend/component/src/theme/global.css	verbatim		284	0	txt
ac_cloud-notes/packages/frontend/component/src/theme/index.ts	verbatim		4	0	txt
ac_cloud-notes/packages/frontend/component/src/theme/noise.avif	verbatim		0	0	bin
ac_cloud-notes/packages/frontend/component/src/theme/theme.css.ts	verbatim		7	0	txt
ac_cloud-notes/packages/frontend/component/src/type.d.ts	verbatim		12	0	txt
ac_cloud-notes/packages/frontend/component/src/ui/audio-player/audio-player.css.ts	verbatim		187	0	txt
ac_cloud-notes/packages/frontend/component/src/ui/audio-player/audio-player.stories.tsx	verbatim		312	0	txt
ac_cloud-notes/packages/frontend/component/src/ui/audio-player/audio-player.tsx	verbatim		236	0	txt
ac_cloud-notes/packages/frontend/component/src/ui/audio-player/audio-waveform.css.ts	verbatim		13	0	txt
ac_cloud-notes/packages/frontend/component/src/ui/audio-player/audio-waveform.tsx	verbatim		193	0	txt
ac_cloud-notes/packages/frontend/component/src/ui/audio-player/index.ts	verbatim		2	0	txt
ac_cloud-notes/packages/frontend/component/src/ui/avatar/avatar.stories.tsx	verbatim		64	0	txt
ac_cloud-notes/packages/frontend/component/src/ui/avatar/avatar.tsx	verbatim		251	0	txt
ac_cloud-notes/packages/frontend/component/src/ui/avatar/colorful-fallback.tsx	verbatim		66	0	txt
ac_cloud-notes/packages/frontend/component/src/ui/avatar/index.ts	verbatim		1	0	txt
ac_cloud-notes/packages/frontend/component/src/ui/avatar/style.css.ts	verbatim		203	0	txt
ac_cloud-notes/packages/frontend/component/src/ui/button/button.css.ts	verbatim		255	0	txt
ac_cloud-notes/packages/frontend/component/src/ui/button/button.stories.css.ts	verbatim		58	0	txt
ac_cloud-notes/packages/frontend/component/src/ui/button/button.stories.tsx	verbatim		161	0	txt
ac_cloud-notes/packages/frontend/component/src/ui/button/button.tsx	verbatim		195	0	txt
ac_cloud-notes/packages/frontend/component/src/ui/button/dropdown-button.tsx	verbatim		42	0	txt
ac_cloud-notes/packages/frontend/component/src/ui/button/icon-button.stories.tsx	verbatim		136	0	txt
ac_cloud-notes/packages/frontend/component/src/ui/button/icon-button.tsx	verbatim		80	0	txt
ac_cloud-notes/packages/frontend/component/src/ui/button/index.ts	verbatim		3	0	txt
ac_cloud-notes/packages/frontend/component/src/ui/button/styles.css.ts	verbatim		57	0	txt
ac_cloud-notes/packages/frontend/component/src/ui/checkbox/checkbox.stories.tsx	verbatim		59	0	txt
ac_cloud-notes/packages/frontend/component/src/ui/checkbox/checkbox.tsx	verbatim		117	0	txt
ac_cloud-notes/packages/frontend/component/src/ui/checkbox/icons.tsx	verbatim		49	0	txt
ac_cloud-notes/packages/frontend/component/src/ui/checkbox/index.css.ts	verbatim		27	0	txt
ac_cloud-notes/packages/frontend/component/src/ui/checkbox/index.ts	verbatim		1	0	txt
ac_cloud-notes/packages/frontend/component/src/ui/date-picker/calendar/calendar.css.ts	verbatim		243	0	txt
ac_cloud-notes/packages/frontend/component/src/ui/date-picker/calendar/calendar.stories.tsx	verbatim		34	0	txt
ac_cloud-notes/packages/frontend/component/src/ui/date-picker/calendar/calendar.tsx	verbatim		70	0	txt
ac_cloud-notes/packages/frontend/component/src/ui/date-picker/calendar/constants.ts	verbatim		5	0	txt
ac_cloud-notes/packages/frontend/component/src/ui/date-picker/calendar/day-picker.tsx	verbatim		220	0	txt
ac_cloud-notes/packages/frontend/component/src/ui/date-picker/calendar/helpers.ts	verbatim		7	0	txt
ac_cloud-notes/packages/frontend/component/src/ui/date-picker/calendar/index.ts	verbatim		2	0	txt
ac_cloud-notes/packages/frontend/component/src/ui/date-picker/calendar/items.tsx	verbatim		157	0	txt
ac_cloud-notes/packages/frontend/component/src/ui/date-picker/calendar/month-picker.tsx	verbatim		149	0	txt
ac_cloud-notes/packages/frontend/component/src/ui/date-picker/calendar/types.tsx	verbatim		105	0	txt
ac_cloud-notes/packages/frontend/component/src/ui/date-picker/calendar/year-picker.tsx	verbatim		161	0	txt
ac_cloud-notes/packages/frontend/component/src/ui/date-picker/index.css.ts	verbatim		226	0	txt
ac_cloud-notes/packages/frontend/component/src/ui/date-picker/index.ts	verbatim		2	0	txt
ac_cloud-notes/packages/frontend/component/src/ui/date-picker/week-date-picker.css.tsx	verbatim		90	0	txt
ac_cloud-notes/packages/frontend/component/src/ui/date-picker/week-date-picker.stories.tsx	verbatim		42	0	txt
ac_cloud-notes/packages/frontend/component/src/ui/date-picker/week-date-picker.tsx	verbatim		202	0	txt
ac_cloud-notes/packages/frontend/component/src/ui/divider/divider.stories.tsx	verbatim		22	0	txt
ac_cloud-notes/packages/frontend/component/src/ui/divider/divider.tsx	verbatim		51	0	txt
ac_cloud-notes/packages/frontend/component/src/ui/divider/index.ts	verbatim		1	0	txt
ac_cloud-notes/packages/frontend/component/src/ui/divider/style.css.ts	verbatim		21	0	txt
ac_cloud-notes/packages/frontend/component/src/ui/dnd/common.ts	verbatim		30	0	txt
ac_cloud-notes/packages/frontend/component/src/ui/dnd/context.ts	verbatim		20	0	txt
ac_cloud-notes/packages/frontend/component/src/ui/dnd/dnd.stories.tsx	verbatim		606	0	txt
ac_cloud-notes/packages/frontend/component/src/ui/dnd/draggable.ts	verbatim		270	0	txt
ac_cloud-notes/packages/frontend/component/src/ui/dnd/drop-indicator.css.ts	verbatim		159	0	txt
ac_cloud-notes/packages/frontend/component/src/ui/dnd/drop-indicator.tsx	verbatim		119	0	txt
ac_cloud-notes/packages/frontend/component/src/ui/dnd/drop-target.ts	verbatim		470	0	txt
ac_cloud-notes/packages/frontend/component/src/ui/dnd/index.ts	verbatim		6	0	txt
ac_cloud-notes/packages/frontend/component/src/ui/dnd/monitor.tsx	verbatim		111	0	txt
ac_cloud-notes/packages/frontend/component/src/ui/dnd/types.ts	verbatim		50	0	txt
ac_cloud-notes/packages/frontend/component/src/ui/drag-handle/index.css.ts	verbatim		17	0	txt
ac_cloud-notes/packages/frontend/component/src/ui/drag-handle/index.tsx	verbatim		38	0	txt
ac_cloud-notes/packages/frontend/component/src/ui/editable/index.ts	verbatim		1	0	txt
ac_cloud-notes/packages/frontend/component/src/ui/editable/inline-edit.css.ts	verbatim		43	0	txt
ac_cloud-notes/packages/frontend/component/src/ui/editable/inline-edit.stories.tsx	verbatim		126	0	txt
ac_cloud-notes/packages/frontend/component/src/ui/editable/inline-edit.tsx	verbatim		215	0	txt
ac_cloud-notes/packages/frontend/component/src/ui/empty/empty-svg.tsx	verbatim		40	0	txt
ac_cloud-notes/packages/frontend/component/src/ui/empty/empty.stories.tsx	verbatim		13	0	txt
ac_cloud-notes/packages/frontend/component/src/ui/empty/empty.tsx	verbatim		54	0	txt
ac_cloud-notes/packages/frontend/component/src/ui/empty/index.css.ts	verbatim		21	0	txt
ac_cloud-notes/packages/frontend/component/src/ui/empty/index.ts	verbatim		1	0	txt
ac_cloud-notes/packages/frontend/component/src/ui/error-message/error-message.tsx	verbatim		26	0	txt
ac_cloud-notes/packages/frontend/component/src/ui/error-message/index.ts	verbatim		1	0	txt
ac_cloud-notes/packages/frontend/component/src/ui/error-message/style.css.ts	verbatim		7	0	txt
ac_cloud-notes/packages/frontend/component/src/ui/icon-name-editor/icon-name-editor.css.ts	verbatim		54	0	txt
ac_cloud-notes/packages/frontend/component/src/ui/icon-name-editor/icon-name-editor.stories.tsx	verbatim		60	0	txt
ac_cloud-notes/packages/frontend/component/src/ui/icon-name-editor/icon-name-editor.tsx	verbatim		209	0	txt
ac_cloud-notes/packages/frontend/component/src/ui/icon-name-editor/index.ts	verbatim		1	0	txt
ac_cloud-notes/packages/frontend/component/src/ui/icon-picker/icon-picker.css.ts	verbatim		28	0	txt
ac_cloud-notes/packages/frontend/component/src/ui/icon-picker/icon-picker.stories.tsx	verbatim		18	0	txt
ac_cloud-notes/packages/frontend/component/src/ui/icon-picker/icon-picker.tsx	verbatim		69	0	txt
ac_cloud-notes/packages/frontend/component/src/ui/icon-picker/index.ts	verbatim		3	0	txt
ac_cloud-notes/packages/frontend/component/src/ui/icon-picker/picker/affine-icon/affine-icon-picker.css.ts	verbatim		14	0	txt
ac_cloud-notes/packages/frontend/component/src/ui/icon-picker/picker/affine-icon/affine-icon-picker.tsx	verbatim		197	0	txt
ac_cloud-notes/packages/frontend/component/src/ui/icon-picker/picker/emoji/constants.ts	verbatim		41	0	txt
ac_cloud-notes/packages/frontend/component/src/ui/icon-picker/picker/emoji/data/en.json	verbatim		35020	0	txt
ac_cloud-notes/packages/frontend/component/src/ui/icon-picker/picker/emoji/emoji-button.tsx	verbatim		24	0	txt
ac_cloud-notes/packages/frontend/component/src/ui/icon-picker/picker/emoji/emoji-picker.css.ts	verbatim		37	0	txt
ac_cloud-notes/packages/frontend/component/src/ui/icon-picker/picker/emoji/emoji-picker.tsx	verbatim		106	0	txt
ac_cloud-notes/packages/frontend/component/src/ui/icon-picker/picker/emoji/gen-data.ts	verbatim		54	0	txt
ac_cloud-notes/packages/frontend/component/src/ui/icon-picker/picker/emoji/groups.tsx	verbatim		214	0	txt
ac_cloud-notes/packages/frontend/component/src/ui/icon-picker/picker/emoji/icons/activity.tsx	verbatim		20	0	txt
ac_cloud-notes/packages/frontend/component/src/ui/icon-picker/picker/emoji/icons/animal.tsx	verbatim		20	0	txt
ac_cloud-notes/packages/frontend/component/src/ui/icon-picker/picker/emoji/icons/flag.tsx	verbatim		20	0	txt
ac_cloud-notes/packages/frontend/component/src/ui/icon-picker/picker/emoji/icons/food.tsx	verbatim		20	0	txt
ac_cloud-notes/packages/frontend/component/src/ui/icon-picker/picker/emoji/icons/object.tsx	verbatim		20	0	txt
ac_cloud-notes/packages/frontend/component/src/ui/icon-picker/picker/emoji/icons/smile.tsx	verbatim		20	0	txt
ac_cloud-notes/packages/frontend/component/src/ui/icon-picker/picker/emoji/icons/symbol.tsx	verbatim		20	0	txt
ac_cloud-notes/packages/frontend/component/src/ui/icon-picker/picker/emoji/icons/travel.tsx	verbatim		20	0	txt
ac_cloud-notes/packages/frontend/component/src/ui/icon-picker/picker/emoji/recent.ts	verbatim		22	0	txt
ac_cloud-notes/packages/frontend/component/src/ui/icon-picker/picker/emoji/type.ts	verbatim		15	0	txt
ac_cloud-notes/packages/frontend/component/src/ui/icon-picker/picker/picker.css.ts	verbatim		71	0	txt
ac_cloud-notes/packages/frontend/component/src/ui/icon-picker/renderer.tsx	verbatim		28	0	txt
ac_cloud-notes/packages/frontend/component/src/ui/icon-picker/renderer/affine-icon.tsx	verbatim		16	0	txt
ac_cloud-notes/packages/frontend/component/src/ui/icon-picker/type.ts	verbatim		19	0	txt
ac_cloud-notes/packages/frontend/component/src/ui/input/index.ts	verbatim		4	0	txt
ac_cloud-notes/packages/frontend/component/src/ui/input/input.stories.tsx	verbatim		52	0	txt
ac_cloud-notes/packages/frontend/component/src/ui/input/input.tsx	verbatim		92	0	txt
ac_cloud-notes/packages/frontend/component/src/ui/input/row-input.tsx	verbatim		111	0	txt
ac_cloud-notes/packages/frontend/component/src/ui/input/style.css.ts	verbatim		84	0	txt
ac_cloud-notes/packages/frontend/component/src/ui/layout/content.tsx	verbatim		53	0	txt
ac_cloud-notes/packages/frontend/component/src/ui/layout/index.ts	verbatim		2	0	txt
ac_cloud-notes/packages/frontend/component/src/ui/layout/wrapper.tsx	verbatim		118	0	txt
ac_cloud-notes/packages/frontend/component/src/ui/loading/index.ts	verbatim		1	0	txt
ac_cloud-notes/packages/frontend/component/src/ui/loading/loading.stories.tsx	verbatim		10	0	txt
ac_cloud-notes/packages/frontend/component/src/ui/loading/loading.tsx	verbatim		58	0	txt
ac_cloud-notes/packages/frontend/component/src/ui/loading/styles.css.ts	verbatim		22	0	txt
ac_cloud-notes/packages/frontend/component/src/ui/lottie/animated-play-icon.stories.tsx	verbatim		47	0	txt
ac_cloud-notes/packages/frontend/component/src/ui/lottie/animated-play-icon.tsx	verbatim		67	0	txt
ac_cloud-notes/packages/frontend/component/src/ui/lottie/animated-transcribe-icon.stories.tsx	verbatim		38	0	txt
ac_cloud-notes/packages/frontend/component/src/ui/lottie/animated-transcribe-icon.tsx	verbatim		69	0	txt
ac_cloud-notes/packages/frontend/component/src/ui/lottie/collections-icon.json	verbatim		840	0	txt
ac_cloud-notes/packages/frontend/component/src/ui/lottie/collections-icon.stories.tsx	verbatim		12	0	txt
ac_cloud-notes/packages/frontend/component/src/ui/lottie/collections-icon.tsx	verbatim		37	0	txt
ac_cloud-notes/packages/frontend/component/src/ui/lottie/delete-icon.json	verbatim		989	0	txt
ac_cloud-notes/packages/frontend/component/src/ui/lottie/delete-icon.stories.tsx	verbatim		12	0	txt
ac_cloud-notes/packages/frontend/component/src/ui/lottie/delete-icon.tsx	verbatim		34	0	txt
ac_cloud-notes/packages/frontend/component/src/ui/lottie/folder-icon.json	verbatim		421	0	txt
ac_cloud-notes/packages/frontend/component/src/ui/lottie/folder-icon.tsx	verbatim		40	0	txt
ac_cloud-notes/packages/frontend/component/src/ui/lottie/index.ts	verbatim		5	0	txt
ac_cloud-notes/packages/frontend/component/src/ui/lottie/playandpause.json	verbatim		867	0	txt
ac_cloud-notes/packages/frontend/component/src/ui/lottie/styles.css.ts	verbatim		56	0	txt
ac_cloud-notes/packages/frontend/component/src/ui/lottie/transcribe.json	verbatim		1835	0	txt
ac_cloud-notes/packages/frontend/component/src/ui/masonry/index.ts	verbatim		2	0	txt
ac_cloud-notes/packages/frontend/component/src/ui/masonry/masonry.stories.tsx	verbatim		295	0	txt
ac_cloud-notes/packages/frontend/component/src/ui/masonry/masonry.tsx	verbatim		443	0	txt
ac_cloud-notes/packages/frontend/component/src/ui/masonry/styles.css.ts	verbatim		25	0	txt
ac_cloud-notes/packages/frontend/component/src/ui/masonry/type.ts	verbatim		22	0	txt
ac_cloud-notes/packages/frontend/component/src/ui/masonry/utils.ts	verbatim		184	0	txt
ac_cloud-notes/packages/frontend/component/src/ui/menu/desktop/context-menu.tsx	verbatim		54	0	txt
ac_cloud-notes/packages/frontend/component/src/ui/menu/desktop/context.ts	verbatim		7	0	txt
ac_cloud-notes/packages/frontend/component/src/ui/menu/desktop/item.tsx	verbatim		25	0	txt
ac_cloud-notes/packages/frontend/component/src/ui/menu/desktop/root.tsx	verbatim		88	0	txt
ac_cloud-notes/packages/frontend/component/src/ui/menu/desktop/separator.tsx	verbatim		15	0	txt
ac_cloud-notes/packages/frontend/component/src/ui/menu/desktop/styles.css.ts	verbatim		33	0	txt
ac_cloud-notes/packages/frontend/component/src/ui/menu/desktop/sub.tsx	verbatim		72	0	txt
ac_cloud-notes/packages/frontend/component/src/ui/menu/index.ts	verbatim		32	0	txt
ac_cloud-notes/packages/frontend/component/src/ui/menu/menu-trigger.tsx	verbatim		21	0	txt
ac_cloud-notes/packages/frontend/component/src/ui/menu/menu.stories.tsx	verbatim		172	0	txt
ac_cloud-notes/packages/frontend/component/src/ui/menu/menu.types.ts	verbatim		55	0	txt
ac_cloud-notes/packages/frontend/component/src/ui/menu/mobile/context.ts	verbatim		67	0	txt
ac_cloud-notes/packages/frontend/component/src/ui/menu/mobile/hook.ts	verbatim		14	0	txt
ac_cloud-notes/packages/frontend/component/src/ui/menu/mobile/item.tsx	verbatim		44	0	txt
ac_cloud-notes/packages/frontend/component/src/ui/menu/mobile/root.tsx	verbatim		197	0	txt
ac_cloud-notes/packages/frontend/component/src/ui/menu/mobile/separator.tsx	verbatim		11	0	txt
ac_cloud-notes/packages/frontend/component/src/ui/menu/mobile/styles.css.ts	verbatim		107	0	txt
ac_cloud-notes/packages/frontend/component/src/ui/menu/mobile/sub.tsx	verbatim		79	0	txt
ac_cloud-notes/packages/frontend/component/src/ui/menu/styles.css.ts	verbatim		118	0	txt
ac_cloud-notes/packages/frontend/component/src/ui/menu/use-menu-item.tsx	verbatim		62	0	txt
ac_cloud-notes/packages/frontend/component/src/ui/modal/confirm-modal.css.ts	verbatim		99	0	txt
ac_cloud-notes/packages/frontend/component/src/ui/modal/confirm-modal.stories.tsx	verbatim		46	0	txt
ac_cloud-notes/packages/frontend/component/src/ui/modal/confirm-modal.tsx	verbatim		220	0	txt
ac_cloud-notes/packages/frontend/component/src/ui/modal/context.ts	verbatim		15	0	txt
ac_cloud-notes/packages/frontend/component/src/ui/modal/index.ts	verbatim		5	0	txt
ac_cloud-notes/packages/frontend/component/src/ui/modal/modal.stories.tsx	verbatim		159	0	txt
ac_cloud-notes/packages/frontend/component/src/ui/modal/modal.tsx	verbatim		380	0	txt
ac_cloud-notes/packages/frontend/component/src/ui/modal/overlay-modal.css.ts	verbatim		32	0	txt
ac_cloud-notes/packages/frontend/component/src/ui/modal/overlay-modal.tsx	verbatim		98	0	txt
ac_cloud-notes/packages/frontend/component/src/ui/modal/prompt-modal.css.ts	verbatim		107	0	txt
ac_cloud-notes/packages/frontend/component/src/ui/modal/prompt-modal.tsx	verbatim		245	0	txt
ac_cloud-notes/packages/frontend/component/src/ui/modal/styles.css.ts	verbatim		212	0	txt
ac_cloud-notes/packages/frontend/component/src/ui/notification/desktop/notification-card.tsx	verbatim		103	0	txt
ac_cloud-notes/packages/frontend/component/src/ui/notification/desktop/notification-center.tsx	verbatim		36	0	txt
ac_cloud-notes/packages/frontend/component/src/ui/notification/desktop/styles.css.ts	verbatim		83	0	txt
ac_cloud-notes/packages/frontend/component/src/ui/notification/index.ts	verbatim		2	0	txt
ac_cloud-notes/packages/frontend/component/src/ui/notification/mobile/notification-card.tsx	verbatim		130	0	txt
ac_cloud-notes/packages/frontend/component/src/ui/notification/mobile/notification-center.tsx	verbatim		20	0	txt
ac_cloud-notes/packages/frontend/component/src/ui/notification/mobile/styles.css.ts	verbatim		105	0	txt
ac_cloud-notes/packages/frontend/component/src/ui/notification/notification-center.stories.tsx	verbatim		298	0	txt
ac_cloud-notes/packages/frontend/component/src/ui/notification/notify.tsx	verbatim		82	0	txt
ac_cloud-notes/packages/frontend/component/src/ui/notification/types.ts	verbatim		46	0	txt
ac_cloud-notes/packages/frontend/component/src/ui/notification/utils.ts	verbatim		84	0	txt
ac_cloud-notes/packages/frontend/component/src/ui/popover/index.ts	verbatim		4	0	txt
ac_cloud-notes/packages/frontend/component/src/ui/popover/popover.tsx	verbatim		49	0	txt
ac_cloud-notes/packages/frontend/component/src/ui/popover/styles.css.ts	verbatim		13	0	txt
ac_cloud-notes/packages/frontend/component/src/ui/progress/index.ts	verbatim		1	0	txt
ac_cloud-notes/packages/frontend/component/src/ui/progress/progress.css.ts	verbatim		67	0	txt
ac_cloud-notes/packages/frontend/component/src/ui/progress/progress.stories.tsx	verbatim		15	0	txt
ac_cloud-notes/packages/frontend/component/src/ui/progress/progress.tsx	verbatim		54	0	txt
ac_cloud-notes/packages/frontend/component/src/ui/property/index.ts	verbatim		1	0	txt
ac_cloud-notes/packages/frontend/component/src/ui/property/property.css.ts	verbatim		224	0	txt
ac_cloud-notes/packages/frontend/component/src/ui/property/property.stories.tsx	verbatim		146	0	txt
ac_cloud-notes/packages/frontend/component/src/ui/property/property.tsx	verbatim		353	0	txt
ac_cloud-notes/packages/frontend/component/src/ui/radio/index.ts	verbatim		2	0	txt
ac_cloud-notes/packages/frontend/component/src/ui/radio/radio.stories.tsx	verbatim		170	0	txt
ac_cloud-notes/packages/frontend/component/src/ui/radio/radio.tsx	verbatim		189	0	txt
ac_cloud-notes/packages/frontend/component/src/ui/radio/styles.css.ts	verbatim		68	0	txt
ac_cloud-notes/packages/frontend/component/src/ui/radio/types.ts	verbatim		71	0	txt
ac_cloud-notes/packages/frontend/component/src/ui/resize-panel/resize-panel.tsx	verbatim		113	0	txt
ac_cloud-notes/packages/frontend/component/src/ui/resize-panel/styles.css.ts	verbatim		46	0	txt
ac_cloud-notes/packages/frontend/component/src/ui/safe-area/index.tsx	verbatim		50	0	txt
ac_cloud-notes/packages/frontend/component/src/ui/safe-area/style.css.ts	verbatim		19	0	txt
ac_cloud-notes/packages/frontend/component/src/ui/scrollbar/index.css.ts	verbatim		86	0	txt
ac_cloud-notes/packages/frontend/component/src/ui/scrollbar/index.ts	verbatim		3	0	txt
ac_cloud-notes/packages/frontend/component/src/ui/scrollbar/scrollable.tsx	verbatim		60	0	txt
ac_cloud-notes/packages/frontend/component/src/ui/scrollbar/scrollbar.stories.tsx	verbatim		21	0	txt
ac_cloud-notes/packages/frontend/component/src/ui/scrollbar/scrollbar.tsx	verbatim		53	0	txt
ac_cloud-notes/packages/frontend/component/src/ui/scrollbar/use-has-scroll-top.tsx	verbatim		25	0	txt
ac_cloud-notes/packages/frontend/component/src/ui/skeleton/index.css.ts	verbatim		94	0	txt
ac_cloud-notes/packages/frontend/component/src/ui/skeleton/index.ts	verbatim		2	0	txt
ac_cloud-notes/packages/frontend/component/src/ui/skeleton/skeleton.stories.tsx	verbatim		33	0	txt
ac_cloud-notes/packages/frontend/component/src/ui/skeleton/skeleton.tsx	verbatim		44	0	txt
ac_cloud-notes/packages/frontend/component/src/ui/skeleton/types.ts	verbatim		31	0	txt
ac_cloud-notes/packages/frontend/component/src/ui/slider/index.css.ts	verbatim		75	0	txt
ac_cloud-notes/packages/frontend/component/src/ui/slider/index.ts	verbatim		1	0	txt
ac_cloud-notes/packages/frontend/component/src/ui/slider/slider.stories.tsx	verbatim		20	0	txt
ac_cloud-notes/packages/frontend/component/src/ui/slider/slider.tsx	verbatim		126	0	txt
ac_cloud-notes/packages/frontend/component/src/ui/switch/index.css.ts	verbatim		56	0	txt
ac_cloud-notes/packages/frontend/component/src/ui/switch/index.ts	verbatim		1	0	txt
ac_cloud-notes/packages/frontend/component/src/ui/switch/switch.stories.tsx	verbatim		10	0	txt
ac_cloud-notes/packages/frontend/component/src/ui/switch/switch.tsx	verbatim		79	0	txt
ac_cloud-notes/packages/frontend/component/src/ui/table/index.ts	verbatim		6	0	txt
ac_cloud-notes/packages/frontend/component/src/ui/table/interface.ts	verbatim		9	0	txt
ac_cloud-notes/packages/frontend/component/src/ui/table/styles.ts	verbatim		102	0	txt
ac_cloud-notes/packages/frontend/component/src/ui/table/table-body.tsx	verbatim		3	0	txt
ac_cloud-notes/packages/frontend/component/src/ui/table/table-cell.tsx	verbatim		3	0	txt
ac_cloud-notes/packages/frontend/component/src/ui/table/table-head.tsx	verbatim		3	0	txt
ac_cloud-notes/packages/frontend/component/src/ui/table/table-row.tsx	verbatim		4	0	txt
ac_cloud-notes/packages/frontend/component/src/ui/table/table.stories.tsx	verbatim		41	0	txt
ac_cloud-notes/packages/frontend/component/src/ui/table/table.tsx	verbatim		3	0	txt
ac_cloud-notes/packages/frontend/component/src/ui/tabs/index.ts	verbatim		1	0	txt
ac_cloud-notes/packages/frontend/component/src/ui/tabs/tabs.css.ts	verbatim		47	0	txt
ac_cloud-notes/packages/frontend/component/src/ui/tabs/tabs.tsx	verbatim		70	0	txt
ac_cloud-notes/packages/frontend/component/src/ui/themed-img/index.tsx	verbatim		16	0	txt
ac_cloud-notes/packages/frontend/component/src/ui/toast/index.ts	verbatim		1	0	txt
ac_cloud-notes/packages/frontend/component/src/ui/toast/toast.stories.tsx	verbatim		15	0	txt
ac_cloud-notes/packages/frontend/component/src/ui/toast/toast.ts	verbatim		126	0	txt
ac_cloud-notes/packages/frontend/component/src/ui/tooltip/index.ts	verbatim		3	0	txt
ac_cloud-notes/packages/frontend/component/src/ui/tooltip/styles.css.ts	verbatim		57	0	txt
ac_cloud-notes/packages/frontend/component/src/ui/tooltip/tooltip.stories.tsx	verbatim		110	0	txt
ac_cloud-notes/packages/frontend/component/src/ui/tooltip/tooltip.tsx	verbatim		110	0	txt
ac_cloud-notes/packages/frontend/component/src/utils/index.ts	verbatim		5	0	txt
ac_cloud-notes/packages/frontend/component/src/utils/keyboard-mapping.ts	verbatim		8	0	txt
ac_cloud-notes/packages/frontend/component/src/utils/observe-intersection.ts	verbatim		70	0	txt
ac_cloud-notes/packages/frontend/component/src/utils/observe-resize.ts	verbatim		71	0	txt
ac_cloud-notes/packages/frontend/component/src/utils/platform.ts	verbatim		4	0	txt
ac_cloud-notes/packages/frontend/component/src/utils/shallow-equal.ts	verbatim		37	0	txt
ac_cloud-notes/packages/frontend/component/src/utils/view-transition.ts	verbatim		31	0	txt
ac_cloud-notes/packages/frontend/component/src/utils/with-unit.ts	verbatim		16	0	txt
ac_cloud-notes/packages/frontend/component/tsconfig.json	verbatim		21	0	txt
ac_cloud-notes/packages/frontend/core/package.json	verbatim		114	0	txt
ac_cloud-notes/packages/frontend/core/public/.gitignore	verbatim		3	0	txt
ac_cloud-notes/packages/frontend/core/public/apple-touch-icon.png	verbatim		0	0	bin
ac_cloud-notes/packages/frontend/core/public/favicon-144.png	verbatim		0	0	bin
ac_cloud-notes/packages/frontend/core/public/favicon-192.png	verbatim		0	0	bin
ac_cloud-notes/packages/frontend/core/public/favicon-32.png	verbatim		0	0	bin
ac_cloud-notes/packages/frontend/core/public/favicon-36.png	verbatim		0	0	bin
ac_cloud-notes/packages/frontend/core/public/favicon-48.png	verbatim		0	0	bin
ac_cloud-notes/packages/frontend/core/public/favicon-72.png	verbatim		0	0	bin
ac_cloud-notes/packages/frontend/core/public/favicon-96.png	verbatim		0	0	bin
ac_cloud-notes/packages/frontend/core/public/favicon.ico	verbatim		0	0	bin
ac_cloud-notes/packages/frontend/core/public/fonts/BebasNeue-Light.woff2	verbatim		0	0	bin
ac_cloud-notes/packages/frontend/core/public/fonts/BebasNeue-Regular.woff2	verbatim		0	0	bin
ac_cloud-notes/packages/frontend/core/public/fonts/Inter-Italic.woff2	verbatim		0	0	bin
ac_cloud-notes/packages/frontend/core/public/fonts/Inter-Light-BETA.woff2	verbatim		0	0	bin
ac_cloud-notes/packages/frontend/core/public/fonts/Inter-LightItalic-BETA.woff2	verbatim		0	0	bin
ac_cloud-notes/packages/frontend/core/public/fonts/Inter-Regular.woff2	verbatim		0	0	bin
ac_cloud-notes/packages/frontend/core/public/fonts/Inter-SemiBold.woff2	verbatim		0	0	bin
ac_cloud-notes/packages/frontend/core/public/fonts/Inter-SemiBoldItalic.woff2	verbatim		0	0	bin
ac_cloud-notes/packages/frontend/core/public/fonts/Kalam-Bold.woff2	verbatim		0	0	bin
ac_cloud-notes/packages/frontend/core/public/fonts/Kalam-Light.woff2	verbatim		0	0	bin
ac_cloud-notes/packages/frontend/core/public/fonts/Kalam-Regular.woff2	verbatim		0	0	bin
ac_cloud-notes/packages/frontend/core/public/fonts/Lora-Bold.woff2	verbatim		0	0	bin
ac_cloud-notes/packages/frontend/core/public/fonts/Lora-BoldItalic.woff2	verbatim		0	0	bin
ac_cloud-notes/packages/frontend/core/public/fonts/Lora-Italic.woff2	verbatim		0	0	bin
ac_cloud-notes/packages/frontend/core/public/fonts/Lora-Regular.woff2	verbatim		0	0	bin
ac_cloud-notes/packages/frontend/core/public/fonts/OrelegaOne-Regular.woff2	verbatim		0	0	bin
ac_cloud-notes/packages/frontend/core/public/fonts/Poppins-Italic.woff2	verbatim		0	0	bin
ac_cloud-notes/packages/frontend/core/public/fonts/Poppins-Light.woff2	verbatim		0	0	bin
ac_cloud-notes/packages/frontend/core/public/fonts/Poppins-LightItalic.woff2	verbatim		0	0	bin
ac_cloud-notes/packages/frontend/core/public/fonts/Poppins-Medium.woff2	verbatim		0	0	bin
ac_cloud-notes/packages/frontend/core/public/fonts/Poppins-Regular.woff2	verbatim		0	0	bin
ac_cloud-notes/packages/frontend/core/public/fonts/Poppins-SemiBold.woff2	verbatim		0	0	bin
ac_cloud-notes/packages/frontend/core/public/fonts/Poppins-SemiBoldItalic.woff2	verbatim		0	0	bin
ac_cloud-notes/packages/frontend/core/public/fonts/Satoshi-Bold.woff2	verbatim		0	0	bin
ac_cloud-notes/packages/frontend/core/public/fonts/Satoshi-BoldItalic.woff2	verbatim		0	0	bin
ac_cloud-notes/packages/frontend/core/public/fonts/Satoshi-Italic.woff2	verbatim		0	0	bin
ac_cloud-notes/packages/frontend/core/public/fonts/Satoshi-Light.woff2	verbatim		0	0	bin
ac_cloud-notes/packages/frontend/core/public/fonts/Satoshi-LightItalic.woff2	verbatim		0	0	bin
ac_cloud-notes/packages/frontend/core/public/fonts/Satoshi-Regular.woff2	verbatim		0	0	bin
ac_cloud-notes/packages/frontend/core/public/imgs/affine-text-logo.png	verbatim		0	0	bin
ac_cloud-notes/packages/frontend/core/public/imgs/app-icon-beta.ico	verbatim		0	0	bin
ac_cloud-notes/packages/frontend/core/public/imgs/app-icon-canary.ico	verbatim		0	0	bin
ac_cloud-notes/packages/frontend/core/public/imgs/app-icon-internal.ico	verbatim		0	0	bin
ac_cloud-notes/packages/frontend/core/public/imgs/app-icon-stable.ico	verbatim		0	0	bin
ac_cloud-notes/packages/frontend/core/public/imgs/invite-error.svg	verbatim		123	0	txt
ac_cloud-notes/packages/frontend/core/public/imgs/invite-success.svg	verbatim		58	0	txt
ac_cloud-notes/packages/frontend/core/public/imgs/no-result.svg	verbatim		68	0	txt
ac_cloud-notes/packages/frontend/core/public/imgs/screenshot1.png	verbatim		0	0	bin
ac_cloud-notes/packages/frontend/core/public/imgs/screenshot2.png	verbatim		0	0	bin
ac_cloud-notes/packages/frontend/core/public/imgs/screenshot3.png	verbatim		0	0	bin
ac_cloud-notes/packages/frontend/core/public/manifest.json	verbatim		67	0	txt
ac_cloud-notes/packages/frontend/core/public/onboarding/ai-onboarding.general.1.mp4	verbatim		0	0	bin
ac_cloud-notes/packages/frontend/core/public/onboarding/ai-onboarding.general.2.mp4	verbatim		0	0	bin
ac_cloud-notes/packages/frontend/core/public/onboarding/ai-onboarding.general.3.mp4	verbatim		0	0	bin
ac_cloud-notes/packages/frontend/core/public/onboarding/ai-onboarding.general.4.mp4	verbatim		0	0	bin
ac_cloud-notes/packages/frontend/core/public/onboarding/ai-onboarding.general.5.mp4	verbatim		0	0	bin
ac_cloud-notes/packages/frontend/core/public/robots.txt	verbatim		20	0	txt
ac_cloud-notes/packages/frontend/core/public/static/047ebf2c9a5c7c9d8521c2ea5e6140ff7732ef9e28a9f944e9bf3ca4.png	verbatim		0	0	bin
ac_cloud-notes/packages/frontend/core/public/static/1326bc48553a572c6756d9ee1b30a0dfdda26222fc2d2c872b14e609.gif	verbatim		0	0	bin
ac_cloud-notes/packages/frontend/core/public/static/27f983d0765289c19d10ee0b51c00c3c7665236a1a82406370d46e0a.gif	verbatim		0	0	bin
ac_cloud-notes/packages/frontend/core/public/static/28516717d63e469cd98729ff46be6595711898bab3dc43302319a987.gif	verbatim		0	0	bin
ac_cloud-notes/packages/frontend/core/public/static/6aa785ee927547ce9dd9d7b43e01eac948337fe57571443e87bc3a60.png	verbatim		0	0	bin
ac_cloud-notes/packages/frontend/core/public/static/9288be57321c8772d04e05dbb69a22742372b3534442607a2d6a9998.gif	verbatim		0	0	bin
ac_cloud-notes/packages/frontend/core/public/static/c820edeeba50006b531883903f5bb0b96bf523c9a6b3ce5868f03db5.gif	verbatim		0	0	bin
ac_cloud-notes/packages/frontend/core/public/static/e93536e1be97e3b5206d43bf0793fdef24e60044d174f0abdefebe08.gif	verbatim		0	0	bin
ac_cloud-notes/packages/frontend/core/public/static/githubStar.mp4	verbatim		0	0	bin
ac_cloud-notes/packages/frontend/core/public/static/newIssue.mp4	verbatim		0	0	bin
ac_cloud-notes/packages/frontend/core/src/__tests__/ai/effects.spec.ts	verbatim		27	0	txt
ac_cloud-notes/packages/frontend/core/src/__tests__/ai/utils/apply-model/apply-patch-to-doc.spec.ts	verbatim		107	0	txt
ac_cloud-notes/packages/frontend/core/src/__tests__/ai/utils/apply-model/generate-render-diff.spec.ts	verbatim		350	0	txt
ac_cloud-notes/packages/frontend/core/src/__tests__/ai/utils/apply-model/markdown-diff.spec.ts	verbatim		324	0	txt
ac_cloud-notes/packages/frontend/core/src/__tests__/auth-client-nonce.spec.ts	verbatim		71	0	txt
ac_cloud-notes/packages/frontend/core/src/__tests__/auth-native-sign-in.spec.ts	verbatim		81	0	txt
ac_cloud-notes/packages/frontend/core/src/__tests__/data-view-actions.spec.ts	verbatim		118	0	txt
ac_cloud-notes/packages/frontend/core/src/__tests__/oauth-flow.spec.ts	verbatim		56	0	txt
ac_cloud-notes/packages/frontend/core/src/__tests__/share-page.spec.ts	verbatim		267	0	txt
ac_cloud-notes/packages/frontend/core/src/__tests__/use-share-url.utils.spec.ts	verbatim		11	0	txt
ac_cloud-notes/packages/frontend/core/src/blocksuite/__tests__/pan-tool-middle-mouse.spec.ts	verbatim		193	0	txt
ac_cloud-notes/packages/frontend/core/src/blocksuite/ai/_common/chat-actions-handle.ts	verbatim		542	0	txt
ac_cloud-notes/packages/frontend/core/src/blocksuite/ai/_common/config.ts	verbatim		495	0	txt
ac_cloud-notes/packages/frontend/core/src/blocksuite/ai/_common/icons.ts	verbatim		197	0	txt
ac_cloud-notes/packages/frontend/core/src/blocksuite/ai/actions/answer-renderer.ts	verbatim		53	0	txt
ac_cloud-notes/packages/frontend/core/src/blocksuite/ai/actions/consts.ts	verbatim		33	0	txt
ac_cloud-notes/packages/frontend/core/src/blocksuite/ai/actions/doc-handler.ts	verbatim		286	0	txt
ac_cloud-notes/packages/frontend/core/src/blocksuite/ai/actions/edgeless-handler.ts	verbatim		492	0	txt
ac_cloud-notes/packages/frontend/core/src/blocksuite/ai/actions/edgeless-response.ts	verbatim		686	0	txt
ac_cloud-notes/packages/frontend/core/src/blocksuite/ai/actions/index.ts	verbatim		2	0	txt
ac_cloud-notes/packages/frontend/core/src/blocksuite/ai/actions/page-response.ts	verbatim		307	0	txt
ac_cloud-notes/packages/frontend/core/src/blocksuite/ai/actions/types.ts	verbatim		333	0	txt
ac_cloud-notes/packages/frontend/core/src/blocksuite/ai/adapters/block-tag.ts	verbatim		30	0	txt
ac_cloud-notes/packages/frontend/core/src/blocksuite/ai/ai-panel.ts	verbatim		301	0	txt
ac_cloud-notes/packages/frontend/core/src/blocksuite/ai/blocks/ai-chat-block/ai-chat-block.ts	verbatim		65	0	txt
ac_cloud-notes/packages/frontend/core/src/blocksuite/ai/blocks/ai-chat-block/ai-chat-edgeless-block.ts	verbatim		88	0	txt
ac_cloud-notes/packages/frontend/core/src/blocksuite/ai/blocks/ai-chat-block/ai-chat-spec.ts	verbatim		12	0	txt
ac_cloud-notes/packages/frontend/core/src/blocksuite/ai/blocks/ai-chat-block/ai-transcription-block.ts	verbatim		42	0	txt
ac_cloud-notes/packages/frontend/core/src/blocksuite/ai/blocks/ai-chat-block/components/ai-chat-messages.ts	verbatim		144	0	txt
ac_cloud-notes/packages/frontend/core/src/blocksuite/ai/blocks/ai-chat-block/components/chat-images.ts	verbatim		92	0	txt
ac_cloud-notes/packages/frontend/core/src/blocksuite/ai/blocks/ai-chat-block/components/icon.ts	verbatim		69	0	txt
ac_cloud-notes/packages/frontend/core/src/blocksuite/ai/blocks/ai-chat-block/components/image-placeholder.ts	verbatim		55	0	txt
ac_cloud-notes/packages/frontend/core/src/blocksuite/ai/blocks/ai-chat-block/components/user-info.ts	verbatim		102	0	txt
ac_cloud-notes/packages/frontend/core/src/blocksuite/ai/blocks/ai-chat-block/index.ts	verbatim		2	0	txt
ac_cloud-notes/packages/frontend/core/src/blocksuite/ai/blocks/ai-chat-block/model/ai-chat-model.ts	verbatim		39	0	txt
ac_cloud-notes/packages/frontend/core/src/blocksuite/ai/blocks/ai-chat-block/model/consts.ts	verbatim		2	0	txt
ac_cloud-notes/packages/frontend/core/src/blocksuite/ai/blocks/ai-chat-block/model/index.ts	verbatim		2	0	txt
ac_cloud-notes/packages/frontend/core/src/blocksuite/ai/blocks/ai-chat-block/styles.ts	verbatim		51	0	txt
ac_cloud-notes/packages/frontend/core/src/blocksuite/ai/blocks/index.ts	verbatim		1	0	txt
ac_cloud-notes/packages/frontend/core/src/blocksuite/ai/blocks/transcription-block/model.ts	verbatim		38	0	txt
ac_cloud-notes/packages/frontend/core/src/blocksuite/ai/chat-panel/actions/action-wrapper.ts	verbatim		182	0	txt
ac_cloud-notes/packages/frontend/core/src/blocksuite/ai/chat-panel/actions/image-to-text.ts	verbatim		37	0	txt
ac_cloud-notes/packages/frontend/core/src/blocksuite/ai/chat-panel/actions/image.ts	verbatim		36	0	txt
ac_cloud-notes/packages/frontend/core/src/blocksuite/ai/chat-panel/actions/make-real.ts	verbatim		28	0	txt
ac_cloud-notes/packages/frontend/core/src/blocksuite/ai/chat-panel/actions/mindmap.ts	verbatim		36	0	txt
ac_cloud-notes/packages/frontend/core/src/blocksuite/ai/chat-panel/actions/slides.ts	verbatim		32	0	txt
ac_cloud-notes/packages/frontend/core/src/blocksuite/ai/chat-panel/actions/text.ts	verbatim		62	0	txt
ac_cloud-notes/packages/frontend/core/src/blocksuite/ai/chat-panel/ai-loading.ts	verbatim		56	0	txt
ac_cloud-notes/packages/frontend/core/src/blocksuite/ai/chat-panel/chat-config.ts	verbatim		11	0	txt
ac_cloud-notes/packages/frontend/core/src/blocksuite/ai/chat-panel/message/action.ts	verbatim		71	0	txt
ac_cloud-notes/packages/frontend/core/src/blocksuite/ai/chat-panel/message/assistant.ts	verbatim		212	0	txt
ac_cloud-notes/packages/frontend/core/src/blocksuite/ai/chat-panel/message/user.ts	verbatim		89	0	txt
ac_cloud-notes/packages/frontend/core/src/blocksuite/ai/components/ai-artifact-skeleton/index.ts	verbatim		187	0	txt
ac_cloud-notes/packages/frontend/core/src/blocksuite/ai/components/ai-chat-add-context/ai-chat-add-context.ts	verbatim		104	0	txt
ac_cloud-notes/packages/frontend/core/src/blocksuite/ai/components/ai-chat-add-context/index.ts	verbatim		2	0	txt
ac_cloud-notes/packages/frontend/core/src/blocksuite/ai/components/ai-chat-add-context/type.ts	verbatim		24	0	txt
ac_cloud-notes/packages/frontend/core/src/blocksuite/ai/components/ai-chat-chips/add-popover.ts	verbatim		515	0	txt
ac_cloud-notes/packages/frontend/core/src/blocksuite/ai/components/ai-chat-chips/attachment-chip.ts	verbatim		34	0	txt
ac_cloud-notes/packages/frontend/core/src/blocksuite/ai/components/ai-chat-chips/attachment-utils.ts	verbatim		30	0	txt
ac_cloud-notes/packages/frontend/core/src/blocksuite/ai/components/ai-chat-chips/candidates-popover.ts	verbatim		135	0	txt
ac_cloud-notes/packages/frontend/core/src/blocksuite/ai/components/ai-chat-chips/chat-panel-chips.ts	verbatim		257	0	txt
ac_cloud-notes/packages/frontend/core/src/blocksuite/ai/components/ai-chat-chips/chip.ts	verbatim		121	0	txt
ac_cloud-notes/packages/frontend/core/src/blocksuite/ai/components/ai-chat-chips/collection-chip.ts	verbatim		36	0	txt
ac_cloud-notes/packages/frontend/core/src/blocksuite/ai/components/ai-chat-chips/doc-chip.ts	verbatim		76	0	txt
ac_cloud-notes/packages/frontend/core/src/blocksuite/ai/components/ai-chat-chips/file-chip.ts	verbatim		34	0	txt
ac_cloud-notes/packages/frontend/core/src/blocksuite/ai/components/ai-chat-chips/index.ts	verbatim		3	0	txt
ac_cloud-notes/packages/frontend/core/src/blocksuite/ai/components/ai-chat-chips/selected-chip.ts	verbatim		36	0	txt
ac_cloud-notes/packages/frontend/core/src/blocksuite/ai/components/ai-chat-chips/tag-chip.ts	verbatim		55	0	txt
ac_cloud-notes/packages/frontend/core/src/blocksuite/ai/components/ai-chat-chips/type.ts	verbatim		78	0	txt
ac_cloud-notes/packages/frontend/core/src/blocksuite/ai/components/ai-chat-chips/utils.ts	verbatim		139	0	txt
ac_cloud-notes/packages/frontend/core/src/blocksuite/ai/components/ai-chat-composer/ai-chat-composer-tip.ts	verbatim		136	0	txt
ac_cloud-notes/packages/frontend/core/src/blocksuite/ai/components/ai-chat-composer/ai-chat-composer.ts	verbatim		576	0	txt
ac_cloud-notes/packages/frontend/core/src/blocksuite/ai/components/ai-chat-composer/index.ts	verbatim		1	0	txt
ac_cloud-notes/packages/frontend/core/src/blocksuite/ai/components/ai-chat-content/ai-chat-content.spec.ts	verbatim		72	0	txt
ac_cloud-notes/packages/frontend/core/src/blocksuite/ai/components/ai-chat-content/ai-chat-content.ts	verbatim		367	0	txt
ac_cloud-notes/packages/frontend/core/src/blocksuite/ai/components/ai-chat-content/index.ts	verbatim		2	0	txt
ac_cloud-notes/packages/frontend/core/src/blocksuite/ai/components/ai-chat-content/split-view.ts	verbatim		236	0	txt
ac_cloud-notes/packages/frontend/core/src/blocksuite/ai/components/ai-chat-content/type.ts	verbatim		25	0	txt
ac_cloud-notes/packages/frontend/core/src/blocksuite/ai/components/ai-chat-input/ai-chat-input.ts	verbatim		791	0	txt
ac_cloud-notes/packages/frontend/core/src/blocksuite/ai/components/ai-chat-input/const.ts	verbatim		1	0	txt
ac_cloud-notes/packages/frontend/core/src/blocksuite/ai/components/ai-chat-input/embedding-status-tooltip.ts	verbatim		74	0	txt
ac_cloud-notes/packages/frontend/core/src/blocksuite/ai/components/ai-chat-input/index.ts	verbatim		3	0	txt
ac_cloud-notes/packages/frontend/core/src/blocksuite/ai/components/ai-chat-input/preference-popup.ts	verbatim		227	0	txt
ac_cloud-notes/packages/frontend/core/src/blocksuite/ai/components/ai-chat-input/type.ts	verbatim		24	0	txt
ac_cloud-notes/packages/frontend/core/src/blocksuite/ai/components/ai-chat-messages/ai-chat-messages.spec.ts	verbatim		310	0	txt
ac_cloud-notes/packages/frontend/core/src/blocksuite/ai/components/ai-chat-messages/ai-chat-messages.ts	verbatim		454	0	txt
ac_cloud-notes/packages/frontend/core/src/blocksuite/ai/components/ai-chat-messages/auto-scroll.ts	verbatim		4	0	txt
ac_cloud-notes/packages/frontend/core/src/blocksuite/ai/components/ai-chat-messages/index.ts	verbatim		2	0	txt
ac_cloud-notes/packages/frontend/core/src/blocksuite/ai/components/ai-chat-messages/preload-config.ts	verbatim		70	0	txt
ac_cloud-notes/packages/frontend/core/src/blocksuite/ai/components/ai-chat-messages/templates/TidyMindMapV3.zip	verbatim		0	0	bin
ac_cloud-notes/packages/frontend/core/src/blocksuite/ai/components/ai-chat-messages/templates/completeWritingWithAI.zip	verbatim		0	0	bin
ac_cloud-notes/packages/frontend/core/src/blocksuite/ai/components/ai-chat-messages/templates/freelyCommunicateWithAI.zip	verbatim		0	0	bin
ac_cloud-notes/packages/frontend/core/src/blocksuite/ai/components/ai-chat-messages/templates/readAforeign.zip	verbatim		0	0	bin
ac_cloud-notes/packages/frontend/core/src/blocksuite/ai/components/ai-chat-messages/templates/redHat.zip	verbatim		0	0	bin
ac_cloud-notes/packages/frontend/core/src/blocksuite/ai/components/ai-chat-messages/type.ts	verbatim		85	0	txt
ac_cloud-notes/packages/frontend/core/src/blocksuite/ai/components/ai-chat-toolbar/ai-chat-tabs.ts	verbatim		236	0	txt
ac_cloud-notes/packages/frontend/core/src/blocksuite/ai/components/ai-chat-toolbar/ai-chat-toolbar.ts	verbatim		218	0	txt
ac_cloud-notes/packages/frontend/core/src/blocksuite/ai/components/ai-chat-toolbar/ai-session-history.ts	verbatim		343	0	txt
ac_cloud-notes/packages/frontend/core/src/blocksuite/ai/components/ai-chat-toolbar/configure-ai-chat-toolbar.ts	verbatim		34	0	txt
ac_cloud-notes/packages/frontend/core/src/blocksuite/ai/components/ai-chat-toolbar/index.ts	verbatim		4	0	txt
ac_cloud-notes/packages/frontend/core/src/blocksuite/ai/components/ai-history-clear/ai-history-clear.ts	verbatim		81	0	txt
ac_cloud-notes/packages/frontend/core/src/blocksuite/ai/components/ai-history-clear/index.ts	verbatim		1	0	txt
ac_cloud-notes/packages/frontend/core/src/blocksuite/ai/components/ai-item/ai-item-list.ts	verbatim		140	0	txt
ac_cloud-notes/packages/frontend/core/src/blocksuite/ai/components/ai-item/ai-item.ts	verbatim		65	0	txt
ac_cloud-notes/packages/frontend/core/src/blocksuite/ai/components/ai-item/ai-sub-item-list.ts	verbatim		90	0	txt
ac_cloud-notes/packages/frontend/core/src/blocksuite/ai/components/ai-item/const.ts	verbatim		2	0	txt
ac_cloud-notes/packages/frontend/core/src/blocksuite/ai/components/ai-item/index.ts	verbatim		10	0	txt
ac_cloud-notes/packages/frontend/core/src/blocksuite/ai/components/ai-item/styles.ts	verbatim		118	0	txt
ac_cloud-notes/packages/frontend/core/src/blocksuite/ai/components/ai-item/types.ts	verbatim		27	0	txt
ac_cloud-notes/packages/frontend/core/src/blocksuite/ai/components/ai-message-content/assistant-avatar.ts	verbatim		35	0	txt
ac_cloud-notes/packages/frontend/core/src/blocksuite/ai/components/ai-message-content/images.ts	verbatim		96	0	txt
ac_cloud-notes/packages/frontend/core/src/blocksuite/ai/components/ai-message-content/pure-text.ts	verbatim		50	0	txt
ac_cloud-notes/packages/frontend/core/src/blocksuite/ai/components/ai-message-content/rich-text.ts	verbatim		36	0	txt
ac_cloud-notes/packages/frontend/core/src/blocksuite/ai/components/ai-message-content/stream-objects.ts	verbatim		667	0	txt
ac_cloud-notes/packages/frontend/core/src/blocksuite/ai/components/ai-scrollable-text-renderer.ts	verbatim		105	0	txt
ac_cloud-notes/packages/frontend/core/src/blocksuite/ai/components/ai-tools/artifact-tool.ts	verbatim		160	0	txt
ac_cloud-notes/packages/frontend/core/src/blocksuite/ai/components/ai-tools/artifacts-preview-panel.ts	verbatim		122	0	txt
ac_cloud-notes/packages/frontend/core/src/blocksuite/ai/components/ai-tools/code-artifact.ts	verbatim		588	0	txt
ac_cloud-notes/packages/frontend/core/src/blocksuite/ai/components/ai-tools/doc-compose.ts	verbatim		205	0	txt
ac_cloud-notes/packages/frontend/core/src/blocksuite/ai/components/ai-tools/doc-edit.ts	verbatim		382	0	txt
ac_cloud-notes/packages/frontend/core/src/blocksuite/ai/components/ai-tools/doc-keyword-search-result.ts	verbatim		95	0	txt
ac_cloud-notes/packages/frontend/core/src/blocksuite/ai/components/ai-tools/doc-read-result.ts	verbatim		98	0	txt
ac_cloud-notes/packages/frontend/core/src/blocksuite/ai/components/ai-tools/doc-semantic-search-result.ts	verbatim		124	0	txt
ac_cloud-notes/packages/frontend/core/src/blocksuite/ai/components/ai-tools/doc-write.ts	verbatim		170	0	txt
ac_cloud-notes/packages/frontend/core/src/blocksuite/ai/components/ai-tools/section-edit.ts	verbatim		238	0	txt
ac_cloud-notes/packages/frontend/core/src/blocksuite/ai/components/ai-tools/tool-call-card.ts	verbatim		117	0	txt
ac_cloud-notes/packages/frontend/core/src/blocksuite/ai/components/ai-tools/tool-failed-card.ts	verbatim		56	0	txt
ac_cloud-notes/packages/frontend/core/src/blocksuite/ai/components/ai-tools/tool-result-card.ts	verbatim		323	0	txt
ac_cloud-notes/packages/frontend/core/src/blocksuite/ai/components/ai-tools/tool-result-utils.ts	verbatim		14	0	txt
ac_cloud-notes/packages/frontend/core/src/blocksuite/ai/components/ai-tools/type.ts	verbatim		5	0	txt
ac_cloud-notes/packages/frontend/core/src/blocksuite/ai/components/ai-tools/web-crawl.ts	verbatim		84	0	txt
ac_cloud-notes/packages/frontend/core/src/blocksuite/ai/components/ai-tools/web-search.ts	verbatim		87	0	txt
ac_cloud-notes/packages/frontend/core/src/blocksuite/ai/components/ask-ai-button.ts	verbatim		128	0	txt
ac_cloud-notes/packages/frontend/core/src/blocksuite/ai/components/ask-ai-icon.ts	verbatim		66	0	txt
ac_cloud-notes/packages/frontend/core/src/blocksuite/ai/components/ask-ai-panel.ts	verbatim		89	0	txt
ac_cloud-notes/packages/frontend/core/src/blocksuite/ai/components/ask-ai-toolbar.ts	verbatim		112	0	txt
ac_cloud-notes/packages/frontend/core/src/blocksuite/ai/components/chat-action-list.ts	verbatim		162	0	txt
ac_cloud-notes/packages/frontend/core/src/blocksuite/ai/components/copy-more.ts	verbatim		230	0	txt
ac_cloud-notes/packages/frontend/core/src/blocksuite/ai/components/image-preview-grid.ts	verbatim		171	0	txt
ac_cloud-notes/packages/frontend/core/src/blocksuite/ai/components/page-editor-block-specs.ts	verbatim		20	0	txt
ac_cloud-notes/packages/frontend/core/src/blocksuite/ai/components/playground/chat.ts	verbatim		359	0	txt
ac_cloud-notes/packages/frontend/core/src/blocksuite/ai/components/playground/content.ts	verbatim		339	0	txt
ac_cloud-notes/packages/frontend/core/src/blocksuite/ai/components/playground/index.ts	verbatim		8	0	txt
ac_cloud-notes/packages/frontend/core/src/blocksuite/ai/components/playground/modal.ts	verbatim		120	0	txt
ac_cloud-notes/packages/frontend/core/src/blocksuite/ai/components/text-renderer.ts	verbatim		375	0	txt
ac_cloud-notes/packages/frontend/core/src/blocksuite/ai/effects/app.ts	verbatim		96	0	txt
ac_cloud-notes/packages/frontend/core/src/blocksuite/ai/effects/editor.ts	verbatim		101	0	txt
ac_cloud-notes/packages/frontend/core/src/blocksuite/ai/effects/registry.ts	verbatim		102	0	txt
ac_cloud-notes/packages/frontend/core/src/blocksuite/ai/effects/shared.ts	verbatim		69	0	txt
ac_cloud-notes/packages/frontend/core/src/blocksuite/ai/entries/code-toolbar/setup-code-toolbar.ts	verbatim		46	0	txt
ac_cloud-notes/packages/frontend/core/src/blocksuite/ai/entries/edgeless/actions-config.ts	verbatim		549	0	txt
ac_cloud-notes/packages/frontend/core/src/blocksuite/ai/entries/edgeless/index.ts	verbatim		89	0	txt
ac_cloud-notes/packages/frontend/core/src/blocksuite/ai/entries/format-bar/setup-format-bar.ts	verbatim		25	0	txt
ac_cloud-notes/packages/frontend/core/src/blocksuite/ai/entries/image-toolbar/setup-image-toolbar.ts	verbatim		46	0	txt
ac_cloud-notes/packages/frontend/core/src/blocksuite/ai/entries/index.ts	verbatim		2	0	txt
ac_cloud-notes/packages/frontend/core/src/blocksuite/ai/entries/space/setup-space.ts	verbatim		65	0	txt
ac_cloud-notes/packages/frontend/core/src/blocksuite/ai/extensions/ai-code.ts	verbatim		19	0	txt
ac_cloud-notes/packages/frontend/core/src/blocksuite/ai/extensions/ai-edgeless-root.ts	verbatim		30	0	txt
ac_cloud-notes/packages/frontend/core/src/blocksuite/ai/extensions/ai-page-root.ts	verbatim		25	0	txt
ac_cloud-notes/packages/frontend/core/src/blocksuite/ai/extensions/ai-slash-menu.ts	verbatim		118	0	txt
ac_cloud-notes/packages/frontend/core/src/blocksuite/ai/index.ts	verbatim		11	0	txt
ac_cloud-notes/packages/frontend/core/src/blocksuite/ai/messages/error.ts	verbatim		276	0	txt
ac_cloud-notes/packages/frontend/core/src/blocksuite/ai/messages/index.ts	verbatim		1	0	txt
ac_cloud-notes/packages/frontend/core/src/blocksuite/ai/messages/mindmap.ts	verbatim		58	0	txt
ac_cloud-notes/packages/frontend/core/src/blocksuite/ai/messages/slides-renderer.ts	verbatim		219	0	txt
ac_cloud-notes/packages/frontend/core/src/blocksuite/ai/messages/wrapper.ts	verbatim		102	0	txt
ac_cloud-notes/packages/frontend/core/src/blocksuite/ai/mini-mindmap/__tests__/mindmap-preview.unit.spec.ts	verbatim		151	0	txt
ac_cloud-notes/packages/frontend/core/src/blocksuite/ai/mini-mindmap/index.ts	verbatim		12	0	txt
ac_cloud-notes/packages/frontend/core/src/blocksuite/ai/mini-mindmap/mindmap-preview.ts	verbatim		284	0	txt
ac_cloud-notes/packages/frontend/core/src/blocksuite/ai/mini-mindmap/mindmap-root-block.ts	verbatim		25	0	txt
ac_cloud-notes/packages/frontend/core/src/blocksuite/ai/mini-mindmap/mindmap-service.ts	verbatim		11	0	txt
ac_cloud-notes/packages/frontend/core/src/blocksuite/ai/mini-mindmap/spec.ts	verbatim		40	0	txt
ac_cloud-notes/packages/frontend/core/src/blocksuite/ai/mini-mindmap/surface-block.ts	verbatim		136	0	txt
ac_cloud-notes/packages/frontend/core/src/blocksuite/ai/mini-mindmap/surface-service.ts	verbatim		5	0	txt
ac_cloud-notes/packages/frontend/core/src/blocksuite/ai/peek-view/chat-block-peek-view.ts	verbatim		626	0	txt
ac_cloud-notes/packages/frontend/core/src/blocksuite/ai/peek-view/date-time.ts	verbatim		53	0	txt
ac_cloud-notes/packages/frontend/core/src/blocksuite/ai/peek-view/styles.ts	verbatim		60	0	txt
ac_cloud-notes/packages/frontend/core/src/blocksuite/ai/peek-view/types.ts	verbatim		9	0	txt
ac_cloud-notes/packages/frontend/core/src/blocksuite/ai/peek-view/utils.ts	verbatim		83	0	txt
ac_cloud-notes/packages/frontend/core/src/blocksuite/ai/provider/ai-app-events.ts	verbatim		15	0	txt
ac_cloud-notes/packages/frontend/core/src/blocksuite/ai/provider/ai-provider.ts	verbatim		88	0	txt
ac_cloud-notes/packages/frontend/core/src/blocksuite/ai/provider/error.ts	verbatim		73	0	txt
ac_cloud-notes/packages/frontend/core/src/blocksuite/ai/provider/event-source.ts	verbatim		95	0	txt
ac_cloud-notes/packages/frontend/core/src/blocksuite/ai/provider/index.ts	verbatim		4	0	txt
ac_cloud-notes/packages/frontend/core/src/blocksuite/ai/provider/prompt.ts	verbatim		50	0	txt
ac_cloud-notes/packages/frontend/core/src/blocksuite/ai/provider/setup-provider.tsx	verbatim		68	0	txt
ac_cloud-notes/packages/frontend/core/src/blocksuite/ai/provider/tracker.ts	verbatim		256	0	txt
ac_cloud-notes/packages/frontend/core/src/blocksuite/ai/runtime/chat/actions.ts	verbatim		51	0	txt
ac_cloud-notes/packages/frontend/core/src/blocksuite/ai/runtime/chat/index.ts	verbatim		6	0	txt
ac_cloud-notes/packages/frontend/core/src/blocksuite/ai/runtime/chat/runtime.spec.ts	verbatim		858	0	txt
ac_cloud-notes/packages/frontend/core/src/blocksuite/ai/runtime/chat/runtime.ts	verbatim		929	0	txt
ac_cloud-notes/packages/frontend/core/src/blocksuite/ai/runtime/chat/session-strategy.ts	verbatim		203	0	txt
ac_cloud-notes/packages/frontend/core/src/blocksuite/ai/runtime/chat/state.ts	verbatim		211	0	txt
ac_cloud-notes/packages/frontend/core/src/blocksuite/ai/runtime/chat/use-element.spec.tsx	verbatim		77	0	txt
ac_cloud-notes/packages/frontend/core/src/blocksuite/ai/runtime/chat/use-element.ts	verbatim		52	0	txt
ac_cloud-notes/packages/frontend/core/src/blocksuite/ai/runtime/chat/use-runtime.ts	verbatim		18	0	txt
ac_cloud-notes/packages/frontend/core/src/blocksuite/ai/runtime/frontend/delegated-editor-host.ts	verbatim		364	0	txt
ac_cloud-notes/packages/frontend/core/src/blocksuite/ai/runtime/frontend/index.ts	verbatim		1	0	txt
ac_cloud-notes/packages/frontend/core/src/blocksuite/ai/runtime/frontend/live-projection.ts	verbatim		345	0	txt
ac_cloud-notes/packages/frontend/core/src/blocksuite/ai/runtime/request/__fixtures__/live-projection-contract.json	verbatim		120	0	txt
ac_cloud-notes/packages/frontend/core/src/blocksuite/ai/runtime/request/action-definitions.ts	verbatim		223	0	txt
ac_cloud-notes/packages/frontend/core/src/blocksuite/ai/runtime/request/byok-local-lease.ts	verbatim		116	0	txt
ac_cloud-notes/packages/frontend/core/src/blocksuite/ai/runtime/request/copilot-client.spec.ts	verbatim		74	0	txt
ac_cloud-notes/packages/frontend/core/src/blocksuite/ai/runtime/request/copilot-client.ts	verbatim		409	0	txt
ac_cloud-notes/packages/frontend/core/src/blocksuite/ai/runtime/request/index.ts	verbatim		4	0	txt
ac_cloud-notes/packages/frontend/core/src/blocksuite/ai/runtime/request/message-transport.ts	verbatim		350	0	txt
ac_cloud-notes/packages/frontend/core/src/blocksuite/ai/runtime/request/provider.ts	verbatim		14	0	txt
ac_cloud-notes/packages/frontend/core/src/blocksuite/ai/runtime/request/service.spec.ts	verbatim		594	0	txt
ac_cloud-notes/packages/frontend/core/src/blocksuite/ai/runtime/request/service.ts	verbatim		344	0	txt
ac_cloud-notes/packages/frontend/core/src/blocksuite/ai/services/block-diff.ts	verbatim		386	0	txt
ac_cloud-notes/packages/frontend/core/src/blocksuite/ai/slides/index.ts	verbatim		81	0	txt
ac_cloud-notes/packages/frontend/core/src/blocksuite/ai/slides/template.ts	verbatim		302	0	txt
ac_cloud-notes/packages/frontend/core/src/blocksuite/ai/slides/templates/cover.json	verbatim		101	0	txt
ac_cloud-notes/packages/frontend/core/src/blocksuite/ai/slides/templates/four.json	verbatim		1164	0	txt
ac_cloud-notes/packages/frontend/core/src/blocksuite/ai/slides/templates/one.json	verbatim		1596	0	txt
ac_cloud-notes/packages/frontend/core/src/blocksuite/ai/slides/templates/three.json	verbatim		3910	0	txt
ac_cloud-notes/packages/frontend/core/src/blocksuite/ai/slides/templates/two.json	verbatim		305	0	txt
ac_cloud-notes/packages/frontend/core/src/blocksuite/ai/tool/copilot-tool.ts	verbatim		148	0	txt
ac_cloud-notes/packages/frontend/core/src/blocksuite/ai/utils/action-reporter.ts	verbatim		5	0	txt
ac_cloud-notes/packages/frontend/core/src/blocksuite/ai/utils/ai-widgets.ts	verbatim		16	0	txt
ac_cloud-notes/packages/frontend/core/src/blocksuite/ai/utils/apply-model/apply-patch-to-doc.ts	verbatim		55	0	txt
ac_cloud-notes/packages/frontend/core/src/blocksuite/ai/utils/apply-model/generate-render-diff.ts	verbatim		117	0	txt
ac_cloud-notes/packages/frontend/core/src/blocksuite/ai/utils/apply-model/markdown-diff.ts	verbatim		98	0	txt
ac_cloud-notes/packages/frontend/core/src/blocksuite/ai/utils/attachment.ts	verbatim		8	0	txt
ac_cloud-notes/packages/frontend/core/src/blocksuite/ai/utils/context.ts	verbatim		43	0	txt
ac_cloud-notes/packages/frontend/core/src/blocksuite/ai/utils/edgeless.ts	verbatim		49	0	txt
ac_cloud-notes/packages/frontend/core/src/blocksuite/ai/utils/editor-actions.ts	verbatim		191	0	txt
ac_cloud-notes/packages/frontend/core/src/blocksuite/ai/utils/extract.ts	verbatim		228	0	txt
ac_cloud-notes/packages/frontend/core/src/blocksuite/ai/utils/get-edgeless-copilot-widget.ts	verbatim		13	0	txt
ac_cloud-notes/packages/frontend/core/src/blocksuite/ai/utils/history-image-actions.ts	verbatim		10	0	txt
ac_cloud-notes/packages/frontend/core/src/blocksuite/ai/utils/html.ts	verbatim		5	0	txt
ac_cloud-notes/packages/frontend/core/src/blocksuite/ai/utils/image.ts	verbatim		110	0	txt
ac_cloud-notes/packages/frontend/core/src/blocksuite/ai/utils/selection-utils.ts	verbatim		245	0	txt
ac_cloud-notes/packages/frontend/core/src/blocksuite/ai/utils/stream-objects.ts	verbatim		47	0	txt
ac_cloud-notes/packages/frontend/core/src/blocksuite/ai/widgets/ai-panel/ai-panel.ts	verbatim		568	0	txt
ac_cloud-notes/packages/frontend/core/src/blocksuite/ai/widgets/ai-panel/components/divider.ts	verbatim		26	0	txt
ac_cloud-notes/packages/frontend/core/src/blocksuite/ai/widgets/ai-panel/components/finish-tip.ts	verbatim		106	0	txt
ac_cloud-notes/packages/frontend/core/src/blocksuite/ai/widgets/ai-panel/components/generating-placeholder.ts	verbatim		121	0	txt
ac_cloud-notes/packages/frontend/core/src/blocksuite/ai/widgets/ai-panel/components/index.ts	verbatim		2	0	txt
ac_cloud-notes/packages/frontend/core/src/blocksuite/ai/widgets/ai-panel/components/state/answer.ts	verbatim		148	0	txt
ac_cloud-notes/packages/frontend/core/src/blocksuite/ai/widgets/ai-panel/components/state/error.ts	verbatim		250	0	txt
ac_cloud-notes/packages/frontend/core/src/blocksuite/ai/widgets/ai-panel/components/state/generating.ts	verbatim		109	0	txt
ac_cloud-notes/packages/frontend/core/src/blocksuite/ai/widgets/ai-panel/components/state/index.ts	verbatim		4	0	txt
ac_cloud-notes/packages/frontend/core/src/blocksuite/ai/widgets/ai-panel/components/state/input.ts	verbatim		236	0	txt
ac_cloud-notes/packages/frontend/core/src/blocksuite/ai/widgets/ai-panel/type.ts	verbatim		54	0	txt
ac_cloud-notes/packages/frontend/core/src/blocksuite/ai/widgets/ai-panel/utils.ts	verbatim		27	0	txt
ac_cloud-notes/packages/frontend/core/src/blocksuite/ai/widgets/block-diff/block.ts	verbatim		212	0	txt
ac_cloud-notes/packages/frontend/core/src/blocksuite/ai/widgets/block-diff/options.ts	verbatim		72	0	txt
ac_cloud-notes/packages/frontend/core/src/blocksuite/ai/widgets/block-diff/page.ts	verbatim		147	0	txt
ac_cloud-notes/packages/frontend/core/src/blocksuite/ai/widgets/block-diff/playground.ts	verbatim		207	0	txt
ac_cloud-notes/packages/frontend/core/src/blocksuite/ai/widgets/edgeless-copilot-panel/index.ts	verbatim		108	0	txt
ac_cloud-notes/packages/frontend/core/src/blocksuite/ai/widgets/edgeless-copilot-panel/toolbar-entry.ts	verbatim		66	0	txt
ac_cloud-notes/packages/frontend/core/src/blocksuite/ai/widgets/edgeless-copilot/constant.ts	verbatim		1	0	txt
ac_cloud-notes/packages/frontend/core/src/blocksuite/ai/widgets/edgeless-copilot/index.ts	verbatim		300	0	txt
ac_cloud-notes/packages/frontend/core/src/blocksuite/attachment-viewer/attachment-embed-preview.tsx	verbatim		23	0	txt
ac_cloud-notes/packages/frontend/core/src/blocksuite/attachment-viewer/audio/audio-block.css.ts	verbatim		51	0	txt
ac_cloud-notes/packages/frontend/core/src/blocksuite/attachment-viewer/audio/audio-block.tsx	verbatim		251	0	txt
ac_cloud-notes/packages/frontend/core/src/blocksuite/attachment-viewer/audio/transcription-block.css.ts	verbatim		4	0	txt
ac_cloud-notes/packages/frontend/core/src/blocksuite/attachment-viewer/audio/transcription-block.tsx	verbatim		37	0	txt
ac_cloud-notes/packages/frontend/core/src/blocksuite/attachment-viewer/error.css.ts	verbatim		28	0	txt
ac_cloud-notes/packages/frontend/core/src/blocksuite/attachment-viewer/error.tsx	verbatim		122	0	txt
ac_cloud-notes/packages/frontend/core/src/blocksuite/attachment-viewer/index.tsx	verbatim		45	0	txt
ac_cloud-notes/packages/frontend/core/src/blocksuite/attachment-viewer/pdf/pdf-viewer-embedded.tsx	verbatim		237	0	txt
ac_cloud-notes/packages/frontend/core/src/blocksuite/attachment-viewer/pdf/pdf-viewer.tsx	verbatim		416	0	txt
ac_cloud-notes/packages/frontend/core/src/blocksuite/attachment-viewer/pdf/styles.css.ts	verbatim		203	0	txt
ac_cloud-notes/packages/frontend/core/src/blocksuite/attachment-viewer/pdf/utils.ts	verbatim		26	0	txt
ac_cloud-notes/packages/frontend/core/src/blocksuite/attachment-viewer/types.ts	verbatim		11	0	txt
ac_cloud-notes/packages/frontend/core/src/blocksuite/attachment-viewer/utils.ts	verbatim		31	0	txt
ac_cloud-notes/packages/frontend/core/src/blocksuite/attachment-viewer/viewer.css.ts	verbatim		73	0	txt
ac_cloud-notes/packages/frontend/core/src/blocksuite/attachment-viewer/viewer.tsx	verbatim		99	0	txt
ac_cloud-notes/packages/frontend/core/src/blocksuite/block-suite-editor/bi-directional-link-panel.css.ts	verbatim		118	0	txt
ac_cloud-notes/packages/frontend/core/src/blocksuite/block-suite-editor/bi-directional-link-panel.tsx	verbatim		413	0	txt
ac_cloud-notes/packages/frontend/core/src/blocksuite/block-suite-editor/blocksuite-editor.tsx	verbatim		352	0	txt
ac_cloud-notes/packages/frontend/core/src/blocksuite/block-suite-editor/doc-icon-picker.css.ts	verbatim		42	0	txt
ac_cloud-notes/packages/frontend/core/src/blocksuite/block-suite-editor/doc-icon-picker.tsx	verbatim		81	0	txt
ac_cloud-notes/packages/frontend/core/src/blocksuite/block-suite-editor/index.ts	verbatim		7	0	txt
ac_cloud-notes/packages/frontend/core/src/blocksuite/block-suite-editor/journal-doc-title.tsx	verbatim		48	0	txt
ac_cloud-notes/packages/frontend/core/src/blocksuite/block-suite-editor/lit-adaper.tsx	verbatim		312	0	txt
ac_cloud-notes/packages/frontend/core/src/blocksuite/block-suite-editor/no-page-error.ts	verbatim		28	0	txt
ac_cloud-notes/packages/frontend/core/src/blocksuite/block-suite-editor/register-templates.ts	verbatim		14	0	txt
ac_cloud-notes/packages/frontend/core/src/blocksuite/block-suite-editor/starter-bar.css.ts	verbatim		65	0	txt
ac_cloud-notes/packages/frontend/core/src/blocksuite/block-suite-editor/starter-bar.tsx	verbatim		166	0	txt
ac_cloud-notes/packages/frontend/core/src/blocksuite/block-suite-editor/styles.css.ts	verbatim		81	0	txt
ac_cloud-notes/packages/frontend/core/src/blocksuite/block-suite-header/favorite/index.tsx	verbatim		38	0	txt
ac_cloud-notes/packages/frontend/core/src/blocksuite/block-suite-header/info/index.tsx	verbatim		25	0	txt
ac_cloud-notes/packages/frontend/core/src/blocksuite/block-suite-header/journal/date-picker.tsx	verbatim		50	0	txt
ac_cloud-notes/packages/frontend/core/src/blocksuite/block-suite-header/journal/today-button.tsx	verbatim		22	0	txt
ac_cloud-notes/packages/frontend/core/src/blocksuite/block-suite-header/menu/history-tips-modal/index.tsx	verbatim		37	0	txt
ac_cloud-notes/packages/frontend/core/src/blocksuite/block-suite-header/menu/history-tips-modal/top-svg.tsx	verbatim		298	0	txt
ac_cloud-notes/packages/frontend/core/src/blocksuite/block-suite-header/menu/index.tsx	verbatim		425	0	txt
ac_cloud-notes/packages/frontend/core/src/blocksuite/block-suite-header/menu/style.css.ts	verbatim		7	0	txt
ac_cloud-notes/packages/frontend/core/src/blocksuite/block-suite-header/present/detail-header-present-button.tsx	verbatim		16	0	txt
ac_cloud-notes/packages/frontend/core/src/blocksuite/block-suite-header/title/index.tsx	verbatim		48	0	txt
ac_cloud-notes/packages/frontend/core/src/blocksuite/block-suite-header/title/style.css.ts	verbatim		11	0	txt
ac_cloud-notes/packages/frontend/core/src/blocksuite/block-suite-mode-switch/animation-data/edgeless-hover.json	verbatim		919	0	txt
ac_cloud-notes/packages/frontend/core/src/blocksuite/block-suite-mode-switch/animation-data/page-hover.json	verbatim		2068	0	txt
ac_cloud-notes/packages/frontend/core/src/blocksuite/block-suite-mode-switch/index.tsx	verbatim		122	0	txt
ac_cloud-notes/packages/frontend/core/src/blocksuite/block-suite-mode-switch/style.css.ts	verbatim		9	0	txt
ac_cloud-notes/packages/frontend/core/src/blocksuite/block-suite-mode-switch/switch-items.tsx	verbatim		85	0	txt
ac_cloud-notes/packages/frontend/core/src/blocksuite/block-suite-page-list/index.css.ts	verbatim		25	0	txt
ac_cloud-notes/packages/frontend/core/src/blocksuite/block-suite-page-list/utils.tsx	verbatim		140	0	txt
ac_cloud-notes/packages/frontend/core/src/blocksuite/database-block/calendar/workspace-calendar-source.spec.ts	verbatim		295	0	txt
ac_cloud-notes/packages/frontend/core/src/blocksuite/database-block/calendar/workspace-calendar-source.ts	verbatim		273	0	txt
ac_cloud-notes/packages/frontend/core/src/blocksuite/database-block/components/loading.css.ts	verbatim		22	0	txt
ac_cloud-notes/packages/frontend/core/src/blocksuite/database-block/components/loading.tsx	verbatim		57	0	txt
ac_cloud-notes/packages/frontend/core/src/blocksuite/database-block/group-by/index.tsx	verbatim		142	0	txt
ac_cloud-notes/packages/frontend/core/src/blocksuite/database-block/hooks/use-member-info.ts	verbatim		12	0	txt
ac_cloud-notes/packages/frontend/core/src/blocksuite/database-block/properties/created-by/define.ts	verbatim		49	0	txt
ac_cloud-notes/packages/frontend/core/src/blocksuite/database-block/properties/created-by/view.tsx	verbatim		114	0	txt
ac_cloud-notes/packages/frontend/core/src/blocksuite/database-block/properties/file/define.ts	verbatim		42	0	txt
ac_cloud-notes/packages/frontend/core/src/blocksuite/database-block/properties/file/style.css.ts	verbatim		141	0	txt
ac_cloud-notes/packages/frontend/core/src/blocksuite/database-block/properties/file/view.tsx	verbatim		642	0	txt
ac_cloud-notes/packages/frontend/core/src/blocksuite/database-block/properties/index.ts	verbatim		9	0	txt
ac_cloud-notes/packages/frontend/core/src/blocksuite/database-block/properties/member/define.ts	verbatim		60	0	txt
ac_cloud-notes/packages/frontend/core/src/blocksuite/database-block/properties/member/multi-member-select/index.tsx	verbatim		325	0	txt
ac_cloud-notes/packages/frontend/core/src/blocksuite/database-block/properties/member/multi-member-select/style.css.ts	verbatim		106	0	txt
ac_cloud-notes/packages/frontend/core/src/blocksuite/database-block/properties/member/style.css.ts	verbatim		37	0	txt
ac_cloud-notes/packages/frontend/core/src/blocksuite/database-block/properties/member/view.tsx	verbatim		166	0	txt
ac_cloud-notes/packages/frontend/core/src/blocksuite/editors/edgeless-editor.ts	verbatim		92	0	txt
ac_cloud-notes/packages/frontend/core/src/blocksuite/editors/index.ts	verbatim		23	0	txt
ac_cloud-notes/packages/frontend/core/src/blocksuite/editors/page-editor.ts	verbatim		100	0	txt
ac_cloud-notes/packages/frontend/core/src/blocksuite/initialization/index.ts	verbatim		59	0	txt
ac_cloud-notes/packages/frontend/core/src/blocksuite/manager/store.ts	verbatim		50	0	txt
ac_cloud-notes/packages/frontend/core/src/blocksuite/manager/view.ts	verbatim		338	0	txt
ac_cloud-notes/packages/frontend/core/src/blocksuite/outline-viewer/index.tsx	verbatim		31	0	txt
ac_cloud-notes/packages/frontend/core/src/blocksuite/outline-viewer/outline-viewer.css.ts	verbatim		15	0	txt
ac_cloud-notes/packages/frontend/core/src/blocksuite/store-extensions/ai/index.ts	verbatim		14	0	txt
ac_cloud-notes/packages/frontend/core/src/blocksuite/store-extensions/feature-flag/feature-flag-syncer.ts	verbatim		26	0	txt
ac_cloud-notes/packages/frontend/core/src/blocksuite/store-extensions/feature-flag/index.ts	verbatim		25	0	txt
ac_cloud-notes/packages/frontend/core/src/blocksuite/utils/index.ts	verbatim		1	0	txt
ac_cloud-notes/packages/frontend/core/src/blocksuite/utils/markdown-utils.spec.ts	verbatim		27	0	txt
ac_cloud-notes/packages/frontend/core/src/blocksuite/utils/markdown-utils.ts	verbatim		221	0	txt
ac_cloud-notes/packages/frontend/core/src/blocksuite/view-extensions/ai/edgeless-clipboard.ts	verbatim		24	0	txt
ac_cloud-notes/packages/frontend/core/src/blocksuite/view-extensions/ai/index.ts	verbatim		88	0	txt
ac_cloud-notes/packages/frontend/core/src/blocksuite/view-extensions/cloud/index.ts	verbatim		34	0	txt
ac_cloud-notes/packages/frontend/core/src/blocksuite/view-extensions/cloud/user-list.ts	verbatim		22	0	txt
ac_cloud-notes/packages/frontend/core/src/blocksuite/view-extensions/cloud/user.ts	verbatim		45	0	txt
ac_cloud-notes/packages/frontend/core/src/blocksuite/view-extensions/code-block-preview/html-preview.ts	verbatim		140	0	txt
ac_cloud-notes/packages/frontend/core/src/blocksuite/view-extensions/code-block-preview/iframe-container.ts	verbatim		17	0	txt
ac_cloud-notes/packages/frontend/core/src/blocksuite/view-extensions/code-block-preview/index.ts	verbatim		40	0	txt
ac_cloud-notes/packages/frontend/core/src/blocksuite/view-extensions/code-block-preview/mermaid-preview.ts	verbatim		470	0	txt
ac_cloud-notes/packages/frontend/core/src/blocksuite/view-extensions/code-block-preview/typst-preview.ts	verbatim		403	0	txt
ac_cloud-notes/packages/frontend/core/src/blocksuite/view-extensions/comment/comment-provider.ts	verbatim		175	0	txt
ac_cloud-notes/packages/frontend/core/src/blocksuite/view-extensions/comment/index.ts	verbatim		23	0	txt
ac_cloud-notes/packages/frontend/core/src/blocksuite/view-extensions/database/database-block-config-service.ts	verbatim		25	0	txt
ac_cloud-notes/packages/frontend/core/src/blocksuite/view-extensions/database/index.ts	verbatim		22	0	txt
ac_cloud-notes/packages/frontend/core/src/blocksuite/view-extensions/edgeless-block-header/common.tsx	verbatim		72	0	txt
ac_cloud-notes/packages/frontend/core/src/blocksuite/view-extensions/edgeless-block-header/edgeless-block-header.css.ts	verbatim		71	0	txt
ac_cloud-notes/packages/frontend/core/src/blocksuite/view-extensions/edgeless-block-header/edgeless-embed-synced-doc-header.tsx	verbatim		240	0	txt
ac_cloud-notes/packages/frontend/core/src/blocksuite/view-extensions/edgeless-block-header/edgeless-note-header.tsx	verbatim		153	0	txt
ac_cloud-notes/packages/frontend/core/src/blocksuite/view-extensions/edgeless-block-header/index.tsx	verbatim		37	0	txt
ac_cloud-notes/packages/frontend/core/src/blocksuite/view-extensions/edgeless-block-header/patch.tsx	verbatim		97	0	txt
ac_cloud-notes/packages/frontend/core/src/blocksuite/view-extensions/editor-config/database.ts	verbatim		68	0	txt
ac_cloud-notes/packages/frontend/core/src/blocksuite/view-extensions/editor-config/get-config.ts	verbatim		25	0	txt
ac_cloud-notes/packages/frontend/core/src/blocksuite/view-extensions/editor-config/index.ts	verbatim		28	0	txt
ac_cloud-notes/packages/frontend/core/src/blocksuite/view-extensions/editor-config/linked.ts	verbatim		10	0	txt
ac_cloud-notes/packages/frontend/core/src/blocksuite/view-extensions/editor-config/toolbar/copy-as-image.ts	verbatim		213	0	txt
ac_cloud-notes/packages/frontend/core/src/blocksuite/view-extensions/editor-config/toolbar/index.ts	verbatim		1103	0	txt
ac_cloud-notes/packages/frontend/core/src/blocksuite/view-extensions/editor-view/audio/audio-view.tsx	verbatim		22	0	txt
ac_cloud-notes/packages/frontend/core/src/blocksuite/view-extensions/editor-view/display-meta.ts	verbatim		82	0	txt
ac_cloud-notes/packages/frontend/core/src/blocksuite/view-extensions/editor-view/doc-mode-service.ts	verbatim		51	0	txt
ac_cloud-notes/packages/frontend/core/src/blocksuite/view-extensions/editor-view/doc-url.ts	verbatim		46	0	txt
ac_cloud-notes/packages/frontend/core/src/blocksuite/view-extensions/editor-view/editor-view.tsx	verbatim		108	0	txt
ac_cloud-notes/packages/frontend/core/src/blocksuite/view-extensions/editor-view/file-size-limit.ts	verbatim		30	0	txt
ac_cloud-notes/packages/frontend/core/src/blocksuite/view-extensions/editor-view/notification-service.tsx	verbatim		151	0	txt
ac_cloud-notes/packages/frontend/core/src/blocksuite/view-extensions/editor-view/open-doc.ts	verbatim		59	0	txt
ac_cloud-notes/packages/frontend/core/src/blocksuite/view-extensions/editor-view/quick-search-service.ts	verbatim		161	0	txt
ac_cloud-notes/packages/frontend/core/src/blocksuite/view-extensions/editor-view/reference-renderer.ts	verbatim		20	0	txt
ac_cloud-notes/packages/frontend/core/src/blocksuite/view-extensions/editor-view/side-bar-service.ts	verbatim		18	0	txt
ac_cloud-notes/packages/frontend/core/src/blocksuite/view-extensions/electron/electron-clipboard.ts	verbatim		9	0	txt
ac_cloud-notes/packages/frontend/core/src/blocksuite/view-extensions/electron/index.ts	verbatim		25	0	txt
ac_cloud-notes/packages/frontend/core/src/blocksuite/view-extensions/icon-picker/icon-picker-service.ts	verbatim		21	0	txt
ac_cloud-notes/packages/frontend/core/src/blocksuite/view-extensions/icon-picker/index.ts	verbatim		26	0	txt
ac_cloud-notes/packages/frontend/core/src/blocksuite/view-extensions/link-preview-service/index.ts	verbatim		26	0	txt
ac_cloud-notes/packages/frontend/core/src/blocksuite/view-extensions/link-preview-service/link-preview-service.ts	verbatim		56	0	txt
ac_cloud-notes/packages/frontend/core/src/blocksuite/view-extensions/mobile/index.ts	verbatim		26	0	txt
ac_cloud-notes/packages/frontend/core/src/blocksuite/view-extensions/mobile/keyboard-toolbar-extension.ts	verbatim		69	0	txt
ac_cloud-notes/packages/frontend/core/src/blocksuite/view-extensions/mobile/mobile-feature-flag-control.ts	verbatim		11	0	txt
ac_cloud-notes/packages/frontend/core/src/blocksuite/view-extensions/pdf/index.ts	verbatim		31	0	txt
ac_cloud-notes/packages/frontend/core/src/blocksuite/view-extensions/pdf/pdf-view.tsx	verbatim		34	0	txt
ac_cloud-notes/packages/frontend/core/src/blocksuite/view-extensions/theme/index.ts	verbatim		31	0	txt
ac_cloud-notes/packages/frontend/core/src/blocksuite/view-extensions/theme/preview-theme.ts	verbatim		63	0	txt
ac_cloud-notes/packages/frontend/core/src/blocksuite/view-extensions/theme/theme.ts	verbatim		85	0	txt
ac_cloud-notes/packages/frontend/core/src/blocksuite/view-extensions/turbo-renderer/index.ts	verbatim		26	0	txt
ac_cloud-notes/packages/frontend/core/src/blocksuite/view-extensions/turbo-renderer/turbo-painter.worker.ts	verbatim		13	0	txt
ac_cloud-notes/packages/frontend/core/src/blocksuite/view-extensions/turbo-renderer/turbo-renderer.ts	verbatim		29	0	txt
ac_cloud-notes/packages/frontend/core/src/bootstrap/browser.ts	verbatim		5	0	txt
ac_cloud-notes/packages/frontend/core/src/bootstrap/cleanup.ts	verbatim		31	0	txt
ac_cloud-notes/packages/frontend/core/src/bootstrap/electron.ts	verbatim		5	0	txt
ac_cloud-notes/packages/frontend/core/src/bootstrap/env.ts	verbatim		4	0	txt
ac_cloud-notes/packages/frontend/core/src/bootstrap/polyfill/array.ts	verbatim		3	0	txt
ac_cloud-notes/packages/frontend/core/src/bootstrap/polyfill/browser.ts	verbatim		7	0	txt
ac_cloud-notes/packages/frontend/core/src/bootstrap/polyfill/dispose.ts	verbatim		2	0	txt
ac_cloud-notes/packages/frontend/core/src/bootstrap/polyfill/electron.ts	verbatim		1	0	txt
ac_cloud-notes/packages/frontend/core/src/bootstrap/polyfill/iterator-helpers.ts	verbatim		1	0	txt
ac_cloud-notes/packages/frontend/core/src/bootstrap/polyfill/promise-with-resolvers.ts	verbatim		1	0	txt
ac_cloud-notes/packages/frontend/core/src/bootstrap/polyfill/request-idle-callback.ts	verbatim		20	0	txt
ac_cloud-notes/packages/frontend/core/src/bootstrap/polyfill/resize-observer.ts	verbatim		6	0	txt
ac_cloud-notes/packages/frontend/core/src/bootstrap/polyfill/set.ts	verbatim		4	0	txt
ac_cloud-notes/packages/frontend/core/src/bootstrap/public-path.ts	verbatim		1	0	txt
ac_cloud-notes/packages/frontend/core/src/bootstrap/telemetry.ts	verbatim		17	0	txt
ac_cloud-notes/packages/frontend/core/src/commands/affine-creation.tsx	verbatim		84	0	txt
ac_cloud-notes/packages/frontend/core/src/commands/affine-help.tsx	verbatim		46	0	txt
ac_cloud-notes/packages/frontend/core/src/commands/affine-i18n.tsx	verbatim		36	0	txt
ac_cloud-notes/packages/frontend/core/src/commands/affine-layout.tsx	verbatim		37	0	txt
ac_cloud-notes/packages/frontend/core/src/commands/affine-navigation.tsx	verbatim		125	0	txt
ac_cloud-notes/packages/frontend/core/src/commands/affine-settings.tsx	verbatim		234	0	txt
ac_cloud-notes/packages/frontend/core/src/commands/affine-updates.tsx	verbatim		40	0	txt
ac_cloud-notes/packages/frontend/core/src/commands/index.ts	verbatim		8	0	txt
ac_cloud-notes/packages/frontend/core/src/commands/registry/README.md	verbatim		3	0	txt
ac_cloud-notes/packages/frontend/core/src/commands/registry/command.ts	verbatim		98	0	txt
ac_cloud-notes/packages/frontend/core/src/commands/registry/index.ts	verbatim		2	0	txt
ac_cloud-notes/packages/frontend/core/src/commands/registry/registry.ts	verbatim		105	0	txt
ac_cloud-notes/packages/frontend/core/src/components/affine/README.md	verbatim		14	0	txt
ac_cloud-notes/packages/frontend/core/src/components/affine/affine-error-boundary/affine-error-fallback.css.ts	verbatim		14	0	txt
ac_cloud-notes/packages/frontend/core/src/components/affine/affine-error-boundary/affine-error-fallback.tsx	verbatim		63	0	txt
ac_cloud-notes/packages/frontend/core/src/components/affine/affine-error-boundary/error-assets/404.dark.png	verbatim		0	0	bin
ac_cloud-notes/packages/frontend/core/src/components/affine/affine-error-boundary/error-assets/404.light.png	verbatim		0	0	bin
ac_cloud-notes/packages/frontend/core/src/components/affine/affine-error-boundary/error-assets/500.dark.png	verbatim		0	0	bin
ac_cloud-notes/packages/frontend/core/src/components/affine/affine-error-boundary/error-assets/500.light.png	verbatim		0	0	bin
ac_cloud-notes/packages/frontend/core/src/components/affine/affine-error-boundary/error-basic/error-detail.css.ts	verbatim		89	0	txt
ac_cloud-notes/packages/frontend/core/src/components/affine/affine-error-boundary/error-basic/error-detail.tsx	verbatim		140	0	txt
ac_cloud-notes/packages/frontend/core/src/components/affine/affine-error-boundary/error-basic/fallback-creator.tsx	verbatim		13	0	txt
ac_cloud-notes/packages/frontend/core/src/components/affine/affine-error-boundary/error-basic/info-logger.tsx	verbatim		24	0	txt
ac_cloud-notes/packages/frontend/core/src/components/affine/affine-error-boundary/error-fallbacks/any-error-fallback.tsx	verbatim		26	0	txt
ac_cloud-notes/packages/frontend/core/src/components/affine/affine-error-boundary/error-fallbacks/no-page-root-fallback.tsx	verbatim		18	0	txt
ac_cloud-notes/packages/frontend/core/src/components/affine/affine-error-boundary/error-fallbacks/page-not-found-fallback.tsx	verbatim		35	0	txt
ac_cloud-notes/packages/frontend/core/src/components/affine/affine-error-boundary/error-status.assets.svg	verbatim		25	0	txt
ac_cloud-notes/packages/frontend/core/src/components/affine/affine-error-boundary/index.tsx	verbatim		34	0	txt
ac_cloud-notes/packages/frontend/core/src/components/affine/ai-onboarding/apis.ts	verbatim		33	0	txt
ac_cloud-notes/packages/frontend/core/src/components/affine/ai-onboarding/base-style.css.ts	verbatim		26	0	txt
ac_cloud-notes/packages/frontend/core/src/components/affine/ai-onboarding/edgeless.dialog.css.ts	verbatim		25	0	txt
ac_cloud-notes/packages/frontend/core/src/components/affine/ai-onboarding/edgeless.dialog.tsx	verbatim		115	0	txt
ac_cloud-notes/packages/frontend/core/src/components/affine/ai-onboarding/general.dialog.css.ts	verbatim		111	0	txt
ac_cloud-notes/packages/frontend/core/src/components/affine/ai-onboarding/general.dialog.tsx	verbatim		276	0	txt
ac_cloud-notes/packages/frontend/core/src/components/affine/ai-onboarding/index.tsx	verbatim		39	0	txt
ac_cloud-notes/packages/frontend/core/src/components/affine/ai-onboarding/local.dialog.css.ts	verbatim		41	0	txt
ac_cloud-notes/packages/frontend/core/src/components/affine/ai-onboarding/local.dialog.tsx	verbatim		89	0	txt
ac_cloud-notes/packages/frontend/core/src/components/affine/ai-onboarding/lottie/edgeless/mouse-track-dark.json	verbatim		24427	0	txt
ac_cloud-notes/packages/frontend/core/src/components/affine/ai-onboarding/lottie/edgeless/mouse-track-light.json	verbatim		24449	0	txt
ac_cloud-notes/packages/frontend/core/src/components/affine/ai-onboarding/slider.css.ts	verbatim		13	0	txt
ac_cloud-notes/packages/frontend/core/src/components/affine/ai-onboarding/slider.tsx	verbatim		53	0	txt
ac_cloud-notes/packages/frontend/core/src/components/affine/ai-onboarding/state.ts	verbatim		11	0	txt
ac_cloud-notes/packages/frontend/core/src/components/affine/ai-onboarding/type.ts	verbatim		5	0	txt
ac_cloud-notes/packages/frontend/core/src/components/affine/auth/ai-login-required.tsx	verbatim		37	0	txt
ac_cloud-notes/packages/frontend/core/src/components/affine/auth/oauth.tsx	verbatim		116	0	txt
ac_cloud-notes/packages/frontend/core/src/components/affine/auth/style.css.ts	verbatim		23	0	txt
ac_cloud-notes/packages/frontend/core/src/components/affine/auth/user-plan-button.tsx	verbatim		52	0	txt
ac_cloud-notes/packages/frontend/core/src/components/affine/empty/action-button.tsx	verbatim		28	0	txt
ac_cloud-notes/packages/frontend/core/src/components/affine/empty/assets/collection-detail.dark.png	verbatim		0	0	bin
ac_cloud-notes/packages/frontend/core/src/components/affine/empty/assets/collection-detail.light.png	verbatim		0	0	bin
ac_cloud-notes/packages/frontend/core/src/components/affine/empty/assets/collection-list.dark.png	verbatim		0	0	bin
ac_cloud-notes/packages/frontend/core/src/components/affine/empty/assets/collection-list.light.png	verbatim		0	0	bin
ac_cloud-notes/packages/frontend/core/src/components/affine/empty/assets/denied.dark.png	verbatim		0	0	bin
ac_cloud-notes/packages/frontend/core/src/components/affine/empty/assets/denied.light.png	verbatim		0	0	bin
ac_cloud-notes/packages/frontend/core/src/components/affine/empty/assets/docs.dark.png	verbatim		0	0	bin
ac_cloud-notes/packages/frontend/core/src/components/affine/empty/assets/docs.light.png	verbatim		0	0	bin
ac_cloud-notes/packages/frontend/core/src/components/affine/empty/assets/tag-list.dark.png	verbatim		0	0	bin
ac_cloud-notes/packages/frontend/core/src/components/affine/empty/assets/tag-list.light.png	verbatim		0	0	bin
ac_cloud-notes/packages/frontend/core/src/components/affine/empty/collection-detail.tsx	verbatim		61	0	txt
ac_cloud-notes/packages/frontend/core/src/components/affine/empty/collections.tsx	verbatim		65	0	txt
ac_cloud-notes/packages/frontend/core/src/components/affine/empty/docs.tsx	verbatim		63	0	txt
ac_cloud-notes/packages/frontend/core/src/components/affine/empty/index.ts	verbatim		4	0	txt
ac_cloud-notes/packages/frontend/core/src/components/affine/empty/layout.tsx	verbatim		41	0	txt
ac_cloud-notes/packages/frontend/core/src/components/affine/empty/style.css.ts	verbatim		55	0	txt
ac_cloud-notes/packages/frontend/core/src/components/affine/empty/tags.tsx	verbatim		17	0	txt
ac_cloud-notes/packages/frontend/core/src/components/affine/empty/types.ts	verbatim		17	0	txt
ac_cloud-notes/packages/frontend/core/src/components/affine/language-menu/index.tsx	verbatim		70	0	txt
ac_cloud-notes/packages/frontend/core/src/components/affine/language-menu/style.css.ts	verbatim		22	0	txt
ac_cloud-notes/packages/frontend/core/src/components/affine/onboarding/animate-in-tooltip.css.tsx	verbatim		32	0	txt
ac_cloud-notes/packages/frontend/core/src/components/affine/onboarding/animate-in-tooltip.tsx	verbatim		26	0	txt
ac_cloud-notes/packages/frontend/core/src/components/affine/onboarding/articles/article-0.tsx	verbatim		271	0	txt
ac_cloud-notes/packages/frontend/core/src/components/affine/onboarding/articles/article-1.tsx	verbatim		282	0	txt
ac_cloud-notes/packages/frontend/core/src/components/affine/onboarding/articles/article-2.tsx	verbatim		162	0	txt
ac_cloud-notes/packages/frontend/core/src/components/affine/onboarding/articles/article-3.tsx	verbatim		191	0	txt
ac_cloud-notes/packages/frontend/core/src/components/affine/onboarding/articles/article-4.tsx	verbatim		242	0	txt
ac_cloud-notes/packages/frontend/core/src/components/affine/onboarding/articles/assets/article-0-bookmark-1.png	verbatim		0	0	bin
ac_cloud-notes/packages/frontend/core/src/components/affine/onboarding/articles/assets/article-0-bookmark-2.png	verbatim		0	0	bin
ac_cloud-notes/packages/frontend/core/src/components/affine/onboarding/articles/assets/article-0-embed-1.png	verbatim		0	0	bin
ac_cloud-notes/packages/frontend/core/src/components/affine/onboarding/articles/assets/article-1-bookmark-1.png	verbatim		0	0	bin
ac_cloud-notes/packages/frontend/core/src/components/affine/onboarding/articles/assets/article-1-illustration-1.png	verbatim		0	0	bin
ac_cloud-notes/packages/frontend/core/src/components/affine/onboarding/articles/assets/article-1-illustration-2.tsx	verbatim		33	0	txt
ac_cloud-notes/packages/frontend/core/src/components/affine/onboarding/articles/assets/article-2-embed-1.png	verbatim		0	0	bin
ac_cloud-notes/packages/frontend/core/src/components/affine/onboarding/articles/assets/article-2-illustration-1.jpg	verbatim		0	0	bin
ac_cloud-notes/packages/frontend/core/src/components/affine/onboarding/articles/assets/article-2-illustration-2.jpg	verbatim		0	0	bin
ac_cloud-notes/packages/frontend/core/src/components/affine/onboarding/articles/assets/article-2-note-1.png	verbatim		0	0	bin
ac_cloud-notes/packages/frontend/core/src/components/affine/onboarding/articles/assets/article-2-note-2.png	verbatim		0	0	bin
ac_cloud-notes/packages/frontend/core/src/components/affine/onboarding/articles/assets/article-3-bookmark-1.png	verbatim		0	0	bin
ac_cloud-notes/packages/frontend/core/src/components/affine/onboarding/articles/assets/article-3-illustration-1.jpg	verbatim		0	0	bin
ac_cloud-notes/packages/frontend/core/src/components/affine/onboarding/articles/assets/article-3-illustration-2.jpg	verbatim		0	0	bin
ac_cloud-notes/packages/frontend/core/src/components/affine/onboarding/articles/assets/article-3-illustration-3.jpg	verbatim		0	0	bin
ac_cloud-notes/packages/frontend/core/src/components/affine/onboarding/articles/assets/article-3-illustration-4.jpg	verbatim		0	0	bin
ac_cloud-notes/packages/frontend/core/src/components/affine/onboarding/articles/assets/article-3-illustration-5.jpg	verbatim		0	0	bin
ac_cloud-notes/packages/frontend/core/src/components/affine/onboarding/articles/assets/article-4-bookmark-1.png	verbatim		0	0	bin
ac_cloud-notes/packages/frontend/core/src/components/affine/onboarding/articles/assets/article-4-bookmark-2.png	verbatim		0	0	bin
ac_cloud-notes/packages/frontend/core/src/components/affine/onboarding/articles/assets/article-4-illustration-1.jpg	verbatim		0	0	bin
ac_cloud-notes/packages/frontend/core/src/components/affine/onboarding/articles/assets/article-4-illustration-2.jpg	verbatim		0	0	bin
ac_cloud-notes/packages/frontend/core/src/components/affine/onboarding/articles/blocks.css.ts	verbatim		128	0	txt
ac_cloud-notes/packages/frontend/core/src/components/affine/onboarding/articles/blog-link.tsx	verbatim		8	0	txt
ac_cloud-notes/packages/frontend/core/src/components/affine/onboarding/articles/index.tsx	verbatim		251	0	txt
ac_cloud-notes/packages/frontend/core/src/components/affine/onboarding/assets/logo.tsx	verbatim		100	0	txt
ac_cloud-notes/packages/frontend/core/src/components/affine/onboarding/curve-paper/paper.css.ts	verbatim		101	0	txt
ac_cloud-notes/packages/frontend/core/src/components/affine/onboarding/curve-paper/paper.tsx	verbatim		20	0	txt
ac_cloud-notes/packages/frontend/core/src/components/affine/onboarding/curve-paper/segment.tsx	verbatim		38	0	txt
ac_cloud-notes/packages/frontend/core/src/components/affine/onboarding/curve-paper/segments.tsx	verbatim		64	0	txt
ac_cloud-notes/packages/frontend/core/src/components/affine/onboarding/onboarding.tsx	verbatim		82	0	txt
ac_cloud-notes/packages/frontend/core/src/components/affine/onboarding/paper-steps.tsx	verbatim		74	0	txt
ac_cloud-notes/packages/frontend/core/src/components/affine/onboarding/steps/animate-in.css.ts	verbatim		18	0	txt
ac_cloud-notes/packages/frontend/core/src/components/affine/onboarding/steps/animate-in.tsx	verbatim		64	0	txt
ac_cloud-notes/packages/frontend/core/src/components/affine/onboarding/steps/edgeless-switch.css.ts	verbatim		191	0	txt
ac_cloud-notes/packages/frontend/core/src/components/affine/onboarding/steps/edgeless-switch.tsx	verbatim		254	0	txt
ac_cloud-notes/packages/frontend/core/src/components/affine/onboarding/steps/unfolding.css.ts	verbatim		93	0	txt
ac_cloud-notes/packages/frontend/core/src/components/affine/onboarding/steps/unfolding.tsx	verbatim		47	0	txt
ac_cloud-notes/packages/frontend/core/src/components/affine/onboarding/style.css.ts	verbatim		148	0	txt
ac_cloud-notes/packages/frontend/core/src/components/affine/onboarding/switch-widgets/block.tsx	verbatim		62	0	txt
ac_cloud-notes/packages/frontend/core/src/components/affine/onboarding/switch-widgets/counter-note.css.tsx	verbatim		46	0	txt
ac_cloud-notes/packages/frontend/core/src/components/affine/onboarding/switch-widgets/counter-note.tsx	verbatim		59	0	txt
ac_cloud-notes/packages/frontend/core/src/components/affine/onboarding/switch-widgets/page-link.tsx	verbatim		12	0	txt
ac_cloud-notes/packages/frontend/core/src/components/affine/onboarding/switch-widgets/shadow-sticker.tsx	verbatim		26	0	txt
ac_cloud-notes/packages/frontend/core/src/components/affine/onboarding/switch-widgets/style.css.tsx	verbatim		142	0	txt
ac_cloud-notes/packages/frontend/core/src/components/affine/onboarding/switch-widgets/switch.tsx	verbatim		40	0	txt
ac_cloud-notes/packages/frontend/core/src/components/affine/onboarding/switch-widgets/toolbar.tsx	verbatim		3720	0	txt
ac_cloud-notes/packages/frontend/core/src/components/affine/onboarding/types.ts	verbatim		79	0	txt
ac_cloud-notes/packages/frontend/core/src/components/affine/page-history-modal/data.spec.ts	verbatim		110	0	txt
ac_cloud-notes/packages/frontend/core/src/components/affine/page-history-modal/data.ts	verbatim		319	0	txt
ac_cloud-notes/packages/frontend/core/src/components/affine/page-history-modal/empty-history-shape.tsx	verbatim		119	0	txt
ac_cloud-notes/packages/frontend/core/src/components/affine/page-history-modal/history-modal.tsx	verbatim		531	0	txt
ac_cloud-notes/packages/frontend/core/src/components/affine/page-history-modal/index.tsx	verbatim		1	0	txt
ac_cloud-notes/packages/frontend/core/src/components/affine/page-history-modal/styles.css.ts	verbatim		327	0	txt
ac_cloud-notes/packages/frontend/core/src/components/affine/reference-link/index.tsx	verbatim		195	0	txt
ac_cloud-notes/packages/frontend/core/src/components/affine/reference-link/styles.css.ts	verbatim		22	0	txt
ac_cloud-notes/packages/frontend/core/src/components/affine/sign-out-modal/index.tsx	verbatim		43	0	txt
ac_cloud-notes/packages/frontend/core/src/components/affine/subscription-landing/notify.css.ts	verbatim		25	0	txt
ac_cloud-notes/packages/frontend/core/src/components/affine/subscription-landing/notify.tsx	verbatim		57	0	txt
ac_cloud-notes/packages/frontend/core/src/components/affine/subscription-landing/styles.css.ts	verbatim		15	0	txt
ac_cloud-notes/packages/frontend/core/src/components/atoms/index.ts	verbatim		7	0	txt
ac_cloud-notes/packages/frontend/core/src/components/atoms/page-history.ts	verbatim		6	0	txt
ac_cloud-notes/packages/frontend/core/src/components/atoms/trash-modal.ts	verbatim		11	0	txt
ac_cloud-notes/packages/frontend/core/src/components/cloud/share-header-right-item/import-template.tsx	verbatim		21	0	txt
ac_cloud-notes/packages/frontend/core/src/components/cloud/share-header-right-item/index.tsx	verbatim		49	0	txt
ac_cloud-notes/packages/frontend/core/src/components/cloud/share-header-right-item/present.tsx	verbatim		21	0	txt
ac_cloud-notes/packages/frontend/core/src/components/cloud/share-header-right-item/sign-in.tsx	verbatim		22	0	txt
ac_cloud-notes/packages/frontend/core/src/components/cloud/share-header-right-item/styles.css.ts	verbatim		121	0	txt
ac_cloud-notes/packages/frontend/core/src/components/cloud/share-header-right-item/user-avatar.tsx	verbatim		84	0	txt
ac_cloud-notes/packages/frontend/core/src/components/comment/comment-editor/index.tsx	verbatim		554	0	txt
ac_cloud-notes/packages/frontend/core/src/components/comment/comment-editor/linked-widget-config.ts	verbatim		150	0	txt
ac_cloud-notes/packages/frontend/core/src/components/comment/comment-editor/specs.ts	verbatim		154	0	txt
ac_cloud-notes/packages/frontend/core/src/components/comment/comment-editor/style.css.ts	verbatim		173	0	txt
ac_cloud-notes/packages/frontend/core/src/components/comment/sidebar/index.tsx	verbatim		977	0	txt
ac_cloud-notes/packages/frontend/core/src/components/comment/sidebar/style.css.ts	verbatim		234	0	txt
ac_cloud-notes/packages/frontend/core/src/components/context/index.tsx	verbatim		30	0	txt
ac_cloud-notes/packages/frontend/core/src/components/explorer/context.ts	verbatim		102	0	txt
ac_cloud-notes/packages/frontend/core/src/components/explorer/display-menu/group.tsx	verbatim		136	0	txt
ac_cloud-notes/packages/frontend/core/src/components/explorer/display-menu/index.tsx	verbatim		123	0	txt
ac_cloud-notes/packages/frontend/core/src/components/explorer/display-menu/order.tsx	verbatim		137	0	txt
ac_cloud-notes/packages/frontend/core/src/components/explorer/display-menu/properties.css.ts	verbatim		27	0	txt
ac_cloud-notes/packages/frontend/core/src/components/explorer/display-menu/properties.tsx	verbatim		174	0	txt
ac_cloud-notes/packages/frontend/core/src/components/explorer/display-menu/quick-actions.tsx	verbatim		67	0	txt
ac_cloud-notes/packages/frontend/core/src/components/explorer/display-menu/styles.css.ts	verbatim		12	0	txt
ac_cloud-notes/packages/frontend/core/src/components/explorer/display-menu/view-toggle.css.ts	verbatim		20	0	txt
ac_cloud-notes/packages/frontend/core/src/components/explorer/display-menu/view-toggle.tsx	verbatim		55	0	txt
ac_cloud-notes/packages/frontend/core/src/components/explorer/docs-view/doc-list-item.css.ts	verbatim		269	0	txt
ac_cloud-notes/packages/frontend/core/src/components/explorer/docs-view/doc-list-item.tsx	verbatim		387	0	txt
ac_cloud-notes/packages/frontend/core/src/components/explorer/docs-view/docs-list.css.ts	verbatim		8	0	txt
ac_cloud-notes/packages/frontend/core/src/components/explorer/docs-view/docs-list.tsx	verbatim		268	0	txt
ac_cloud-notes/packages/frontend/core/src/components/explorer/docs-view/group-header.css.ts	verbatim		93	0	txt
ac_cloud-notes/packages/frontend/core/src/components/explorer/docs-view/group-header.tsx	verbatim		119	0	txt
ac_cloud-notes/packages/frontend/core/src/components/explorer/docs-view/more-menu.tsx	verbatim		223	0	txt
ac_cloud-notes/packages/frontend/core/src/components/explorer/docs-view/properties.css.ts	verbatim		96	0	txt
ac_cloud-notes/packages/frontend/core/src/components/explorer/docs-view/properties.tsx	verbatim		282	0	txt
ac_cloud-notes/packages/frontend/core/src/components/explorer/docs-view/quick-actions.tsx	verbatim		318	0	txt
ac_cloud-notes/packages/frontend/core/src/components/explorer/docs-view/stack-property.tsx	verbatim		17	0	txt
ac_cloud-notes/packages/frontend/core/src/components/explorer/header/navigation.css.ts	verbatim		19	0	txt
ac_cloud-notes/packages/frontend/core/src/components/explorer/header/navigation.tsx	verbatim		48	0	txt
ac_cloud-notes/packages/frontend/core/src/components/explorer/properties.ts	verbatim		61	0	txt
ac_cloud-notes/packages/frontend/core/src/components/explorer/quick-actions.constants.tsx	verbatim		63	0	txt
ac_cloud-notes/packages/frontend/core/src/components/explorer/types.ts	verbatim		34	0	txt
ac_cloud-notes/packages/frontend/core/src/components/filter-container.css.ts	verbatim		6	0	txt
ac_cloud-notes/packages/frontend/core/src/components/filter/add-filter.tsx	verbatim		170	0	txt
ac_cloud-notes/packages/frontend/core/src/components/filter/conditions/condition.tsx	verbatim		102	0	txt
ac_cloud-notes/packages/frontend/core/src/components/filter/conditions/property.tsx	verbatim		58	0	txt
ac_cloud-notes/packages/frontend/core/src/components/filter/conditions/styles.css.ts	verbatim		67	0	txt
ac_cloud-notes/packages/frontend/core/src/components/filter/conditions/system.tsx	verbatim		59	0	txt
ac_cloud-notes/packages/frontend/core/src/components/filter/conditions/unknown.tsx	verbatim		28	0	txt
ac_cloud-notes/packages/frontend/core/src/components/filter/filter-value-menu.tsx	verbatim		30	0	txt
ac_cloud-notes/packages/frontend/core/src/components/filter/filter.tsx	verbatim		45	0	txt
ac_cloud-notes/packages/frontend/core/src/components/filter/filters.tsx	verbatim		86	0	txt
ac_cloud-notes/packages/frontend/core/src/components/filter/index.ts	verbatim		2	0	txt
ac_cloud-notes/packages/frontend/core/src/components/filter/options.tsx	verbatim		71	0	txt
ac_cloud-notes/packages/frontend/core/src/components/filter/styles.css.ts	verbatim		65	0	txt
ac_cloud-notes/packages/frontend/core/src/components/guard/guard.tsx	verbatim		22	0	txt
ac_cloud-notes/packages/frontend/core/src/components/guard/index.ts	verbatim		2	0	txt
ac_cloud-notes/packages/frontend/core/src/components/guard/use-guard.tsx	verbatim		28	0	txt
ac_cloud-notes/packages/frontend/core/src/components/hooks/__tests__/use-navigate-helper.spec.ts	verbatim		53	0	txt
ac_cloud-notes/packages/frontend/core/src/components/hooks/__tests__/use-system-online.spec.ts	verbatim		20	0	txt
ac_cloud-notes/packages/frontend/core/src/components/hooks/affine-async-hooks.ts	verbatim		27	0	txt
ac_cloud-notes/packages/frontend/core/src/components/hooks/affine/README.md	verbatim		4	0	txt
ac_cloud-notes/packages/frontend/core/src/components/hooks/affine/__tests__/use-sign-out.spec.ts	verbatim		83	0	txt
ac_cloud-notes/packages/frontend/core/src/components/hooks/affine/use-ai-chat-config.ts	verbatim		127	0	txt
ac_cloud-notes/packages/frontend/core/src/components/hooks/affine/use-ai-specs.ts	verbatim		53	0	txt
ac_cloud-notes/packages/frontend/core/src/components/hooks/affine/use-ai-subscribe.ts	verbatim		53	0	txt
ac_cloud-notes/packages/frontend/core/src/components/hooks/affine/use-app-setting-helper.ts	verbatim		20	0	txt
ac_cloud-notes/packages/frontend/core/src/components/hooks/affine/use-block-suite-meta-helper.ts	verbatim		53	0	txt
ac_cloud-notes/packages/frontend/core/src/components/hooks/affine/use-enable-ai.ts	verbatim		11	0	txt
ac_cloud-notes/packages/frontend/core/src/components/hooks/affine/use-enable-cloud.tsx	verbatim		127	0	txt
ac_cloud-notes/packages/frontend/core/src/components/hooks/affine/use-export-page.ts	verbatim		253	0	txt
ac_cloud-notes/packages/frontend/core/src/components/hooks/affine/use-mutate-cloud.ts	verbatim		14	0	txt
ac_cloud-notes/packages/frontend/core/src/components/hooks/affine/use-reference-link-helper.ts	verbatim		34	0	txt
ac_cloud-notes/packages/frontend/core/src/components/hooks/affine/use-register-blocksuite-editor-commands.tsx	verbatim		376	0	txt
ac_cloud-notes/packages/frontend/core/src/components/hooks/affine/use-register-copy-link-commands.tsx	verbatim		55	0	txt
ac_cloud-notes/packages/frontend/core/src/components/hooks/affine/use-register-find-in-page-commands.ts	verbatim		41	0	txt
ac_cloud-notes/packages/frontend/core/src/components/hooks/affine/use-selfhost-login-version-guard.tsx	verbatim		57	0	txt
ac_cloud-notes/packages/frontend/core/src/components/hooks/affine/use-share-url.ts	verbatim		163	0	txt
ac_cloud-notes/packages/frontend/core/src/components/hooks/affine/use-share-url.utils.ts	verbatim		6	0	txt
ac_cloud-notes/packages/frontend/core/src/components/hooks/affine/use-shortcuts.ts	verbatim		320	0	txt
ac_cloud-notes/packages/frontend/core/src/components/hooks/affine/use-sign-out.ts	verbatim		82	0	txt
ac_cloud-notes/packages/frontend/core/src/components/hooks/affine/use-subscription-notify.tsx	verbatim		89	0	txt
ac_cloud-notes/packages/frontend/core/src/components/hooks/affine/use-toggle-cloud-public.ts	verbatim		20	0	txt
ac_cloud-notes/packages/frontend/core/src/components/hooks/use-all-block-suite-page-meta.ts	verbatim		21	0	txt
ac_cloud-notes/packages/frontend/core/src/components/hooks/use-app-config-storage.ts	verbatim		74	0	txt
ac_cloud-notes/packages/frontend/core/src/components/hooks/use-app-updater.ts	verbatim		190	0	txt
ac_cloud-notes/packages/frontend/core/src/components/hooks/use-block-suite-editor.ts	verbatim		13	0	txt
ac_cloud-notes/packages/frontend/core/src/components/hooks/use-block-suite-page-meta.ts	verbatim		56	0	txt
ac_cloud-notes/packages/frontend/core/src/components/hooks/use-block-suite-workspace-helper.ts	verbatim		12	0	txt
ac_cloud-notes/packages/frontend/core/src/components/hooks/use-block-suite-workspace-page.ts	verbatim		38	0	txt
ac_cloud-notes/packages/frontend/core/src/components/hooks/use-blur-root.ts	verbatim		13	0	txt
ac_cloud-notes/packages/frontend/core/src/components/hooks/use-catch-event-hook.ts	verbatim		15	0	txt
ac_cloud-notes/packages/frontend/core/src/components/hooks/use-image-antialiasing.ts	verbatim		9	0	txt
ac_cloud-notes/packages/frontend/core/src/components/hooks/use-journal.ts	verbatim		139	0	txt
ac_cloud-notes/packages/frontend/core/src/components/hooks/use-mutation.ts	verbatim		92	0	txt
ac_cloud-notes/packages/frontend/core/src/components/hooks/use-navigate-helper.ts	verbatim		311	0	txt
ac_cloud-notes/packages/frontend/core/src/components/hooks/use-query.ts	verbatim		125	0	txt
ac_cloud-notes/packages/frontend/core/src/components/hooks/use-register-workspace-commands.ts	verbatim		168	0	txt
ac_cloud-notes/packages/frontend/core/src/components/hooks/use-responsive-siedebar.ts	verbatim		61	0	txt
ac_cloud-notes/packages/frontend/core/src/components/hooks/use-seek-time.ts	verbatim		48	0	txt
ac_cloud-notes/packages/frontend/core/src/components/hooks/use-system-online.ts	verbatim		19	0	txt
ac_cloud-notes/packages/frontend/core/src/components/hooks/use-workspace-info.ts	verbatim		18	0	txt
ac_cloud-notes/packages/frontend/core/src/components/hooks/use-workspace.ts	verbatim		26	0	txt
ac_cloud-notes/packages/frontend/core/src/components/member-selector/index.tsx	verbatim		358	0	txt
ac_cloud-notes/packages/frontend/core/src/components/member-selector/inline-member-list.tsx	verbatim		34	0	txt
ac_cloud-notes/packages/frontend/core/src/components/member-selector/item.tsx	verbatim		103	0	txt
ac_cloud-notes/packages/frontend/core/src/components/member-selector/styles.css.ts	verbatim		204	0	txt
ac_cloud-notes/packages/frontend/core/src/components/mobile/config-modal/index.tsx	verbatim		134	0	txt
ac_cloud-notes/packages/frontend/core/src/components/mobile/config-modal/styles.css.ts	verbatim		87	0	txt
ac_cloud-notes/packages/frontend/core/src/components/mobile/index.ts	verbatim		1	0	txt
ac_cloud-notes/packages/frontend/core/src/components/notification/list.style.css.ts	verbatim		166	0	txt
ac_cloud-notes/packages/frontend/core/src/components/notification/list.tsx	verbatim		976	0	txt
ac_cloud-notes/packages/frontend/core/src/components/over-capacity/index.tsx	verbatim		65	0	txt
ac_cloud-notes/packages/frontend/core/src/components/page-detail-editor.css.ts	verbatim		26	0	txt
ac_cloud-notes/packages/frontend/core/src/components/page-detail-editor.tsx	verbatim		79	0	txt
ac_cloud-notes/packages/frontend/core/src/components/page-list/__tests__/use-block-suite-page-preview.spec.ts	verbatim		69	0	txt
ac_cloud-notes/packages/frontend/core/src/components/page-list/collections/collection-list-header.css.ts	verbatim		28	0	txt
ac_cloud-notes/packages/frontend/core/src/components/page-list/collections/collection-list-header.tsx	verbatim		24	0	txt
ac_cloud-notes/packages/frontend/core/src/components/page-list/collections/collection-list-item.css.ts	verbatim		153	0	txt
ac_cloud-notes/packages/frontend/core/src/components/page-list/collections/collection-list-item.tsx	verbatim		231	0	txt
ac_cloud-notes/packages/frontend/core/src/components/page-list/collections/index.ts	verbatim		3	0	txt
ac_cloud-notes/packages/frontend/core/src/components/page-list/collections/virtualized-collection-list.tsx	verbatim		97	0	txt
ac_cloud-notes/packages/frontend/core/src/components/page-list/components/favorite-tag.tsx	verbatim		55	0	txt
ac_cloud-notes/packages/frontend/core/src/components/page-list/components/favorited-animation/data.json	verbatim		1550	0	txt
ac_cloud-notes/packages/frontend/core/src/components/page-list/components/floating-toolbar.css.ts	verbatim		85	0	txt
ac_cloud-notes/packages/frontend/core/src/components/page-list/components/floating-toolbar.tsx	verbatim		85	0	txt
ac_cloud-notes/packages/frontend/core/src/components/page-list/components/list-floating-toolbar.css.ts	verbatim		7	0	txt
ac_cloud-notes/packages/frontend/core/src/components/page-list/components/list-floating-toolbar.tsx	verbatim		45	0	txt
ac_cloud-notes/packages/frontend/core/src/components/page-list/components/list-header-cell.css.ts	verbatim		28	0	txt
ac_cloud-notes/packages/frontend/core/src/components/page-list/components/list-header-cell.tsx	verbatim		52	0	txt
ac_cloud-notes/packages/frontend/core/src/components/page-list/components/new-page-button.css.ts	verbatim		9	0	txt
ac_cloud-notes/packages/frontend/core/src/components/page-list/components/new-page-button.tsx	verbatim		133	0	txt
ac_cloud-notes/packages/frontend/core/src/components/page-list/components/page-display-menu.css.ts	verbatim		61	0	txt
ac_cloud-notes/packages/frontend/core/src/components/page-list/components/page-display-menu.tsx	verbatim		173	0	txt
ac_cloud-notes/packages/frontend/core/src/components/page-list/docs/index.ts	verbatim		2	0	txt
ac_cloud-notes/packages/frontend/core/src/components/page-list/docs/page-list-new-page-button.css.ts	verbatim		5	0	txt
ac_cloud-notes/packages/frontend/core/src/components/page-list/docs/page-list-new-page-button.tsx	verbatim		35	0	txt
ac_cloud-notes/packages/frontend/core/src/components/page-list/docs/page-tags.css.ts	verbatim		143	0	txt
ac_cloud-notes/packages/frontend/core/src/components/page-list/docs/page-tags.tsx	verbatim		36	0	txt
ac_cloud-notes/packages/frontend/core/src/components/page-list/docs/select-page.css.ts	verbatim		23	0	txt
ac_cloud-notes/packages/frontend/core/src/components/page-list/docs/select-page.tsx	verbatim		230	0	txt
ac_cloud-notes/packages/frontend/core/src/components/page-list/group-definitions.css.ts	verbatim		35	0	txt
ac_cloud-notes/packages/frontend/core/src/components/page-list/group-definitions.tsx	verbatim		222	0	txt
ac_cloud-notes/packages/frontend/core/src/components/page-list/header-col-def.tsx	verbatim		75	0	txt
ac_cloud-notes/packages/frontend/core/src/components/page-list/index.tsx	verbatim		20	0	txt
ac_cloud-notes/packages/frontend/core/src/components/page-list/items-to-item-group.tsx	verbatim		47	0	txt
ac_cloud-notes/packages/frontend/core/src/components/page-list/list.css.ts	verbatim		95	0	txt
ac_cloud-notes/packages/frontend/core/src/components/page-list/list.tsx	verbatim		91	0	txt
ac_cloud-notes/packages/frontend/core/src/components/page-list/operation-cell.tsx	verbatim		530	0	txt
ac_cloud-notes/packages/frontend/core/src/components/page-list/operation-menu-items/disable-public-sharing.tsx	verbatim		12	0	txt
ac_cloud-notes/packages/frontend/core/src/components/page-list/operation-menu-items/export.tsx	verbatim		170	0	txt
ac_cloud-notes/packages/frontend/core/src/components/page-list/operation-menu-items/index.css.ts	verbatim		15	0	txt
ac_cloud-notes/packages/frontend/core/src/components/page-list/operation-menu-items/index.ts	verbatim		4	0	txt
ac_cloud-notes/packages/frontend/core/src/components/page-list/operation-menu-items/move-to-trash.tsx	verbatim		47	0	txt
ac_cloud-notes/packages/frontend/core/src/components/page-list/operation-menu-items/types.ts	verbatim		7	0	txt
ac_cloud-notes/packages/frontend/core/src/components/page-list/page-content-preview.tsx	verbatim		27	0	txt
ac_cloud-notes/packages/frontend/core/src/components/page-list/page-group.css.ts	verbatim		122	0	txt
ac_cloud-notes/packages/frontend/core/src/components/page-list/page-group.tsx	verbatim		219	0	txt
ac_cloud-notes/packages/frontend/core/src/components/page-list/page-header.css.ts	verbatim		37	0	txt
ac_cloud-notes/packages/frontend/core/src/components/page-list/page-header.tsx	verbatim		130	0	txt
ac_cloud-notes/packages/frontend/core/src/components/page-list/readme.md	verbatim		3	0	txt
ac_cloud-notes/packages/frontend/core/src/components/page-list/scoped-atoms.tsx	verbatim		176	0	txt
ac_cloud-notes/packages/frontend/core/src/components/page-list/selector/selector-layout.css.ts	verbatim		62	0	txt
ac_cloud-notes/packages/frontend/core/src/components/page-list/selector/selector-layout.tsx	verbatim		87	0	txt
ac_cloud-notes/packages/frontend/core/src/components/page-list/tags/create-tag.css.ts	verbatim		59	0	txt
ac_cloud-notes/packages/frontend/core/src/components/page-list/tags/create-tag.tsx	verbatim		163	0	txt
ac_cloud-notes/packages/frontend/core/src/components/page-list/tags/index.ts	verbatim		3	0	txt
ac_cloud-notes/packages/frontend/core/src/components/page-list/tags/tag-list-header.css.ts	verbatim		28	0	txt
ac_cloud-notes/packages/frontend/core/src/components/page-list/tags/tag-list-header.tsx	verbatim		18	0	txt
ac_cloud-notes/packages/frontend/core/src/components/page-list/tags/tag-list-item.css.ts	verbatim		163	0	txt
ac_cloud-notes/packages/frontend/core/src/components/page-list/tags/tag-list-item.tsx	verbatim		215	0	txt
ac_cloud-notes/packages/frontend/core/src/components/page-list/tags/virtualized-tag-list.tsx	verbatim		110	0	txt
ac_cloud-notes/packages/frontend/core/src/components/page-list/types.ts	verbatim		152	0	txt
ac_cloud-notes/packages/frontend/core/src/components/page-list/use-all-doc-display-properties.ts	verbatim		49	0	txt
ac_cloud-notes/packages/frontend/core/src/components/page-list/use-block-suite-page-preview.ts	verbatim		82	0	txt
ac_cloud-notes/packages/frontend/core/src/components/page-list/use-block-suite-workspace-page.ts	verbatim		45	0	txt
ac_cloud-notes/packages/frontend/core/src/components/page-list/use-page-selection-events.ts	verbatim		3	0	txt
ac_cloud-notes/packages/frontend/core/src/components/page-list/utils.tsx	verbatim		54	0	txt
ac_cloud-notes/packages/frontend/core/src/components/page-list/view/affine-shape.tsx	verbatim		126	0	txt
ac_cloud-notes/packages/frontend/core/src/components/page-list/view/collection-operations.css.ts	verbatim		10	0	txt
ac_cloud-notes/packages/frontend/core/src/components/page-list/view/collection-operations.tsx	verbatim		198	0	txt
ac_cloud-notes/packages/frontend/core/src/components/page-list/view/create-collection.css.ts	verbatim		25	0	txt
ac_cloud-notes/packages/frontend/core/src/components/page-list/view/create-collection.tsx	verbatim		121	0	txt
ac_cloud-notes/packages/frontend/core/src/components/page-list/view/index.ts	verbatim		4	0	txt
ac_cloud-notes/packages/frontend/core/src/components/page-list/view/save-as-collection-button.css.ts	verbatim		15	0	txt
ac_cloud-notes/packages/frontend/core/src/components/page-list/view/save-as-collection-button.tsx	verbatim		46	0	txt
ac_cloud-notes/packages/frontend/core/src/components/page-list/view/use-action.tsx	verbatim		41	0	txt
ac_cloud-notes/packages/frontend/core/src/components/page-list/virtualized-list.tsx	verbatim		195	0	txt
ac_cloud-notes/packages/frontend/core/src/components/properties/icons/constant.ts	verbatim		88	0	txt
ac_cloud-notes/packages/frontend/core/src/components/properties/icons/icons-selector.css.ts	verbatim		78	0	txt
ac_cloud-notes/packages/frontend/core/src/components/properties/icons/icons-selector.tsx	verbatim		93	0	txt
ac_cloud-notes/packages/frontend/core/src/components/properties/icons/workspace-property-icon.tsx	verbatim		39	0	txt
ac_cloud-notes/packages/frontend/core/src/components/properties/index.ts	verbatim		3	0	txt
ac_cloud-notes/packages/frontend/core/src/components/properties/manager/index.tsx	verbatim		188	0	txt
ac_cloud-notes/packages/frontend/core/src/components/properties/manager/styles.css.ts	verbatim		86	0	txt
ac_cloud-notes/packages/frontend/core/src/components/properties/menu/create-doc-property.css.ts	verbatim		23	0	txt
ac_cloud-notes/packages/frontend/core/src/components/properties/menu/create-doc-property.tsx	verbatim		89	0	txt
ac_cloud-notes/packages/frontend/core/src/components/properties/menu/edit-doc-property.css.ts	verbatim		53	0	txt
ac_cloud-notes/packages/frontend/core/src/components/properties/menu/edit-doc-property.tsx	verbatim		231	0	txt
ac_cloud-notes/packages/frontend/core/src/components/properties/name.tsx	verbatim		12	0	txt
ac_cloud-notes/packages/frontend/core/src/components/properties/sidebar/index.tsx	verbatim		133	0	txt
ac_cloud-notes/packages/frontend/core/src/components/properties/sidebar/section.css.ts	verbatim		27	0	txt
ac_cloud-notes/packages/frontend/core/src/components/properties/sidebar/section.tsx	verbatim		35	0	txt
ac_cloud-notes/packages/frontend/core/src/components/properties/sidebar/styles.css.ts	verbatim		63	0	txt
ac_cloud-notes/packages/frontend/core/src/components/properties/table.css.ts	verbatim		161	0	txt
ac_cloud-notes/packages/frontend/core/src/components/properties/table.tsx	verbatim		452	0	txt
ac_cloud-notes/packages/frontend/core/src/components/properties/types.ts	verbatim		7	0	txt
ac_cloud-notes/packages/frontend/core/src/components/properties/widgets/radio-group.css.ts	verbatim		4	0	txt
ac_cloud-notes/packages/frontend/core/src/components/properties/widgets/radio-group.tsx	verbatim		38	0	txt
ac_cloud-notes/packages/frontend/core/src/components/providers/current-server-scope.tsx	verbatim		42	0	txt
ac_cloud-notes/packages/frontend/core/src/components/providers/current-workspace-scope.tsx	verbatim		21	0	txt
ac_cloud-notes/packages/frontend/core/src/components/providers/swr-config-provider.tsx	verbatim		37	0	txt
ac_cloud-notes/packages/frontend/core/src/components/providers/workspace-side-effects.tsx	verbatim		200	0	txt
ac_cloud-notes/packages/frontend/core/src/components/pure/file-upload/index.tsx	verbatim		52	0	txt
ac_cloud-notes/packages/frontend/core/src/components/pure/header-drop-down-button/index.tsx	verbatim		21	0	txt
ac_cloud-notes/packages/frontend/core/src/components/pure/header-drop-down-button/styles.css.ts	verbatim		9	0	txt
ac_cloud-notes/packages/frontend/core/src/components/pure/header/index.tsx	verbatim		41	0	txt
ac_cloud-notes/packages/frontend/core/src/components/pure/header/style.css.tsx	verbatim		80	0	txt
ac_cloud-notes/packages/frontend/core/src/components/pure/header/windows-app-controls.tsx	verbatim		114	0	txt
ac_cloud-notes/packages/frontend/core/src/components/pure/help-island/icons.tsx	verbatim		47	0	txt
ac_cloud-notes/packages/frontend/core/src/components/pure/help-island/index.tsx	verbatim		118	0	txt
ac_cloud-notes/packages/frontend/core/src/components/pure/help-island/style.ts	verbatim		73	0	txt
ac_cloud-notes/packages/frontend/core/src/components/pure/icons/favorite-icon.tsx	verbatim		17	0	txt
ac_cloud-notes/packages/frontend/core/src/components/pure/icons/index.tsx	verbatim		1	0	txt
ac_cloud-notes/packages/frontend/core/src/components/pure/swr-error-bundary.tsx	verbatim		49	0	txt
ac_cloud-notes/packages/frontend/core/src/components/pure/trash-page-footer/index.tsx	verbatim		82	0	txt
ac_cloud-notes/packages/frontend/core/src/components/pure/trash-page-footer/styles.css.ts	verbatim		37	0	txt
ac_cloud-notes/packages/frontend/core/src/components/pure/workspace-mode-filter-tab/index.css.ts	verbatim		7	0	txt
ac_cloud-notes/packages/frontend/core/src/components/pure/workspace-mode-filter-tab/index.tsx	verbatim		71	0	txt
ac_cloud-notes/packages/frontend/core/src/components/root-app-sidebar/index.css.ts	verbatim		30	0	txt
ac_cloud-notes/packages/frontend/core/src/components/root-app-sidebar/index.tsx	verbatim		248	0	txt
ac_cloud-notes/packages/frontend/core/src/components/root-app-sidebar/invite-members-button.tsx	verbatim		30	0	txt
ac_cloud-notes/packages/frontend/core/src/components/root-app-sidebar/journal-button.tsx	verbatim		28	0	txt
ac_cloud-notes/packages/frontend/core/src/components/root-app-sidebar/notification-button.style.css.ts	verbatim		14	0	txt
ac_cloud-notes/packages/frontend/core/src/components/root-app-sidebar/notification-button.tsx	verbatim		61	0	txt
ac_cloud-notes/packages/frontend/core/src/components/root-app-sidebar/sidebar-audio-player.css.ts	verbatim		6	0	txt
ac_cloud-notes/packages/frontend/core/src/components/root-app-sidebar/sidebar-audio-player.tsx	verbatim		130	0	txt
ac_cloud-notes/packages/frontend/core/src/components/root-app-sidebar/template-doc-entrance.tsx	verbatim		52	0	txt
ac_cloud-notes/packages/frontend/core/src/components/root-app-sidebar/trash-button.tsx	verbatim		85	0	txt
ac_cloud-notes/packages/frontend/core/src/components/root-app-sidebar/updater-button.tsx	verbatim		27	0	txt
ac_cloud-notes/packages/frontend/core/src/components/root-app-sidebar/user-info/account-menu.tsx	verbatim		56	0	txt
ac_cloud-notes/packages/frontend/core/src/components/root-app-sidebar/user-info/account.tsx	verbatim		37	0	txt
ac_cloud-notes/packages/frontend/core/src/components/root-app-sidebar/user-info/ai-usage.tsx	verbatim		102	0	txt
ac_cloud-notes/packages/frontend/core/src/components/root-app-sidebar/user-info/cloud-usage.tsx	verbatim		68	0	txt
ac_cloud-notes/packages/frontend/core/src/components/root-app-sidebar/user-info/index.css.ts	verbatim		137	0	txt
ac_cloud-notes/packages/frontend/core/src/components/root-app-sidebar/user-info/index.tsx	verbatim		80	0	txt
ac_cloud-notes/packages/frontend/core/src/components/root-app-sidebar/user-info/team-list.tsx	verbatim		146	0	txt
ac_cloud-notes/packages/frontend/core/src/components/root-app-sidebar/user-info/unknow-user.tsx	verbatim		28	0	txt
ac_cloud-notes/packages/frontend/core/src/components/server-selector/index.tsx	verbatim		50	0	txt
ac_cloud-notes/packages/frontend/core/src/components/server-selector/style.css.ts	verbatim		4	0	txt
ac_cloud-notes/packages/frontend/core/src/components/sign-in/add-selfhosted.tsx	verbatim		162	0	txt
ac_cloud-notes/packages/frontend/core/src/components/sign-in/back.tsx	verbatim		15	0	txt
ac_cloud-notes/packages/frontend/core/src/components/sign-in/background-arts/art-dark.inline.svg	verbatim		86	0	txt
ac_cloud-notes/packages/frontend/core/src/components/sign-in/background-arts/art-light.inline.svg	verbatim		86	0	txt
ac_cloud-notes/packages/frontend/core/src/components/sign-in/background-arts/index.tsx	verbatim		15	0	txt
ac_cloud-notes/packages/frontend/core/src/components/sign-in/background-arts/style.css.ts	verbatim		13	0	txt
ac_cloud-notes/packages/frontend/core/src/components/sign-in/captcha.tsx	verbatim		50	0	txt
ac_cloud-notes/packages/frontend/core/src/components/sign-in/index.tsx	verbatim		73	0	txt
ac_cloud-notes/packages/frontend/core/src/components/sign-in/sign-in-with-email.tsx	verbatim		218	0	txt
ac_cloud-notes/packages/frontend/core/src/components/sign-in/sign-in-with-password.tsx	verbatim		191	0	txt
ac_cloud-notes/packages/frontend/core/src/components/sign-in/sign-in.tsx	verbatim		233	0	txt
ac_cloud-notes/packages/frontend/core/src/components/sign-in/style.css.ts	verbatim		77	0	txt
ac_cloud-notes/packages/frontend/core/src/components/system-property-types/created-updated-at.tsx	verbatim		8	0	txt
ac_cloud-notes/packages/frontend/core/src/components/system-property-types/created-updated-by.tsx	verbatim		6	0	txt
ac_cloud-notes/packages/frontend/core/src/components/system-property-types/edgeless-theme.tsx	verbatim		5	0	txt
ac_cloud-notes/packages/frontend/core/src/components/system-property-types/favorite.tsx	verbatim		49	0	txt
ac_cloud-notes/packages/frontend/core/src/components/system-property-types/index.ts	verbatim		240	0	txt
ac_cloud-notes/packages/frontend/core/src/components/system-property-types/integration-type.tsx	verbatim		89	0	txt
ac_cloud-notes/packages/frontend/core/src/components/system-property-types/page-width.tsx	verbatim		5	0	txt
ac_cloud-notes/packages/frontend/core/src/components/system-property-types/shared.tsx	verbatim		49	0	txt
ac_cloud-notes/packages/frontend/core/src/components/system-property-types/tags.tsx	verbatim		5	0	txt
ac_cloud-notes/packages/frontend/core/src/components/system-property-types/template.tsx	verbatim		5	0	txt
ac_cloud-notes/packages/frontend/core/src/components/tags/index.ts	verbatim		3	0	txt
ac_cloud-notes/packages/frontend/core/src/components/tags/inline-tag-list.css.ts	verbatim		8	0	txt
ac_cloud-notes/packages/frontend/core/src/components/tags/inline-tag-list.tsx	verbatim		46	0	txt
ac_cloud-notes/packages/frontend/core/src/components/tags/readme.md	verbatim		2	0	txt
ac_cloud-notes/packages/frontend/core/src/components/tags/styles.css.ts	verbatim		171	0	txt
ac_cloud-notes/packages/frontend/core/src/components/tags/tag-edit-menu.css.ts	verbatim		58	0	txt
ac_cloud-notes/packages/frontend/core/src/components/tags/tag-edit-menu.tsx	verbatim		208	0	txt
ac_cloud-notes/packages/frontend/core/src/components/tags/tag.css.ts	verbatim		162	0	txt
ac_cloud-notes/packages/frontend/core/src/components/tags/tag.tsx	verbatim		71	0	txt
ac_cloud-notes/packages/frontend/core/src/components/tags/tags-editor.tsx	verbatim		524	0	txt
ac_cloud-notes/packages/frontend/core/src/components/tags/types.ts	verbatim		10	0	txt
ac_cloud-notes/packages/frontend/core/src/components/telemetry/index.tsx	verbatim		19	0	txt
ac_cloud-notes/packages/frontend/core/src/components/theme-provider/index.tsx	verbatim		22	0	txt
ac_cloud-notes/packages/frontend/core/src/components/top-tip.tsx	verbatim		92	0	txt
ac_cloud-notes/packages/frontend/core/src/components/workspace-avatar/index.tsx	verbatim		68	0	txt
ac_cloud-notes/packages/frontend/core/src/components/workspace-property-types/checkbox.css.ts	verbatim		9	0	txt
ac_cloud-notes/packages/frontend/core/src/components/workspace-property-types/checkbox.tsx	verbatim		115	0	txt
ac_cloud-notes/packages/frontend/core/src/components/workspace-property-types/created-updated-at.css.ts	verbatim		24	0	txt
ac_cloud-notes/packages/frontend/core/src/components/workspace-property-types/created-updated-at.tsx	verbatim		121	0	txt
ac_cloud-notes/packages/frontend/core/src/components/workspace-property-types/created-updated-by.css.ts	verbatim		13	0	txt
ac_cloud-notes/packages/frontend/core/src/components/workspace-property-types/created-updated-by.tsx	verbatim		189	0	txt
ac_cloud-notes/packages/frontend/core/src/components/workspace-property-types/date.css.ts	verbatim		5	0	txt
ac_cloud-notes/packages/frontend/core/src/components/workspace-property-types/date.tsx	verbatim		256	0	txt
ac_cloud-notes/packages/frontend/core/src/components/workspace-property-types/doc-primary-mode.css.ts	verbatim		8	0	txt
ac_cloud-notes/packages/frontend/core/src/components/workspace-property-types/doc-primary-mode.tsx	verbatim		149	0	txt
ac_cloud-notes/packages/frontend/core/src/components/workspace-property-types/edgeless-theme.css.ts	verbatim		5	0	txt
ac_cloud-notes/packages/frontend/core/src/components/workspace-property-types/edgeless-theme.tsx	verbatim		157	0	txt
ac_cloud-notes/packages/frontend/core/src/components/workspace-property-types/index.ts	verbatim		407	0	txt
ac_cloud-notes/packages/frontend/core/src/components/workspace-property-types/journal.css.ts	verbatim		36	0	txt
ac_cloud-notes/packages/frontend/core/src/components/workspace-property-types/journal.tsx	verbatim		239	0	txt
ac_cloud-notes/packages/frontend/core/src/components/workspace-property-types/number.css.ts	verbatim		37	0	txt
ac_cloud-notes/packages/frontend/core/src/components/workspace-property-types/number.tsx	verbatim		165	0	txt
ac_cloud-notes/packages/frontend/core/src/components/workspace-property-types/page-width.css.ts	verbatim		5	0	txt
ac_cloud-notes/packages/frontend/core/src/components/workspace-property-types/page-width.tsx	verbatim		155	0	txt
ac_cloud-notes/packages/frontend/core/src/components/workspace-property-types/tags.css.ts	verbatim		29	0	txt
ac_cloud-notes/packages/frontend/core/src/components/workspace-property-types/tags.tsx	verbatim		250	0	txt
ac_cloud-notes/packages/frontend/core/src/components/workspace-property-types/template.css.ts	verbatim		11	0	txt
ac_cloud-notes/packages/frontend/core/src/components/workspace-property-types/template.tsx	verbatim		115	0	txt
ac_cloud-notes/packages/frontend/core/src/components/workspace-property-types/text.css.ts	verbatim		66	0	txt
ac_cloud-notes/packages/frontend/core/src/components/workspace-property-types/text.tsx	verbatim		270	0	txt
ac_cloud-notes/packages/frontend/core/src/components/workspace-selector/enable-cloud/enable-cloud.css.ts	verbatim		32	0	txt
ac_cloud-notes/packages/frontend/core/src/components/workspace-selector/enable-cloud/enable-cloud.tsx	verbatim		36	0	txt
ac_cloud-notes/packages/frontend/core/src/components/workspace-selector/enable-cloud/index.ts	verbatim		1	0	txt
ac_cloud-notes/packages/frontend/core/src/components/workspace-selector/index.tsx	verbatim		203	0	txt
ac_cloud-notes/packages/frontend/core/src/components/workspace-selector/user-with-workspace-list/add-server/index.css.ts	verbatim		4	0	txt
ac_cloud-notes/packages/frontend/core/src/components/workspace-selector/user-with-workspace-list/add-server/index.tsx	verbatim		41	0	txt
ac_cloud-notes/packages/frontend/core/src/components/workspace-selector/user-with-workspace-list/add-workspace/index.css.ts	verbatim		29	0	txt
ac_cloud-notes/packages/frontend/core/src/components/workspace-selector/user-with-workspace-list/add-workspace/index.tsx	verbatim		56	0	txt
ac_cloud-notes/packages/frontend/core/src/components/workspace-selector/user-with-workspace-list/index.css.ts	verbatim		73	0	txt
ac_cloud-notes/packages/frontend/core/src/components/workspace-selector/user-with-workspace-list/index.tsx	verbatim		123	0	txt
ac_cloud-notes/packages/frontend/core/src/components/workspace-selector/user-with-workspace-list/user-account/index.css.ts	verbatim		25	0	txt
ac_cloud-notes/packages/frontend/core/src/components/workspace-selector/user-with-workspace-list/user-account/index.tsx	verbatim		20	0	txt
ac_cloud-notes/packages/frontend/core/src/components/workspace-selector/user-with-workspace-list/workspace-list/index.css.ts	verbatim		95	0	txt
ac_cloud-notes/packages/frontend/core/src/components/workspace-selector/user-with-workspace-list/workspace-list/index.tsx	verbatim		354	0	txt
ac_cloud-notes/packages/frontend/core/src/components/workspace-selector/workspace-card/index.tsx	verbatim		409	0	txt
ac_cloud-notes/packages/frontend/core/src/components/workspace-selector/workspace-card/pure-workspace-card.tsx	verbatim		76	0	txt
ac_cloud-notes/packages/frontend/core/src/components/workspace-selector/workspace-card/styles.css.ts	verbatim		205	0	txt
ac_cloud-notes/packages/frontend/core/src/desktop/components/ai-island/container.css.ts	verbatim		16	0	txt
ac_cloud-notes/packages/frontend/core/src/desktop/components/ai-island/container.tsx	verbatim		21	0	txt
ac_cloud-notes/packages/frontend/core/src/desktop/components/ai-island/icons.tsx	verbatim		27	0	txt
ac_cloud-notes/packages/frontend/core/src/desktop/components/ai-island/index.tsx	verbatim		58	0	txt
ac_cloud-notes/packages/frontend/core/src/desktop/components/ai-island/styles.css.ts	verbatim		47	0	txt
ac_cloud-notes/packages/frontend/core/src/desktop/components/app-container/index.tsx	verbatim		123	0	txt
ac_cloud-notes/packages/frontend/core/src/desktop/components/app-container/styles.css.ts	verbatim		106	0	txt
ac_cloud-notes/packages/frontend/core/src/desktop/components/document-title/index.tsx	verbatim		19	0	txt
ac_cloud-notes/packages/frontend/core/src/desktop/components/navigation-panel/index.ts	verbatim		13	0	txt
ac_cloud-notes/packages/frontend/core/src/desktop/components/navigation-panel/layouts/collapsible-section.css.ts	verbatim		13	0	txt
ac_cloud-notes/packages/frontend/core/src/desktop/components/navigation-panel/layouts/collapsible-section.tsx	verbatim		73	0	txt
ac_cloud-notes/packages/frontend/core/src/desktop/components/navigation-panel/layouts/empty-node-children.css.ts	verbatim		23	0	txt
ac_cloud-notes/packages/frontend/core/src/desktop/components/navigation-panel/layouts/empty-node-children.tsx	verbatim		13	0	txt
ac_cloud-notes/packages/frontend/core/src/desktop/components/navigation-panel/layouts/empty-section.css.ts	verbatim		45	0	txt
ac_cloud-notes/packages/frontend/core/src/desktop/components/navigation-panel/layouts/empty-section.tsx	verbatim		58	0	txt
ac_cloud-notes/packages/frontend/core/src/desktop/components/navigation-panel/nodes/collection/empty.tsx	verbatim		22	0	txt
ac_cloud-notes/packages/frontend/core/src/desktop/components/navigation-panel/nodes/collection/index.tsx	verbatim		284	0	txt
ac_cloud-notes/packages/frontend/core/src/desktop/components/navigation-panel/nodes/collection/operations.tsx	verbatim		202	0	txt
ac_cloud-notes/packages/frontend/core/src/desktop/components/navigation-panel/nodes/doc/empty.tsx	verbatim		26	0	txt
ac_cloud-notes/packages/frontend/core/src/desktop/components/navigation-panel/nodes/doc/index.tsx	verbatim		328	0	txt
ac_cloud-notes/packages/frontend/core/src/desktop/components/navigation-panel/nodes/doc/operations.tsx	verbatim		270	0	txt
ac_cloud-notes/packages/frontend/core/src/desktop/components/navigation-panel/nodes/doc/styles.css.ts	verbatim		6	0	txt
ac_cloud-notes/packages/frontend/core/src/desktop/components/navigation-panel/nodes/folder/empty.css.ts	verbatim		10	0	txt
ac_cloud-notes/packages/frontend/core/src/desktop/components/navigation-panel/nodes/folder/empty.tsx	verbatim		30	0	txt
ac_cloud-notes/packages/frontend/core/src/desktop/components/navigation-panel/nodes/folder/index.tsx	verbatim		802	0	txt
ac_cloud-notes/packages/frontend/core/src/desktop/components/navigation-panel/nodes/folder/operations.tsx	verbatim		27	0	txt
ac_cloud-notes/packages/frontend/core/src/desktop/components/navigation-panel/nodes/tag/empty.tsx	verbatim		22	0	txt
ac_cloud-notes/packages/frontend/core/src/desktop/components/navigation-panel/nodes/tag/index.tsx	verbatim		222	0	txt
ac_cloud-notes/packages/frontend/core/src/desktop/components/navigation-panel/nodes/tag/operations.tsx	verbatim		155	0	txt
ac_cloud-notes/packages/frontend/core/src/desktop/components/navigation-panel/nodes/tag/styles.css.ts	verbatim		13	0	txt
ac_cloud-notes/packages/frontend/core/src/desktop/components/navigation-panel/nodes/types.ts	verbatim		52	0	txt
ac_cloud-notes/packages/frontend/core/src/desktop/components/navigation-panel/sections/collections/empty.tsx	verbatim		19	0	txt
ac_cloud-notes/packages/frontend/core/src/desktop/components/navigation-panel/sections/collections/index.css.ts	verbatim		7	0	txt
ac_cloud-notes/packages/frontend/core/src/desktop/components/navigation-panel/sections/collections/index.tsx	verbatim		95	0	txt
ac_cloud-notes/packages/frontend/core/src/desktop/components/navigation-panel/sections/favorites/dnd.ts	verbatim		42	0	txt
ac_cloud-notes/packages/frontend/core/src/desktop/components/navigation-panel/sections/favorites/empty.tsx	verbatim		54	0	txt
ac_cloud-notes/packages/frontend/core/src/desktop/components/navigation-panel/sections/favorites/index.tsx	verbatim		268	0	txt
ac_cloud-notes/packages/frontend/core/src/desktop/components/navigation-panel/sections/migration-favorites/index.tsx	verbatim		160	0	txt
ac_cloud-notes/packages/frontend/core/src/desktop/components/navigation-panel/sections/migration-favorites/styles.css.ts	verbatim		20	0	txt
ac_cloud-notes/packages/frontend/core/src/desktop/components/navigation-panel/sections/organize/dnd.ts	verbatim		34	0	txt
ac_cloud-notes/packages/frontend/core/src/desktop/components/navigation-panel/sections/organize/empty.tsx	verbatim		59	0	txt
ac_cloud-notes/packages/frontend/core/src/desktop/components/navigation-panel/sections/organize/index.tsx	verbatim		137	0	txt
ac_cloud-notes/packages/frontend/core/src/desktop/components/navigation-panel/sections/tags/empty.tsx	verbatim		13	0	txt
ac_cloud-notes/packages/frontend/core/src/desktop/components/navigation-panel/sections/tags/index.tsx	verbatim		83	0	txt
ac_cloud-notes/packages/frontend/core/src/desktop/components/navigation-panel/sections/tags/styles.css.ts	verbatim		20	0	txt
ac_cloud-notes/packages/frontend/core/src/desktop/components/navigation-panel/tree/context.tsx	verbatim		9	0	txt
ac_cloud-notes/packages/frontend/core/src/desktop/components/navigation-panel/tree/drop-effect.css.ts	verbatim		22	0	txt
ac_cloud-notes/packages/frontend/core/src/desktop/components/navigation-panel/tree/drop-effect.tsx	verbatim		37	0	txt
ac_cloud-notes/packages/frontend/core/src/desktop/components/navigation-panel/tree/index.tsx	verbatim		7	0	txt
ac_cloud-notes/packages/frontend/core/src/desktop/components/navigation-panel/tree/node.css.ts	verbatim		199	0	txt
ac_cloud-notes/packages/frontend/core/src/desktop/components/navigation-panel/tree/node.tsx	verbatim		552	0	txt
ac_cloud-notes/packages/frontend/core/src/desktop/components/navigation-panel/tree/root.css.ts	verbatim		9	0	txt
ac_cloud-notes/packages/frontend/core/src/desktop/components/navigation-panel/tree/root.tsx	verbatim		39	0	txt
ac_cloud-notes/packages/frontend/core/src/desktop/components/navigation-panel/tree/types.ts	verbatim		5	0	txt
ac_cloud-notes/packages/frontend/core/src/desktop/dialogs/change-password/index.tsx	verbatim		146	0	txt
ac_cloud-notes/packages/frontend/core/src/desktop/dialogs/collection-editor/edit-collection.css.ts	verbatim		151	0	txt
ac_cloud-notes/packages/frontend/core/src/desktop/dialogs/collection-editor/edit-collection.tsx	verbatim		114	0	txt
ac_cloud-notes/packages/frontend/core/src/desktop/dialogs/collection-editor/index.tsx	verbatim		59	0	txt
ac_cloud-notes/packages/frontend/core/src/desktop/dialogs/collection-editor/rules-mode.tsx	verbatim		365	0	txt
ac_cloud-notes/packages/frontend/core/src/desktop/dialogs/create-workspace/index.css.ts	verbatim		42	0	txt
ac_cloud-notes/packages/frontend/core/src/desktop/dialogs/create-workspace/index.tsx	verbatim		169	0	txt
ac_cloud-notes/packages/frontend/core/src/desktop/dialogs/create-workspace/server-selector.css.ts	verbatim		31	0	txt
ac_cloud-notes/packages/frontend/core/src/desktop/dialogs/create-workspace/server-selector.tsx	verbatim		138	0	txt
ac_cloud-notes/packages/frontend/core/src/desktop/dialogs/deleted-account/index.css.ts	verbatim		7	0	txt
ac_cloud-notes/packages/frontend/core/src/desktop/dialogs/deleted-account/index.tsx	verbatim		48	0	txt
ac_cloud-notes/packages/frontend/core/src/desktop/dialogs/doc-info/index.tsx	verbatim		54	0	txt
ac_cloud-notes/packages/frontend/core/src/desktop/dialogs/doc-info/info-modal.css.ts	verbatim		78	0	txt
ac_cloud-notes/packages/frontend/core/src/desktop/dialogs/doc-info/info-modal.tsx	verbatim		181	0	txt
ac_cloud-notes/packages/frontend/core/src/desktop/dialogs/doc-info/links-row.css.ts	verbatim		31	0	txt
ac_cloud-notes/packages/frontend/core/src/desktop/dialogs/doc-info/links-row.tsx	verbatim		37	0	txt
ac_cloud-notes/packages/frontend/core/src/desktop/dialogs/doc-info/styles.css.ts	verbatim		76	0	txt
ac_cloud-notes/packages/frontend/core/src/desktop/dialogs/doc-info/time-row.css.ts	verbatim		5	0	txt
ac_cloud-notes/packages/frontend/core/src/desktop/dialogs/doc-info/time-row.tsx	verbatim		49	0	txt
ac_cloud-notes/packages/frontend/core/src/desktop/dialogs/enable-cloud/dialog.css.ts	verbatim		73	0	txt
ac_cloud-notes/packages/frontend/core/src/desktop/dialogs/enable-cloud/index.tsx	verbatim		154	0	txt
ac_cloud-notes/packages/frontend/core/src/desktop/dialogs/import-template/dialog.css.ts	verbatim		41	0	txt
ac_cloud-notes/packages/frontend/core/src/desktop/dialogs/import-template/index.tsx	verbatim		249	0	txt
ac_cloud-notes/packages/frontend/core/src/desktop/dialogs/import-workspace/dialog.css.ts	verbatim		68	0	txt
ac_cloud-notes/packages/frontend/core/src/desktop/dialogs/import-workspace/index.tsx	verbatim		56	0	txt
ac_cloud-notes/packages/frontend/core/src/desktop/dialogs/import/commit-service.spec.ts	verbatim		506	0	txt
ac_cloud-notes/packages/frontend/core/src/desktop/dialogs/import/commit-service.ts	verbatim		308	0	txt
ac_cloud-notes/packages/frontend/core/src/desktop/dialogs/import/index.tsx	verbatim		843	0	txt
ac_cloud-notes/packages/frontend/core/src/desktop/dialogs/import/native-backend.ts	verbatim		102	0	txt
ac_cloud-notes/packages/frontend/core/src/desktop/dialogs/import/styles.css.ts	verbatim		131	0	txt
ac_cloud-notes/packages/frontend/core/src/desktop/dialogs/import/web-limits.spec.ts	verbatim		96	0	txt
ac_cloud-notes/packages/frontend/core/src/desktop/dialogs/import/web-limits.ts	verbatim		139	0	txt
ac_cloud-notes/packages/frontend/core/src/desktop/dialogs/index.tsx	verbatim		100	0	txt
ac_cloud-notes/packages/frontend/core/src/desktop/dialogs/selectors/collection.tsx	verbatim		111	0	txt
ac_cloud-notes/packages/frontend/core/src/desktop/dialogs/selectors/date.tsx	verbatim		81	0	txt
ac_cloud-notes/packages/frontend/core/src/desktop/dialogs/selectors/doc.tsx	verbatim		34	0	txt
ac_cloud-notes/packages/frontend/core/src/desktop/dialogs/selectors/tag.tsx	verbatim		107	0	txt
ac_cloud-notes/packages/frontend/core/src/desktop/dialogs/setting/account-setting/ai-usage-panel.tsx	verbatim		132	0	txt
ac_cloud-notes/packages/frontend/core/src/desktop/dialogs/setting/account-setting/delete-account.tsx	verbatim		164	0	txt
ac_cloud-notes/packages/frontend/core/src/desktop/dialogs/setting/account-setting/index.tsx	verbatim		354	0	txt
ac_cloud-notes/packages/frontend/core/src/desktop/dialogs/setting/account-setting/integrations-panel.css.ts	verbatim		171	0	txt
ac_cloud-notes/packages/frontend/core/src/desktop/dialogs/setting/account-setting/integrations-panel.spec.tsx	verbatim		294	0	txt
ac_cloud-notes/packages/frontend/core/src/desktop/dialogs/setting/account-setting/integrations-panel.tsx	verbatim		606	0	txt
ac_cloud-notes/packages/frontend/core/src/desktop/dialogs/setting/account-setting/storage-progress.css.ts	verbatim		29	0	txt
ac_cloud-notes/packages/frontend/core/src/desktop/dialogs/setting/account-setting/storage-progress.tsx	verbatim		101	0	txt
ac_cloud-notes/packages/frontend/core/src/desktop/dialogs/setting/account-setting/style.css.ts	verbatim		54	0	txt
ac_cloud-notes/packages/frontend/core/src/desktop/dialogs/setting/general-setting/about/config.tsx	verbatim		34	0	txt
ac_cloud-notes/packages/frontend/core/src/desktop/dialogs/setting/general-setting/about/icons.tsx	verbatim		170	0	txt
ac_cloud-notes/packages/frontend/core/src/desktop/dialogs/setting/general-setting/about/index.tsx	verbatim		172	0	txt
ac_cloud-notes/packages/frontend/core/src/desktop/dialogs/setting/general-setting/about/style.css.ts	verbatim		76	0	txt
ac_cloud-notes/packages/frontend/core/src/desktop/dialogs/setting/general-setting/about/update-check-section.tsx	verbatim		147	0	txt
ac_cloud-notes/packages/frontend/core/src/desktop/dialogs/setting/general-setting/appearance/index.tsx	verbatim		273	0	txt
ac_cloud-notes/packages/frontend/core/src/desktop/dialogs/setting/general-setting/appearance/links.css.ts	verbatim		16	0	txt
ac_cloud-notes/packages/frontend/core/src/desktop/dialogs/setting/general-setting/appearance/links.tsx	verbatim		48	0	txt
ac_cloud-notes/packages/frontend/core/src/desktop/dialogs/setting/general-setting/appearance/style.css.ts	verbatim		8	0	txt
ac_cloud-notes/packages/frontend/core/src/desktop/dialogs/setting/general-setting/appearance/theme-editor-setting.tsx	verbatim		56	0	txt
ac_cloud-notes/packages/frontend/core/src/desktop/dialogs/setting/general-setting/backup/index.tsx	verbatim		244	0	txt
ac_cloud-notes/packages/frontend/core/src/desktop/dialogs/setting/general-setting/backup/styles.css.ts	verbatim		66	0	txt
ac_cloud-notes/packages/frontend/core/src/desktop/dialogs/setting/general-setting/billing/ai-plan-card.tsx	verbatim		108	0	txt
ac_cloud-notes/packages/frontend/core/src/desktop/dialogs/setting/general-setting/billing/biliever-identifier.tsx	verbatim		46	0	txt
ac_cloud-notes/packages/frontend/core/src/desktop/dialogs/setting/general-setting/billing/billing-history.tsx	verbatim		110	0	txt
ac_cloud-notes/packages/frontend/core/src/desktop/dialogs/setting/general-setting/billing/card-name-label-row.tsx	verbatim		72	0	txt
ac_cloud-notes/packages/frontend/core/src/desktop/dialogs/setting/general-setting/billing/index.tsx	verbatim		105	0	txt
ac_cloud-notes/packages/frontend/core/src/desktop/dialogs/setting/general-setting/billing/payment-method.tsx	verbatim		141	0	txt
ac_cloud-notes/packages/frontend/core/src/desktop/dialogs/setting/general-setting/billing/pro-plan-card.tsx	verbatim		169	0	txt
ac_cloud-notes/packages/frontend/core/src/desktop/dialogs/setting/general-setting/billing/style.css.ts	verbatim		135	0	txt
ac_cloud-notes/packages/frontend/core/src/desktop/dialogs/setting/general-setting/billing/typeform-link.tsx	verbatim		39	0	txt
ac_cloud-notes/packages/frontend/core/src/desktop/dialogs/setting/general-setting/editor/edgeless/connector.tsx	verbatim		552	0	txt
ac_cloud-notes/packages/frontend/core/src/desktop/dialogs/setting/general-setting/editor/edgeless/docs/connector.json	verbatim		102	0	txt
ac_cloud-notes/packages/frontend/core/src/desktop/dialogs/setting/general-setting/editor/edgeless/docs/flow.json	verbatim		470	0	txt
ac_cloud-notes/packages/frontend/core/src/desktop/dialogs/setting/general-setting/editor/edgeless/docs/frame.json	verbatim		61	0	txt
ac_cloud-notes/packages/frontend/core/src/desktop/dialogs/setting/general-setting/editor/edgeless/docs/index.ts	verbatim		86	0	txt
ac_cloud-notes/packages/frontend/core/src/desktop/dialogs/setting/general-setting/editor/edgeless/docs/mindmap.json	verbatim		266	0	txt
ac_cloud-notes/packages/frontend/core/src/desktop/dialogs/setting/general-setting/editor/edgeless/docs/note.json	verbatim		141	0	txt
ac_cloud-notes/packages/frontend/core/src/desktop/dialogs/setting/general-setting/editor/edgeless/docs/pen.json	verbatim		2192	0	txt
ac_cloud-notes/packages/frontend/core/src/desktop/dialogs/setting/general-setting/editor/edgeless/docs/shape.json	verbatim		179	0	txt
ac_cloud-notes/packages/frontend/core/src/desktop/dialogs/setting/general-setting/editor/edgeless/docs/text.json	verbatim		122	0	txt
ac_cloud-notes/packages/frontend/core/src/desktop/dialogs/setting/general-setting/editor/edgeless/edgeless.tsx	verbatim		25	0	txt
ac_cloud-notes/packages/frontend/core/src/desktop/dialogs/setting/general-setting/editor/edgeless/frame.tsx	verbatim		82	0	txt
ac_cloud-notes/packages/frontend/core/src/desktop/dialogs/setting/general-setting/editor/edgeless/general.tsx	verbatim		120	0	txt
ac_cloud-notes/packages/frontend/core/src/desktop/dialogs/setting/general-setting/editor/edgeless/index.ts	verbatim		1	0	txt
ac_cloud-notes/packages/frontend/core/src/desktop/dialogs/setting/general-setting/editor/edgeless/mind-map.tsx	verbatim		132	0	txt
ac_cloud-notes/packages/frontend/core/src/desktop/dialogs/setting/general-setting/editor/edgeless/note.tsx	verbatim		253	0	txt
ac_cloud-notes/packages/frontend/core/src/desktop/dialogs/setting/general-setting/editor/edgeless/pen.tsx	verbatim		101	0	txt
ac_cloud-notes/packages/frontend/core/src/desktop/dialogs/setting/general-setting/editor/edgeless/point.tsx	verbatim		20	0	txt
ac_cloud-notes/packages/frontend/core/src/desktop/dialogs/setting/general-setting/editor/edgeless/shape.tsx	verbatim		583	0	txt
ac_cloud-notes/packages/frontend/core/src/desktop/dialogs/setting/general-setting/editor/edgeless/snapshot.tsx	verbatim		159	0	txt
ac_cloud-notes/packages/frontend/core/src/desktop/dialogs/setting/general-setting/editor/edgeless/text.tsx	verbatim		224	0	txt
ac_cloud-notes/packages/frontend/core/src/desktop/dialogs/setting/general-setting/editor/edgeless/utils.ts	verbatim		6	0	txt
ac_cloud-notes/packages/frontend/core/src/desktop/dialogs/setting/general-setting/editor/general.spec.tsx	verbatim		142	0	txt
ac_cloud-notes/packages/frontend/core/src/desktop/dialogs/setting/general-setting/editor/general.tsx	verbatim		672	0	txt
ac_cloud-notes/packages/frontend/core/src/desktop/dialogs/setting/general-setting/editor/index.tsx	verbatim		21	0	txt
ac_cloud-notes/packages/frontend/core/src/desktop/dialogs/setting/general-setting/editor/menu.tsx	verbatim		22	0	txt
ac_cloud-notes/packages/frontend/core/src/desktop/dialogs/setting/general-setting/editor/page.tsx	verbatim		103	0	txt
ac_cloud-notes/packages/frontend/core/src/desktop/dialogs/setting/general-setting/editor/preferences.tsx	verbatim		35	0	txt
ac_cloud-notes/packages/frontend/core/src/desktop/dialogs/setting/general-setting/editor/style.css.ts	verbatim		169	0	txt
ac_cloud-notes/packages/frontend/core/src/desktop/dialogs/setting/general-setting/editor/utils.ts	verbatim		47	0	txt
ac_cloud-notes/packages/frontend/core/src/desktop/dialogs/setting/general-setting/experimental-features/arts.css.ts	verbatim		6	0	txt
ac_cloud-notes/packages/frontend/core/src/desktop/dialogs/setting/general-setting/experimental-features/arts.tsx	verbatim		15	0	txt
ac_cloud-notes/packages/frontend/core/src/desktop/dialogs/setting/general-setting/experimental-features/dark-art-svg.ts	verbatim		857	0	txt
ac_cloud-notes/packages/frontend/core/src/desktop/dialogs/setting/general-setting/experimental-features/index.css.ts	verbatim		90	0	txt
ac_cloud-notes/packages/frontend/core/src/desktop/dialogs/setting/general-setting/experimental-features/index.tsx	verbatim		197	0	txt
ac_cloud-notes/packages/frontend/core/src/desktop/dialogs/setting/general-setting/experimental-features/light-art-svg.ts	verbatim		843	0	txt
ac_cloud-notes/packages/frontend/core/src/desktop/dialogs/setting/general-setting/icons.tsx	verbatim		39	0	txt
ac_cloud-notes/packages/frontend/core/src/desktop/dialogs/setting/general-setting/index.tsx	verbatim		182	0	txt
ac_cloud-notes/packages/frontend/core/src/desktop/dialogs/setting/general-setting/meetings/index.tsx	verbatim		324	0	txt
ac_cloud-notes/packages/frontend/core/src/desktop/dialogs/setting/general-setting/meetings/meeting-apps.dark.assets.svg	verbatim		473	0	txt
ac_cloud-notes/packages/frontend/core/src/desktop/dialogs/setting/general-setting/meetings/meeting-apps.light.assets.svg	verbatim		473	0	txt
ac_cloud-notes/packages/frontend/core/src/desktop/dialogs/setting/general-setting/meetings/styles.css.ts	verbatim		18	0	txt
ac_cloud-notes/packages/frontend/core/src/desktop/dialogs/setting/general-setting/meetings/use-enable-recording.ts	verbatim		46	0	txt
ac_cloud-notes/packages/frontend/core/src/desktop/dialogs/setting/general-setting/meetings/welcome-page.css.ts	verbatim		93	0	txt
ac_cloud-notes/packages/frontend/core/src/desktop/dialogs/setting/general-setting/meetings/welcome-page.tsx	verbatim		78	0	txt
ac_cloud-notes/packages/frontend/core/src/desktop/dialogs/setting/general-setting/notifications/index.tsx	verbatim		105	0	txt
ac_cloud-notes/packages/frontend/core/src/desktop/dialogs/setting/general-setting/notifications/style.css.ts	verbatim		5	0	txt
ac_cloud-notes/packages/frontend/core/src/desktop/dialogs/setting/general-setting/plans/actions.tsx	verbatim		255	0	txt
ac_cloud-notes/packages/frontend/core/src/desktop/dialogs/setting/general-setting/plans/ai/actions/cancel.tsx	verbatim		91	0	txt
ac_cloud-notes/packages/frontend/core/src/desktop/dialogs/setting/general-setting/plans/ai/actions/index.ts	verbatim		4	0	txt
ac_cloud-notes/packages/frontend/core/src/desktop/dialogs/setting/general-setting/plans/ai/actions/login.tsx	verbatim		17	0	txt
ac_cloud-notes/packages/frontend/core/src/desktop/dialogs/setting/general-setting/plans/ai/actions/resume.tsx	verbatim		76	0	txt
ac_cloud-notes/packages/frontend/core/src/desktop/dialogs/setting/general-setting/plans/ai/actions/subscribe.tsx	verbatim		91	0	txt
ac_cloud-notes/packages/frontend/core/src/desktop/dialogs/setting/general-setting/plans/ai/ai-plan.css.ts	verbatim		118	0	txt
ac_cloud-notes/packages/frontend/core/src/desktop/dialogs/setting/general-setting/plans/ai/ai-plan.tsx	verbatim		73	0	txt
ac_cloud-notes/packages/frontend/core/src/desktop/dialogs/setting/general-setting/plans/ai/benefits.tsx	verbatim		62	0	txt
ac_cloud-notes/packages/frontend/core/src/desktop/dialogs/setting/general-setting/plans/ai/layout.tsx	verbatim		42	0	txt
ac_cloud-notes/packages/frontend/core/src/desktop/dialogs/setting/general-setting/plans/checkout-slot.tsx	verbatim		81	0	txt
ac_cloud-notes/packages/frontend/core/src/desktop/dialogs/setting/general-setting/plans/cloud-plans.tsx	verbatim		330	0	txt
ac_cloud-notes/packages/frontend/core/src/desktop/dialogs/setting/general-setting/plans/icons/bulled-list.tsx	verbatim		19	0	txt
ac_cloud-notes/packages/frontend/core/src/desktop/dialogs/setting/general-setting/plans/index.tsx	verbatim		42	0	txt
ac_cloud-notes/packages/frontend/core/src/desktop/dialogs/setting/general-setting/plans/layout.css.ts	verbatim		105	0	txt
ac_cloud-notes/packages/frontend/core/src/desktop/dialogs/setting/general-setting/plans/layout.tsx	verbatim		90	0	txt
ac_cloud-notes/packages/frontend/core/src/desktop/dialogs/setting/general-setting/plans/lifetime/assets.ts	verbatim		81	0	txt
ac_cloud-notes/packages/frontend/core/src/desktop/dialogs/setting/general-setting/plans/lifetime/believer-card.css.ts	verbatim		121	0	txt
ac_cloud-notes/packages/frontend/core/src/desktop/dialogs/setting/general-setting/plans/lifetime/believer-card.tsx	verbatim		22	0	txt
ac_cloud-notes/packages/frontend/core/src/desktop/dialogs/setting/general-setting/plans/lifetime/benefits.css.ts	verbatim		20	0	txt
ac_cloud-notes/packages/frontend/core/src/desktop/dialogs/setting/general-setting/plans/lifetime/benefits.tsx	verbatim		31	0	txt
ac_cloud-notes/packages/frontend/core/src/desktop/dialogs/setting/general-setting/plans/lifetime/lifetime-plan.tsx	verbatim		57	0	txt
ac_cloud-notes/packages/frontend/core/src/desktop/dialogs/setting/general-setting/plans/lifetime/style.css.ts	verbatim		44	0	txt
ac_cloud-notes/packages/frontend/core/src/desktop/dialogs/setting/general-setting/plans/modals.tsx	verbatim		177	0	txt
ac_cloud-notes/packages/frontend/core/src/desktop/dialogs/setting/general-setting/plans/plan-card.tsx	verbatim		418	0	txt
ac_cloud-notes/packages/frontend/core/src/desktop/dialogs/setting/general-setting/plans/skeleton.css.ts	verbatim		27	0	txt
ac_cloud-notes/packages/frontend/core/src/desktop/dialogs/setting/general-setting/plans/skeleton.tsx	verbatim		84	0	txt
ac_cloud-notes/packages/frontend/core/src/desktop/dialogs/setting/general-setting/plans/style.css.ts	verbatim		264	0	txt
ac_cloud-notes/packages/frontend/core/src/desktop/dialogs/setting/general-setting/shortcuts/index.tsx	verbatim		59	0	txt
ac_cloud-notes/packages/frontend/core/src/desktop/dialogs/setting/general-setting/shortcuts/style.css.ts	verbatim		34	0	txt
ac_cloud-notes/packages/frontend/core/src/desktop/dialogs/setting/index.tsx	verbatim		288	0	txt
ac_cloud-notes/packages/frontend/core/src/desktop/dialogs/setting/issue-feedback-modal/index.tsx	verbatim		36	0	txt
ac_cloud-notes/packages/frontend/core/src/desktop/dialogs/setting/layout.css.ts	verbatim		65	0	txt
ac_cloud-notes/packages/frontend/core/src/desktop/dialogs/setting/layout.tsx	verbatim		41	0	txt
ac_cloud-notes/packages/frontend/core/src/desktop/dialogs/setting/navigation-constants.ts	verbatim		1	0	txt
ac_cloud-notes/packages/frontend/core/src/desktop/dialogs/setting/setting-sidebar/index.tsx	verbatim		225	0	txt
ac_cloud-notes/packages/frontend/core/src/desktop/dialogs/setting/setting-sidebar/style.css.ts	verbatim		185	0	txt
ac_cloud-notes/packages/frontend/core/src/desktop/dialogs/setting/star-affine-modal/index.tsx	verbatim		36	0	txt
ac_cloud-notes/packages/frontend/core/src/desktop/dialogs/setting/style.css.ts	verbatim		56	0	txt
ac_cloud-notes/packages/frontend/core/src/desktop/dialogs/setting/sub-page.css.ts	verbatim		50	0	txt
ac_cloud-notes/packages/frontend/core/src/desktop/dialogs/setting/sub-page.tsx	verbatim		214	0	txt
ac_cloud-notes/packages/frontend/core/src/desktop/dialogs/setting/types.ts	verbatim		13	0	txt
ac_cloud-notes/packages/frontend/core/src/desktop/dialogs/setting/workspace-setting/billing/billing-history.tsx	verbatim		103	0	txt
ac_cloud-notes/packages/frontend/core/src/desktop/dialogs/setting/workspace-setting/billing/card-name-label-row.tsx	verbatim		72	0	txt
ac_cloud-notes/packages/frontend/core/src/desktop/dialogs/setting/workspace-setting/billing/index.tsx	verbatim		79	0	txt
ac_cloud-notes/packages/frontend/core/src/desktop/dialogs/setting/workspace-setting/billing/payment-method.tsx	verbatim		40	0	txt
ac_cloud-notes/packages/frontend/core/src/desktop/dialogs/setting/workspace-setting/billing/styles.css.ts	verbatim		86	0	txt
ac_cloud-notes/packages/frontend/core/src/desktop/dialogs/setting/workspace-setting/billing/team-card.tsx	verbatim		133	0	txt
ac_cloud-notes/packages/frontend/core/src/desktop/dialogs/setting/workspace-setting/billing/typeform-link.tsx	verbatim		39	0	txt
ac_cloud-notes/packages/frontend/core/src/desktop/dialogs/setting/workspace-setting/byok/add-key-modal.tsx	verbatim		613	0	txt
ac_cloud-notes/packages/frontend/core/src/desktop/dialogs/setting/workspace-setting/byok/coverage.tsx	verbatim		83	0	txt
ac_cloud-notes/packages/frontend/core/src/desktop/dialogs/setting/workspace-setting/byok/errors.ts	verbatim		18	0	txt
ac_cloud-notes/packages/frontend/core/src/desktop/dialogs/setting/workspace-setting/byok/index.css.ts	verbatim		504	0	txt
ac_cloud-notes/packages/frontend/core/src/desktop/dialogs/setting/workspace-setting/byok/index.spec.tsx	verbatim		555	0	txt
ac_cloud-notes/packages/frontend/core/src/desktop/dialogs/setting/workspace-setting/byok/index.tsx	verbatim		388	0	txt
ac_cloud-notes/packages/frontend/core/src/desktop/dialogs/setting/workspace-setting/byok/key-list.tsx	verbatim		105	0	txt
ac_cloud-notes/packages/frontend/core/src/desktop/dialogs/setting/workspace-setting/byok/local-storage.ts	verbatim		101	0	txt
ac_cloud-notes/packages/frontend/core/src/desktop/dialogs/setting/workspace-setting/byok/metadata.ts	verbatim		162	0	txt
ac_cloud-notes/packages/frontend/core/src/desktop/dialogs/setting/workspace-setting/byok/model-editor-modal.tsx	verbatim		249	0	txt
ac_cloud-notes/packages/frontend/core/src/desktop/dialogs/setting/workspace-setting/byok/model-selector.tsx	verbatim		223	0	txt
ac_cloud-notes/packages/frontend/core/src/desktop/dialogs/setting/workspace-setting/byok/model-utils.spec.ts	verbatim		105	0	txt
ac_cloud-notes/packages/frontend/core/src/desktop/dialogs/setting/workspace-setting/byok/model-utils.ts	verbatim		216	0	txt
ac_cloud-notes/packages/frontend/core/src/desktop/dialogs/setting/workspace-setting/byok/types.ts	verbatim		61	0	txt
ac_cloud-notes/packages/frontend/core/src/desktop/dialogs/setting/workspace-setting/byok/usage.tsx	verbatim		63	0	txt
ac_cloud-notes/packages/frontend/core/src/desktop/dialogs/setting/workspace-setting/index.tsx	verbatim		133	0	txt
ac_cloud-notes/packages/frontend/core/src/desktop/dialogs/setting/workspace-setting/integration/calendar/setting-panel.css.ts	verbatim		55	0	txt
ac_cloud-notes/packages/frontend/core/src/desktop/dialogs/setting/workspace-setting/integration/calendar/setting-panel.tsx	verbatim		138	0	txt
ac_cloud-notes/packages/frontend/core/src/desktop/dialogs/setting/workspace-setting/integration/calendar/subscription-setting.css.ts	verbatim		36	0	txt
ac_cloud-notes/packages/frontend/core/src/desktop/dialogs/setting/workspace-setting/integration/calendar/subscription-setting.tsx	verbatim		58	0	txt
ac_cloud-notes/packages/frontend/core/src/desktop/dialogs/setting/workspace-setting/integration/card.css.ts	verbatim		83	0	txt
ac_cloud-notes/packages/frontend/core/src/desktop/dialogs/setting/workspace-setting/integration/card.tsx	verbatim		77	0	txt
ac_cloud-notes/packages/frontend/core/src/desktop/dialogs/setting/workspace-setting/integration/constants.tsx	verbatim		76	0	txt
ac_cloud-notes/packages/frontend/core/src/desktop/dialogs/setting/workspace-setting/integration/index.css.ts	verbatim		14	0	txt
ac_cloud-notes/packages/frontend/core/src/desktop/dialogs/setting/workspace-setting/integration/index.spec.tsx	verbatim		134	0	txt
ac_cloud-notes/packages/frontend/core/src/desktop/dialogs/setting/workspace-setting/integration/index.tsx	verbatim		124	0	txt
ac_cloud-notes/packages/frontend/core/src/desktop/dialogs/setting/workspace-setting/integration/mcp-server/MCP.inline.svg	verbatim		3	0	txt
ac_cloud-notes/packages/frontend/core/src/desktop/dialogs/setting/workspace-setting/integration/mcp-server/credential-modal.tsx	verbatim		202	0	txt
ac_cloud-notes/packages/frontend/core/src/desktop/dialogs/setting/workspace-setting/integration/mcp-server/setting-panel.css.ts	verbatim		172	0	txt
ac_cloud-notes/packages/frontend/core/src/desktop/dialogs/setting/workspace-setting/integration/mcp-server/setting-panel.tsx	verbatim		311	0	txt
ac_cloud-notes/packages/frontend/core/src/desktop/dialogs/setting/workspace-setting/integration/readwise/connect.tsx	verbatim		189	0	txt
ac_cloud-notes/packages/frontend/core/src/desktop/dialogs/setting/workspace-setting/integration/readwise/connected.css.ts	verbatim		35	0	txt
ac_cloud-notes/packages/frontend/core/src/desktop/dialogs/setting/workspace-setting/integration/readwise/connected.tsx	verbatim		80	0	txt
ac_cloud-notes/packages/frontend/core/src/desktop/dialogs/setting/workspace-setting/integration/readwise/import-dialog.css.ts	verbatim		186	0	txt
ac_cloud-notes/packages/frontend/core/src/desktop/dialogs/setting/workspace-setting/integration/readwise/import-dialog.tsx	verbatim		456	0	txt
ac_cloud-notes/packages/frontend/core/src/desktop/dialogs/setting/workspace-setting/integration/readwise/index.css.ts	verbatim		51	0	txt
ac_cloud-notes/packages/frontend/core/src/desktop/dialogs/setting/workspace-setting/integration/readwise/setting-panel.css.ts	verbatim		77	0	txt
ac_cloud-notes/packages/frontend/core/src/desktop/dialogs/setting/workspace-setting/integration/readwise/setting-panel.tsx	verbatim		271	0	txt
ac_cloud-notes/packages/frontend/core/src/desktop/dialogs/setting/workspace-setting/integration/readwise/track.ts	verbatim		22	0	txt
ac_cloud-notes/packages/frontend/core/src/desktop/dialogs/setting/workspace-setting/integration/setting.css.ts	verbatim		98	0	txt
ac_cloud-notes/packages/frontend/core/src/desktop/dialogs/setting/workspace-setting/integration/setting.tsx	verbatim		115	0	txt
ac_cloud-notes/packages/frontend/core/src/desktop/dialogs/setting/workspace-setting/license/index.tsx	verbatim		171	0	txt
ac_cloud-notes/packages/frontend/core/src/desktop/dialogs/setting/workspace-setting/license/self-host-team-card.tsx	verbatim		403	0	txt
ac_cloud-notes/packages/frontend/core/src/desktop/dialogs/setting/workspace-setting/license/self-host-team-plan.css.ts	verbatim		54	0	txt
ac_cloud-notes/packages/frontend/core/src/desktop/dialogs/setting/workspace-setting/license/self-host-team-plan.tsx	verbatim		69	0	txt
ac_cloud-notes/packages/frontend/core/src/desktop/dialogs/setting/workspace-setting/license/styles.css.ts	verbatim		81	0	txt
ac_cloud-notes/packages/frontend/core/src/desktop/dialogs/setting/workspace-setting/license/upload-license-modal.css.ts	verbatim		97	0	txt
ac_cloud-notes/packages/frontend/core/src/desktop/dialogs/setting/workspace-setting/license/upload-license-modal.tsx	verbatim		195	0	txt
ac_cloud-notes/packages/frontend/core/src/desktop/dialogs/setting/workspace-setting/members/cloud-members-panel.tsx	verbatim		354	0	txt
ac_cloud-notes/packages/frontend/core/src/desktop/dialogs/setting/workspace-setting/members/confirm-assign-modal.tsx	verbatim		80	0	txt
ac_cloud-notes/packages/frontend/core/src/desktop/dialogs/setting/workspace-setting/members/index.tsx	verbatim		52	0	txt
ac_cloud-notes/packages/frontend/core/src/desktop/dialogs/setting/workspace-setting/members/member-list.tsx	verbatim		315	0	txt
ac_cloud-notes/packages/frontend/core/src/desktop/dialogs/setting/workspace-setting/members/member-option.tsx	verbatim		281	0	txt
ac_cloud-notes/packages/frontend/core/src/desktop/dialogs/setting/workspace-setting/members/styles.css.ts	verbatim		144	0	txt
ac_cloud-notes/packages/frontend/core/src/desktop/dialogs/setting/workspace-setting/preference/ai.tsx	verbatim		48	0	txt
ac_cloud-notes/packages/frontend/core/src/desktop/dialogs/setting/workspace-setting/preference/delete-leave-workspace/delete/index.tsx	verbatim		72	0	txt
ac_cloud-notes/packages/frontend/core/src/desktop/dialogs/setting/workspace-setting/preference/delete-leave-workspace/delete/style.css.ts	verbatim		26	0	txt
ac_cloud-notes/packages/frontend/core/src/desktop/dialogs/setting/workspace-setting/preference/delete-leave-workspace/index.tsx	verbatim		132	0	txt
ac_cloud-notes/packages/frontend/core/src/desktop/dialogs/setting/workspace-setting/preference/enable-cloud.tsx	verbatim		59	0	txt
ac_cloud-notes/packages/frontend/core/src/desktop/dialogs/setting/workspace-setting/preference/index.tsx	verbatim		79	0	txt
ac_cloud-notes/packages/frontend/core/src/desktop/dialogs/setting/workspace-setting/preference/labels.tsx	verbatim		116	0	txt
ac_cloud-notes/packages/frontend/core/src/desktop/dialogs/setting/workspace-setting/preference/profile.tsx	verbatim		175	0	txt
ac_cloud-notes/packages/frontend/core/src/desktop/dialogs/setting/workspace-setting/preference/sharing.tsx	verbatim		72	0	txt
ac_cloud-notes/packages/frontend/core/src/desktop/dialogs/setting/workspace-setting/preference/style.css.ts	verbatim		61	0	txt
ac_cloud-notes/packages/frontend/core/src/desktop/dialogs/setting/workspace-setting/preference/template.css.ts	verbatim		18	0	txt
ac_cloud-notes/packages/frontend/core/src/desktop/dialogs/setting/workspace-setting/preference/template.tsx	verbatim		121	0	txt
ac_cloud-notes/packages/frontend/core/src/desktop/dialogs/setting/workspace-setting/preference/types.ts	verbatim		3	0	txt
ac_cloud-notes/packages/frontend/core/src/desktop/dialogs/setting/workspace-setting/properties/index.tsx	verbatim		69	0	txt
ac_cloud-notes/packages/frontend/core/src/desktop/dialogs/setting/workspace-setting/properties/styles.css.ts	verbatim		97	0	txt
ac_cloud-notes/packages/frontend/core/src/desktop/dialogs/setting/workspace-setting/storage/blob-management.tsx	verbatim		270	0	txt
ac_cloud-notes/packages/frontend/core/src/desktop/dialogs/setting/workspace-setting/storage/export.tsx	verbatim		108	0	txt
ac_cloud-notes/packages/frontend/core/src/desktop/dialogs/setting/workspace-setting/storage/index.tsx	verbatim		60	0	txt
ac_cloud-notes/packages/frontend/core/src/desktop/dialogs/setting/workspace-setting/storage/style.css.ts	verbatim		148	0	txt
ac_cloud-notes/packages/frontend/core/src/desktop/dialogs/setting/workspace-setting/storage/workspace-quota.tsx	verbatim		61	0	txt
ac_cloud-notes/packages/frontend/core/src/desktop/dialogs/sign-in/index.tsx	verbatim		45	0	txt
ac_cloud-notes/packages/frontend/core/src/desktop/dialogs/verify-email/index.tsx	verbatim		135	0	txt
ac_cloud-notes/packages/frontend/core/src/desktop/pages/404/index.tsx	verbatim		69	0	txt
ac_cloud-notes/packages/frontend/core/src/desktop/pages/ai-upgrade-success/index.tsx	verbatim		52	0	txt
ac_cloud-notes/packages/frontend/core/src/desktop/pages/ai-upgrade-success/styles.css.ts	verbatim		15	0	txt
ac_cloud-notes/packages/frontend/core/src/desktop/pages/auth/auth.tsx	verbatim		157	0	txt
ac_cloud-notes/packages/frontend/core/src/desktop/pages/auth/common.ts	verbatim		8	0	txt
ac_cloud-notes/packages/frontend/core/src/desktop/pages/auth/confirm-change-email.tsx	verbatim		60	0	txt
ac_cloud-notes/packages/frontend/core/src/desktop/pages/auth/email-verified-email.tsx	verbatim		56	0	txt
ac_cloud-notes/packages/frontend/core/src/desktop/pages/auth/magic-link.tsx	verbatim		78	0	txt
ac_cloud-notes/packages/frontend/core/src/desktop/pages/auth/oauth-callback.tsx	verbatim		90	0	txt
ac_cloud-notes/packages/frontend/core/src/desktop/pages/auth/oauth-flow.ts	verbatim		61	0	txt
ac_cloud-notes/packages/frontend/core/src/desktop/pages/auth/oauth-login.tsx	verbatim		95	0	txt
ac_cloud-notes/packages/frontend/core/src/desktop/pages/auth/sign-in.tsx	verbatim		78	0	txt
ac_cloud-notes/packages/frontend/core/src/desktop/pages/expired/index.tsx	verbatim		18	0	txt
ac_cloud-notes/packages/frontend/core/src/desktop/pages/import-clipper/index.tsx	verbatim		262	0	txt
ac_cloud-notes/packages/frontend/core/src/desktop/pages/import-clipper/style.css.ts	verbatim		46	0	txt
ac_cloud-notes/packages/frontend/core/src/desktop/pages/import-template/index.tsx	verbatim		28	0	txt
ac_cloud-notes/packages/frontend/core/src/desktop/pages/index/index.tsx	modified	packages/frontend/core/src/desktop/pages/index/index.tsx	203	15	txt
ac_cloud-notes/packages/frontend/core/src/desktop/pages/invite/index.tsx	verbatim		185	0	txt
ac_cloud-notes/packages/frontend/core/src/desktop/pages/onboarding/index.tsx	verbatim		27	0	txt
ac_cloud-notes/packages/frontend/core/src/desktop/pages/open-app/index.tsx	verbatim		90	0	txt
ac_cloud-notes/packages/frontend/core/src/desktop/pages/open-app/open-app.css.ts	verbatim		63	0	txt
ac_cloud-notes/packages/frontend/core/src/desktop/pages/redirect/index.tsx	verbatim		34	0	txt
ac_cloud-notes/packages/frontend/core/src/desktop/pages/root/custom-theme/index.tsx	verbatim		52	0	txt
ac_cloud-notes/packages/frontend/core/src/desktop/pages/root/find-in-page/find-in-page-popup.css.ts	verbatim		132	0	txt
ac_cloud-notes/packages/frontend/core/src/desktop/pages/root/find-in-page/find-in-page-popup.tsx	verbatim		245	0	txt
ac_cloud-notes/packages/frontend/core/src/desktop/pages/root/global-loading/index.css.ts	verbatim		29	0	txt
ac_cloud-notes/packages/frontend/core/src/desktop/pages/root/global-loading/index.tsx	verbatim		24	0	txt
ac_cloud-notes/packages/frontend/core/src/desktop/pages/root/index.tsx	verbatim		32	0	txt
ac_cloud-notes/packages/frontend/core/src/desktop/pages/subscribe/index.tsx	verbatim		170	0	txt
ac_cloud-notes/packages/frontend/core/src/desktop/pages/subscribe/subscribe.css.ts	verbatim		12	0	txt
ac_cloud-notes/packages/frontend/core/src/desktop/pages/theme-editor/components/color-cell.tsx	verbatim		68	0	txt
ac_cloud-notes/packages/frontend/core/src/desktop/pages/theme-editor/components/empty.tsx	verbatim		10	0	txt
ac_cloud-notes/packages/frontend/core/src/desktop/pages/theme-editor/components/simple-color-picker.css.ts	verbatim		17	0	txt
ac_cloud-notes/packages/frontend/core/src/desktop/pages/theme-editor/components/simple-color-picker.tsx	verbatim		32	0	txt
ac_cloud-notes/packages/frontend/core/src/desktop/pages/theme-editor/components/string-cell.css.ts	verbatim		8	0	txt
ac_cloud-notes/packages/frontend/core/src/desktop/pages/theme-editor/components/string-cell.tsx	verbatim		32	0	txt
ac_cloud-notes/packages/frontend/core/src/desktop/pages/theme-editor/components/tree-node.tsx	verbatim		62	0	txt
ac_cloud-notes/packages/frontend/core/src/desktop/pages/theme-editor/components/variable-list.tsx	verbatim		64	0	txt
ac_cloud-notes/packages/frontend/core/src/desktop/pages/theme-editor/index.tsx	verbatim		7	0	txt
ac_cloud-notes/packages/frontend/core/src/desktop/pages/theme-editor/resource.ts	verbatim		107	0	txt
ac_cloud-notes/packages/frontend/core/src/desktop/pages/theme-editor/theme-editor.css.ts	verbatim		176	0	txt
ac_cloud-notes/packages/frontend/core/src/desktop/pages/theme-editor/theme-editor.tsx	verbatim		91	0	txt
ac_cloud-notes/packages/frontend/core/src/desktop/pages/theme-editor/utils.ts	verbatim		6	0	txt
ac_cloud-notes/packages/frontend/core/src/desktop/pages/upgrade-success/index.tsx	verbatim		52	0	txt
ac_cloud-notes/packages/frontend/core/src/desktop/pages/upgrade-success/self-host-team/index.tsx	verbatim		116	0	txt
ac_cloud-notes/packages/frontend/core/src/desktop/pages/upgrade-success/self-host-team/styles.css.ts	verbatim		35	0	txt
ac_cloud-notes/packages/frontend/core/src/desktop/pages/upgrade-success/styles.css.ts	verbatim		15	0	txt
ac_cloud-notes/packages/frontend/core/src/desktop/pages/upgrade-success/team/index.tsx	verbatim		46	0	txt
ac_cloud-notes/packages/frontend/core/src/desktop/pages/upgrade-success/team/styles.css.ts	verbatim		15	0	txt
ac_cloud-notes/packages/frontend/core/src/desktop/pages/upgrade-to-team/index.tsx	verbatim		395	0	txt
ac_cloud-notes/packages/frontend/core/src/desktop/pages/upgrade-to-team/styles.css.ts	verbatim		111	0	txt
ac_cloud-notes/packages/frontend/core/src/desktop/pages/workspace/all-collection/header.css.ts	verbatim		11	0	txt
ac_cloud-notes/packages/frontend/core/src/desktop/pages/workspace/all-collection/header.tsx	verbatim		30	0	txt
ac_cloud-notes/packages/frontend/core/src/desktop/pages/workspace/all-collection/index.css.ts	verbatim		14	0	txt
ac_cloud-notes/packages/frontend/core/src/desktop/pages/workspace/all-collection/index.tsx	verbatim		90	0	txt
ac_cloud-notes/packages/frontend/core/src/desktop/pages/workspace/all-page/all-page-header.css.ts	verbatim		33	0	txt
ac_cloud-notes/packages/frontend/core/src/desktop/pages/workspace/all-page/all-page-header.tsx	verbatim		102	0	txt
ac_cloud-notes/packages/frontend/core/src/desktop/pages/workspace/all-page/all-page.css.ts	verbatim		73	0	txt
ac_cloud-notes/packages/frontend/core/src/desktop/pages/workspace/all-page/all-page.tsx	verbatim		452	0	txt
ac_cloud-notes/packages/frontend/core/src/desktop/pages/workspace/all-page/dark-migration.png	verbatim		0	0	bin
ac_cloud-notes/packages/frontend/core/src/desktop/pages/workspace/all-page/light-migration.png	verbatim		0	0	bin
ac_cloud-notes/packages/frontend/core/src/desktop/pages/workspace/all-page/migration-data.css.ts	verbatim		46	0	txt
ac_cloud-notes/packages/frontend/core/src/desktop/pages/workspace/all-page/migration-data.tsx	verbatim		64	0	txt
ac_cloud-notes/packages/frontend/core/src/desktop/pages/workspace/all-page/pinned-collections.css.ts	verbatim		44	0	txt
ac_cloud-notes/packages/frontend/core/src/desktop/pages/workspace/all-page/pinned-collections.tsx	verbatim		242	0	txt
ac_cloud-notes/packages/frontend/core/src/desktop/pages/workspace/all-tag/all-tag.css.ts	verbatim		8	0	txt
ac_cloud-notes/packages/frontend/core/src/desktop/pages/workspace/all-tag/header.tsx	verbatim		5	0	txt
ac_cloud-notes/packages/frontend/core/src/desktop/pages/workspace/all-tag/index.tsx	verbatim		75	0	txt
ac_cloud-notes/packages/frontend/core/src/desktop/pages/workspace/attachment/index.css.ts	verbatim		8	0	txt
ac_cloud-notes/packages/frontend/core/src/desktop/pages/workspace/attachment/index.tsx	verbatim		108	0	txt
ac_cloud-notes/packages/frontend/core/src/desktop/pages/workspace/chat/index.css.ts	verbatim		22	0	txt
ac_cloud-notes/packages/frontend/core/src/desktop/pages/workspace/chat/index.tsx	verbatim		296	0	txt
ac_cloud-notes/packages/frontend/core/src/desktop/pages/workspace/collection/collection.css.ts	verbatim		37	0	txt
ac_cloud-notes/packages/frontend/core/src/desktop/pages/workspace/collection/header.tsx	verbatim		35	0	txt
ac_cloud-notes/packages/frontend/core/src/desktop/pages/workspace/collection/index.css.ts	verbatim		54	0	txt
ac_cloud-notes/packages/frontend/core/src/desktop/pages/workspace/collection/index.tsx	verbatim		221	0	txt
ac_cloud-notes/packages/frontend/core/src/desktop/pages/workspace/collection/list-header.tsx	verbatim		105	0	txt
ac_cloud-notes/packages/frontend/core/src/desktop/pages/workspace/detail-page/detail-page-header.css.ts	verbatim		71	0	txt
ac_cloud-notes/packages/frontend/core/src/desktop/pages/workspace/detail-page/detail-page-header.tsx	verbatim		226	0	txt
ac_cloud-notes/packages/frontend/core/src/desktop/pages/workspace/detail-page/detail-page-wrapper.tsx	verbatim		85	0	txt
ac_cloud-notes/packages/frontend/core/src/desktop/pages/workspace/detail-page/detail-page.css.ts	verbatim		65	0	txt
ac_cloud-notes/packages/frontend/core/src/desktop/pages/workspace/detail-page/detail-page.tsx	verbatim		430	0	txt
ac_cloud-notes/packages/frontend/core/src/desktop/pages/workspace/detail-page/index.ts	verbatim		1	0	txt
ac_cloud-notes/packages/frontend/core/src/desktop/pages/workspace/detail-page/tabs/adapter.css.ts	verbatim		6	0	txt
ac_cloud-notes/packages/frontend/core/src/desktop/pages/workspace/detail-page/tabs/adapter.tsx	verbatim		65	0	txt
ac_cloud-notes/packages/frontend/core/src/desktop/pages/workspace/detail-page/tabs/analytics.css.ts	verbatim		201	0	txt
ac_cloud-notes/packages/frontend/core/src/desktop/pages/workspace/detail-page/tabs/analytics.tsx	verbatim		490	0	txt
ac_cloud-notes/packages/frontend/core/src/desktop/pages/workspace/detail-page/tabs/analytics.utils.spec.ts	verbatim		98	0	txt
ac_cloud-notes/packages/frontend/core/src/desktop/pages/workspace/detail-page/tabs/analytics.utils.ts	verbatim		62	0	txt
ac_cloud-notes/packages/frontend/core/src/desktop/pages/workspace/detail-page/tabs/chat.css.ts	verbatim		96	0	txt
ac_cloud-notes/packages/frontend/core/src/desktop/pages/workspace/detail-page/tabs/chat.tsx	verbatim		492	0	txt
ac_cloud-notes/packages/frontend/core/src/desktop/pages/workspace/detail-page/tabs/frame.css.ts	verbatim		6	0	txt
ac_cloud-notes/packages/frontend/core/src/desktop/pages/workspace/detail-page/tabs/frame.tsx	verbatim		25	0	txt
ac_cloud-notes/packages/frontend/core/src/desktop/pages/workspace/detail-page/tabs/journal/assets.ts	verbatim		128	0	txt
ac_cloud-notes/packages/frontend/core/src/desktop/pages/workspace/detail-page/tabs/journal/calendar-events.css.ts	verbatim		96	0	txt
ac_cloud-notes/packages/frontend/core/src/desktop/pages/workspace/detail-page/tabs/journal/calendar-events.tsx	verbatim		140	0	txt
ac_cloud-notes/packages/frontend/core/src/desktop/pages/workspace/detail-page/tabs/journal/index.tsx	verbatim		550	0	txt
ac_cloud-notes/packages/frontend/core/src/desktop/pages/workspace/detail-page/tabs/journal/journal.css.ts	verbatim		262	0	txt
ac_cloud-notes/packages/frontend/core/src/desktop/pages/workspace/detail-page/tabs/journal/template-onboarding.css.ts	verbatim		122	0	txt
ac_cloud-notes/packages/frontend/core/src/desktop/pages/workspace/detail-page/tabs/journal/template-onboarding.tsx	verbatim		111	0	txt
ac_cloud-notes/packages/frontend/core/src/desktop/pages/workspace/detail-page/tabs/journal/template-setting.css.ts	verbatim		35	0	txt
ac_cloud-notes/packages/frontend/core/src/desktop/pages/workspace/detail-page/tabs/journal/template-setting.tsx	verbatim		83	0	txt
ac_cloud-notes/packages/frontend/core/src/desktop/pages/workspace/detail-page/tabs/outline.css.ts	verbatim		6	0	txt
ac_cloud-notes/packages/frontend/core/src/desktop/pages/workspace/detail-page/tabs/outline.tsx	verbatim		29	0	txt
ac_cloud-notes/packages/frontend/core/src/desktop/pages/workspace/detail-page/use-header-responsive.ts	verbatim		30	0	txt
ac_cloud-notes/packages/frontend/core/src/desktop/pages/workspace/index.tsx	verbatim		335	0	txt
ac_cloud-notes/packages/frontend/core/src/desktop/pages/workspace/journals/index.css.ts	verbatim		135	0	txt
ac_cloud-notes/packages/frontend/core/src/desktop/pages/workspace/journals/index.tsx	verbatim		144	0	txt
ac_cloud-notes/packages/frontend/core/src/desktop/pages/workspace/layouts/all-doc-sidebar-tabs.tsx	verbatim		17	0	txt
ac_cloud-notes/packages/frontend/core/src/desktop/pages/workspace/layouts/workspace-layout.tsx	verbatim		56	0	txt
ac_cloud-notes/packages/frontend/core/src/desktop/pages/workspace/page-list-empty.css.ts	verbatim		43	0	txt
ac_cloud-notes/packages/frontend/core/src/desktop/pages/workspace/page-list-empty.tsx	verbatim		40	0	txt
ac_cloud-notes/packages/frontend/core/src/desktop/pages/workspace/settings/index.spec.tsx	verbatim		66	0	txt
ac_cloud-notes/packages/frontend/core/src/desktop/pages/workspace/settings/index.tsx	verbatim		27	0	txt
ac_cloud-notes/packages/frontend/core/src/desktop/pages/workspace/share/share-footer.css.ts	verbatim		50	0	txt
ac_cloud-notes/packages/frontend/core/src/desktop/pages/workspace/share/share-footer.tsx	verbatim		24	0	txt
ac_cloud-notes/packages/frontend/core/src/desktop/pages/workspace/share/share-header.css.ts	verbatim		16	0	txt
ac_cloud-notes/packages/frontend/core/src/desktop/pages/workspace/share/share-header.tsx	verbatim		31	0	txt
ac_cloud-notes/packages/frontend/core/src/desktop/pages/workspace/share/share-page.css.ts	verbatim		54	0	txt
ac_cloud-notes/packages/frontend/core/src/desktop/pages/workspace/share/share-page.tsx	verbatim		402	0	txt
ac_cloud-notes/packages/frontend/core/src/desktop/pages/workspace/share/share-page.utils.ts	verbatim		73	0	txt
ac_cloud-notes/packages/frontend/core/src/desktop/pages/workspace/share/use-shared-mode-query-sync.ts	verbatim		50	0	txt
ac_cloud-notes/packages/frontend/core/src/desktop/pages/workspace/tag/header.tsx	verbatim		25	0	txt
ac_cloud-notes/packages/frontend/core/src/desktop/pages/workspace/tag/index.css.ts	verbatim		12	0	txt
ac_cloud-notes/packages/frontend/core/src/desktop/pages/workspace/tag/index.tsx	verbatim		144	0	txt
ac_cloud-notes/packages/frontend/core/src/desktop/pages/workspace/tag/list-header.css.ts	verbatim		157	0	txt
ac_cloud-notes/packages/frontend/core/src/desktop/pages/workspace/tag/list-header.tsx	verbatim		173	0	txt
ac_cloud-notes/packages/frontend/core/src/desktop/pages/workspace/trash-page.css.ts	verbatim		30	0	txt
ac_cloud-notes/packages/frontend/core/src/desktop/pages/workspace/trash-page.tsx	verbatim		215	0	txt
ac_cloud-notes/packages/frontend/core/src/desktop/route-paths.ts	verbatim		7	0	txt
ac_cloud-notes/packages/frontend/core/src/desktop/router.tsx	verbatim		198	0	txt
ac_cloud-notes/packages/frontend/core/src/desktop/storage.ts	verbatim		17	0	txt
ac_cloud-notes/packages/frontend/core/src/desktop/workbench-router.ts	verbatim		51	0	txt
ac_cloud-notes/packages/frontend/core/src/mobile/components/README.md	verbatim		2	0	txt
ac_cloud-notes/packages/frontend/core/src/mobile/components/app-fallback/index.tsx	modified	packages/frontend/core/src/mobile/components/app-fallback/index.tsx	124	29	txt
ac_cloud-notes/packages/frontend/core/src/mobile/components/app-tabs/constants.ts	verbatim		1	0	txt
ac_cloud-notes/packages/frontend/core/src/mobile/components/app-tabs/create.tsx	verbatim		45	0	txt
ac_cloud-notes/packages/frontend/core/src/mobile/components/app-tabs/data.tsx	verbatim		24	0	txt
ac_cloud-notes/packages/frontend/core/src/mobile/components/app-tabs/index.tsx	verbatim		83	0	txt
ac_cloud-notes/packages/frontend/core/src/mobile/components/app-tabs/journal.tsx	verbatim		26	0	txt
ac_cloud-notes/packages/frontend/core/src/mobile/components/app-tabs/styles.css.ts	verbatim		46	0	txt
ac_cloud-notes/packages/frontend/core/src/mobile/components/app-tabs/tab-item.tsx	verbatim		34	0	txt
ac_cloud-notes/packages/frontend/core/src/mobile/components/app-tabs/type.ts	verbatim		17	0	txt
ac_cloud-notes/packages/frontend/core/src/mobile/components/doc-card/index.tsx	verbatim		95	0	txt
ac_cloud-notes/packages/frontend/core/src/mobile/components/doc-card/styles.css.tsx	verbatim		48	0	txt
ac_cloud-notes/packages/frontend/core/src/mobile/components/doc-card/tag.css.ts	verbatim		37	0	txt
ac_cloud-notes/packages/frontend/core/src/mobile/components/doc-card/tag.tsx	verbatim		36	0	txt
ac_cloud-notes/packages/frontend/core/src/mobile/components/doc-info/doc-info.css.ts	verbatim		45	0	txt
ac_cloud-notes/packages/frontend/core/src/mobile/components/doc-info/doc-info.tsx	verbatim		146	0	txt
ac_cloud-notes/packages/frontend/core/src/mobile/components/doc-info/doc-scope.tsx	verbatim		21	0	txt
ac_cloud-notes/packages/frontend/core/src/mobile/components/doc-info/index.ts	verbatim		2	0	txt
ac_cloud-notes/packages/frontend/core/src/mobile/components/index.ts	verbatim		13	0	txt
ac_cloud-notes/packages/frontend/core/src/mobile/components/mobile-modal-config-provider.tsx	verbatim		30	0	txt
ac_cloud-notes/packages/frontend/core/src/mobile/components/mobile-shell-host.tsx	verbatim		55	0	txt
ac_cloud-notes/packages/frontend/core/src/mobile/components/navigation-back/index.tsx	verbatim		43	0	txt
ac_cloud-notes/packages/frontend/core/src/mobile/components/navigation/index.ts	verbatim		6	0	txt
ac_cloud-notes/packages/frontend/core/src/mobile/components/navigation/layouts/add-item-placeholder.css.ts	verbatim		21	0	txt
ac_cloud-notes/packages/frontend/core/src/mobile/components/navigation/layouts/add-item-placeholder.tsx	verbatim		40	0	txt
ac_cloud-notes/packages/frontend/core/src/mobile/components/navigation/layouts/collapsible-section.css.ts	verbatim		46	0	txt
ac_cloud-notes/packages/frontend/core/src/mobile/components/navigation/layouts/collapsible-section.tsx	verbatim		111	0	txt
ac_cloud-notes/packages/frontend/core/src/mobile/components/navigation/menu-host.tsx	verbatim		67	0	txt
ac_cloud-notes/packages/frontend/core/src/mobile/components/navigation/nodes/collection/dialog.tsx	verbatim		40	0	txt
ac_cloud-notes/packages/frontend/core/src/mobile/components/navigation/nodes/collection/index.tsx	verbatim		175	0	txt
ac_cloud-notes/packages/frontend/core/src/mobile/components/navigation/nodes/collection/operations.tsx	verbatim		294	0	txt
ac_cloud-notes/packages/frontend/core/src/mobile/components/navigation/nodes/doc/dialog.tsx	verbatim		16	0	txt
ac_cloud-notes/packages/frontend/core/src/mobile/components/navigation/nodes/doc/index.tsx	verbatim		127	0	txt
ac_cloud-notes/packages/frontend/core/src/mobile/components/navigation/nodes/doc/operations.tsx	verbatim		308	0	txt
ac_cloud-notes/packages/frontend/core/src/mobile/components/navigation/nodes/doc/styles.css.ts	verbatim		6	0	txt
ac_cloud-notes/packages/frontend/core/src/mobile/components/navigation/nodes/folder/dialog.tsx	verbatim		50	0	txt
ac_cloud-notes/packages/frontend/core/src/mobile/components/navigation/nodes/folder/index.tsx	verbatim		455	0	txt
ac_cloud-notes/packages/frontend/core/src/mobile/components/navigation/nodes/folder/operations.tsx	verbatim		27	0	txt
ac_cloud-notes/packages/frontend/core/src/mobile/components/navigation/nodes/tag/dialog.css.ts	verbatim		49	0	txt
ac_cloud-notes/packages/frontend/core/src/mobile/components/navigation/nodes/tag/dialog.tsx	verbatim		185	0	txt
ac_cloud-notes/packages/frontend/core/src/mobile/components/navigation/nodes/tag/index.tsx	verbatim		131	0	txt
ac_cloud-notes/packages/frontend/core/src/mobile/components/navigation/nodes/tag/operations.tsx	verbatim		335	0	txt
ac_cloud-notes/packages/frontend/core/src/mobile/components/navigation/nodes/tag/styles.css.ts	verbatim		13	0	txt
ac_cloud-notes/packages/frontend/core/src/mobile/components/navigation/sections/collections/index.css.ts	verbatim		7	0	txt
ac_cloud-notes/packages/frontend/core/src/mobile/components/navigation/sections/collections/index.tsx	verbatim		80	0	txt
ac_cloud-notes/packages/frontend/core/src/mobile/components/navigation/sections/favorites/index.tsx	verbatim		87	0	txt
ac_cloud-notes/packages/frontend/core/src/mobile/components/navigation/sections/favorites/loading.tsx	verbatim		5	0	txt
ac_cloud-notes/packages/frontend/core/src/mobile/components/navigation/sections/organize/index.tsx	verbatim		67	0	txt
ac_cloud-notes/packages/frontend/core/src/mobile/components/navigation/sections/tags/index.tsx	verbatim		68	0	txt
ac_cloud-notes/packages/frontend/core/src/mobile/components/navigation/tree/node.css.ts	verbatim		120	0	txt
ac_cloud-notes/packages/frontend/core/src/mobile/components/navigation/tree/node.tsx	verbatim		204	0	txt
ac_cloud-notes/packages/frontend/core/src/mobile/components/navigation/tree/root.css.ts	verbatim		9	0	txt
ac_cloud-notes/packages/frontend/core/src/mobile/components/navigation/tree/root.tsx	verbatim		41	0	txt
ac_cloud-notes/packages/frontend/core/src/mobile/components/navigation/virtual-scroller/index.tsx	verbatim		887	0	txt
ac_cloud-notes/packages/frontend/core/src/mobile/components/navigation/virtual-scroller/styles.css.ts	verbatim		83	0	txt
ac_cloud-notes/packages/frontend/core/src/mobile/components/page-header/index.tsx	verbatim		117	0	txt
ac_cloud-notes/packages/frontend/core/src/mobile/components/page-header/styles.css.ts	verbatim		59	0	txt
ac_cloud-notes/packages/frontend/core/src/mobile/components/page/index.tsx	verbatim		25	0	txt
ac_cloud-notes/packages/frontend/core/src/mobile/components/page/styles.css.ts	verbatim		15	0	txt
ac_cloud-notes/packages/frontend/core/src/mobile/components/rename/content.css.ts	verbatim		34	0	txt
ac_cloud-notes/packages/frontend/core/src/mobile/components/rename/content.tsx	verbatim		62	0	txt
ac_cloud-notes/packages/frontend/core/src/mobile/components/rename/dialog.css.ts	verbatim		16	0	txt
ac_cloud-notes/packages/frontend/core/src/mobile/components/rename/dialog.tsx	verbatim		46	0	txt
ac_cloud-notes/packages/frontend/core/src/mobile/components/rename/index.tsx	verbatim		4	0	txt
ac_cloud-notes/packages/frontend/core/src/mobile/components/rename/sub-menu.tsx	verbatim		51	0	txt
ac_cloud-notes/packages/frontend/core/src/mobile/components/rename/type.ts	verbatim		33	0	txt
ac_cloud-notes/packages/frontend/core/src/mobile/components/search-input/index.tsx	verbatim		117	0	txt
ac_cloud-notes/packages/frontend/core/src/mobile/components/search-input/style.css.ts	verbatim		44	0	txt
ac_cloud-notes/packages/frontend/core/src/mobile/components/search-result/index.ts	verbatim		2	0	txt
ac_cloud-notes/packages/frontend/core/src/mobile/components/search-result/search-res-label.tsx	verbatim		16	0	txt
ac_cloud-notes/packages/frontend/core/src/mobile/components/search-result/universal-item.css.ts	verbatim		39	0	txt
ac_cloud-notes/packages/frontend/core/src/mobile/components/search-result/universal-item.tsx	verbatim		28	0	txt
ac_cloud-notes/packages/frontend/core/src/mobile/components/share-import-controller/index.tsx	verbatim		679	0	txt
ac_cloud-notes/packages/frontend/core/src/mobile/components/share-import-controller/link-preview.tsx	verbatim		234	0	txt
ac_cloud-notes/packages/frontend/core/src/mobile/components/share-import-controller/preview-route-owner.ts	verbatim		188	0	txt
ac_cloud-notes/packages/frontend/core/src/mobile/components/share-import-controller/selection-page.tsx	verbatim		90	0	txt
ac_cloud-notes/packages/frontend/core/src/mobile/components/share-import-controller/share-link-preview.spec.tsx	verbatim		851	0	txt
ac_cloud-notes/packages/frontend/core/src/mobile/components/share-import-controller/style.css.ts	verbatim		421	0	txt
ac_cloud-notes/packages/frontend/core/src/mobile/components/share-import-controller/types.ts	verbatim		32	0	txt
ac_cloud-notes/packages/frontend/core/src/mobile/components/sign-in/art-dark.inline.svg	verbatim		114	0	txt
ac_cloud-notes/packages/frontend/core/src/mobile/components/sign-in/art-light.inline.svg	verbatim		114	0	txt
ac_cloud-notes/packages/frontend/core/src/mobile/components/sign-in/background.css.ts	verbatim		42	0	txt
ac_cloud-notes/packages/frontend/core/src/mobile/components/sign-in/background.tsx	verbatim		16	0	txt
ac_cloud-notes/packages/frontend/core/src/mobile/components/sign-in/index.tsx	verbatim		34	0	txt
ac_cloud-notes/packages/frontend/core/src/mobile/components/sign-in/layout.css.ts	verbatim		26	0	txt
ac_cloud-notes/packages/frontend/core/src/mobile/components/sign-in/layout.tsx	verbatim		34	0	txt
ac_cloud-notes/packages/frontend/core/src/mobile/components/swipe-menu/index.tsx	verbatim		181	0	txt
ac_cloud-notes/packages/frontend/core/src/mobile/components/swipe-menu/styles.css.ts	verbatim		22	0	txt
ac_cloud-notes/packages/frontend/core/src/mobile/components/toc-menu/index.tsx	verbatim		23	0	txt
ac_cloud-notes/packages/frontend/core/src/mobile/components/user-plan-tag/index.tsx	verbatim		42	0	txt
ac_cloud-notes/packages/frontend/core/src/mobile/components/user-plan-tag/style.css.ts	verbatim		20	0	txt
ac_cloud-notes/packages/frontend/core/src/mobile/components/workspace-selector/card.css.ts	verbatim		20	0	txt
ac_cloud-notes/packages/frontend/core/src/mobile/components/workspace-selector/current-card.tsx	verbatim		46	0	txt
ac_cloud-notes/packages/frontend/core/src/mobile/components/workspace-selector/index.tsx	verbatim		53	0	txt
ac_cloud-notes/packages/frontend/core/src/mobile/components/workspace-selector/menu.css.ts	verbatim		120	0	txt
ac_cloud-notes/packages/frontend/core/src/mobile/components/workspace-selector/menu.tsx	verbatim		368	0	txt
ac_cloud-notes/packages/frontend/core/src/mobile/dialogs/deleted-account.tsx	verbatim		51	0	txt
ac_cloud-notes/packages/frontend/core/src/mobile/dialogs/index.tsx	verbatim		84	0	txt
ac_cloud-notes/packages/frontend/core/src/mobile/dialogs/selectors/collection-selector.tsx	verbatim		51	0	txt
ac_cloud-notes/packages/frontend/core/src/mobile/dialogs/selectors/date-selector.tsx	verbatim		67	0	txt
ac_cloud-notes/packages/frontend/core/src/mobile/dialogs/selectors/doc-selector.tsx	verbatim		65	0	txt
ac_cloud-notes/packages/frontend/core/src/mobile/dialogs/selectors/generic-selector.tsx	verbatim		234	0	txt
ac_cloud-notes/packages/frontend/core/src/mobile/dialogs/selectors/generic.css.ts	verbatim		136	0	txt
ac_cloud-notes/packages/frontend/core/src/mobile/dialogs/selectors/tag-selector.tsx	verbatim		72	0	txt
ac_cloud-notes/packages/frontend/core/src/mobile/dialogs/setting/about/index.tsx	verbatim		24	0	txt
ac_cloud-notes/packages/frontend/core/src/mobile/dialogs/setting/appearance/font.tsx	verbatim		33	0	txt
ac_cloud-notes/packages/frontend/core/src/mobile/dialogs/setting/appearance/index.tsx	verbatim		15	0	txt
ac_cloud-notes/packages/frontend/core/src/mobile/dialogs/setting/appearance/language.tsx	verbatim		36	0	txt
ac_cloud-notes/packages/frontend/core/src/mobile/dialogs/setting/appearance/theme.tsx	verbatim		20	0	txt
ac_cloud-notes/packages/frontend/core/src/mobile/dialogs/setting/devices/index.tsx	verbatim		114	0	txt
ac_cloud-notes/packages/frontend/core/src/mobile/dialogs/setting/dropdown-select.css.ts	verbatim		25	0	txt
ac_cloud-notes/packages/frontend/core/src/mobile/dialogs/setting/dropdown-select.tsx	verbatim		142	0	txt
ac_cloud-notes/packages/frontend/core/src/mobile/dialogs/setting/experimental/index.tsx	verbatim		75	0	txt
ac_cloud-notes/packages/frontend/core/src/mobile/dialogs/setting/experimental/styles.css.ts	verbatim		28	0	txt
ac_cloud-notes/packages/frontend/core/src/mobile/dialogs/setting/group.css.ts	verbatim		19	0	txt
ac_cloud-notes/packages/frontend/core/src/mobile/dialogs/setting/group.tsx	verbatim		38	0	txt
ac_cloud-notes/packages/frontend/core/src/mobile/dialogs/setting/index.tsx	verbatim		133	0	txt
ac_cloud-notes/packages/frontend/core/src/mobile/dialogs/setting/others/delete-account.css.ts	verbatim		13	0	txt
ac_cloud-notes/packages/frontend/core/src/mobile/dialogs/setting/others/delete-account.spec.tsx	verbatim		365	0	txt
ac_cloud-notes/packages/frontend/core/src/mobile/dialogs/setting/others/delete-account.tsx	verbatim		262	0	txt
ac_cloud-notes/packages/frontend/core/src/mobile/dialogs/setting/others/index.tsx	verbatim		30	0	txt
ac_cloud-notes/packages/frontend/core/src/mobile/dialogs/setting/row.layout.tsx	verbatim		94	0	txt
ac_cloud-notes/packages/frontend/core/src/mobile/dialogs/setting/style.css.ts	verbatim		128	0	txt
ac_cloud-notes/packages/frontend/core/src/mobile/dialogs/setting/subscription/index.tsx	verbatim		56	0	txt
ac_cloud-notes/packages/frontend/core/src/mobile/dialogs/setting/subscription/styles.css.ts	verbatim		4	0	txt
ac_cloud-notes/packages/frontend/core/src/mobile/dialogs/setting/swipe-dialog.css.ts	verbatim		52	0	txt
ac_cloud-notes/packages/frontend/core/src/mobile/dialogs/setting/swipe-dialog.tsx	verbatim		244	0	txt
ac_cloud-notes/packages/frontend/core/src/mobile/dialogs/setting/user-profile/index.tsx	verbatim		86	0	txt
ac_cloud-notes/packages/frontend/core/src/mobile/dialogs/setting/user-profile/style.css.ts	verbatim		56	0	txt
ac_cloud-notes/packages/frontend/core/src/mobile/dialogs/setting/user-usage/index.tsx	verbatim		132	0	txt
ac_cloud-notes/packages/frontend/core/src/mobile/dialogs/setting/user-usage/style.css.ts	verbatim		30	0	txt
ac_cloud-notes/packages/frontend/core/src/mobile/dialogs/sign-in/index.spec.tsx	verbatim		93	0	txt
ac_cloud-notes/packages/frontend/core/src/mobile/dialogs/sign-in/index.tsx	verbatim		89	0	txt
ac_cloud-notes/packages/frontend/core/src/mobile/hooks/use-global-events.ts	verbatim		47	0	txt
ac_cloud-notes/packages/frontend/core/src/mobile/modules/back-coordinator/back-coordinator.spec.ts	verbatim		146	0	txt
ac_cloud-notes/packages/frontend/core/src/mobile/modules/back-coordinator/back-coordinator.ts	verbatim		239	0	txt
ac_cloud-notes/packages/frontend/core/src/mobile/modules/back-coordinator/index.ts	verbatim		17	0	txt
ac_cloud-notes/packages/frontend/core/src/mobile/modules/back-coordinator/visual-layer.ts	verbatim		27	0	txt
ac_cloud-notes/packages/frontend/core/src/mobile/modules/haptics/index.ts	verbatim		10	0	txt
ac_cloud-notes/packages/frontend/core/src/mobile/modules/haptics/providers/haptic.ts	verbatim		13	0	txt
ac_cloud-notes/packages/frontend/core/src/mobile/modules/haptics/services/haptics.ts	verbatim		28	0	txt
ac_cloud-notes/packages/frontend/core/src/mobile/modules/index.ts	verbatim		13	0	txt
ac_cloud-notes/packages/frontend/core/src/mobile/modules/navigation-projection/index.ts	verbatim		31	0	txt
ac_cloud-notes/packages/frontend/core/src/mobile/modules/navigation-projection/navigation-projection.spec.ts	verbatim		201	0	txt
ac_cloud-notes/packages/frontend/core/src/mobile/modules/navigation-projection/navigation-projection.ts	verbatim		137	0	txt
ac_cloud-notes/packages/frontend/core/src/mobile/modules/navigation-projection/shell-data-projection.spec.ts	verbatim		283	0	txt
ac_cloud-notes/packages/frontend/core/src/mobile/modules/navigation-projection/shell-data-projection.ts	verbatim		494	0	txt
ac_cloud-notes/packages/frontend/core/src/mobile/modules/search/index.ts	verbatim		7	0	txt
ac_cloud-notes/packages/frontend/core/src/mobile/modules/search/service/search.ts	verbatim		29	0	txt
ac_cloud-notes/packages/frontend/core/src/mobile/modules/virtual-keyboard/index.ts	verbatim		7	0	txt
ac_cloud-notes/packages/frontend/core/src/mobile/modules/virtual-keyboard/providers/virtual-keyboard.ts	verbatim		24	0	txt
ac_cloud-notes/packages/frontend/core/src/mobile/modules/virtual-keyboard/services/virtual-keyboard.ts	verbatim		33	0	txt
ac_cloud-notes/packages/frontend/core/src/mobile/pages/404.tsx	verbatim		3	0	txt
ac_cloud-notes/packages/frontend/core/src/mobile/pages/auth.tsx	verbatim		3	0	txt
ac_cloud-notes/packages/frontend/core/src/mobile/pages/index.tsx	modified	packages/frontend/core/src/mobile/pages/index.tsx	12	3	txt
ac_cloud-notes/packages/frontend/core/src/mobile/pages/root/index.tsx	verbatim		28	0	txt
ac_cloud-notes/packages/frontend/core/src/mobile/pages/sign-in.tsx	verbatim		7	0	txt
ac_cloud-notes/packages/frontend/core/src/mobile/pages/workspace/all.tsx	verbatim		91	0	txt
ac_cloud-notes/packages/frontend/core/src/mobile/pages/workspace/collection/detail.tsx	verbatim		37	0	txt
ac_cloud-notes/packages/frontend/core/src/mobile/pages/workspace/collection/index.tsx	verbatim		11	0	txt
ac_cloud-notes/packages/frontend/core/src/mobile/pages/workspace/detail/journal-conflict-block.css.ts	verbatim		73	0	txt
ac_cloud-notes/packages/frontend/core/src/mobile/pages/workspace/detail/journal-conflict-block.tsx	verbatim		66	0	txt
ac_cloud-notes/packages/frontend/core/src/mobile/pages/workspace/detail/journal-date-picker/constants.ts	verbatim		9	0	txt
ac_cloud-notes/packages/frontend/core/src/mobile/pages/workspace/detail/journal-date-picker/context.ts	verbatim		20	0	txt
ac_cloud-notes/packages/frontend/core/src/mobile/pages/workspace/detail/journal-date-picker/day-cell.css.ts	verbatim		37	0	txt
ac_cloud-notes/packages/frontend/core/src/mobile/pages/workspace/detail/journal-date-picker/day-cell.tsx	verbatim		33	0	txt
ac_cloud-notes/packages/frontend/core/src/mobile/pages/workspace/detail/journal-date-picker/index.tsx	verbatim		53	0	txt
ac_cloud-notes/packages/frontend/core/src/mobile/pages/workspace/detail/journal-date-picker/month.css.ts	verbatim		21	0	txt
ac_cloud-notes/packages/frontend/core/src/mobile/pages/workspace/detail/journal-date-picker/month.tsx	verbatim		145	0	txt
ac_cloud-notes/packages/frontend/core/src/mobile/pages/workspace/detail/journal-date-picker/utils.ts	verbatim		8	0	txt
ac_cloud-notes/packages/frontend/core/src/mobile/pages/workspace/detail/journal-date-picker/viewport.css.ts	verbatim		22	0	txt
ac_cloud-notes/packages/frontend/core/src/mobile/pages/workspace/detail/journal-date-picker/viewport.tsx	verbatim		138	0	txt
ac_cloud-notes/packages/frontend/core/src/mobile/pages/workspace/detail/journal-date-picker/week.css.ts	verbatim		28	0	txt
ac_cloud-notes/packages/frontend/core/src/mobile/pages/workspace/detail/journal-date-picker/week.tsx	verbatim		143	0	txt
ac_cloud-notes/packages/frontend/core/src/mobile/pages/workspace/detail/menu/journal-conflicts.css.ts	verbatim		17	0	txt
ac_cloud-notes/packages/frontend/core/src/mobile/pages/workspace/detail/menu/journal-conflicts.tsx	verbatim		171	0	txt
ac_cloud-notes/packages/frontend/core/src/mobile/pages/workspace/detail/menu/journal-today-activity.css.ts	verbatim		16	0	txt
ac_cloud-notes/packages/frontend/core/src/mobile/pages/workspace/detail/menu/journal-today-activity.tsx	verbatim		117	0	txt
ac_cloud-notes/packages/frontend/core/src/mobile/pages/workspace/detail/menu/mode-switch.css.ts	verbatim		5	0	txt
ac_cloud-notes/packages/frontend/core/src/mobile/pages/workspace/detail/menu/mode-switch.tsx	verbatim		55	0	txt
ac_cloud-notes/packages/frontend/core/src/mobile/pages/workspace/detail/mobile-detail-page.css.ts	verbatim		142	0	txt
ac_cloud-notes/packages/frontend/core/src/mobile/pages/workspace/detail/mobile-detail-page.immersive.spec.ts	verbatim		165	0	txt
ac_cloud-notes/packages/frontend/core/src/mobile/pages/workspace/detail/mobile-detail-page.immersive.ts	verbatim		91	0	txt
ac_cloud-notes/packages/frontend/core/src/mobile/pages/workspace/detail/mobile-detail-page.tsx	verbatim		522	0	txt
ac_cloud-notes/packages/frontend/core/src/mobile/pages/workspace/detail/page-header-more-button.css.ts	verbatim		14	0	txt
ac_cloud-notes/packages/frontend/core/src/mobile/pages/workspace/detail/page-header-more-button.tsx	verbatim		195	0	txt
ac_cloud-notes/packages/frontend/core/src/mobile/pages/workspace/detail/page-header-share-button.css.ts	verbatim		4	0	txt
ac_cloud-notes/packages/frontend/core/src/mobile/pages/workspace/detail/page-header-share-button.tsx	verbatim		39	0	txt
ac_cloud-notes/packages/frontend/core/src/mobile/pages/workspace/home.tsx	verbatim		6	0	txt
ac_cloud-notes/packages/frontend/core/src/mobile/pages/workspace/index.tsx	verbatim		198	0	txt
ac_cloud-notes/packages/frontend/core/src/mobile/pages/workspace/journals.css.ts	verbatim		20	0	txt
ac_cloud-notes/packages/frontend/core/src/mobile/pages/workspace/journals.tsx	verbatim		70	0	txt
ac_cloud-notes/packages/frontend/core/src/mobile/pages/workspace/layout.tsx	verbatim		156	0	txt
ac_cloud-notes/packages/frontend/core/src/mobile/pages/workspace/search.tsx	verbatim		179	0	txt
ac_cloud-notes/packages/frontend/core/src/mobile/pages/workspace/tag/detail.tsx	verbatim		31	0	txt
ac_cloud-notes/packages/frontend/core/src/mobile/pages/workspace/tag/index.tsx	verbatim		11	0	txt
ac_cloud-notes/packages/frontend/core/src/mobile/pages/workspace/trash.tsx	verbatim		3	0	txt
ac_cloud-notes/packages/frontend/core/src/mobile/pages/workspace/workbench-root.spec.tsx	verbatim		70	0	txt
ac_cloud-notes/packages/frontend/core/src/mobile/pages/workspace/workbench-root.tsx	verbatim		148	0	txt
ac_cloud-notes/packages/frontend/core/src/mobile/router.tsx	verbatim		101	0	txt
ac_cloud-notes/packages/frontend/core/src/mobile/styles/mobile.css.ts	verbatim		43	0	txt
ac_cloud-notes/packages/frontend/core/src/mobile/styles/variables.css.ts	verbatim		14	0	txt
ac_cloud-notes/packages/frontend/core/src/mobile/utils/index.ts	verbatim		1	0	txt
ac_cloud-notes/packages/frontend/core/src/mobile/utils/native-user-identifier.spec.ts	verbatim		106	0	txt
ac_cloud-notes/packages/frontend/core/src/mobile/utils/native-user-identifier.ts	verbatim		77	0	txt
ac_cloud-notes/packages/frontend/core/src/mobile/utils/swipe-helper.ts	verbatim		213	0	txt
ac_cloud-notes/packages/frontend/core/src/mobile/views/README.md	verbatim		2	0	txt
ac_cloud-notes/packages/frontend/core/src/mobile/views/all-docs/collection/detail.css.ts	verbatim		19	0	txt
ac_cloud-notes/packages/frontend/core/src/mobile/views/all-docs/collection/detail.tsx	verbatim		92	0	txt
ac_cloud-notes/packages/frontend/core/src/mobile/views/all-docs/collection/empty.tsx	verbatim		10	0	txt
ac_cloud-notes/packages/frontend/core/src/mobile/views/all-docs/collection/index.ts	verbatim		3	0	txt
ac_cloud-notes/packages/frontend/core/src/mobile/views/all-docs/collection/item.tsx	verbatim		33	0	txt
ac_cloud-notes/packages/frontend/core/src/mobile/views/all-docs/collection/list.tsx	verbatim		53	0	txt
ac_cloud-notes/packages/frontend/core/src/mobile/views/all-docs/collection/styles.css.ts	verbatim		39	0	txt
ac_cloud-notes/packages/frontend/core/src/mobile/views/all-docs/empty-state.css.ts	verbatim		50	0	txt
ac_cloud-notes/packages/frontend/core/src/mobile/views/all-docs/empty-state.tsx	verbatim		87	0	txt
ac_cloud-notes/packages/frontend/core/src/mobile/views/all-docs/header.tsx	verbatim		28	0	txt
ac_cloud-notes/packages/frontend/core/src/mobile/views/all-docs/index.ts	verbatim		4	0	txt
ac_cloud-notes/packages/frontend/core/src/mobile/views/all-docs/style.css.ts	verbatim		57	0	txt
ac_cloud-notes/packages/frontend/core/src/mobile/views/all-docs/tabs.tsx	verbatim		45	0	txt
ac_cloud-notes/packages/frontend/core/src/mobile/views/all-docs/tag/detail-header.tsx	verbatim		16	0	txt
ac_cloud-notes/packages/frontend/core/src/mobile/views/all-docs/tag/detail.css.ts	verbatim		30	0	txt
ac_cloud-notes/packages/frontend/core/src/mobile/views/all-docs/tag/detail.tsx	verbatim		85	0	txt
ac_cloud-notes/packages/frontend/core/src/mobile/views/all-docs/tag/empty.tsx	verbatim		10	0	txt
ac_cloud-notes/packages/frontend/core/src/mobile/views/all-docs/tag/index.ts	verbatim		3	0	txt
ac_cloud-notes/packages/frontend/core/src/mobile/views/all-docs/tag/item.tsx	verbatim		34	0	txt
ac_cloud-notes/packages/frontend/core/src/mobile/views/all-docs/tag/list.tsx	verbatim		43	0	txt
ac_cloud-notes/packages/frontend/core/src/mobile/views/all-docs/tag/styles.css.ts	verbatim		48	0	txt
ac_cloud-notes/packages/frontend/core/src/mobile/views/home-header/index.tsx	verbatim		107	0	txt
ac_cloud-notes/packages/frontend/core/src/mobile/views/home-header/styles.css.ts	verbatim		87	0	txt
ac_cloud-notes/packages/frontend/core/src/mobile/views/index.ts	verbatim		3	0	txt
ac_cloud-notes/packages/frontend/core/src/mobile/views/recent-docs/index.tsx	verbatim		39	0	txt
ac_cloud-notes/packages/frontend/core/src/mobile/views/recent-docs/styles.css.ts	verbatim		34	0	txt
ac_cloud-notes/packages/frontend/core/src/mobile/views/search/search-results.tsx	verbatim		82	0	txt
ac_cloud-notes/packages/frontend/core/src/mobile/views/search/style.css.ts	verbatim		88	0	txt
ac_cloud-notes/packages/frontend/core/src/mobile/workbench-router.ts	verbatim		60	0	txt
ac_cloud-notes/packages/frontend/core/src/modules/ai-button/index.ts	verbatim		48	0	txt
ac_cloud-notes/packages/frontend/core/src/modules/ai-button/provider/ai-button.ts	verbatim		7	0	txt
ac_cloud-notes/packages/frontend/core/src/modules/ai-button/services/ai-button.ts	verbatim		37	0	txt
ac_cloud-notes/packages/frontend/core/src/modules/ai-button/services/ai-draft.ts	verbatim		139	0	txt
ac_cloud-notes/packages/frontend/core/src/modules/ai-button/services/models.spec.ts	verbatim		62	0	txt
ac_cloud-notes/packages/frontend/core/src/modules/ai-button/services/models.ts	verbatim		98	0	txt
ac_cloud-notes/packages/frontend/core/src/modules/ai-button/services/playground.ts	verbatim		21	0	txt
ac_cloud-notes/packages/frontend/core/src/modules/ai-button/services/reasoning.ts	verbatim		27	0	txt
ac_cloud-notes/packages/frontend/core/src/modules/ai-button/services/tools-config.ts	verbatim		42	0	txt
ac_cloud-notes/packages/frontend/core/src/modules/app-sidebar/entities/__tests__/app-sidebar.spec.ts	verbatim		45	0	txt
ac_cloud-notes/packages/frontend/core/src/modules/app-sidebar/entities/app-sidebar.ts	verbatim		66	0	txt
ac_cloud-notes/packages/frontend/core/src/modules/app-sidebar/impls/storage.ts	verbatim		27	0	txt
ac_cloud-notes/packages/frontend/core/src/modules/app-sidebar/index.ts	verbatim		13	0	txt
ac_cloud-notes/packages/frontend/core/src/modules/app-sidebar/providers/storage.ts	verbatim		4	0	txt
ac_cloud-notes/packages/frontend/core/src/modules/app-sidebar/services/app-sidebar.ts	verbatim		6	0	txt
ac_cloud-notes/packages/frontend/core/src/modules/app-sidebar/views/add-page-button/index.css.ts	verbatim		28	0	txt
ac_cloud-notes/packages/frontend/core/src/modules/app-sidebar/views/add-page-button/index.tsx	verbatim		177	0	txt
ac_cloud-notes/packages/frontend/core/src/modules/app-sidebar/views/app-download-button/index.css.ts	verbatim		21	0	txt
ac_cloud-notes/packages/frontend/core/src/modules/app-sidebar/views/app-download-button/index.tsx	verbatim		44	0	txt
ac_cloud-notes/packages/frontend/core/src/modules/app-sidebar/views/app-updater-button/dot-animation.svg	verbatim		34	0	txt
ac_cloud-notes/packages/frontend/core/src/modules/app-sidebar/views/app-updater-button/index.css.ts	verbatim		226	0	txt
ac_cloud-notes/packages/frontend/core/src/modules/app-sidebar/views/app-updater-button/index.tsx	verbatim		273	0	txt
ac_cloud-notes/packages/frontend/core/src/modules/app-sidebar/views/category-divider/index.css.ts	verbatim		62	0	txt
ac_cloud-notes/packages/frontend/core/src/modules/app-sidebar/views/category-divider/index.stories.tsx	verbatim		13	0	txt
ac_cloud-notes/packages/frontend/core/src/modules/app-sidebar/views/category-divider/index.tsx	verbatim		56	0	txt
ac_cloud-notes/packages/frontend/core/src/modules/app-sidebar/views/fallback.css.ts	verbatim		32	0	txt
ac_cloud-notes/packages/frontend/core/src/modules/app-sidebar/views/index.css.ts	verbatim		109	0	txt
ac_cloud-notes/packages/frontend/core/src/modules/app-sidebar/views/index.tsx	verbatim		320	0	txt
ac_cloud-notes/packages/frontend/core/src/modules/app-sidebar/views/menu-item/external-menu-link-item.tsx	verbatim		41	0	txt
ac_cloud-notes/packages/frontend/core/src/modules/app-sidebar/views/menu-item/index.css.ts	verbatim		122	0	txt
ac_cloud-notes/packages/frontend/core/src/modules/app-sidebar/views/menu-item/index.stories.tsx	verbatim		41	0	txt
ac_cloud-notes/packages/frontend/core/src/modules/app-sidebar/views/menu-item/index.tsx	verbatim		107	0	txt
ac_cloud-notes/packages/frontend/core/src/modules/app-sidebar/views/open-in-app-card/index.tsx	verbatim		1	0	txt
ac_cloud-notes/packages/frontend/core/src/modules/app-sidebar/views/open-in-app-card/open-in-app-card.css.ts	verbatim		107	0	txt
ac_cloud-notes/packages/frontend/core/src/modules/app-sidebar/views/open-in-app-card/open-in-app-card.tsx	verbatim		97	0	txt
ac_cloud-notes/packages/frontend/core/src/modules/app-sidebar/views/quick-search-input/index.css.ts	verbatim		37	0	txt
ac_cloud-notes/packages/frontend/core/src/modules/app-sidebar/views/quick-search-input/index.stories.tsx	verbatim		13	0	txt
ac_cloud-notes/packages/frontend/core/src/modules/app-sidebar/views/quick-search-input/index.tsx	verbatim		25	0	txt
ac_cloud-notes/packages/frontend/core/src/modules/app-sidebar/views/sidebar-containers/index.css.ts	verbatim		87	0	txt
ac_cloud-notes/packages/frontend/core/src/modules/app-sidebar/views/sidebar-containers/index.tsx	verbatim		45	0	txt
ac_cloud-notes/packages/frontend/core/src/modules/app-sidebar/views/sidebar-header/index.tsx	verbatim		14	0	txt
ac_cloud-notes/packages/frontend/core/src/modules/app-sidebar/views/sidebar-header/sidebar-switch.css.ts	verbatim		46	0	txt
ac_cloud-notes/packages/frontend/core/src/modules/app-sidebar/views/sidebar-header/sidebar-switch.tsx	verbatim		73	0	txt
ac_cloud-notes/packages/frontend/core/src/modules/app-sidebar/views/spolight/index.css.ts	verbatim		22	0	txt
ac_cloud-notes/packages/frontend/core/src/modules/app-sidebar/views/spolight/index.stories.tsx	verbatim		26	0	txt
ac_cloud-notes/packages/frontend/core/src/modules/app-sidebar/views/spolight/index.tsx	verbatim		42	0	txt
ac_cloud-notes/packages/frontend/core/src/modules/app-tabs-header/index.ts	verbatim		7	0	txt
ac_cloud-notes/packages/frontend/core/src/modules/app-tabs-header/services/app-tabs-header-service.ts	verbatim		80	0	txt
ac_cloud-notes/packages/frontend/core/src/modules/app-tabs-header/views/app-tabs-header.tsx	verbatim		527	0	txt
ac_cloud-notes/packages/frontend/core/src/modules/app-tabs-header/views/styles.css.ts	verbatim		253	0	txt
ac_cloud-notes/packages/frontend/core/src/modules/at-menu-config/index.ts	verbatim		27	0	txt
ac_cloud-notes/packages/frontend/core/src/modules/at-menu-config/services/index.ts	verbatim		615	0	txt
ac_cloud-notes/packages/frontend/core/src/modules/backup/index.ts	verbatim		7	0	txt
ac_cloud-notes/packages/frontend/core/src/modules/backup/services/index.ts	verbatim		63	0	txt
ac_cloud-notes/packages/frontend/core/src/modules/blob-management/entity/unused-blobs.spec.ts	verbatim		78	0	txt
ac_cloud-notes/packages/frontend/core/src/modules/blob-management/entity/unused-blobs.ts	verbatim		92	0	txt
ac_cloud-notes/packages/frontend/core/src/modules/blob-management/index.ts	verbatim		16	0	txt
ac_cloud-notes/packages/frontend/core/src/modules/blob-management/services/index.ts	verbatim		8	0	txt
ac_cloud-notes/packages/frontend/core/src/modules/cloud/constant.ts	verbatim		213	0	txt
ac_cloud-notes/packages/frontend/core/src/modules/cloud/entities/cloud-doc-meta.ts	verbatim		52	0	txt
ac_cloud-notes/packages/frontend/core/src/modules/cloud/entities/invoices.ts	verbatim		61	0	txt
ac_cloud-notes/packages/frontend/core/src/modules/cloud/entities/server.ts	verbatim		106	0	txt
ac_cloud-notes/packages/frontend/core/src/modules/cloud/entities/session.ts	verbatim		137	0	txt
ac_cloud-notes/packages/frontend/core/src/modules/cloud/entities/subscription-prices.ts	verbatim		58	0	txt
ac_cloud-notes/packages/frontend/core/src/modules/cloud/entities/subscription.ts	verbatim		140	0	txt
ac_cloud-notes/packages/frontend/core/src/modules/cloud/entities/user-copilot-quota.ts	verbatim		79	0	txt
ac_cloud-notes/packages/frontend/core/src/modules/cloud/entities/user-feature.ts	verbatim		71	0	txt
ac_cloud-notes/packages/frontend/core/src/modules/cloud/entities/user-quota.spec.ts	verbatim		66	0	txt
ac_cloud-notes/packages/frontend/core/src/modules/cloud/entities/user-quota.ts	verbatim		152	0	txt
ac_cloud-notes/packages/frontend/core/src/modules/cloud/entities/workspace-invoices.ts	verbatim		71	0	txt
ac_cloud-notes/packages/frontend/core/src/modules/cloud/entities/workspace-subscription.ts	verbatim		141	0	txt
ac_cloud-notes/packages/frontend/core/src/modules/cloud/events/account-changed.ts	verbatim		5	0	txt
ac_cloud-notes/packages/frontend/core/src/modules/cloud/events/account-logged-in.ts	verbatim		3	0	txt
ac_cloud-notes/packages/frontend/core/src/modules/cloud/events/account-logged-out.ts	verbatim		4	0	txt
ac_cloud-notes/packages/frontend/core/src/modules/cloud/events/server-started.ts	verbatim		2	0	txt
ac_cloud-notes/packages/frontend/core/src/modules/cloud/impl/auth.ts	verbatim		98	0	txt
ac_cloud-notes/packages/frontend/core/src/modules/cloud/index.ts	verbatim		223	0	txt
ac_cloud-notes/packages/frontend/core/src/modules/cloud/provider/auth.ts	verbatim		32	0	txt
ac_cloud-notes/packages/frontend/core/src/modules/cloud/provider/validator.ts	verbatim		10	0	txt
ac_cloud-notes/packages/frontend/core/src/modules/cloud/realtime/enum.ts	verbatim		10	0	txt
ac_cloud-notes/packages/frontend/core/src/modules/cloud/realtime/live-query.spec.ts	verbatim		134	0	txt
ac_cloud-notes/packages/frontend/core/src/modules/cloud/realtime/live-query.ts	verbatim		91	0	txt
ac_cloud-notes/packages/frontend/core/src/modules/cloud/scopes/server.ts	verbatim		5	0	txt
ac_cloud-notes/packages/frontend/core/src/modules/cloud/server-name.ts	verbatim		6	0	txt
ac_cloud-notes/packages/frontend/core/src/modules/cloud/services/auth.ts	verbatim		325	0	txt
ac_cloud-notes/packages/frontend/core/src/modules/cloud/services/blocksuite-writer-info.ts	verbatim		43	0	txt
ac_cloud-notes/packages/frontend/core/src/modules/cloud/services/captcha.spec.ts	verbatim		70	0	txt
ac_cloud-notes/packages/frontend/core/src/modules/cloud/services/captcha.ts	verbatim		114	0	txt
ac_cloud-notes/packages/frontend/core/src/modules/cloud/services/cloud-doc-meta.ts	verbatim		5	0	txt
ac_cloud-notes/packages/frontend/core/src/modules/cloud/services/default-server.ts	verbatim		21	0	txt
ac_cloud-notes/packages/frontend/core/src/modules/cloud/services/doc-created-by-updated-by-sync.ts	verbatim		138	0	txt
ac_cloud-notes/packages/frontend/core/src/modules/cloud/services/doc-created-by.ts	verbatim		16	0	txt
ac_cloud-notes/packages/frontend/core/src/modules/cloud/services/doc-updated-by.ts	verbatim		34	0	txt
ac_cloud-notes/packages/frontend/core/src/modules/cloud/services/eventsource.ts	verbatim		13	0	txt
ac_cloud-notes/packages/frontend/core/src/modules/cloud/services/fetch.ts	verbatim		99	0	txt
ac_cloud-notes/packages/frontend/core/src/modules/cloud/services/graphql.ts	verbatim		43	0	txt
ac_cloud-notes/packages/frontend/core/src/modules/cloud/services/invitation.ts	verbatim		71	0	txt
ac_cloud-notes/packages/frontend/core/src/modules/cloud/services/invoices.ts	verbatim		5	0	txt
ac_cloud-notes/packages/frontend/core/src/modules/cloud/services/mcp-credential.ts	verbatim		49	0	txt
ac_cloud-notes/packages/frontend/core/src/modules/cloud/services/public-user.ts	verbatim		101	0	txt
ac_cloud-notes/packages/frontend/core/src/modules/cloud/services/realtime.ts	verbatim		151	0	txt
ac_cloud-notes/packages/frontend/core/src/modules/cloud/services/selfhost-generate-license.ts	verbatim		40	0	txt
ac_cloud-notes/packages/frontend/core/src/modules/cloud/services/selfhost-license.ts	verbatim		60	0	txt
ac_cloud-notes/packages/frontend/core/src/modules/cloud/services/server.ts	verbatim		8	0	txt
ac_cloud-notes/packages/frontend/core/src/modules/cloud/services/servers.ts	verbatim		108	0	txt
ac_cloud-notes/packages/frontend/core/src/modules/cloud/services/subscription.ts	verbatim		37	0	txt
ac_cloud-notes/packages/frontend/core/src/modules/cloud/services/user-copilot-quota.ts	verbatim		10	0	txt
ac_cloud-notes/packages/frontend/core/src/modules/cloud/services/user-feature.ts	verbatim		10	0	txt
ac_cloud-notes/packages/frontend/core/src/modules/cloud/services/user-quota.ts	verbatim		22	0	txt
ac_cloud-notes/packages/frontend/core/src/modules/cloud/services/user-settings.ts	verbatim		52	0	txt
ac_cloud-notes/packages/frontend/core/src/modules/cloud/services/workspace-invoices.ts	verbatim		5	0	txt
ac_cloud-notes/packages/frontend/core/src/modules/cloud/services/workspace-server.ts	verbatim		11	0	txt
ac_cloud-notes/packages/frontend/core/src/modules/cloud/services/workspace-subscription.ts	verbatim		18	0	txt
ac_cloud-notes/packages/frontend/core/src/modules/cloud/stores/accept-invite.ts	verbatim		23	0	txt
ac_cloud-notes/packages/frontend/core/src/modules/cloud/stores/auth.spec.ts	verbatim		137	0	txt
ac_cloud-notes/packages/frontend/core/src/modules/cloud/stores/auth.ts	verbatim		209	0	txt
ac_cloud-notes/packages/frontend/core/src/modules/cloud/stores/cloud-doc-meta.ts	verbatim		26	0	txt
ac_cloud-notes/packages/frontend/core/src/modules/cloud/stores/doc-created-by-updated-by-sync.ts	verbatim		41	0	txt
ac_cloud-notes/packages/frontend/core/src/modules/cloud/stores/invite-info.ts	verbatim		21	0	txt
ac_cloud-notes/packages/frontend/core/src/modules/cloud/stores/invoices.ts	verbatim		35	0	txt
ac_cloud-notes/packages/frontend/core/src/modules/cloud/stores/mcp-credential.ts	verbatim		50	0	txt
ac_cloud-notes/packages/frontend/core/src/modules/cloud/stores/public-user.ts	verbatim		20	0	txt
ac_cloud-notes/packages/frontend/core/src/modules/cloud/stores/selfhost-generate-license.ts	verbatim		20	0	txt
ac_cloud-notes/packages/frontend/core/src/modules/cloud/stores/selfhost-license.ts	verbatim		79	0	txt
ac_cloud-notes/packages/frontend/core/src/modules/cloud/stores/server-config.spec.ts	verbatim		51	0	txt
ac_cloud-notes/packages/frontend/core/src/modules/cloud/stores/server-config.ts	verbatim		140	0	txt
ac_cloud-notes/packages/frontend/core/src/modules/cloud/stores/server-list.ts	verbatim		79	0	txt
ac_cloud-notes/packages/frontend/core/src/modules/cloud/stores/subscription.ts	verbatim		196	0	txt
ac_cloud-notes/packages/frontend/core/src/modules/cloud/stores/user-copilot-quota.ts	verbatim		20	0	txt
ac_cloud-notes/packages/frontend/core/src/modules/cloud/stores/user-quota.ts	verbatim		21	0	txt
ac_cloud-notes/packages/frontend/core/src/modules/cloud/stores/user-settings.ts	verbatim		39	0	txt
ac_cloud-notes/packages/frontend/core/src/modules/cloud/types.ts	verbatim		19	0	txt
ac_cloud-notes/packages/frontend/core/src/modules/cloud/views/public-user.css.ts	verbatim		26	0	txt
ac_cloud-notes/packages/frontend/core/src/modules/cloud/views/public-user.tsx	verbatim		74	0	txt
ac_cloud-notes/packages/frontend/core/src/modules/code-block-preview-renderer/bridge.spec.ts	verbatim		130	0	txt
ac_cloud-notes/packages/frontend/core/src/modules/code-block-preview-renderer/bridge.ts	verbatim		36	0	txt
ac_cloud-notes/packages/frontend/core/src/modules/code-block-preview-renderer/classic-mermaid.spec.ts	verbatim		84	0	txt
ac_cloud-notes/packages/frontend/core/src/modules/code-block-preview-renderer/classic-mermaid.ts	verbatim		61	0	txt
ac_cloud-notes/packages/frontend/core/src/modules/code-block-preview-renderer/index.ts	verbatim		11	0	txt
ac_cloud-notes/packages/frontend/core/src/modules/code-block-preview-renderer/mermaid-preview.integration.spec.ts	verbatim		155	0	txt
ac_cloud-notes/packages/frontend/core/src/modules/code-block-preview-renderer/platform-backend.desktop.ts	verbatim		44	0	txt
ac_cloud-notes/packages/frontend/core/src/modules/code-block-preview-renderer/platform-backend.mobile.ts	verbatim		21	0	txt
ac_cloud-notes/packages/frontend/core/src/modules/code-block-preview-renderer/platform-backend.ts	verbatim		18	0	txt
ac_cloud-notes/packages/frontend/core/src/modules/code-block-preview-renderer/runtime-config.ts	verbatim		32	0	txt
ac_cloud-notes/packages/frontend/core/src/modules/code-block-preview-renderer/services/preview-renderer-feature-sync.ts	verbatim		22	0	txt
ac_cloud-notes/packages/frontend/core/src/modules/code-block-preview-renderer/types.ts	verbatim		16	0	txt
ac_cloud-notes/packages/frontend/core/src/modules/code-block-preview-renderer/typst-preview.integration.spec.ts	verbatim		110	0	txt
ac_cloud-notes/packages/frontend/core/src/modules/collection-rules/impls/filters/checkbox.ts	verbatim		44	0	txt
ac_cloud-notes/packages/frontend/core/src/modules/collection-rules/impls/filters/created-at.ts	verbatim		17	0	txt
ac_cloud-notes/packages/frontend/core/src/modules/collection-rules/impls/filters/created-by.ts	verbatim		29	0	txt
ac_cloud-notes/packages/frontend/core/src/modules/collection-rules/impls/filters/date.ts	verbatim		142	0	txt
ac_cloud-notes/packages/frontend/core/src/modules/collection-rules/impls/filters/doc-primary-mode.ts	verbatim		43	0	txt
ac_cloud-notes/packages/frontend/core/src/modules/collection-rules/impls/filters/edgeless-theme.ts	verbatim		43	0	txt
ac_cloud-notes/packages/frontend/core/src/modules/collection-rules/impls/filters/empty-journal.ts	verbatim		34	0	txt
ac_cloud-notes/packages/frontend/core/src/modules/collection-rules/impls/filters/favorite.ts	verbatim		46	0	txt
ac_cloud-notes/packages/frontend/core/src/modules/collection-rules/impls/filters/integration-type.ts	verbatim		42	0	txt
ac_cloud-notes/packages/frontend/core/src/modules/collection-rules/impls/filters/journal.ts	verbatim		40	0	txt
ac_cloud-notes/packages/frontend/core/src/modules/collection-rules/impls/filters/number.ts	verbatim		94	0	txt
ac_cloud-notes/packages/frontend/core/src/modules/collection-rules/impls/filters/page-width.ts	verbatim		40	0	txt
ac_cloud-notes/packages/frontend/core/src/modules/collection-rules/impls/filters/property.ts	verbatim		30	0	txt
ac_cloud-notes/packages/frontend/core/src/modules/collection-rules/impls/filters/shared.ts	verbatim		45	0	txt
ac_cloud-notes/packages/frontend/core/src/modules/collection-rules/impls/filters/system.ts	verbatim		15	0	txt
ac_cloud-notes/packages/frontend/core/src/modules/collection-rules/impls/filters/tags.ts	verbatim		114	0	txt
ac_cloud-notes/packages/frontend/core/src/modules/collection-rules/impls/filters/template.ts	verbatim		40	0	txt
ac_cloud-notes/packages/frontend/core/src/modules/collection-rules/impls/filters/text.ts	verbatim		67	0	txt
ac_cloud-notes/packages/frontend/core/src/modules/collection-rules/impls/filters/title.ts	verbatim		19	0	txt
ac_cloud-notes/packages/frontend/core/src/modules/collection-rules/impls/filters/trash.ts	verbatim		19	0	txt
ac_cloud-notes/packages/frontend/core/src/modules/collection-rules/impls/filters/updated-at.ts	verbatim		17	0	txt
ac_cloud-notes/packages/frontend/core/src/modules/collection-rules/impls/filters/updated-by.ts	verbatim		29	0	txt
ac_cloud-notes/packages/frontend/core/src/modules/collection-rules/impls/group-by/checkbox.ts	verbatim		31	0	txt
ac_cloud-notes/packages/frontend/core/src/modules/collection-rules/impls/group-by/created-at.ts	verbatim		36	0	txt
ac_cloud-notes/packages/frontend/core/src/modules/collection-rules/impls/group-by/created-by.ts	verbatim		32	0	txt
ac_cloud-notes/packages/frontend/core/src/modules/collection-rules/impls/group-by/date.ts	verbatim		32	0	txt
ac_cloud-notes/packages/frontend/core/src/modules/collection-rules/impls/group-by/doc-primary-mode.ts	verbatim		32	0	txt
ac_cloud-notes/packages/frontend/core/src/modules/collection-rules/impls/group-by/edgeless-theme.ts	verbatim		32	0	txt
ac_cloud-notes/packages/frontend/core/src/modules/collection-rules/impls/group-by/integration-type.ts	verbatim		35	0	txt
ac_cloud-notes/packages/frontend/core/src/modules/collection-rules/impls/group-by/journal.ts	verbatim		29	0	txt
ac_cloud-notes/packages/frontend/core/src/modules/collection-rules/impls/group-by/number.ts	verbatim		35	0	txt
ac_cloud-notes/packages/frontend/core/src/modules/collection-rules/impls/group-by/page-width.ts	verbatim		32	0	txt
ac_cloud-notes/packages/frontend/core/src/modules/collection-rules/impls/group-by/property.ts	verbatim		37	0	txt
ac_cloud-notes/packages/frontend/core/src/modules/collection-rules/impls/group-by/system.ts	verbatim		18	0	txt
ac_cloud-notes/packages/frontend/core/src/modules/collection-rules/impls/group-by/tags.ts	verbatim		38	0	txt
ac_cloud-notes/packages/frontend/core/src/modules/collection-rules/impls/group-by/template.ts	verbatim		32	0	txt
ac_cloud-notes/packages/frontend/core/src/modules/collection-rules/impls/group-by/text.ts	verbatim		32	0	txt
ac_cloud-notes/packages/frontend/core/src/modules/collection-rules/impls/group-by/updated-at.ts	verbatim		37	0	txt
ac_cloud-notes/packages/frontend/core/src/modules/collection-rules/impls/group-by/updated-by.ts	verbatim		32	0	txt
ac_cloud-notes/packages/frontend/core/src/modules/collection-rules/impls/order-by/checkbox.ts	verbatim		36	0	txt
ac_cloud-notes/packages/frontend/core/src/modules/collection-rules/impls/order-by/created-at.ts	verbatim		31	0	txt
ac_cloud-notes/packages/frontend/core/src/modules/collection-rules/impls/order-by/created-by.ts	verbatim		30	0	txt
ac_cloud-notes/packages/frontend/core/src/modules/collection-rules/impls/order-by/date.ts	verbatim		30	0	txt
ac_cloud-notes/packages/frontend/core/src/modules/collection-rules/impls/order-by/doc-primary-mode.ts	verbatim		35	0	txt
ac_cloud-notes/packages/frontend/core/src/modules/collection-rules/impls/order-by/edgeless-theme.ts	verbatim		35	0	txt
ac_cloud-notes/packages/frontend/core/src/modules/collection-rules/impls/order-by/integration-type.ts	verbatim		37	0	txt
ac_cloud-notes/packages/frontend/core/src/modules/collection-rules/impls/order-by/journal.ts	verbatim		32	0	txt
ac_cloud-notes/packages/frontend/core/src/modules/collection-rules/impls/order-by/number.ts	verbatim		28	0	txt
ac_cloud-notes/packages/frontend/core/src/modules/collection-rules/impls/order-by/page-width.ts	verbatim		35	0	txt
ac_cloud-notes/packages/frontend/core/src/modules/collection-rules/impls/order-by/property.ts	verbatim		36	0	txt
ac_cloud-notes/packages/frontend/core/src/modules/collection-rules/impls/order-by/system.ts	verbatim		18	0	txt
ac_cloud-notes/packages/frontend/core/src/modules/collection-rules/impls/order-by/tags.ts	verbatim		40	0	txt
ac_cloud-notes/packages/frontend/core/src/modules/collection-rules/impls/order-by/template.ts	verbatim		35	0	txt
ac_cloud-notes/packages/frontend/core/src/modules/collection-rules/impls/order-by/text.ts	verbatim		30	0	txt
ac_cloud-notes/packages/frontend/core/src/modules/collection-rules/impls/order-by/title.ts	verbatim		27	0	txt
ac_cloud-notes/packages/frontend/core/src/modules/collection-rules/impls/order-by/updated-at.ts	verbatim		33	0	txt
ac_cloud-notes/packages/frontend/core/src/modules/collection-rules/impls/order-by/updated-by.ts	verbatim		30	0	txt
ac_cloud-notes/packages/frontend/core/src/modules/collection-rules/index.ts	verbatim		368	0	txt
ac_cloud-notes/packages/frontend/core/src/modules/collection-rules/provider/index.ts	verbatim		24	0	txt
ac_cloud-notes/packages/frontend/core/src/modules/collection-rules/services/collection-rules.ts	verbatim		270	0	txt
ac_cloud-notes/packages/frontend/core/src/modules/collection-rules/types.ts	verbatim		15	0	txt
ac_cloud-notes/packages/frontend/core/src/modules/collection/entities/collection.ts	verbatim		80	0	txt
ac_cloud-notes/packages/frontend/core/src/modules/collection/index.ts	verbatim		24	0	txt
ac_cloud-notes/packages/frontend/core/src/modules/collection/services/collection.ts	verbatim		70	0	txt
ac_cloud-notes/packages/frontend/core/src/modules/collection/services/pinned-collection.ts	verbatim		68	0	txt
ac_cloud-notes/packages/frontend/core/src/modules/collection/stores/collection.ts	verbatim		290	0	txt
ac_cloud-notes/packages/frontend/core/src/modules/collection/stores/pinned-collection.ts	verbatim		27	0	txt
ac_cloud-notes/packages/frontend/core/src/modules/comment/entities/doc-comment-store.ts	verbatim		310	0	txt
ac_cloud-notes/packages/frontend/core/src/modules/comment/entities/doc-comment.ts	verbatim		626	0	txt
ac_cloud-notes/packages/frontend/core/src/modules/comment/entities/utils.ts	verbatim		33	0	txt
ac_cloud-notes/packages/frontend/core/src/modules/comment/index.ts	verbatim		29	0	txt
ac_cloud-notes/packages/frontend/core/src/modules/comment/services/comment-panel-service.ts	verbatim		45	0	txt
ac_cloud-notes/packages/frontend/core/src/modules/comment/services/doc-comment-manager.ts	verbatim		38	0	txt
ac_cloud-notes/packages/frontend/core/src/modules/comment/services/snapshot-helper.ts	verbatim		168	0	txt
ac_cloud-notes/packages/frontend/core/src/modules/comment/types.ts	verbatim		63	0	txt
ac_cloud-notes/packages/frontend/core/src/modules/db/entities/db.ts	verbatim		29	0	txt
ac_cloud-notes/packages/frontend/core/src/modules/db/entities/table.ts	verbatim		52	0	txt
ac_cloud-notes/packages/frontend/core/src/modules/db/index.ts	verbatim		15	0	txt
ac_cloud-notes/packages/frontend/core/src/modules/db/schema/index.ts	verbatim		7	0	txt
ac_cloud-notes/packages/frontend/core/src/modules/db/schema/schema.ts	verbatim		85	0	txt
ac_cloud-notes/packages/frontend/core/src/modules/db/services/db.ts	verbatim		115	0	txt
ac_cloud-notes/packages/frontend/core/src/modules/db/utils.ts	verbatim		35	0	txt
ac_cloud-notes/packages/frontend/core/src/modules/desktop-api/entities/electron-api.ts	verbatim		28	0	txt
ac_cloud-notes/packages/frontend/core/src/modules/desktop-api/impl/index.ts	verbatim		16	0	txt
ac_cloud-notes/packages/frontend/core/src/modules/desktop-api/index.ts	verbatim		13	0	txt
ac_cloud-notes/packages/frontend/core/src/modules/desktop-api/provider/index.ts	verbatim		16	0	txt
ac_cloud-notes/packages/frontend/core/src/modules/desktop-api/service/desktop-api.ts	verbatim		148	0	txt
ac_cloud-notes/packages/frontend/core/src/modules/dialogs/constant.ts	verbatim		70	0	txt
ac_cloud-notes/packages/frontend/core/src/modules/dialogs/index.ts	verbatim		12	0	txt
ac_cloud-notes/packages/frontend/core/src/modules/dialogs/services/dialog.ts	verbatim		37	0	txt
ac_cloud-notes/packages/frontend/core/src/modules/dialogs/services/workspace-dialog.ts	verbatim		43	0	txt
ac_cloud-notes/packages/frontend/core/src/modules/dialogs/types.ts	verbatim		14	0	txt
ac_cloud-notes/packages/frontend/core/src/modules/dnd/index.ts	verbatim		10	0	txt
ac_cloud-notes/packages/frontend/core/src/modules/dnd/services/index.ts	verbatim		317	0	txt
ac_cloud-notes/packages/frontend/core/src/modules/doc-display-meta/index.ts	verbatim		18	0	txt
ac_cloud-notes/packages/frontend/core/src/modules/doc-display-meta/services/doc-display-meta.ts	verbatim		209	0	txt
ac_cloud-notes/packages/frontend/core/src/modules/doc-display-meta/services/icon.tsx	verbatim		25	0	txt
ac_cloud-notes/packages/frontend/core/src/modules/doc-info/index.ts	verbatim		11	0	txt
ac_cloud-notes/packages/frontend/core/src/modules/doc-info/services/doc-database-backlinks.ts	verbatim		159	0	txt
ac_cloud-notes/packages/frontend/core/src/modules/doc-info/types.ts	verbatim		33	0	txt
ac_cloud-notes/packages/frontend/core/src/modules/doc-info/use-std.ts	verbatim		6	0	txt
ac_cloud-notes/packages/frontend/core/src/modules/doc-info/utils.ts	verbatim		32	0	txt
ac_cloud-notes/packages/frontend/core/src/modules/doc-info/views/database-properties/cells/checkbox.tsx	verbatim		22	0	txt
ac_cloud-notes/packages/frontend/core/src/modules/doc-info/views/database-properties/cells/date.tsx	verbatim		38	0	txt
ac_cloud-notes/packages/frontend/core/src/modules/doc-info/views/database-properties/cells/link.css.ts	verbatim		75	0	txt
ac_cloud-notes/packages/frontend/core/src/modules/doc-info/views/database-properties/cells/link.tsx	verbatim		169	0	txt
ac_cloud-notes/packages/frontend/core/src/modules/doc-info/views/database-properties/cells/number.tsx	verbatim		24	0	txt
ac_cloud-notes/packages/frontend/core/src/modules/doc-info/views/database-properties/cells/progress.css.ts	verbatim		7	0	txt
ac_cloud-notes/packages/frontend/core/src/modules/doc-info/views/database-properties/cells/progress.tsx	verbatim		82	0	txt
ac_cloud-notes/packages/frontend/core/src/modules/doc-info/views/database-properties/cells/rich-text.css.ts	verbatim		5	0	txt
ac_cloud-notes/packages/frontend/core/src/modules/doc-info/views/database-properties/cells/rich-text.tsx	verbatim		126	0	txt
ac_cloud-notes/packages/frontend/core/src/modules/doc-info/views/database-properties/cells/select.css.ts	verbatim		9	0	txt
ac_cloud-notes/packages/frontend/core/src/modules/doc-info/views/database-properties/cells/select.tsx	verbatim		266	0	txt
ac_cloud-notes/packages/frontend/core/src/modules/doc-info/views/database-properties/constant.tsx	verbatim		71	0	txt
ac_cloud-notes/packages/frontend/core/src/modules/doc-info/views/database-properties/doc-database-backlink-info.css.ts	verbatim		54	0	txt
ac_cloud-notes/packages/frontend/core/src/modules/doc-info/views/database-properties/doc-database-backlink-info.tsx	verbatim		215	0	txt
ac_cloud-notes/packages/frontend/core/src/modules/doc-link/entities/doc-backlinks.ts	verbatim		160	0	txt
ac_cloud-notes/packages/frontend/core/src/modules/doc-link/entities/doc-links.ts	verbatim		20	0	txt
ac_cloud-notes/packages/frontend/core/src/modules/doc-link/index.ts	verbatim		27	0	txt
ac_cloud-notes/packages/frontend/core/src/modules/doc-link/services/doc-links.ts	verbatim		7	0	txt
ac_cloud-notes/packages/frontend/core/src/modules/doc-summary/index.ts	verbatim		22	0	txt
ac_cloud-notes/packages/frontend/core/src/modules/doc-summary/services/doc-summary.ts	verbatim		100	0	txt
ac_cloud-notes/packages/frontend/core/src/modules/doc-summary/stores/doc-summary.ts	verbatim		79	0	txt
ac_cloud-notes/packages/frontend/core/src/modules/doc/entities/doc.ts	verbatim		125	0	txt
ac_cloud-notes/packages/frontend/core/src/modules/doc/entities/record-list.ts	verbatim		77	0	txt
ac_cloud-notes/packages/frontend/core/src/modules/doc/entities/record.ts	verbatim		97	0	txt
ac_cloud-notes/packages/frontend/core/src/modules/doc/events/index.ts	verbatim		9	0	txt
ac_cloud-notes/packages/frontend/core/src/modules/doc/index.ts	verbatim		37	0	txt
ac_cloud-notes/packages/frontend/core/src/modules/doc/providers/doc-create-middleware.ts	verbatim		10	0	txt
ac_cloud-notes/packages/frontend/core/src/modules/doc/scopes/doc.ts	verbatim		8	0	txt
ac_cloud-notes/packages/frontend/core/src/modules/doc/services/doc.ts	verbatim		9	0	txt
ac_cloud-notes/packages/frontend/core/src/modules/doc/services/docs.ts	verbatim		345	0	txt
ac_cloud-notes/packages/frontend/core/src/modules/doc/services/duplicate-title.ts	verbatim		8	0	txt
ac_cloud-notes/packages/frontend/core/src/modules/doc/stores/doc-properties.ts	verbatim		106	0	txt
ac_cloud-notes/packages/frontend/core/src/modules/doc/stores/docs.ts	verbatim		274	0	txt
ac_cloud-notes/packages/frontend/core/src/modules/doc/types.ts	verbatim		10	0	txt
ac_cloud-notes/packages/frontend/core/src/modules/docs-search/README.md	verbatim		2	0	txt
ac_cloud-notes/packages/frontend/core/src/modules/docs-search/index.ts	verbatim		13	0	txt
ac_cloud-notes/packages/frontend/core/src/modules/docs-search/services/docs-search.spec.ts	verbatim		124	0	txt
ac_cloud-notes/packages/frontend/core/src/modules/docs-search/services/docs-search.ts	verbatim		421	0	txt
ac_cloud-notes/packages/frontend/core/src/modules/editor-setting/__tests__/date-title.spec.ts	verbatim		63	0	txt
ac_cloud-notes/packages/frontend/core/src/modules/editor-setting/entities/editor-setting.ts	verbatim		83	0	txt
ac_cloud-notes/packages/frontend/core/src/modules/editor-setting/impls/doc-create-middleware.ts	verbatim		56	0	txt
ac_cloud-notes/packages/frontend/core/src/modules/editor-setting/impls/global-state.ts	verbatim		32	0	txt
ac_cloud-notes/packages/frontend/core/src/modules/editor-setting/impls/user-db.ts	verbatim		83	0	txt
ac_cloud-notes/packages/frontend/core/src/modules/editor-setting/index.ts	verbatim		47	0	txt
ac_cloud-notes/packages/frontend/core/src/modules/editor-setting/provider/editor-setting-provider.ts	verbatim		9	0	txt
ac_cloud-notes/packages/frontend/core/src/modules/editor-setting/schema.ts	verbatim		55	0	txt
ac_cloud-notes/packages/frontend/core/src/modules/editor-setting/services/editor-setting.ts	verbatim		10	0	txt
ac_cloud-notes/packages/frontend/core/src/modules/editor-setting/services/spell-check-setting.ts	verbatim		38	0	txt
ac_cloud-notes/packages/frontend/core/src/modules/editor-setting/services/tray-settings.ts	verbatim		64	0	txt
ac_cloud-notes/packages/frontend/core/src/modules/editor-setting/utils/date-title.ts	verbatim		51	0	txt
ac_cloud-notes/packages/frontend/core/src/modules/editor/entities/editor.ts	verbatim		380	0	txt
ac_cloud-notes/packages/frontend/core/src/modules/editor/events/index.ts	verbatim		3	0	txt
ac_cloud-notes/packages/frontend/core/src/modules/editor/index.ts	verbatim		21	0	txt
ac_cloud-notes/packages/frontend/core/src/modules/editor/scopes/editor.ts	verbatim		5	0	txt
ac_cloud-notes/packages/frontend/core/src/modules/editor/services/editor.ts	verbatim		8	0	txt
ac_cloud-notes/packages/frontend/core/src/modules/editor/services/editors.ts	verbatim		10	0	txt
ac_cloud-notes/packages/frontend/core/src/modules/editor/types.ts	verbatim		6	0	txt
ac_cloud-notes/packages/frontend/core/src/modules/explorer-icon/index.ts	verbatim		11	0	txt
ac_cloud-notes/packages/frontend/core/src/modules/explorer-icon/services/explorer-icon.ts	verbatim		16	0	txt
ac_cloud-notes/packages/frontend/core/src/modules/explorer-icon/store/explorer-icon.ts	verbatim		27	0	txt
ac_cloud-notes/packages/frontend/core/src/modules/favorite/constant.ts	verbatim		11	0	txt
ac_cloud-notes/packages/frontend/core/src/modules/favorite/entities/favorite-list.ts	verbatim		90	0	txt
ac_cloud-notes/packages/frontend/core/src/modules/favorite/index.ts	verbatim		30	0	txt
ac_cloud-notes/packages/frontend/core/src/modules/favorite/services/favorite.ts	verbatim		5	0	txt
ac_cloud-notes/packages/frontend/core/src/modules/favorite/services/old/adapter.ts	verbatim		207	0	txt
ac_cloud-notes/packages/frontend/core/src/modules/favorite/services/old/schema.ts	verbatim		106	0	txt
ac_cloud-notes/packages/frontend/core/src/modules/favorite/stores/favorite.ts	verbatim		95	0	txt
ac_cloud-notes/packages/frontend/core/src/modules/feature-flag/constant.ts	verbatim		314	0	txt
ac_cloud-notes/packages/frontend/core/src/modules/feature-flag/entities/flags.ts	verbatim		58	0	txt
ac_cloud-notes/packages/frontend/core/src/modules/feature-flag/index.ts	verbatim		11	0	txt
ac_cloud-notes/packages/frontend/core/src/modules/feature-flag/services/feature-flag.ts	verbatim		16	0	txt
ac_cloud-notes/packages/frontend/core/src/modules/feature-flag/types.ts	verbatim		22	0	txt
ac_cloud-notes/packages/frontend/core/src/modules/find-in-page/entities/find-in-page.ts	verbatim		109	0	txt
ac_cloud-notes/packages/frontend/core/src/modules/find-in-page/index.ts	verbatim		8	0	txt
ac_cloud-notes/packages/frontend/core/src/modules/find-in-page/services/find-in-page.ts	verbatim		5	0	txt
ac_cloud-notes/packages/frontend/core/src/modules/global-context/entities/global-context.ts	verbatim		44	0	txt
ac_cloud-notes/packages/frontend/core/src/modules/global-context/index.ts	verbatim		7	0	txt
ac_cloud-notes/packages/frontend/core/src/modules/global-context/services/global-context.ts	verbatim		5	0	txt
ac_cloud-notes/packages/frontend/core/src/modules/i18n/context.tsx	verbatim		11	0	txt
ac_cloud-notes/packages/frontend/core/src/modules/i18n/entities/i18n.ts	verbatim		76	0	txt
ac_cloud-notes/packages/frontend/core/src/modules/i18n/index.ts	verbatim		9	0	txt
ac_cloud-notes/packages/frontend/core/src/modules/i18n/services/i18n.ts	verbatim		5	0	txt
ac_cloud-notes/packages/frontend/core/src/modules/icon-picker/index.ts	verbatim		6	0	txt
ac_cloud-notes/packages/frontend/core/src/modules/icon-picker/services/icon-picker.ts	verbatim		14	0	txt
ac_cloud-notes/packages/frontend/core/src/modules/import-clipper/index.ts	verbatim		14	0	txt
ac_cloud-notes/packages/frontend/core/src/modules/import-clipper/services/import.ts	verbatim		405	0	txt
ac_cloud-notes/packages/frontend/core/src/modules/import-clipper/services/share-block-plan.ts	verbatim		128	0	txt
ac_cloud-notes/packages/frontend/core/src/modules/import-template/entities/downloader.ts	verbatim		37	0	txt
ac_cloud-notes/packages/frontend/core/src/modules/import-template/index.ts	verbatim		15	0	txt
ac_cloud-notes/packages/frontend/core/src/modules/import-template/services/downloader.ts	verbatim		5	0	txt
ac_cloud-notes/packages/frontend/core/src/modules/import-template/services/import.ts	verbatim		65	0	txt
ac_cloud-notes/packages/frontend/core/src/modules/import-template/store/downloader.ts	verbatim		13	0	txt
ac_cloud-notes/packages/frontend/core/src/modules/import/index.ts	verbatim		27	0	txt
ac_cloud-notes/packages/frontend/core/src/modules/import/runtime-config.ts	verbatim		15	0	txt
ac_cloud-notes/packages/frontend/core/src/modules/import/services/service.ts	verbatim		185	0	txt
ac_cloud-notes/packages/frontend/core/src/modules/index.ts	verbatim		137	0	txt
ac_cloud-notes/packages/frontend/core/src/modules/integration/constant.ts	verbatim		59	0	txt
ac_cloud-notes/packages/frontend/core/src/modules/integration/entities/calendar.ts	verbatim		202	0	txt
ac_cloud-notes/packages/frontend/core/src/modules/integration/entities/readwise-crawler.ts	verbatim		154	0	txt
ac_cloud-notes/packages/frontend/core/src/modules/integration/entities/readwise.ts	verbatim		224	0	txt
ac_cloud-notes/packages/frontend/core/src/modules/integration/entities/writer.ts	verbatim		105	0	txt
ac_cloud-notes/packages/frontend/core/src/modules/integration/index.ts	verbatim		43	0	txt
ac_cloud-notes/packages/frontend/core/src/modules/integration/services/integration-property.ts	verbatim		40	0	txt
ac_cloud-notes/packages/frontend/core/src/modules/integration/services/integration.ts	verbatim		17	0	txt
ac_cloud-notes/packages/frontend/core/src/modules/integration/store/calendar.ts	verbatim		89	0	txt
ac_cloud-notes/packages/frontend/core/src/modules/integration/store/integration-ref.ts	verbatim		40	0	txt
ac_cloud-notes/packages/frontend/core/src/modules/integration/store/readwise.ts	verbatim		79	0	txt
ac_cloud-notes/packages/frontend/core/src/modules/integration/type.ts	verbatim		106	0	txt
ac_cloud-notes/packages/frontend/core/src/modules/integration/utils/encrypt.ts	verbatim		28	0	txt
ac_cloud-notes/packages/frontend/core/src/modules/integration/views/icon.tsx	verbatim		12	0	txt
ac_cloud-notes/packages/frontend/core/src/modules/integration/views/properties-table.tsx	verbatim		69	0	txt
ac_cloud-notes/packages/frontend/core/src/modules/integration/views/property-values/date-value.tsx	verbatim		20	0	txt
ac_cloud-notes/packages/frontend/core/src/modules/integration/views/property-values/index.tsx	verbatim		43	0	txt
ac_cloud-notes/packages/frontend/core/src/modules/integration/views/property-values/link-value.tsx	verbatim		15	0	txt
ac_cloud-notes/packages/frontend/core/src/modules/integration/views/property-values/source-value.tsx	verbatim		23	0	txt
ac_cloud-notes/packages/frontend/core/src/modules/integration/views/property-values/styles.css.ts	verbatim		34	0	txt
ac_cloud-notes/packages/frontend/core/src/modules/integration/views/property-values/text-value.tsx	verbatim		9	0	txt
ac_cloud-notes/packages/frontend/core/src/modules/integration/views/property-values/type.ts	verbatim		5	0	txt
ac_cloud-notes/packages/frontend/core/src/modules/journal/__tests__/journal-store.spec.ts	verbatim		62	0	txt
ac_cloud-notes/packages/frontend/core/src/modules/journal/__tests__/suggest-date.spec.ts	verbatim		153	0	txt
ac_cloud-notes/packages/frontend/core/src/modules/journal/index.ts	verbatim		22	0	txt
ac_cloud-notes/packages/frontend/core/src/modules/journal/services/journal-doc.ts	verbatim		17	0	txt
ac_cloud-notes/packages/frontend/core/src/modules/journal/services/journal.ts	verbatim		79	0	txt
ac_cloud-notes/packages/frontend/core/src/modules/journal/store/journal.ts	verbatim		65	0	txt
ac_cloud-notes/packages/frontend/core/src/modules/journal/suggest-journal-date.ts	verbatim		109	0	txt
ac_cloud-notes/packages/frontend/core/src/modules/lifecycle/index.ts	verbatim		10	0	txt
ac_cloud-notes/packages/frontend/core/src/modules/lifecycle/service/lifecycle.ts	verbatim		21	0	txt
ac_cloud-notes/packages/frontend/core/src/modules/media/audio-sync-diagram.md	verbatim		24	0	txt
ac_cloud-notes/packages/frontend/core/src/modules/media/entities/audio-attachment-block.ts	verbatim		267	0	txt
ac_cloud-notes/packages/frontend/core/src/modules/media/entities/audio-media.ts	verbatim		411	0	txt
ac_cloud-notes/packages/frontend/core/src/modules/media/entities/audio-transcription-job-store.spec.ts	verbatim		123	0	txt
ac_cloud-notes/packages/frontend/core/src/modules/media/entities/audio-transcription-job-store.ts	verbatim		106	0	txt
ac_cloud-notes/packages/frontend/core/src/modules/media/entities/audio-transcription-job.spec.ts	verbatim		103	0	txt
ac_cloud-notes/packages/frontend/core/src/modules/media/entities/audio-transcription-job.ts	verbatim		325	0	txt
ac_cloud-notes/packages/frontend/core/src/modules/media/entities/transcription-result.spec.ts	verbatim		111	0	txt
ac_cloud-notes/packages/frontend/core/src/modules/media/entities/transcription-result.ts	verbatim		79	0	txt
ac_cloud-notes/packages/frontend/core/src/modules/media/entities/types.ts	verbatim		11	0	txt
ac_cloud-notes/packages/frontend/core/src/modules/media/index.ts	verbatim		51	0	txt
ac_cloud-notes/packages/frontend/core/src/modules/media/providers/global-audio-state.ts	verbatim		105	0	txt
ac_cloud-notes/packages/frontend/core/src/modules/media/services/audio-attachment.ts	verbatim		43	0	txt
ac_cloud-notes/packages/frontend/core/src/modules/media/services/audio-media-manager.ts	verbatim		331	0	txt
ac_cloud-notes/packages/frontend/core/src/modules/media/services/meeting-settings.ts	verbatim		134	0	txt
ac_cloud-notes/packages/frontend/core/src/modules/media/utils.ts	verbatim		65	0	txt
ac_cloud-notes/packages/frontend/core/src/modules/mermaid/renderer/index.ts	verbatim		33	0	txt
ac_cloud-notes/packages/frontend/core/src/modules/mermaid/renderer/mermaid.worker.ts	verbatim		54	0	txt
ac_cloud-notes/packages/frontend/core/src/modules/mermaid/renderer/types.ts	verbatim		26	0	txt
ac_cloud-notes/packages/frontend/core/src/modules/navigation-panel/index.ts	verbatim		10	0	txt
ac_cloud-notes/packages/frontend/core/src/modules/navigation-panel/services/navigation-panel.ts	verbatim		41	0	txt
ac_cloud-notes/packages/frontend/core/src/modules/navigation/README.md	verbatim		2	0	txt
ac_cloud-notes/packages/frontend/core/src/modules/navigation/__tests__/utils.spec.ts	verbatim		183	0	txt
ac_cloud-notes/packages/frontend/core/src/modules/navigation/entities/navigator.ts	verbatim		49	0	txt
ac_cloud-notes/packages/frontend/core/src/modules/navigation/index.ts	verbatim		19	0	txt
ac_cloud-notes/packages/frontend/core/src/modules/navigation/services/navigator.ts	verbatim		5	0	txt
ac_cloud-notes/packages/frontend/core/src/modules/navigation/utils.ts	verbatim		187	0	txt
ac_cloud-notes/packages/frontend/core/src/modules/navigation/view/navigation-buttons.css.ts	verbatim		11	0	txt
ac_cloud-notes/packages/frontend/core/src/modules/navigation/view/navigation-buttons.tsx	verbatim		71	0	txt
ac_cloud-notes/packages/frontend/core/src/modules/navigation/view/use-register-navigation-commands.ts	verbatim		49	0	txt
ac_cloud-notes/packages/frontend/core/src/modules/notification/index.ts	verbatim		36	0	txt
ac_cloud-notes/packages/frontend/core/src/modules/notification/services/count.spec.ts	verbatim		69	0	txt
ac_cloud-notes/packages/frontend/core/src/modules/notification/services/count.ts	verbatim		84	0	txt
ac_cloud-notes/packages/frontend/core/src/modules/notification/services/list.ts	verbatim		103	0	txt
ac_cloud-notes/packages/frontend/core/src/modules/notification/services/notification.ts	verbatim		21	0	txt
ac_cloud-notes/packages/frontend/core/src/modules/notification/stores/notification.ts	verbatim		94	0	txt
ac_cloud-notes/packages/frontend/core/src/modules/open-in-app/__tests__/deeplink.spec.ts	verbatim		60	0	txt
ac_cloud-notes/packages/frontend/core/src/modules/open-in-app/index.ts	verbatim		10	0	txt
ac_cloud-notes/packages/frontend/core/src/modules/open-in-app/services/index.ts	verbatim		82	0	txt
ac_cloud-notes/packages/frontend/core/src/modules/open-in-app/utils.ts	verbatim		92	0	txt
ac_cloud-notes/packages/frontend/core/src/modules/open-in-app/views/open-in-app-guard.tsx	verbatim		35	0	txt
ac_cloud-notes/packages/frontend/core/src/modules/open-in-app/views/open-in-app-page.css.ts	verbatim		84	0	txt
ac_cloud-notes/packages/frontend/core/src/modules/open-in-app/views/open-in-app-page.tsx	verbatim		136	0	txt
ac_cloud-notes/packages/frontend/core/src/modules/organize/constants.ts	verbatim		11	0	txt
ac_cloud-notes/packages/frontend/core/src/modules/organize/entities/folder-node.ts	verbatim		157	0	txt
ac_cloud-notes/packages/frontend/core/src/modules/organize/entities/folder-tree.ts	verbatim		29	0	txt
ac_cloud-notes/packages/frontend/core/src/modules/organize/index.ts	verbatim		17	0	txt
ac_cloud-notes/packages/frontend/core/src/modules/organize/services/organize.ts	verbatim		5	0	txt
ac_cloud-notes/packages/frontend/core/src/modules/organize/stores/folder.ts	verbatim		138	0	txt
ac_cloud-notes/packages/frontend/core/src/modules/organize/types.ts	verbatim		7	0	txt
ac_cloud-notes/packages/frontend/core/src/modules/paywall/index.ts	verbatim		7	0	txt
ac_cloud-notes/packages/frontend/core/src/modules/paywall/providers/native-paywall.ts	verbatim		7	0	txt
ac_cloud-notes/packages/frontend/core/src/modules/paywall/services/native-paywall.ts	verbatim		10	0	txt
ac_cloud-notes/packages/frontend/core/src/modules/pdf/cache/bitmap-cache.ts	verbatim		136	0	txt
ac_cloud-notes/packages/frontend/core/src/modules/pdf/entities/pdf-page.ts	verbatim		35	0	txt
ac_cloud-notes/packages/frontend/core/src/modules/pdf/entities/pdf.ts	verbatim		78	0	txt
ac_cloud-notes/packages/frontend/core/src/modules/pdf/index.ts	verbatim		16	0	txt
ac_cloud-notes/packages/frontend/core/src/modules/pdf/renderer/index.ts	verbatim		8	0	txt
ac_cloud-notes/packages/frontend/core/src/modules/pdf/renderer/pdf.worker.ts	verbatim		136	0	txt
ac_cloud-notes/packages/frontend/core/src/modules/pdf/renderer/types.ts	verbatim		24	0	txt
ac_cloud-notes/packages/frontend/core/src/modules/pdf/services/pdf.ts	verbatim		23	0	txt
ac_cloud-notes/packages/frontend/core/src/modules/pdf/views/components.tsx	verbatim		134	0	txt
ac_cloud-notes/packages/frontend/core/src/modules/pdf/views/index.ts	verbatim		13	0	txt
ac_cloud-notes/packages/frontend/core/src/modules/pdf/views/page-renderer.tsx	verbatim		194	0	txt
ac_cloud-notes/packages/frontend/core/src/modules/pdf/views/styles.css.ts	verbatim		48	0	txt
ac_cloud-notes/packages/frontend/core/src/modules/peek-view/entities/peek-view.ts	verbatim		274	0	txt
ac_cloud-notes/packages/frontend/core/src/modules/peek-view/index.ts	verbatim		13	0	txt
ac_cloud-notes/packages/frontend/core/src/modules/peek-view/services/peek-view.ts	verbatim		7	0	txt
ac_cloud-notes/packages/frontend/core/src/modules/peek-view/view/ai-chat-block-peek-view/index.tsx	verbatim		70	0	txt
ac_cloud-notes/packages/frontend/core/src/modules/peek-view/view/attachment-preview/index.tsx	verbatim		23	0	txt
ac_cloud-notes/packages/frontend/core/src/modules/peek-view/view/doc-preview/doc-peek-view.css.ts	verbatim		25	0	txt
ac_cloud-notes/packages/frontend/core/src/modules/peek-view/view/doc-preview/doc-peek-view.tsx	verbatim		218	0	txt
ac_cloud-notes/packages/frontend/core/src/modules/peek-view/view/doc-preview/index.ts	verbatim		1	0	txt
ac_cloud-notes/packages/frontend/core/src/modules/peek-view/view/image-preview/hooks/use-zoom.tsx	verbatim		204	0	txt
ac_cloud-notes/packages/frontend/core/src/modules/peek-view/view/image-preview/index.css.ts	verbatim		132	0	txt
ac_cloud-notes/packages/frontend/core/src/modules/peek-view/view/image-preview/index.tsx	verbatim		464	0	txt
ac_cloud-notes/packages/frontend/core/src/modules/peek-view/view/index.ts	verbatim		2	0	txt
ac_cloud-notes/packages/frontend/core/src/modules/peek-view/view/modal-container.css.ts	verbatim		115	0	txt
ac_cloud-notes/packages/frontend/core/src/modules/peek-view/view/modal-container.tsx	verbatim		406	0	txt
ac_cloud-notes/packages/frontend/core/src/modules/peek-view/view/peek-view-controls.css.ts	verbatim		30	0	txt
ac_cloud-notes/packages/frontend/core/src/modules/peek-view/view/peek-view-controls.tsx	verbatim		274	0	txt
ac_cloud-notes/packages/frontend/core/src/modules/peek-view/view/peek-view-manager.tsx	verbatim		137	0	txt
ac_cloud-notes/packages/frontend/core/src/modules/peek-view/view/utils.ts	verbatim		84	0	txt
ac_cloud-notes/packages/frontend/core/src/modules/permissions/entities/members.ts	verbatim		73	0	txt
ac_cloud-notes/packages/frontend/core/src/modules/permissions/entities/permission.ts	verbatim		93	0	txt
ac_cloud-notes/packages/frontend/core/src/modules/permissions/index.ts	verbatim		74	0	txt
ac_cloud-notes/packages/frontend/core/src/modules/permissions/services/doc-granted-users.ts	verbatim		156	0	txt
ac_cloud-notes/packages/frontend/core/src/modules/permissions/services/guard.ts	verbatim		177	0	txt
ac_cloud-notes/packages/frontend/core/src/modules/permissions/services/member-search.ts	verbatim		83	0	txt
ac_cloud-notes/packages/frontend/core/src/modules/permissions/services/members.ts	verbatim		53	0	txt
ac_cloud-notes/packages/frontend/core/src/modules/permissions/services/permission.ts	verbatim		21	0	txt
ac_cloud-notes/packages/frontend/core/src/modules/permissions/stores/doc-granted-users.ts	verbatim		116	0	txt
ac_cloud-notes/packages/frontend/core/src/modules/permissions/stores/guard.ts	verbatim		47	0	txt
ac_cloud-notes/packages/frontend/core/src/modules/permissions/stores/member-search.ts	verbatim		31	0	txt
ac_cloud-notes/packages/frontend/core/src/modules/permissions/stores/members.ts	verbatim		135	0	txt
ac_cloud-notes/packages/frontend/core/src/modules/permissions/stores/permission.ts	verbatim		55	0	txt
ac_cloud-notes/packages/frontend/core/src/modules/permissions/stores/realtime-mappers.ts	verbatim		21	0	txt
ac_cloud-notes/packages/frontend/core/src/modules/quicksearch/entities/quick-search.ts	verbatim		107	0	txt
ac_cloud-notes/packages/frontend/core/src/modules/quicksearch/impls/collections.ts	verbatim		68	0	txt
ac_cloud-notes/packages/frontend/core/src/modules/quicksearch/impls/commands.ts	verbatim		200	0	txt
ac_cloud-notes/packages/frontend/core/src/modules/quicksearch/impls/creation.ts	verbatim		50	0	txt
ac_cloud-notes/packages/frontend/core/src/modules/quicksearch/impls/docs.ts	verbatim		212	0	txt
ac_cloud-notes/packages/frontend/core/src/modules/quicksearch/impls/external-links.ts	verbatim		46	0	txt
ac_cloud-notes/packages/frontend/core/src/modules/quicksearch/impls/journals.ts	verbatim		97	0	txt
ac_cloud-notes/packages/frontend/core/src/modules/quicksearch/impls/links.ts	verbatim		75	0	txt
ac_cloud-notes/packages/frontend/core/src/modules/quicksearch/impls/recent-docs.ts	verbatim		54	0	txt
ac_cloud-notes/packages/frontend/core/src/modules/quicksearch/impls/tags.ts	verbatim		79	0	txt
ac_cloud-notes/packages/frontend/core/src/modules/quicksearch/index.ts	verbatim		82	0	txt
ac_cloud-notes/packages/frontend/core/src/modules/quicksearch/providers/quick-search-provider.ts	verbatim		23	0	txt
ac_cloud-notes/packages/frontend/core/src/modules/quicksearch/services/cmdk.ts	verbatim		110	0	txt
ac_cloud-notes/packages/frontend/core/src/modules/quicksearch/services/quick-search.ts	verbatim		5	0	txt
ac_cloud-notes/packages/frontend/core/src/modules/quicksearch/services/recent-pages.ts	verbatim		34	0	txt
ac_cloud-notes/packages/frontend/core/src/modules/quicksearch/types/group.ts	verbatim		6	0	txt
ac_cloud-notes/packages/frontend/core/src/modules/quicksearch/types/item.ts	verbatim		20	0	txt
ac_cloud-notes/packages/frontend/core/src/modules/quicksearch/types/options.ts	verbatim		6	0	txt
ac_cloud-notes/packages/frontend/core/src/modules/quicksearch/utils/highlighter.ts	verbatim		65	0	txt
ac_cloud-notes/packages/frontend/core/src/modules/quicksearch/views/cmdk.css.ts	verbatim		189	0	txt
ac_cloud-notes/packages/frontend/core/src/modules/quicksearch/views/cmdk.tsx	verbatim		311	0	txt
ac_cloud-notes/packages/frontend/core/src/modules/quicksearch/views/container.tsx	verbatim		83	0	txt
ac_cloud-notes/packages/frontend/core/src/modules/quicksearch/views/highlight-text.css.ts	verbatim		17	0	txt
ac_cloud-notes/packages/frontend/core/src/modules/quicksearch/views/highlight-text.tsx	verbatim		39	0	txt
ac_cloud-notes/packages/frontend/core/src/modules/quicksearch/views/modal.css.ts	verbatim		68	0	txt
ac_cloud-notes/packages/frontend/core/src/modules/quicksearch/views/modal.tsx	verbatim		42	0	txt
ac_cloud-notes/packages/frontend/core/src/modules/quicksearch/views/tag-icon.tsx	verbatim		12	0	txt
ac_cloud-notes/packages/frontend/core/src/modules/quota/entities/quota.spec.ts	verbatim		69	0	txt
ac_cloud-notes/packages/frontend/core/src/modules/quota/entities/quota.ts	verbatim		177	0	txt
ac_cloud-notes/packages/frontend/core/src/modules/quota/index.ts	verbatim		15	0	txt
ac_cloud-notes/packages/frontend/core/src/modules/quota/services/quota.ts	verbatim		8	0	txt
ac_cloud-notes/packages/frontend/core/src/modules/quota/stores/quota.ts	verbatim		21	0	txt
ac_cloud-notes/packages/frontend/core/src/modules/quota/views/quota-check.tsx	verbatim		198	0	txt
ac_cloud-notes/packages/frontend/core/src/modules/quota/views/styles.css.ts	verbatim		35	0	txt
ac_cloud-notes/packages/frontend/core/src/modules/search-menu/index.ts	verbatim		20	0	txt
ac_cloud-notes/packages/frontend/core/src/modules/search-menu/services/index.ts	verbatim		352	0	txt
ac_cloud-notes/packages/frontend/core/src/modules/share-doc/entities/share-docs-list.ts	verbatim		63	0	txt
ac_cloud-notes/packages/frontend/core/src/modules/share-doc/entities/share-info.ts	verbatim		91	0	txt
ac_cloud-notes/packages/frontend/core/src/modules/share-doc/index.ts	verbatim		32	0	txt
ac_cloud-notes/packages/frontend/core/src/modules/share-doc/services/share-docs-list.ts	verbatim		15	0	txt
ac_cloud-notes/packages/frontend/core/src/modules/share-doc/services/share-info.ts	verbatim		5	0	txt
ac_cloud-notes/packages/frontend/core/src/modules/share-doc/stores/share-docs.ts	verbatim		23	0	txt
ac_cloud-notes/packages/frontend/core/src/modules/share-doc/stores/share.ts	verbatim		85	0	txt
ac_cloud-notes/packages/frontend/core/src/modules/share-menu/index.ts	verbatim		1	0	txt
ac_cloud-notes/packages/frontend/core/src/modules/share-menu/view/cloud-svg.tsx	verbatim		19	0	txt
ac_cloud-notes/packages/frontend/core/src/modules/share-menu/view/index.tsx	verbatim		50	0	txt
ac_cloud-notes/packages/frontend/core/src/modules/share-menu/view/share-menu/copy-link-button.css.ts	verbatim		122	0	txt
ac_cloud-notes/packages/frontend/core/src/modules/share-menu/view/share-menu/copy-link-button.tsx	verbatim		115	0	txt
ac_cloud-notes/packages/frontend/core/src/modules/share-menu/view/share-menu/general-access/index.ts	verbatim		2	0	txt
ac_cloud-notes/packages/frontend/core/src/modules/share-menu/view/share-menu/general-access/members-permission.tsx	verbatim		189	0	txt
ac_cloud-notes/packages/frontend/core/src/modules/share-menu/view/share-menu/general-access/public-page-button.tsx	verbatim		151	0	txt
ac_cloud-notes/packages/frontend/core/src/modules/share-menu/view/share-menu/general-access/styles.css.ts	verbatim		64	0	txt
ac_cloud-notes/packages/frontend/core/src/modules/share-menu/view/share-menu/index.css.ts	verbatim		143	0	txt
ac_cloud-notes/packages/frontend/core/src/modules/share-menu/view/share-menu/index.jotai.ts	verbatim		2	0	txt
ac_cloud-notes/packages/frontend/core/src/modules/share-menu/view/share-menu/index.tsx	verbatim		1	0	txt
ac_cloud-notes/packages/frontend/core/src/modules/share-menu/view/share-menu/invite-member-editor/index.tsx	verbatim		20	0	txt
ac_cloud-notes/packages/frontend/core/src/modules/share-menu/view/share-menu/invite-member-editor/invite-member-editor.css.ts	verbatim		142	0	txt
ac_cloud-notes/packages/frontend/core/src/modules/share-menu/view/share-menu/invite-member-editor/invite-member-editor.tsx	verbatim		385	0	txt
ac_cloud-notes/packages/frontend/core/src/modules/share-menu/view/share-menu/invite-member-editor/member-item.css.ts	verbatim		58	0	txt
ac_cloud-notes/packages/frontend/core/src/modules/share-menu/view/share-menu/invite-member-editor/member-item.tsx	verbatim		31	0	txt
ac_cloud-notes/packages/frontend/core/src/modules/share-menu/view/share-menu/invite-member-editor/selected-member-item.css.ts	verbatim		50	0	txt
ac_cloud-notes/packages/frontend/core/src/modules/share-menu/view/share-menu/invite-member-editor/selected-member-item.tsx	verbatim		42	0	txt
ac_cloud-notes/packages/frontend/core/src/modules/share-menu/view/share-menu/invite-member-editor/styles.css.ts	verbatim		12	0	txt
ac_cloud-notes/packages/frontend/core/src/modules/share-menu/view/share-menu/member-management/index.tsx	verbatim		136	0	txt
ac_cloud-notes/packages/frontend/core/src/modules/share-menu/view/share-menu/member-management/member-item.css.ts	verbatim		71	0	txt
ac_cloud-notes/packages/frontend/core/src/modules/share-menu/view/share-menu/member-management/member-item.tsx	verbatim		260	0	txt
ac_cloud-notes/packages/frontend/core/src/modules/share-menu/view/share-menu/member-management/member-management.css.ts	verbatim		57	0	txt
ac_cloud-notes/packages/frontend/core/src/modules/share-menu/view/share-menu/member-management/member-management.tsx	verbatim		130	0	txt
ac_cloud-notes/packages/frontend/core/src/modules/share-menu/view/share-menu/member-management/styles.css.ts	verbatim		76	0	txt
ac_cloud-notes/packages/frontend/core/src/modules/share-menu/view/share-menu/plan-tag.css.ts	verbatim		15	0	txt
ac_cloud-notes/packages/frontend/core/src/modules/share-menu/view/share-menu/plan-tag.tsx	verbatim		4	0	txt
ac_cloud-notes/packages/frontend/core/src/modules/share-menu/view/share-menu/scroller.css.ts	verbatim		5	0	txt
ac_cloud-notes/packages/frontend/core/src/modules/share-menu/view/share-menu/scroller.tsx	verbatim		17	0	txt
ac_cloud-notes/packages/frontend/core/src/modules/share-menu/view/share-menu/share-export.tsx	verbatim		42	0	txt
ac_cloud-notes/packages/frontend/core/src/modules/share-menu/view/share-menu/share-menu.tsx	verbatim		287	0	txt
ac_cloud-notes/packages/frontend/core/src/modules/share-menu/view/share-menu/share-page.tsx	verbatim		123	0	txt
ac_cloud-notes/packages/frontend/core/src/modules/share-setting/entities/share-setting.spec.ts	verbatim		72	0	txt
ac_cloud-notes/packages/frontend/core/src/modules/share-setting/entities/share-setting.ts	verbatim		152	0	txt
ac_cloud-notes/packages/frontend/core/src/modules/share-setting/index.ts	verbatim		18	0	txt
ac_cloud-notes/packages/frontend/core/src/modules/share-setting/services/share-setting.ts	verbatim		5	0	txt
ac_cloud-notes/packages/frontend/core/src/modules/share-setting/stores/share-setting.ts	verbatim		100	0	txt
ac_cloud-notes/packages/frontend/core/src/modules/shared/worker-op-renderer.spec.ts	verbatim		33	0	txt
ac_cloud-notes/packages/frontend/core/src/modules/shared/worker-op-renderer.ts	verbatim		40	0	txt
ac_cloud-notes/packages/frontend/core/src/modules/storage/impls/electron.ts	verbatim		61	0	txt
ac_cloud-notes/packages/frontend/core/src/modules/storage/impls/storage.ts	verbatim		203	0	txt
ac_cloud-notes/packages/frontend/core/src/modules/storage/index.ts	verbatim		47	0	txt
ac_cloud-notes/packages/frontend/core/src/modules/storage/providers/global.ts	verbatim		29	0	txt
ac_cloud-notes/packages/frontend/core/src/modules/storage/providers/nbstore.ts	verbatim		26	0	txt
ac_cloud-notes/packages/frontend/core/src/modules/storage/services/global.ts	verbatim		21	0	txt
ac_cloud-notes/packages/frontend/core/src/modules/storage/services/nbstore.ts	verbatim		14	0	txt
ac_cloud-notes/packages/frontend/core/src/modules/system-font-family/entities/system-font-family.ts	verbatim		61	0	txt
ac_cloud-notes/packages/frontend/core/src/modules/system-font-family/index.ts	verbatim		8	0	txt
ac_cloud-notes/packages/frontend/core/src/modules/system-font-family/services/system-font-family.ts	verbatim		6	0	txt
ac_cloud-notes/packages/frontend/core/src/modules/tag/entities/tag-list.ts	verbatim		69	0	txt
ac_cloud-notes/packages/frontend/core/src/modules/tag/entities/tag.ts	verbatim		56	0	txt
ac_cloud-notes/packages/frontend/core/src/modules/tag/entities/utils.ts	verbatim		52	0	txt
ac_cloud-notes/packages/frontend/core/src/modules/tag/index.ts	verbatim		22	0	txt
ac_cloud-notes/packages/frontend/core/src/modules/tag/service/tag.ts	verbatim		26	0	txt
ac_cloud-notes/packages/frontend/core/src/modules/tag/stores/tag.ts	verbatim		159	0	txt
ac_cloud-notes/packages/frontend/core/src/modules/tag/view/delete-tag-modal.tsx	verbatim		71	0	txt
ac_cloud-notes/packages/frontend/core/src/modules/telemetry/index.ts	verbatim		7	0	txt
ac_cloud-notes/packages/frontend/core/src/modules/telemetry/services/telemetry.ts	verbatim		129	0	txt
ac_cloud-notes/packages/frontend/core/src/modules/template-doc/entities/list.ts	verbatim		20	0	txt
ac_cloud-notes/packages/frontend/core/src/modules/template-doc/entities/setting.ts	verbatim		21	0	txt
ac_cloud-notes/packages/frontend/core/src/modules/template-doc/index.ts	verbatim		19	0	txt
ac_cloud-notes/packages/frontend/core/src/modules/template-doc/services/template-doc.ts	verbatim		7	0	txt
ac_cloud-notes/packages/frontend/core/src/modules/template-doc/store/list.ts	verbatim		27	0	txt
ac_cloud-notes/packages/frontend/core/src/modules/template-doc/store/setting.ts	verbatim		41	0	txt
ac_cloud-notes/packages/frontend/core/src/modules/template-doc/type.ts	verbatim		5	0	txt
ac_cloud-notes/packages/frontend/core/src/modules/template-doc/view/styles.css.ts	verbatim		41	0	txt
ac_cloud-notes/packages/frontend/core/src/modules/template-doc/view/template-list-menu.tsx	verbatim		160	0	txt
ac_cloud-notes/packages/frontend/core/src/modules/theme-editor/index.ts	verbatim		7	0	txt
ac_cloud-notes/packages/frontend/core/src/modules/theme-editor/services/theme-editor.ts	verbatim		55	0	txt
ac_cloud-notes/packages/frontend/core/src/modules/theme-editor/types.ts	verbatim		4	0	txt
ac_cloud-notes/packages/frontend/core/src/modules/theme/entities/theme.ts	verbatim		19	0	txt
ac_cloud-notes/packages/frontend/core/src/modules/theme/index.ts	verbatim		10	0	txt
ac_cloud-notes/packages/frontend/core/src/modules/theme/services/theme.ts	verbatim		5	0	txt
ac_cloud-notes/packages/frontend/core/src/modules/typst/renderer/index.ts	verbatim		27	0	txt
ac_cloud-notes/packages/frontend/core/src/modules/typst/renderer/runtime.spec.ts	verbatim		72	0	txt
ac_cloud-notes/packages/frontend/core/src/modules/typst/renderer/runtime.ts	verbatim		181	0	txt
ac_cloud-notes/packages/frontend/core/src/modules/typst/renderer/types.ts	verbatim		15	0	txt
ac_cloud-notes/packages/frontend/core/src/modules/typst/renderer/typst.worker.ts	verbatim		34	0	txt
ac_cloud-notes/packages/frontend/core/src/modules/url/index.ts	verbatim		17	0	txt
ac_cloud-notes/packages/frontend/core/src/modules/url/providers/client-schema.ts	verbatim		10	0	txt
ac_cloud-notes/packages/frontend/core/src/modules/url/providers/popup-window.ts	verbatim		11	0	txt
ac_cloud-notes/packages/frontend/core/src/modules/url/services/url.ts	verbatim		52	0	txt
ac_cloud-notes/packages/frontend/core/src/modules/userspace/entities/current-user-db.ts	verbatim		33	0	txt
ac_cloud-notes/packages/frontend/core/src/modules/userspace/entities/user-db-engine.ts	verbatim		77	0	txt
ac_cloud-notes/packages/frontend/core/src/modules/userspace/entities/user-db-table.ts	verbatim		29	0	txt
ac_cloud-notes/packages/frontend/core/src/modules/userspace/entities/user-db.ts	verbatim		44	0	txt
ac_cloud-notes/packages/frontend/core/src/modules/userspace/index.ts	verbatim		19	0	txt
ac_cloud-notes/packages/frontend/core/src/modules/userspace/schema/index.ts	verbatim		8	0	txt
ac_cloud-notes/packages/frontend/core/src/modules/userspace/services/userspace.ts	verbatim		30	0	txt
ac_cloud-notes/packages/frontend/core/src/modules/workbench/README.md	verbatim		31	0	txt
ac_cloud-notes/packages/frontend/core/src/modules/workbench/constants.tsx	verbatim		27	0	txt
ac_cloud-notes/packages/frontend/core/src/modules/workbench/entities/sidebar-tab.ts	verbatim		4	0	txt
ac_cloud-notes/packages/frontend/core/src/modules/workbench/entities/view.ts	verbatim		167	0	txt
ac_cloud-notes/packages/frontend/core/src/modules/workbench/entities/workbench.ts	verbatim		273	0	txt
ac_cloud-notes/packages/frontend/core/src/modules/workbench/index.ts	verbatim		72	0	txt
ac_cloud-notes/packages/frontend/core/src/modules/workbench/scopes/view.ts	verbatim		5	0	txt
ac_cloud-notes/packages/frontend/core/src/modules/workbench/services/desktop-state-synchronizer.ts	verbatim		144	0	txt
ac_cloud-notes/packages/frontend/core/src/modules/workbench/services/view.ts	verbatim		8	0	txt
ac_cloud-notes/packages/frontend/core/src/modules/workbench/services/workbench-new-tab-handler.ts	verbatim		35	0	txt
ac_cloud-notes/packages/frontend/core/src/modules/workbench/services/workbench-view-state.ts	verbatim		58	0	txt
ac_cloud-notes/packages/frontend/core/src/modules/workbench/services/workbench.ts	verbatim		25	0	txt
ac_cloud-notes/packages/frontend/core/src/modules/workbench/view/browser-adapter.ts	verbatim		128	0	txt
ac_cloud-notes/packages/frontend/core/src/modules/workbench/view/desktop-adapter.ts	verbatim		51	0	txt
ac_cloud-notes/packages/frontend/core/src/modules/workbench/view/route-container.css.ts	verbatim		66	0	txt
ac_cloud-notes/packages/frontend/core/src/modules/workbench/view/route-container.tsx	verbatim		84	0	txt
ac_cloud-notes/packages/frontend/core/src/modules/workbench/view/sidebar/sidebar-container.css.ts	verbatim		45	0	txt
ac_cloud-notes/packages/frontend/core/src/modules/workbench/view/sidebar/sidebar-container.tsx	verbatim		47	0	txt
ac_cloud-notes/packages/frontend/core/src/modules/workbench/view/sidebar/sidebar-header-switcher.css.ts	verbatim		7	0	txt
ac_cloud-notes/packages/frontend/core/src/modules/workbench/view/sidebar/sidebar-header-switcher.tsx	verbatim		43	0	txt
ac_cloud-notes/packages/frontend/core/src/modules/workbench/view/sidebar/sidebar-header.css.ts	verbatim		30	0	txt
ac_cloud-notes/packages/frontend/core/src/modules/workbench/view/sidebar/sidebar-header.tsx	verbatim		68	0	txt
ac_cloud-notes/packages/frontend/core/src/modules/workbench/view/split-view/indicator.css.ts	verbatim		80	0	txt
ac_cloud-notes/packages/frontend/core/src/modules/workbench/view/split-view/indicator.tsx	verbatim		117	0	txt
ac_cloud-notes/packages/frontend/core/src/modules/workbench/view/split-view/panel.tsx	verbatim		334	0	txt
ac_cloud-notes/packages/frontend/core/src/modules/workbench/view/split-view/resize-handle.tsx	verbatim		96	0	txt
ac_cloud-notes/packages/frontend/core/src/modules/workbench/view/split-view/split-view.css.ts	verbatim		209	0	txt
ac_cloud-notes/packages/frontend/core/src/modules/workbench/view/split-view/split-view.tsx	verbatim		226	0	txt
ac_cloud-notes/packages/frontend/core/src/modules/workbench/view/split-view/state.ts	verbatim		20	0	txt
ac_cloud-notes/packages/frontend/core/src/modules/workbench/view/split-view/types.ts	verbatim		13	0	txt
ac_cloud-notes/packages/frontend/core/src/modules/workbench/view/use-is-active-view.tsx	verbatim		9	0	txt
ac_cloud-notes/packages/frontend/core/src/modules/workbench/view/use-view-position.tsx	verbatim		29	0	txt
ac_cloud-notes/packages/frontend/core/src/modules/workbench/view/view-islands.tsx	verbatim		207	0	txt
ac_cloud-notes/packages/frontend/core/src/modules/workbench/view/view-meta.tsx	verbatim		41	0	txt
ac_cloud-notes/packages/frontend/core/src/modules/workbench/view/view-root.tsx	verbatim		39	0	txt
ac_cloud-notes/packages/frontend/core/src/modules/workbench/view/workbench-link.tsx	verbatim		106	0	txt
ac_cloud-notes/packages/frontend/core/src/modules/workbench/view/workbench-root.css.ts	verbatim		27	0	txt
ac_cloud-notes/packages/frontend/core/src/modules/workbench/view/workbench-root.tsx	verbatim		160	0	txt
ac_cloud-notes/packages/frontend/core/src/modules/workspace-engine/impls/cloud.ts	verbatim		685	0	txt
ac_cloud-notes/packages/frontend/core/src/modules/workspace-engine/impls/local.ts	verbatim		486	0	txt
ac_cloud-notes/packages/frontend/core/src/modules/workspace-engine/impls/out-worker.ts	verbatim		12	0	txt
ac_cloud-notes/packages/frontend/core/src/modules/workspace-engine/impls/worker-ops.ts	verbatim		4	0	txt
ac_cloud-notes/packages/frontend/core/src/modules/workspace-engine/impls/workspace-id-utils.ts	verbatim		7	0	txt
ac_cloud-notes/packages/frontend/core/src/modules/workspace-engine/impls/workspace-profile.worker.ts	verbatim		19	0	txt
ac_cloud-notes/packages/frontend/core/src/modules/workspace-engine/index.ts	verbatim		25	0	txt
ac_cloud-notes/packages/frontend/core/src/modules/workspace-engine/utils/__tests__/base64.spec.ts	verbatim		17	0	txt
ac_cloud-notes/packages/frontend/core/src/modules/workspace-engine/utils/__tests__/buffer-to-blob.spec.ts	verbatim		15	0	txt
ac_cloud-notes/packages/frontend/core/src/modules/workspace-engine/utils/base64.ts	verbatim		32	0	txt
ac_cloud-notes/packages/frontend/core/src/modules/workspace-engine/utils/buffer-to-blob.ts	verbatim		53	0	txt
ac_cloud-notes/packages/frontend/core/src/modules/workspace-indexer-embedding/constants.ts	verbatim		1	0	txt
ac_cloud-notes/packages/frontend/core/src/modules/workspace-indexer-embedding/entities/additional-attachments.ts	verbatim		167	0	txt
ac_cloud-notes/packages/frontend/core/src/modules/workspace-indexer-embedding/entities/embedding-enabled.ts	verbatim		57	0	txt
ac_cloud-notes/packages/frontend/core/src/modules/workspace-indexer-embedding/entities/embedding-progress.ts	verbatim		85	0	txt
ac_cloud-notes/packages/frontend/core/src/modules/workspace-indexer-embedding/entities/ignored-docs.ts	verbatim		64	0	txt
ac_cloud-notes/packages/frontend/core/src/modules/workspace-indexer-embedding/index.ts	verbatim		24	0	txt
ac_cloud-notes/packages/frontend/core/src/modules/workspace-indexer-embedding/services/embedding.ts	verbatim		11	0	txt
ac_cloud-notes/packages/frontend/core/src/modules/workspace-indexer-embedding/stores/embedding.ts	verbatim		172	0	txt
ac_cloud-notes/packages/frontend/core/src/modules/workspace-indexer-embedding/types.ts	verbatim		28	0	txt
ac_cloud-notes/packages/frontend/core/src/modules/workspace-indexer-embedding/utils.ts	verbatim		35	0	txt
ac_cloud-notes/packages/frontend/core/src/modules/workspace-indexer-embedding/view/attachments.tsx	verbatim		185	0	txt
ac_cloud-notes/packages/frontend/core/src/modules/workspace-indexer-embedding/view/embedding-progress.tsx	verbatim		57	0	txt
ac_cloud-notes/packages/frontend/core/src/modules/workspace-indexer-embedding/view/embedding-settings.tsx	verbatim		298	0	txt
ac_cloud-notes/packages/frontend/core/src/modules/workspace-indexer-embedding/view/ignored-docs.tsx	verbatim		84	0	txt
ac_cloud-notes/packages/frontend/core/src/modules/workspace-indexer-embedding/view/index.tsx	verbatim		1	0	txt
ac_cloud-notes/packages/frontend/core/src/modules/workspace-indexer-embedding/view/styles-css.ts	verbatim		135	0	txt
ac_cloud-notes/packages/frontend/core/src/modules/workspace-property/constants.ts	verbatim		59	0	txt
ac_cloud-notes/packages/frontend/core/src/modules/workspace-property/index.ts	verbatim		14	0	txt
ac_cloud-notes/packages/frontend/core/src/modules/workspace-property/services/workspace-property.ts	verbatim		70	0	txt
ac_cloud-notes/packages/frontend/core/src/modules/workspace-property/stores/workspace-property.ts	verbatim		157	0	txt
ac_cloud-notes/packages/frontend/core/src/modules/workspace-property/types.ts	verbatim		48	0	txt
ac_cloud-notes/packages/frontend/core/src/modules/workspace/entities/engine.ts	verbatim		79	0	txt
ac_cloud-notes/packages/frontend/core/src/modules/workspace/entities/list.ts	verbatim		43	0	txt
ac_cloud-notes/packages/frontend/core/src/modules/workspace/entities/profile.ts	verbatim		92	0	txt
ac_cloud-notes/packages/frontend/core/src/modules/workspace/entities/workspace.ts	verbatim		155	0	txt
ac_cloud-notes/packages/frontend/core/src/modules/workspace/events/index.ts	verbatim		9	0	txt
ac_cloud-notes/packages/frontend/core/src/modules/workspace/global-schema.ts	verbatim		16	0	txt
ac_cloud-notes/packages/frontend/core/src/modules/workspace/impls/doc.ts	verbatim		144	0	txt
ac_cloud-notes/packages/frontend/core/src/modules/workspace/impls/meta.ts	verbatim		173	0	txt
ac_cloud-notes/packages/frontend/core/src/modules/workspace/impls/storage.ts	verbatim		61	0	txt
ac_cloud-notes/packages/frontend/core/src/modules/workspace/impls/workspace.ts	verbatim		155	0	txt
ac_cloud-notes/packages/frontend/core/src/modules/workspace/index.ts	verbatim		86	0	txt
ac_cloud-notes/packages/frontend/core/src/modules/workspace/metadata.ts	verbatim		7	0	txt
ac_cloud-notes/packages/frontend/core/src/modules/workspace/open-options.ts	verbatim		5	0	txt
ac_cloud-notes/packages/frontend/core/src/modules/workspace/providers/flavour.ts	verbatim		64	0	txt
ac_cloud-notes/packages/frontend/core/src/modules/workspace/providers/storage.ts	verbatim		9	0	txt
ac_cloud-notes/packages/frontend/core/src/modules/workspace/scopes/workspace.ts	verbatim		7	0	txt
ac_cloud-notes/packages/frontend/core/src/modules/workspace/services/destroy.ts	verbatim		17	0	txt
ac_cloud-notes/packages/frontend/core/src/modules/workspace/services/engine.ts	verbatim		24	0	txt
ac_cloud-notes/packages/frontend/core/src/modules/workspace/services/factory.ts	verbatim		32	0	txt
ac_cloud-notes/packages/frontend/core/src/modules/workspace/services/flavours.ts	verbatim		14	0	txt
ac_cloud-notes/packages/frontend/core/src/modules/workspace/services/list.ts	verbatim		5	0	txt
ac_cloud-notes/packages/frontend/core/src/modules/workspace/services/profile.ts	verbatim		17	0	txt
ac_cloud-notes/packages/frontend/core/src/modules/workspace/services/repo.ts	verbatim		111	0	txt
ac_cloud-notes/packages/frontend/core/src/modules/workspace/services/transform.ts	verbatim		72	0	txt
ac_cloud-notes/packages/frontend/core/src/modules/workspace/services/workspace.ts	verbatim		14	0	txt
ac_cloud-notes/packages/frontend/core/src/modules/workspace/services/workspaces.ts	verbatim		58	0	txt
ac_cloud-notes/packages/frontend/core/src/modules/workspace/stores/profile-cache.ts	verbatim		30	0	txt
ac_cloud-notes/packages/frontend/core/src/types/dnd.ts	verbatim		135	0	txt
ac_cloud-notes/packages/frontend/core/src/types/types.d.ts	verbatim		33	0	txt
ac_cloud-notes/packages/frontend/core/src/utils/__tests__/extract-emoji-icon.spec.ts	verbatim		24	0	txt
ac_cloud-notes/packages/frontend/core/src/utils/__tests__/first-app-data.spec.ts	verbatim		213	0	txt
ac_cloud-notes/packages/frontend/core/src/utils/__tests__/normalize-search-text.spec.ts	verbatim		25	0	txt
ac_cloud-notes/packages/frontend/core/src/utils/array-buffer.ts	verbatim		30	0	txt
ac_cloud-notes/packages/frontend/core/src/utils/channel.ts	verbatim		46	0	txt
ac_cloud-notes/packages/frontend/core/src/utils/clipboard/fake.ts	verbatim		41	0	txt
ac_cloud-notes/packages/frontend/core/src/utils/clipboard/index.ts	verbatim		44	0	txt
ac_cloud-notes/packages/frontend/core/src/utils/create-emotion-cache.ts	verbatim		8	0	txt
ac_cloud-notes/packages/frontend/core/src/utils/email-regex.ts	verbatim		2	0	txt
ac_cloud-notes/packages/frontend/core/src/utils/event.ts	verbatim		23	0	txt
ac_cloud-notes/packages/frontend/core/src/utils/extract-emoji-icon.ts	verbatim		22	0	txt
ac_cloud-notes/packages/frontend/core/src/utils/first-app-data.ts	verbatim		82	0	txt
ac_cloud-notes/packages/frontend/core/src/utils/fuzzy-match.ts	verbatim		37	0	txt
ac_cloud-notes/packages/frontend/core/src/utils/index.ts	verbatim		8	0	txt
ac_cloud-notes/packages/frontend/core/src/utils/island.tsx	verbatim		52	0	txt
ac_cloud-notes/packages/frontend/core/src/utils/navigable-history.ts	verbatim		194	0	txt
ac_cloud-notes/packages/frontend/core/src/utils/normalize-search-text.ts	verbatim		52	0	txt
ac_cloud-notes/packages/frontend/core/src/utils/opus-encoding.ts	verbatim		425	0	txt
ac_cloud-notes/packages/frontend/core/src/utils/reduce-image.ts	verbatim		44	0	txt
ac_cloud-notes/packages/frontend/core/src/utils/resource.ts	verbatim		44	0	txt
ac_cloud-notes/packages/frontend/core/src/utils/string2color.ts	verbatim		18	0	txt
ac_cloud-notes/packages/frontend/core/src/utils/toast.ts	verbatim		20	0	txt
ac_cloud-notes/packages/frontend/core/src/utils/unflatten-object.ts	verbatim		18	0	txt
ac_cloud-notes/packages/frontend/core/src/utils/unique-name.ts	verbatim		15	0	txt
ac_cloud-notes/packages/frontend/core/src/utils/user-setting.ts	verbatim		32	0	txt
ac_cloud-notes/packages/frontend/core/tsconfig.json	verbatim		30	0	txt
ac_cloud-notes/packages/frontend/electron-api/package.json	verbatim		14	0	txt
ac_cloud-notes/packages/frontend/electron-api/src/index.ts	verbatim		66	0	txt
ac_cloud-notes/packages/frontend/electron-api/tsconfig.json	verbatim		10	0	txt
ac_cloud-notes/packages/frontend/i18n/.gitignore	verbatim		2	0	txt
ac_cloud-notes/packages/frontend/i18n/.i18n-codegen.json	verbatim		21	0	txt
ac_cloud-notes/packages/frontend/i18n/README.md	verbatim		54	0	txt
ac_cloud-notes/packages/frontend/i18n/build.ts	verbatim		206	0	txt
ac_cloud-notes/packages/frontend/i18n/cleanup.mjs	verbatim		64	0	txt
ac_cloud-notes/packages/frontend/i18n/package.json	verbatim		35	0	txt
ac_cloud-notes/packages/frontend/i18n/src/i18n-completenesses.json	verbatim		28	0	txt
ac_cloud-notes/packages/frontend/i18n/src/i18n.gen.ts	verbatim		11205	0	txt
ac_cloud-notes/packages/frontend/i18n/src/i18next.ts	verbatim		153	0	txt
ac_cloud-notes/packages/frontend/i18n/src/index.ts	verbatim		6	0	txt
ac_cloud-notes/packages/frontend/i18n/src/react.ts	verbatim		8	0	txt
ac_cloud-notes/packages/frontend/i18n/src/resources/ar.json	verbatim		2265	0	txt
ac_cloud-notes/packages/frontend/i18n/src/resources/ca.json	verbatim		2196	0	txt
ac_cloud-notes/packages/frontend/i18n/src/resources/da.json	verbatim		77	0	txt
ac_cloud-notes/packages/frontend/i18n/src/resources/de.json	verbatim		2460	0	txt
ac_cloud-notes/packages/frontend/i18n/src/resources/el-GR.json	verbatim		2166	0	txt
ac_cloud-notes/packages/frontend/i18n/src/resources/en.json	verbatim		2605	0	txt
ac_cloud-notes/packages/frontend/i18n/src/resources/es-AR.json	verbatim		47	0	txt
ac_cloud-notes/packages/frontend/i18n/src/resources/es-CL.json	verbatim		39	0	txt
ac_cloud-notes/packages/frontend/i18n/src/resources/es.json	verbatim		2168	0	txt
ac_cloud-notes/packages/frontend/i18n/src/resources/fa.json	verbatim		2166	0	txt
ac_cloud-notes/packages/frontend/i18n/src/resources/fr.json	verbatim		2263	0	txt
ac_cloud-notes/packages/frontend/i18n/src/resources/hi.json	verbatim		25	0	txt
ac_cloud-notes/packages/frontend/i18n/src/resources/index.ts	verbatim		194	0	txt
ac_cloud-notes/packages/frontend/i18n/src/resources/it.json	verbatim		2198	0	txt
ac_cloud-notes/packages/frontend/i18n/src/resources/ja.json	verbatim		2166	0	txt
ac_cloud-notes/packages/frontend/i18n/src/resources/kk.json	verbatim		2340	0	txt
ac_cloud-notes/packages/frontend/i18n/src/resources/ko.json	verbatim		2186	0	txt
ac_cloud-notes/packages/frontend/i18n/src/resources/nb-NO.json	verbatim		1073	0	txt
ac_cloud-notes/packages/frontend/i18n/src/resources/pl.json	verbatim		2199	0	txt
ac_cloud-notes/packages/frontend/i18n/src/resources/pt-BR.json	verbatim		2166	0	txt
ac_cloud-notes/packages/frontend/i18n/src/resources/ru.json	verbatim		2218	0	txt
ac_cloud-notes/packages/frontend/i18n/src/resources/sv-SE.json	verbatim		2173	0	txt
ac_cloud-notes/packages/frontend/i18n/src/resources/tr.json	verbatim		2340	0	txt
ac_cloud-notes/packages/frontend/i18n/src/resources/uk.json	verbatim		2166	0	txt
ac_cloud-notes/packages/frontend/i18n/src/resources/ur.json	verbatim		2340	0	txt
ac_cloud-notes/packages/frontend/i18n/src/resources/zh-Hans.json	verbatim		2451	0	txt
ac_cloud-notes/packages/frontend/i18n/src/resources/zh-Hant.json	verbatim		2227	0	txt
ac_cloud-notes/packages/frontend/i18n/src/utils/__tests__/time.spec.ts	verbatim		393	0	txt
ac_cloud-notes/packages/frontend/i18n/src/utils/index.ts	verbatim		1	0	txt
ac_cloud-notes/packages/frontend/i18n/src/utils/time.ts	verbatim		269	0	txt
ac_cloud-notes/packages/frontend/i18n/tsconfig.json	verbatim		18	0	txt
ac_cloud-notes/packages/frontend/mobile-native/Cargo.toml	modified	packages/frontend/mobile-native/Cargo.toml	42	0	txt
ac_cloud-notes/packages/frontend/mobile-native/src/cache/mod.rs	verbatim		315	0	txt
ac_cloud-notes/packages/frontend/mobile-native/src/cache/tests.rs	verbatim		286	0	txt
ac_cloud-notes/packages/frontend/mobile-native/src/error.rs	verbatim		21	0	txt
ac_cloud-notes/packages/frontend/mobile-native/src/ffi_types.rs	verbatim		329	0	txt
ac_cloud-notes/packages/frontend/mobile-native/src/lib.rs	modified	packages/frontend/mobile-native/src/lib.rs	21	0	txt
ac_cloud-notes/packages/frontend/mobile-native/src/payload_codec.rs	verbatim		9	0	txt
ac_cloud-notes/packages/frontend/mobile-native/src/preview.rs	verbatim		40	0	txt
ac_cloud-notes/packages/frontend/mobile-native/src/storage/blobs.rs	verbatim		170	0	txt
ac_cloud-notes/packages/frontend/mobile-native/src/storage/docs.rs	verbatim		96	0	txt
ac_cloud-notes/packages/frontend/mobile-native/src/storage/indexer.rs	verbatim		135	0	txt
ac_cloud-notes/packages/frontend/mobile-native/src/storage/lifecycle.rs	verbatim		68	0	txt
ac_cloud-notes/packages/frontend/mobile-native/src/storage/mod.rs	verbatim		80	0	txt
ac_cloud-notes/packages/frontend/mobile-native/src/storage/peers.rs	verbatim		142	0	txt
ac_cloud-notes/packages/frontend/mobile-native/src/tests.rs	verbatim		73	0	txt
ac_cloud-notes/packages/frontend/mobile-native/uniffi-bindgen.rs	verbatim		3	0	txt
ac_cloud-notes/packages/frontend/native/.gitignore	verbatim		3	0	txt
ac_cloud-notes/packages/frontend/native/Cargo.toml	verbatim		55	0	txt
ac_cloud-notes/packages/frontend/native/__tests__/db.spec.mts	verbatim		10	0	txt
ac_cloud-notes/packages/frontend/native/__tests__/fixtures/recording.wav	verbatim		0	0	bin
ac_cloud-notes/packages/frontend/native/__tests__/fixtures/test01.affine	verbatim		0	0	bin
ac_cloud-notes/packages/frontend/native/__tests__/pool.spec.mts	verbatim		26	0	txt
ac_cloud-notes/packages/frontend/native/build.rs	verbatim		5	0	txt
ac_cloud-notes/packages/frontend/native/index.d.ts	verbatim		326	0	txt
ac_cloud-notes/packages/frontend/native/index.js	verbatim		584	0	txt
ac_cloud-notes/packages/frontend/native/media_capture/Cargo.toml	verbatim		39	0	txt
ac_cloud-notes/packages/frontend/native/media_capture/benches/mix_audio_samples.rs	verbatim		45	0	txt
ac_cloud-notes/packages/frontend/native/media_capture/build.rs	verbatim		3	0	txt
ac_cloud-notes/packages/frontend/native/media_capture/src/audio_callback.rs	verbatim		56	0	txt
ac_cloud-notes/packages/frontend/native/media_capture/src/audio_decoder.rs	verbatim		154	0	txt
ac_cloud-notes/packages/frontend/native/media_capture/src/lib.rs	verbatim		11	0	txt
ac_cloud-notes/packages/frontend/native/media_capture/src/macos/application_icon.rs	verbatim		126	0	txt
ac_cloud-notes/packages/frontend/native/media_capture/src/macos/audio_buffer.rs	verbatim		348	0	txt
ac_cloud-notes/packages/frontend/native/media_capture/src/macos/audio_stream_basic_desc.rs	verbatim		241	0	txt
ac_cloud-notes/packages/frontend/native/media_capture/src/macos/av_audio_file.rs	verbatim		59	0	txt
ac_cloud-notes/packages/frontend/native/media_capture/src/macos/av_audio_format.rs	verbatim		78	0	txt
ac_cloud-notes/packages/frontend/native/media_capture/src/macos/av_audio_pcm_buffer.rs	verbatim		28	0	txt
ac_cloud-notes/packages/frontend/native/media_capture/src/macos/ca_tap_description.rs	verbatim		71	0	txt
ac_cloud-notes/packages/frontend/native/media_capture/src/macos/cf_types.rs	verbatim		72	0	txt
ac_cloud-notes/packages/frontend/native/media_capture/src/macos/device.rs	verbatim		21	0	txt
ac_cloud-notes/packages/frontend/native/media_capture/src/macos/error.rs	verbatim		91	0	txt
ac_cloud-notes/packages/frontend/native/media_capture/src/macos/mod.rs	verbatim		16	0	txt
ac_cloud-notes/packages/frontend/native/media_capture/src/macos/pid.rs	verbatim		73	0	txt
ac_cloud-notes/packages/frontend/native/media_capture/src/macos/queue.rs	verbatim		8	0	txt
ac_cloud-notes/packages/frontend/native/media_capture/src/macos/screen_capture_kit.rs	verbatim		484	0	txt
ac_cloud-notes/packages/frontend/native/media_capture/src/macos/tap_audio.rs	verbatim		856	0	txt
ac_cloud-notes/packages/frontend/native/media_capture/src/macos/utils.rs	verbatim		193	0	txt
ac_cloud-notes/packages/frontend/native/media_capture/src/recording.rs	verbatim		1100	0	txt
ac_cloud-notes/packages/frontend/native/media_capture/src/windows/README.md	verbatim		56	0	txt
ac_cloud-notes/packages/frontend/native/media_capture/src/windows/audio_capture.rs	verbatim		419	0	txt
ac_cloud-notes/packages/frontend/native/media_capture/src/windows/error.rs	verbatim		37	0	txt
ac_cloud-notes/packages/frontend/native/media_capture/src/windows/microphone_listener.rs	verbatim		531	0	txt
ac_cloud-notes/packages/frontend/native/media_capture/src/windows/mod.rs	verbatim		15	0	txt
ac_cloud-notes/packages/frontend/native/media_capture/src/windows/screen_capture_kit.rs	verbatim		368	0	txt
ac_cloud-notes/packages/frontend/native/nbstore/Cargo.toml	modified	packages/frontend/native/nbstore/Cargo.toml	49	1	txt
ac_cloud-notes/packages/frontend/native/nbstore/build.rs	verbatim		26	0	txt
ac_cloud-notes/packages/frontend/native/nbstore/src/blob.rs	verbatim		147	0	txt
ac_cloud-notes/packages/frontend/native/nbstore/src/blob_sync.rs	verbatim		75	0	txt
ac_cloud-notes/packages/frontend/native/nbstore/src/doc.rs	verbatim		358	0	txt
ac_cloud-notes/packages/frontend/native/nbstore/src/doc_sync.rs	verbatim		228	0	txt
ac_cloud-notes/packages/frontend/native/nbstore/src/error.rs	verbatim		21	0	txt
ac_cloud-notes/packages/frontend/native/nbstore/src/indexer/crawl.rs	verbatim		35	0	txt
ac_cloud-notes/packages/frontend/native/nbstore/src/indexer/dto.rs	verbatim		127	0	txt
ac_cloud-notes/packages/frontend/native/nbstore/src/indexer/mod.rs	verbatim		59	0	txt
ac_cloud-notes/packages/frontend/native/nbstore/src/indexer/persistence.rs	verbatim		182	0	txt
ac_cloud-notes/packages/frontend/native/nbstore/src/indexer/table.rs	verbatim		208	0	txt
ac_cloud-notes/packages/frontend/native/nbstore/src/indexer/tests.rs	modified	packages/frontend/native/nbstore/src/indexer/tests.rs	263	0	txt
ac_cloud-notes/packages/frontend/native/nbstore/src/indexer_sync.rs	verbatim		79	0	txt
ac_cloud-notes/packages/frontend/native/nbstore/src/lib.rs	modified	packages/frontend/native/nbstore/src/lib.rs	475	4	txt
ac_cloud-notes/packages/frontend/native/nbstore/src/pool.rs	verbatim		114	0	txt
ac_cloud-notes/packages/frontend/native/nbstore/src/storage.rs	verbatim		317	0	txt
ac_cloud-notes/packages/frontend/native/package.json	verbatim		47	0	txt
ac_cloud-notes/packages/frontend/native/schema/Cargo.toml	verbatim		7	0	txt
ac_cloud-notes/packages/frontend/native/schema/README.md	verbatim		1	0	txt
ac_cloud-notes/packages/frontend/native/schema/src/import_validation.rs	verbatim		240	0	txt
ac_cloud-notes/packages/frontend/native/schema/src/lib.rs	verbatim		122	0	txt
ac_cloud-notes/packages/frontend/native/schema/src/v1.rs	verbatim		26	0	txt
ac_cloud-notes/packages/frontend/native/sqlite_v1/Cargo.toml	verbatim		33	0	txt
ac_cloud-notes/packages/frontend/native/sqlite_v1/build.rs	verbatim		25	0	txt
ac_cloud-notes/packages/frontend/native/sqlite_v1/src/lib.rs	verbatim		538	0	txt
ac_cloud-notes/packages/frontend/native/src/hashcash.rs	verbatim		75	0	txt
ac_cloud-notes/packages/frontend/native/src/import/mod.rs	verbatim		4	0	txt
ac_cloud-notes/packages/frontend/native/src/import/onenote/content/mod.rs	verbatim		494	0	txt
ac_cloud-notes/packages/frontend/native/src/import/onenote/content/rich_text.rs	verbatim		156	0	txt
ac_cloud-notes/packages/frontend/native/src/import/onenote/mod.rs	verbatim		416	0	txt
ac_cloud-notes/packages/frontend/native/src/import/onenote/windows_fs.rs	verbatim		132	0	txt
ac_cloud-notes/packages/frontend/native/src/import/session.rs	verbatim		253	0	txt
ac_cloud-notes/packages/frontend/native/src/lib.rs	verbatim		12	0	txt
ac_cloud-notes/packages/frontend/native/src/preview.rs	verbatim		95	0	txt
ac_cloud-notes/packages/frontend/native/tsconfig.json	verbatim		8	0	txt
ac_cloud-notes/packages/frontend/routes/README.md	verbatim		27	0	txt
ac_cloud-notes/packages/frontend/routes/build.ts	verbatim		216	0	txt
ac_cloud-notes/packages/frontend/routes/package.json	verbatim		21	0	txt
ac_cloud-notes/packages/frontend/routes/routes.json	verbatim		26	0	txt
ac_cloud-notes/packages/frontend/routes/schema.json	verbatim		32	0	txt
ac_cloud-notes/packages/frontend/routes/src/__tests__/routes.spec.ts	verbatim		11	0	txt
ac_cloud-notes/packages/frontend/routes/src/index.ts	verbatim		2	0	txt
ac_cloud-notes/packages/frontend/routes/src/lazy.ts	verbatim		35	0	txt
ac_cloud-notes/packages/frontend/routes/src/routes.ts	verbatim		56	0	txt
ac_cloud-notes/packages/frontend/routes/tsconfig.json	verbatim		13	0	txt
ac_cloud-notes/packages/frontend/templates/README.md	verbatim		33	0	txt
ac_cloud-notes/packages/frontend/templates/build-edgeless.mjs	verbatim		262	0	txt
ac_cloud-notes/packages/frontend/templates/build-stickers.mjs	verbatim		165	0	txt
ac_cloud-notes/packages/frontend/templates/edgeless-snapshot/Brainstorming/5W2H.svg	verbatim		17	0	txt
ac_cloud-notes/packages/frontend/templates/edgeless-snapshot/Brainstorming/5W2H.zip	verbatim		0	0	bin
ac_cloud-notes/packages/frontend/templates/edgeless-snapshot/Brainstorming/Concept Map.svg	verbatim		20	0	txt
ac_cloud-notes/packages/frontend/templates/edgeless-snapshot/Brainstorming/Concept Map.zip	verbatim		0	0	bin
ac_cloud-notes/packages/frontend/templates/edgeless-snapshot/Brainstorming/Flowchart.svg	verbatim		23	0	txt
ac_cloud-notes/packages/frontend/templates/edgeless-snapshot/Brainstorming/Flowchart.zip	verbatim		0	0	bin
ac_cloud-notes/packages/frontend/templates/edgeless-snapshot/Brainstorming/SMART.svg	verbatim		13	0	txt
ac_cloud-notes/packages/frontend/templates/edgeless-snapshot/Brainstorming/SMART.zip	verbatim		0	0	bin
ac_cloud-notes/packages/frontend/templates/edgeless-snapshot/Brainstorming/SWOT.svg	verbatim		16	0	txt
ac_cloud-notes/packages/frontend/templates/edgeless-snapshot/Brainstorming/SWOT.zip	verbatim		0	0	bin
ac_cloud-notes/packages/frontend/templates/edgeless-snapshot/Marketing/4P Marketing Matrix.svg	verbatim		45	0	txt
ac_cloud-notes/packages/frontend/templates/edgeless-snapshot/Marketing/4P Marketing Matrix.zip	verbatim		0	0	bin
ac_cloud-notes/packages/frontend/templates/edgeless-snapshot/Marketing/Storyboard.svg	verbatim		53	0	txt
ac_cloud-notes/packages/frontend/templates/edgeless-snapshot/Marketing/Storyboard.zip	verbatim		0	0	bin
ac_cloud-notes/packages/frontend/templates/edgeless-snapshot/Marketing/User Journey Map.svg	verbatim		31	0	txt
ac_cloud-notes/packages/frontend/templates/edgeless-snapshot/Marketing/User Journey Map.zip	verbatim		0	0	bin
ac_cloud-notes/packages/frontend/templates/edgeless-snapshot/Presentation/Business Proposal.svg	verbatim		40	0	txt
ac_cloud-notes/packages/frontend/templates/edgeless-snapshot/Presentation/Business Proposal.zip	verbatim		0	0	bin
ac_cloud-notes/packages/frontend/templates/edgeless-snapshot/Presentation/Data Analysis.svg	verbatim		28	0	txt
ac_cloud-notes/packages/frontend/templates/edgeless-snapshot/Presentation/Data Analysis.zip	verbatim		0	0	bin
ac_cloud-notes/packages/frontend/templates/edgeless-snapshot/Presentation/Simple Presentation.svg	verbatim		21	0	txt
ac_cloud-notes/packages/frontend/templates/edgeless-snapshot/Presentation/Simple Presentation.zip	verbatim		0	0	bin
ac_cloud-notes/packages/frontend/templates/edgeless-snapshot/Project Management/Fishbone Diagram.svg	verbatim		31	0	txt
ac_cloud-notes/packages/frontend/templates/edgeless-snapshot/Project Management/Fishbone Diagram.zip	verbatim		0	0	bin
ac_cloud-notes/packages/frontend/templates/edgeless-snapshot/Project Management/Gantt Chart.svg	verbatim		29	0	txt
ac_cloud-notes/packages/frontend/templates/edgeless-snapshot/Project Management/Gantt Chart.zip	verbatim		0	0	bin
ac_cloud-notes/packages/frontend/templates/edgeless-snapshot/Project Management/Monthly Calendar.svg	verbatim		47	0	txt
ac_cloud-notes/packages/frontend/templates/edgeless-snapshot/Project Management/Monthly Calendar.zip	verbatim		0	0	bin
ac_cloud-notes/packages/frontend/templates/edgeless-snapshot/Project Management/Project Planning.svg	verbatim		22	0	txt
ac_cloud-notes/packages/frontend/templates/edgeless-snapshot/Project Management/Project Planning.zip	verbatim		0	0	bin
ac_cloud-notes/packages/frontend/templates/edgeless-snapshot/Project Management/Project Tracking Kanban.svg	verbatim		25	0	txt
ac_cloud-notes/packages/frontend/templates/edgeless-snapshot/Project Management/Project Tracking Kanban.zip	verbatim		0	0	bin
ac_cloud-notes/packages/frontend/templates/edgeless-templates.gen.ts	verbatim		81	0	txt
ac_cloud-notes/packages/frontend/templates/onboarding/onboarding.zip	verbatim		0	0	bin
ac_cloud-notes/packages/frontend/templates/package.json	verbatim		20	0	txt
ac_cloud-notes/packages/frontend/templates/stickers-templates.gen.ts	verbatim		1950	0	txt
ac_cloud-notes/packages/frontend/templates/stickers/Arrows/Content/arrow-1.svg	verbatim		5	0	txt
ac_cloud-notes/packages/frontend/templates/stickers/Arrows/Content/arrow-10.svg	verbatim		5	0	txt
ac_cloud-notes/packages/frontend/templates/stickers/Arrows/Content/arrow-100.svg	verbatim		14	0	txt
ac_cloud-notes/packages/frontend/templates/stickers/Arrows/Content/arrow-101.svg	verbatim		5	0	txt
ac_cloud-notes/packages/frontend/templates/stickers/Arrows/Content/arrow-102.svg	verbatim		38	0	txt
ac_cloud-notes/packages/frontend/templates/stickers/Arrows/Content/arrow-103.svg	verbatim		11	0	txt
ac_cloud-notes/packages/frontend/templates/stickers/Arrows/Content/arrow-104.svg	verbatim		5	0	txt
ac_cloud-notes/packages/frontend/templates/stickers/Arrows/Content/arrow-105.svg	verbatim		13	0	txt
ac_cloud-notes/packages/frontend/templates/stickers/Arrows/Content/arrow-106.svg	verbatim		11	0	txt
ac_cloud-notes/packages/frontend/templates/stickers/Arrows/Content/arrow-107.svg	verbatim		5	0	txt
ac_cloud-notes/packages/frontend/templates/stickers/Arrows/Content/arrow-108.svg	verbatim		14	0	txt
ac_cloud-notes/packages/frontend/templates/stickers/Arrows/Content/arrow-109.svg	verbatim		9	0	txt
ac_cloud-notes/packages/frontend/templates/stickers/Arrows/Content/arrow-11.svg	verbatim		5	0	txt
ac_cloud-notes/packages/frontend/templates/stickers/Arrows/Content/arrow-110.svg	verbatim		8	0	txt
ac_cloud-notes/packages/frontend/templates/stickers/Arrows/Content/arrow-111.svg	verbatim		47	0	txt
ac_cloud-notes/packages/frontend/templates/stickers/Arrows/Content/arrow-112.svg	verbatim		8	0	txt
ac_cloud-notes/packages/frontend/templates/stickers/Arrows/Content/arrow-113.svg	verbatim		13	0	txt
ac_cloud-notes/packages/frontend/templates/stickers/Arrows/Content/arrow-114.svg	verbatim		8	0	txt
ac_cloud-notes/packages/frontend/templates/stickers/Arrows/Content/arrow-115.svg	verbatim		10	0	txt
ac_cloud-notes/packages/frontend/templates/stickers/Arrows/Content/arrow-116.svg	verbatim		10	0	txt
ac_cloud-notes/packages/frontend/templates/stickers/Arrows/Content/arrow-117.svg	verbatim		5	0	txt
ac_cloud-notes/packages/frontend/templates/stickers/Arrows/Content/arrow-118.svg	verbatim		8	0	txt
ac_cloud-notes/packages/frontend/templates/stickers/Arrows/Content/arrow-119.svg	verbatim		5	0	txt
ac_cloud-notes/packages/frontend/templates/stickers/Arrows/Content/arrow-12.svg	verbatim		5	0	txt
ac_cloud-notes/packages/frontend/templates/stickers/Arrows/Content/arrow-120.svg	verbatim		5	0	txt
ac_cloud-notes/packages/frontend/templates/stickers/Arrows/Content/arrow-121.svg	verbatim		8	0	txt
ac_cloud-notes/packages/frontend/templates/stickers/Arrows/Content/arrow-122.svg	verbatim		5	0	txt
ac_cloud-notes/packages/frontend/templates/stickers/Arrows/Content/arrow-123.svg	verbatim		8	0	txt
ac_cloud-notes/packages/frontend/templates/stickers/Arrows/Content/arrow-124.svg	verbatim		8	0	txt
ac_cloud-notes/packages/frontend/templates/stickers/Arrows/Content/arrow-125.svg	verbatim		5	0	txt
ac_cloud-notes/packages/frontend/templates/stickers/Arrows/Content/arrow-126.svg	verbatim		19	0	txt
ac_cloud-notes/packages/frontend/templates/stickers/Arrows/Content/arrow-127.svg	verbatim		19	0	txt
ac_cloud-notes/packages/frontend/templates/stickers/Arrows/Content/arrow-128.svg	verbatim		5	0	txt
ac_cloud-notes/packages/frontend/templates/stickers/Arrows/Content/arrow-129.svg	verbatim		5	0	txt
ac_cloud-notes/packages/frontend/templates/stickers/Arrows/Content/arrow-13.svg	verbatim		5	0	txt
ac_cloud-notes/packages/frontend/templates/stickers/Arrows/Content/arrow-130.svg	verbatim		13	0	txt
ac_cloud-notes/packages/frontend/templates/stickers/Arrows/Content/arrow-131.svg	verbatim		7	0	txt
ac_cloud-notes/packages/frontend/templates/stickers/Arrows/Content/arrow-132.svg	verbatim		16	0	txt
ac_cloud-notes/packages/frontend/templates/stickers/Arrows/Content/arrow-133.svg	verbatim		7	0	txt
ac_cloud-notes/packages/frontend/templates/stickers/Arrows/Content/arrow-134.svg	verbatim		8	0	txt
ac_cloud-notes/packages/frontend/templates/stickers/Arrows/Content/arrow-135.svg	verbatim		7	0	txt
ac_cloud-notes/packages/frontend/templates/stickers/Arrows/Content/arrow-136.svg	verbatim		5	0	txt
ac_cloud-notes/packages/frontend/templates/stickers/Arrows/Content/arrow-137.svg	verbatim		5	0	txt
ac_cloud-notes/packages/frontend/templates/stickers/Arrows/Content/arrow-138.svg	verbatim		5	0	txt
ac_cloud-notes/packages/frontend/templates/stickers/Arrows/Content/arrow-139.svg	verbatim		5	0	txt
ac_cloud-notes/packages/frontend/templates/stickers/Arrows/Content/arrow-14.svg	verbatim		5	0	txt
ac_cloud-notes/packages/frontend/templates/stickers/Arrows/Content/arrow-140.svg	verbatim		5	0	txt
ac_cloud-notes/packages/frontend/templates/stickers/Arrows/Content/arrow-141.svg	verbatim		5	0	txt
ac_cloud-notes/packages/frontend/templates/stickers/Arrows/Content/arrow-142.svg	verbatim		5	0	txt
ac_cloud-notes/packages/frontend/templates/stickers/Arrows/Content/arrow-143.svg	verbatim		5	0	txt
ac_cloud-notes/packages/frontend/templates/stickers/Arrows/Content/arrow-144.svg	verbatim		5	0	txt
ac_cloud-notes/packages/frontend/templates/stickers/Arrows/Content/arrow-145.svg	verbatim		5	0	txt
ac_cloud-notes/packages/frontend/templates/stickers/Arrows/Content/arrow-146.svg	verbatim		5	0	txt
ac_cloud-notes/packages/frontend/templates/stickers/Arrows/Content/arrow-147.svg	verbatim		5	0	txt
ac_cloud-notes/packages/frontend/templates/stickers/Arrows/Content/arrow-148.svg	verbatim		5	0	txt
ac_cloud-notes/packages/frontend/templates/stickers/Arrows/Content/arrow-149.svg	verbatim		5	0	txt
ac_cloud-notes/packages/frontend/templates/stickers/Arrows/Content/arrow-15.svg	verbatim		5	0	txt
ac_cloud-notes/packages/frontend/templates/stickers/Arrows/Content/arrow-150.svg	verbatim		5	0	txt
ac_cloud-notes/packages/frontend/templates/stickers/Arrows/Content/arrow-151.svg	verbatim		5	0	txt
ac_cloud-notes/packages/frontend/templates/stickers/Arrows/Content/arrow-152.svg	verbatim		5	0	txt
ac_cloud-notes/packages/frontend/templates/stickers/Arrows/Content/arrow-153.svg	verbatim		5	0	txt
ac_cloud-notes/packages/frontend/templates/stickers/Arrows/Content/arrow-154.svg	verbatim		5	0	txt
ac_cloud-notes/packages/frontend/templates/stickers/Arrows/Content/arrow-155.svg	verbatim		5	0	txt
ac_cloud-notes/packages/frontend/templates/stickers/Arrows/Content/arrow-156.svg	verbatim		5	0	txt
ac_cloud-notes/packages/frontend/templates/stickers/Arrows/Content/arrow-157.svg	verbatim		5	0	txt
ac_cloud-notes/packages/frontend/templates/stickers/Arrows/Content/arrow-158.svg	verbatim		5	0	txt
ac_cloud-notes/packages/frontend/templates/stickers/Arrows/Content/arrow-159.svg	verbatim		5	0	txt
ac_cloud-notes/packages/frontend/templates/stickers/Arrows/Content/arrow-16.svg	verbatim		5	0	txt
ac_cloud-notes/packages/frontend/templates/stickers/Arrows/Content/arrow-160.svg	verbatim		5	0	txt
ac_cloud-notes/packages/frontend/templates/stickers/Arrows/Content/arrow-161.svg	verbatim		5	0	txt
ac_cloud-notes/packages/frontend/templates/stickers/Arrows/Content/arrow-162.svg	verbatim		8	0	txt
ac_cloud-notes/packages/frontend/templates/stickers/Arrows/Content/arrow-163.svg	verbatim		5	0	txt
ac_cloud-notes/packages/frontend/templates/stickers/Arrows/Content/arrow-164.svg	verbatim		5	0	txt
ac_cloud-notes/packages/frontend/templates/stickers/Arrows/Content/arrow-165.svg	verbatim		5	0	txt
ac_cloud-notes/packages/frontend/templates/stickers/Arrows/Content/arrow-166.svg	verbatim		5	0	txt
ac_cloud-notes/packages/frontend/templates/stickers/Arrows/Content/arrow-167.svg	verbatim		8	0	txt
ac_cloud-notes/packages/frontend/templates/stickers/Arrows/Content/arrow-168.svg	verbatim		5	0	txt
ac_cloud-notes/packages/frontend/templates/stickers/Arrows/Content/arrow-169.svg	verbatim		5	0	txt
ac_cloud-notes/packages/frontend/templates/stickers/Arrows/Content/arrow-17.svg	verbatim		17	0	txt
ac_cloud-notes/packages/frontend/templates/stickers/Arrows/Content/arrow-170.svg	verbatim		5	0	txt
ac_cloud-notes/packages/frontend/templates/stickers/Arrows/Content/arrow-171.svg	verbatim		5	0	txt
ac_cloud-notes/packages/frontend/templates/stickers/Arrows/Content/arrow-172.svg	verbatim		5	0	txt
ac_cloud-notes/packages/frontend/templates/stickers/Arrows/Content/arrow-173.svg	verbatim		5	0	txt
ac_cloud-notes/packages/frontend/templates/stickers/Arrows/Content/arrow-174.svg	verbatim		5	0	txt
ac_cloud-notes/packages/frontend/templates/stickers/Arrows/Content/arrow-175.svg	verbatim		5	0	txt
ac_cloud-notes/packages/frontend/templates/stickers/Arrows/Content/arrow-176.svg	verbatim		5	0	txt
ac_cloud-notes/packages/frontend/templates/stickers/Arrows/Content/arrow-177.svg	verbatim		5	0	txt
ac_cloud-notes/packages/frontend/templates/stickers/Arrows/Content/arrow-178.svg	verbatim		5	0	txt
ac_cloud-notes/packages/frontend/templates/stickers/Arrows/Content/arrow-179.svg	verbatim		5	0	txt
ac_cloud-notes/packages/frontend/templates/stickers/Arrows/Content/arrow-18.svg	verbatim		14	0	txt
ac_cloud-notes/packages/frontend/templates/stickers/Arrows/Content/arrow-180.svg	verbatim		5	0	txt
ac_cloud-notes/packages/frontend/templates/stickers/Arrows/Content/arrow-181.svg	verbatim		5	0	txt
ac_cloud-notes/packages/frontend/templates/stickers/Arrows/Content/arrow-182.svg	verbatim		5	0	txt
ac_cloud-notes/packages/frontend/templates/stickers/Arrows/Content/arrow-183.svg	verbatim		5	0	txt
ac_cloud-notes/packages/frontend/templates/stickers/Arrows/Content/arrow-184.svg	verbatim		5	0	txt
ac_cloud-notes/packages/frontend/templates/stickers/Arrows/Content/arrow-185.svg	verbatim		5	0	txt
ac_cloud-notes/packages/frontend/templates/stickers/Arrows/Content/arrow-19.svg	verbatim		5	0	txt
ac_cloud-notes/packages/frontend/templates/stickers/Arrows/Content/arrow-2.svg	verbatim		5	0	txt
ac_cloud-notes/packages/frontend/templates/stickers/Arrows/Content/arrow-20.svg	verbatim		5	0	txt
ac_cloud-notes/packages/frontend/templates/stickers/Arrows/Content/arrow-21.svg	verbatim		40	0	txt
ac_cloud-notes/packages/frontend/templates/stickers/Arrows/Content/arrow-22.svg	verbatim		11	0	txt
ac_cloud-notes/packages/frontend/templates/stickers/Arrows/Content/arrow-23.svg	verbatim		5	0	txt
ac_cloud-notes/packages/frontend/templates/stickers/Arrows/Content/arrow-24.svg	verbatim		5	0	txt
ac_cloud-notes/packages/frontend/templates/stickers/Arrows/Content/arrow-25.svg	verbatim		8	0	txt
ac_cloud-notes/packages/frontend/templates/stickers/Arrows/Content/arrow-26.svg	verbatim		5	0	txt
ac_cloud-notes/packages/frontend/templates/stickers/Arrows/Content/arrow-27.svg	verbatim		37	0	txt
ac_cloud-notes/packages/frontend/templates/stickers/Arrows/Content/arrow-28.svg	verbatim		5	0	txt
ac_cloud-notes/packages/frontend/templates/stickers/Arrows/Content/arrow-29.svg	verbatim		5	0	txt
ac_cloud-notes/packages/frontend/templates/stickers/Arrows/Content/arrow-3.svg	verbatim		5	0	txt
ac_cloud-notes/packages/frontend/templates/stickers/Arrows/Content/arrow-30.svg	verbatim		7	0	txt
ac_cloud-notes/packages/frontend/templates/stickers/Arrows/Content/arrow-31.svg	verbatim		5	0	txt
ac_cloud-notes/packages/frontend/templates/stickers/Arrows/Content/arrow-32.svg	verbatim		12	0	txt
ac_cloud-notes/packages/frontend/templates/stickers/Arrows/Content/arrow-33.svg	verbatim		14	0	txt
ac_cloud-notes/packages/frontend/templates/stickers/Arrows/Content/arrow-34.svg	verbatim		11	0	txt
ac_cloud-notes/packages/frontend/templates/stickers/Arrows/Content/arrow-35.svg	verbatim		5	0	txt
ac_cloud-notes/packages/frontend/templates/stickers/Arrows/Content/arrow-36.svg	verbatim		18	0	txt
ac_cloud-notes/packages/frontend/templates/stickers/Arrows/Content/arrow-37.svg	verbatim		5	0	txt
ac_cloud-notes/packages/frontend/templates/stickers/Arrows/Content/arrow-38.svg	verbatim		9	0	txt
ac_cloud-notes/packages/frontend/templates/stickers/Arrows/Content/arrow-39.svg	verbatim		5	0	txt
ac_cloud-notes/packages/frontend/templates/stickers/Arrows/Content/arrow-4.svg	verbatim		5	0	txt
ac_cloud-notes/packages/frontend/templates/stickers/Arrows/Content/arrow-40.svg	verbatim		5	0	txt
ac_cloud-notes/packages/frontend/templates/stickers/Arrows/Content/arrow-41.svg	verbatim		6	0	txt
ac_cloud-notes/packages/frontend/templates/stickers/Arrows/Content/arrow-42.svg	verbatim		5	0	txt
ac_cloud-notes/packages/frontend/templates/stickers/Arrows/Content/arrow-43.svg	verbatim		8	0	txt
ac_cloud-notes/packages/frontend/templates/stickers/Arrows/Content/arrow-44.svg	verbatim		20	0	txt
ac_cloud-notes/packages/frontend/templates/stickers/Arrows/Content/arrow-45.svg	verbatim		10	0	txt
ac_cloud-notes/packages/frontend/templates/stickers/Arrows/Content/arrow-46.svg	verbatim		5	0	txt
ac_cloud-notes/packages/frontend/templates/stickers/Arrows/Content/arrow-47.svg	verbatim		5	0	txt
ac_cloud-notes/packages/frontend/templates/stickers/Arrows/Content/arrow-48.svg	verbatim		12	0	txt
ac_cloud-notes/packages/frontend/templates/stickers/Arrows/Content/arrow-49.svg	verbatim		5	0	txt
ac_cloud-notes/packages/frontend/templates/stickers/Arrows/Content/arrow-5.svg	verbatim		5	0	txt
ac_cloud-notes/packages/frontend/templates/stickers/Arrows/Content/arrow-50.svg	verbatim		10	0	txt
ac_cloud-notes/packages/frontend/templates/stickers/Arrows/Content/arrow-51.svg	verbatim		7	0	txt
ac_cloud-notes/packages/frontend/templates/stickers/Arrows/Content/arrow-52.svg	verbatim		6	0	txt
ac_cloud-notes/packages/frontend/templates/stickers/Arrows/Content/arrow-53.svg	verbatim		9	0	txt
ac_cloud-notes/packages/frontend/templates/stickers/Arrows/Content/arrow-54.svg	verbatim		5	0	txt
ac_cloud-notes/packages/frontend/templates/stickers/Arrows/Content/arrow-55.svg	verbatim		14	0	txt
ac_cloud-notes/packages/frontend/templates/stickers/Arrows/Content/arrow-56.svg	verbatim		14	0	txt
ac_cloud-notes/packages/frontend/templates/stickers/Arrows/Content/arrow-57.svg	verbatim		8	0	txt
ac_cloud-notes/packages/frontend/templates/stickers/Arrows/Content/arrow-58.svg	verbatim		8	0	txt
ac_cloud-notes/packages/frontend/templates/stickers/Arrows/Content/arrow-59.svg	verbatim		9	0	txt
ac_cloud-notes/packages/frontend/templates/stickers/Arrows/Content/arrow-6.svg	verbatim		5	0	txt
ac_cloud-notes/packages/frontend/templates/stickers/Arrows/Content/arrow-60.svg	verbatim		584	0	txt
ac_cloud-notes/packages/frontend/templates/stickers/Arrows/Content/arrow-61.svg	verbatim		13	0	txt
ac_cloud-notes/packages/frontend/templates/stickers/Arrows/Content/arrow-62.svg	verbatim		11	0	txt
ac_cloud-notes/packages/frontend/templates/stickers/Arrows/Content/arrow-63.svg	verbatim		12	0	txt
ac_cloud-notes/packages/frontend/templates/stickers/Arrows/Content/arrow-64.svg	verbatim		8	0	txt
ac_cloud-notes/packages/frontend/templates/stickers/Arrows/Content/arrow-65.svg	verbatim		9	0	txt
ac_cloud-notes/packages/frontend/templates/stickers/Arrows/Content/arrow-66.svg	verbatim		8	0	txt
ac_cloud-notes/packages/frontend/templates/stickers/Arrows/Content/arrow-67.svg	verbatim		5	0	txt
ac_cloud-notes/packages/frontend/templates/stickers/Arrows/Content/arrow-68.svg	verbatim		5	0	txt
ac_cloud-notes/packages/frontend/templates/stickers/Arrows/Content/arrow-69.svg	verbatim		5	0	txt
ac_cloud-notes/packages/frontend/templates/stickers/Arrows/Content/arrow-7.svg	verbatim		5	0	txt
ac_cloud-notes/packages/frontend/templates/stickers/Arrows/Content/arrow-70.svg	verbatim		5	0	txt
ac_cloud-notes/packages/frontend/templates/stickers/Arrows/Content/arrow-71.svg	verbatim		10	0	txt
ac_cloud-notes/packages/frontend/templates/stickers/Arrows/Content/arrow-72.svg	verbatim		5	0	txt
ac_cloud-notes/packages/frontend/templates/stickers/Arrows/Content/arrow-73.svg	verbatim		5	0	txt
ac_cloud-notes/packages/frontend/templates/stickers/Arrows/Content/arrow-74.svg	verbatim		14	0	txt
ac_cloud-notes/packages/frontend/templates/stickers/Arrows/Content/arrow-75.svg	verbatim		5	0	txt
ac_cloud-notes/packages/frontend/templates/stickers/Arrows/Content/arrow-76.svg	verbatim		5	0	txt
ac_cloud-notes/packages/frontend/templates/stickers/Arrows/Content/arrow-77.svg	verbatim		5	0	txt
ac_cloud-notes/packages/frontend/templates/stickers/Arrows/Content/arrow-78.svg	verbatim		11	0	txt
ac_cloud-notes/packages/frontend/templates/stickers/Arrows/Content/arrow-79.svg	verbatim		40	0	txt
ac_cloud-notes/packages/frontend/templates/stickers/Arrows/Content/arrow-8.svg	verbatim		5	0	txt
ac_cloud-notes/packages/frontend/templates/stickers/Arrows/Content/arrow-80.svg	verbatim		5	0	txt
ac_cloud-notes/packages/frontend/templates/stickers/Arrows/Content/arrow-81.svg	verbatim		10	0	txt
ac_cloud-notes/packages/frontend/templates/stickers/Arrows/Content/arrow-82.svg	verbatim		9	0	txt
ac_cloud-notes/packages/frontend/templates/stickers/Arrows/Content/arrow-83.svg	verbatim		5	0	txt
ac_cloud-notes/packages/frontend/templates/stickers/Arrows/Content/arrow-84.svg	verbatim		9	0	txt
ac_cloud-notes/packages/frontend/templates/stickers/Arrows/Content/arrow-85.svg	verbatim		11	0	txt
ac_cloud-notes/packages/frontend/templates/stickers/Arrows/Content/arrow-86.svg	verbatim		14	0	txt
ac_cloud-notes/packages/frontend/templates/stickers/Arrows/Content/arrow-87.svg	verbatim		5	0	txt
ac_cloud-notes/packages/frontend/templates/stickers/Arrows/Content/arrow-88.svg	verbatim		8	0	txt
ac_cloud-notes/packages/frontend/templates/stickers/Arrows/Content/arrow-89.svg	verbatim		11	0	txt
ac_cloud-notes/packages/frontend/templates/stickers/Arrows/Content/arrow-9.svg	verbatim		5	0	txt
ac_cloud-notes/packages/frontend/templates/stickers/Arrows/Content/arrow-90.svg	verbatim		7	0	txt
ac_cloud-notes/packages/frontend/templates/stickers/Arrows/Content/arrow-91.svg	verbatim		5	0	txt
ac_cloud-notes/packages/frontend/templates/stickers/Arrows/Content/arrow-92.svg	verbatim		5	0	txt
ac_cloud-notes/packages/frontend/templates/stickers/Arrows/Content/arrow-93.svg	verbatim		63	0	txt
ac_cloud-notes/packages/frontend/templates/stickers/Arrows/Content/arrow-94.svg	verbatim		5	0	txt
ac_cloud-notes/packages/frontend/templates/stickers/Arrows/Content/arrow-95.svg	verbatim		5	0	txt
ac_cloud-notes/packages/frontend/templates/stickers/Arrows/Content/arrow-96.svg	verbatim		11	0	txt
ac_cloud-notes/packages/frontend/templates/stickers/Arrows/Content/arrow-97.svg	verbatim		17	0	txt
ac_cloud-notes/packages/frontend/templates/stickers/Arrows/Content/arrow-98.svg	verbatim		24	0	txt
ac_cloud-notes/packages/frontend/templates/stickers/Arrows/Content/arrow-99.svg	verbatim		5	0	txt
ac_cloud-notes/packages/frontend/templates/stickers/Arrows/Content/source.svg	verbatim		8	0	txt
ac_cloud-notes/packages/frontend/templates/stickers/Arrows/Cover/arrow-1.svg	verbatim		6	0	txt
ac_cloud-notes/packages/frontend/templates/stickers/Arrows/Cover/arrow-10.svg	verbatim		6	0	txt
ac_cloud-notes/packages/frontend/templates/stickers/Arrows/Cover/arrow-100.svg	verbatim		15	0	txt
ac_cloud-notes/packages/frontend/templates/stickers/Arrows/Cover/arrow-101.svg	verbatim		6	0	txt
ac_cloud-notes/packages/frontend/templates/stickers/Arrows/Cover/arrow-102.svg	verbatim		39	0	txt
ac_cloud-notes/packages/frontend/templates/stickers/Arrows/Cover/arrow-103.svg	verbatim		12	0	txt
ac_cloud-notes/packages/frontend/templates/stickers/Arrows/Cover/arrow-104.svg	verbatim		6	0	txt
ac_cloud-notes/packages/frontend/templates/stickers/Arrows/Cover/arrow-105.svg	verbatim		14	0	txt
ac_cloud-notes/packages/frontend/templates/stickers/Arrows/Cover/arrow-106.svg	verbatim		12	0	txt
ac_cloud-notes/packages/frontend/templates/stickers/Arrows/Cover/arrow-107.svg	verbatim		6	0	txt
ac_cloud-notes/packages/frontend/templates/stickers/Arrows/Cover/arrow-108.svg	verbatim		15	0	txt
ac_cloud-notes/packages/frontend/templates/stickers/Arrows/Cover/arrow-109.svg	verbatim		10	0	txt
ac_cloud-notes/packages/frontend/templates/stickers/Arrows/Cover/arrow-11.svg	verbatim		6	0	txt
ac_cloud-notes/packages/frontend/templates/stickers/Arrows/Cover/arrow-110.svg	verbatim		9	0	txt
ac_cloud-notes/packages/frontend/templates/stickers/Arrows/Cover/arrow-111.svg	verbatim		48	0	txt
ac_cloud-notes/packages/frontend/templates/stickers/Arrows/Cover/arrow-112.svg	verbatim		9	0	txt
ac_cloud-notes/packages/frontend/templates/stickers/Arrows/Cover/arrow-113.svg	verbatim		14	0	txt
ac_cloud-notes/packages/frontend/templates/stickers/Arrows/Cover/arrow-114.svg	verbatim		9	0	txt
ac_cloud-notes/packages/frontend/templates/stickers/Arrows/Cover/arrow-115.svg	verbatim		11	0	txt
ac_cloud-notes/packages/frontend/templates/stickers/Arrows/Cover/arrow-116.svg	verbatim		11	0	txt
ac_cloud-notes/packages/frontend/templates/stickers/Arrows/Cover/arrow-117.svg	verbatim		6	0	txt
ac_cloud-notes/packages/frontend/templates/stickers/Arrows/Cover/arrow-118.svg	verbatim		9	0	txt
ac_cloud-notes/packages/frontend/templates/stickers/Arrows/Cover/arrow-119.svg	verbatim		6	0	txt
ac_cloud-notes/packages/frontend/templates/stickers/Arrows/Cover/arrow-12.svg	verbatim		6	0	txt
ac_cloud-notes/packages/frontend/templates/stickers/Arrows/Cover/arrow-120.svg	verbatim		6	0	txt
ac_cloud-notes/packages/frontend/templates/stickers/Arrows/Cover/arrow-121.svg	verbatim		9	0	txt
ac_cloud-notes/packages/frontend/templates/stickers/Arrows/Cover/arrow-122.svg	verbatim		6	0	txt
ac_cloud-notes/packages/frontend/templates/stickers/Arrows/Cover/arrow-123.svg	verbatim		9	0	txt
ac_cloud-notes/packages/frontend/templates/stickers/Arrows/Cover/arrow-124.svg	verbatim		9	0	txt
ac_cloud-notes/packages/frontend/templates/stickers/Arrows/Cover/arrow-125.svg	verbatim		6	0	txt
ac_cloud-notes/packages/frontend/templates/stickers/Arrows/Cover/arrow-126.svg	verbatim		20	0	txt
ac_cloud-notes/packages/frontend/templates/stickers/Arrows/Cover/arrow-127.svg	verbatim		20	0	txt
ac_cloud-notes/packages/frontend/templates/stickers/Arrows/Cover/arrow-128.svg	verbatim		6	0	txt
ac_cloud-notes/packages/frontend/templates/stickers/Arrows/Cover/arrow-129.svg	verbatim		6	0	txt
ac_cloud-notes/packages/frontend/templates/stickers/Arrows/Cover/arrow-13.svg	verbatim		6	0	txt
ac_cloud-notes/packages/frontend/templates/stickers/Arrows/Cover/arrow-130.svg	verbatim		14	0	txt
ac_cloud-notes/packages/frontend/templates/stickers/Arrows/Cover/arrow-131.svg	verbatim		8	0	txt
ac_cloud-notes/packages/frontend/templates/stickers/Arrows/Cover/arrow-132.svg	verbatim		17	0	txt
ac_cloud-notes/packages/frontend/templates/stickers/Arrows/Cover/arrow-133.svg	verbatim		8	0	txt
ac_cloud-notes/packages/frontend/templates/stickers/Arrows/Cover/arrow-134.svg	verbatim		9	0	txt
ac_cloud-notes/packages/frontend/templates/stickers/Arrows/Cover/arrow-135.svg	verbatim		8	0	txt
ac_cloud-notes/packages/frontend/templates/stickers/Arrows/Cover/arrow-136.svg	verbatim		6	0	txt
ac_cloud-notes/packages/frontend/templates/stickers/Arrows/Cover/arrow-137.svg	verbatim		6	0	txt
ac_cloud-notes/packages/frontend/templates/stickers/Arrows/Cover/arrow-138.svg	verbatim		6	0	txt
ac_cloud-notes/packages/frontend/templates/stickers/Arrows/Cover/arrow-139.svg	verbatim		6	0	txt
ac_cloud-notes/packages/frontend/templates/stickers/Arrows/Cover/arrow-14.svg	verbatim		6	0	txt
ac_cloud-notes/packages/frontend/templates/stickers/Arrows/Cover/arrow-140.svg	verbatim		6	0	txt
ac_cloud-notes/packages/frontend/templates/stickers/Arrows/Cover/arrow-141.svg	verbatim		6	0	txt
ac_cloud-notes/packages/frontend/templates/stickers/Arrows/Cover/arrow-142.svg	verbatim		6	0	txt
ac_cloud-notes/packages/frontend/templates/stickers/Arrows/Cover/arrow-143.svg	verbatim		6	0	txt
ac_cloud-notes/packages/frontend/templates/stickers/Arrows/Cover/arrow-144.svg	verbatim		6	0	txt
ac_cloud-notes/packages/frontend/templates/stickers/Arrows/Cover/arrow-145.svg	verbatim		6	0	txt
ac_cloud-notes/packages/frontend/templates/stickers/Arrows/Cover/arrow-146.svg	verbatim		6	0	txt
ac_cloud-notes/packages/frontend/templates/stickers/Arrows/Cover/arrow-147.svg	verbatim		6	0	txt
ac_cloud-notes/packages/frontend/templates/stickers/Arrows/Cover/arrow-148.svg	verbatim		6	0	txt
ac_cloud-notes/packages/frontend/templates/stickers/Arrows/Cover/arrow-149.svg	verbatim		6	0	txt
ac_cloud-notes/packages/frontend/templates/stickers/Arrows/Cover/arrow-15.svg	verbatim		6	0	txt
ac_cloud-notes/packages/frontend/templates/stickers/Arrows/Cover/arrow-150.svg	verbatim		6	0	txt
ac_cloud-notes/packages/frontend/templates/stickers/Arrows/Cover/arrow-151.svg	verbatim		6	0	txt
ac_cloud-notes/packages/frontend/templates/stickers/Arrows/Cover/arrow-152.svg	verbatim		6	0	txt
ac_cloud-notes/packages/frontend/templates/stickers/Arrows/Cover/arrow-153.svg	verbatim		6	0	txt
ac_cloud-notes/packages/frontend/templates/stickers/Arrows/Cover/arrow-154.svg	verbatim		6	0	txt
ac_cloud-notes/packages/frontend/templates/stickers/Arrows/Cover/arrow-155.svg	verbatim		6	0	txt
ac_cloud-notes/packages/frontend/templates/stickers/Arrows/Cover/arrow-156.svg	verbatim		6	0	txt
ac_cloud-notes/packages/frontend/templates/stickers/Arrows/Cover/arrow-157.svg	verbatim		6	0	txt
ac_cloud-notes/packages/frontend/templates/stickers/Arrows/Cover/arrow-158.svg	verbatim		6	0	txt
ac_cloud-notes/packages/frontend/templates/stickers/Arrows/Cover/arrow-159.svg	verbatim		6	0	txt
ac_cloud-notes/packages/frontend/templates/stickers/Arrows/Cover/arrow-16.svg	verbatim		6	0	txt
ac_cloud-notes/packages/frontend/templates/stickers/Arrows/Cover/arrow-160.svg	verbatim		6	0	txt
ac_cloud-notes/packages/frontend/templates/stickers/Arrows/Cover/arrow-161.svg	verbatim		6	0	txt
ac_cloud-notes/packages/frontend/templates/stickers/Arrows/Cover/arrow-162.svg	verbatim		9	0	txt
ac_cloud-notes/packages/frontend/templates/stickers/Arrows/Cover/arrow-163.svg	verbatim		6	0	txt
ac_cloud-notes/packages/frontend/templates/stickers/Arrows/Cover/arrow-164.svg	verbatim		6	0	txt
ac_cloud-notes/packages/frontend/templates/stickers/Arrows/Cover/arrow-165.svg	verbatim		6	0	txt
ac_cloud-notes/packages/frontend/templates/stickers/Arrows/Cover/arrow-166.svg	verbatim		6	0	txt
ac_cloud-notes/packages/frontend/templates/stickers/Arrows/Cover/arrow-167.svg	verbatim		9	0	txt
ac_cloud-notes/packages/frontend/templates/stickers/Arrows/Cover/arrow-168.svg	verbatim		6	0	txt
ac_cloud-notes/packages/frontend/templates/stickers/Arrows/Cover/arrow-169.svg	verbatim		6	0	txt
ac_cloud-notes/packages/frontend/templates/stickers/Arrows/Cover/arrow-17.svg	verbatim		18	0	txt
ac_cloud-notes/packages/frontend/templates/stickers/Arrows/Cover/arrow-170.svg	verbatim		6	0	txt
ac_cloud-notes/packages/frontend/templates/stickers/Arrows/Cover/arrow-171.svg	verbatim		6	0	txt
ac_cloud-notes/packages/frontend/templates/stickers/Arrows/Cover/arrow-172.svg	verbatim		6	0	txt
ac_cloud-notes/packages/frontend/templates/stickers/Arrows/Cover/arrow-173.svg	verbatim		6	0	txt
ac_cloud-notes/packages/frontend/templates/stickers/Arrows/Cover/arrow-174.svg	verbatim		6	0	txt
ac_cloud-notes/packages/frontend/templates/stickers/Arrows/Cover/arrow-175.svg	verbatim		6	0	txt
ac_cloud-notes/packages/frontend/templates/stickers/Arrows/Cover/arrow-176.svg	verbatim		6	0	txt
ac_cloud-notes/packages/frontend/templates/stickers/Arrows/Cover/arrow-177.svg	verbatim		6	0	txt
ac_cloud-notes/packages/frontend/templates/stickers/Arrows/Cover/arrow-178.svg	verbatim		6	0	txt
ac_cloud-notes/packages/frontend/templates/stickers/Arrows/Cover/arrow-179.svg	verbatim		6	0	txt
ac_cloud-notes/packages/frontend/templates/stickers/Arrows/Cover/arrow-18.svg	verbatim		15	0	txt
ac_cloud-notes/packages/frontend/templates/stickers/Arrows/Cover/arrow-180.svg	verbatim		6	0	txt
ac_cloud-notes/packages/frontend/templates/stickers/Arrows/Cover/arrow-181.svg	verbatim		6	0	txt
ac_cloud-notes/packages/frontend/templates/stickers/Arrows/Cover/arrow-182.svg	verbatim		6	0	txt
ac_cloud-notes/packages/frontend/templates/stickers/Arrows/Cover/arrow-183.svg	verbatim		6	0	txt
ac_cloud-notes/packages/frontend/templates/stickers/Arrows/Cover/arrow-184.svg	verbatim		6	0	txt
ac_cloud-notes/packages/frontend/templates/stickers/Arrows/Cover/arrow-185.svg	verbatim		6	0	txt
ac_cloud-notes/packages/frontend/templates/stickers/Arrows/Cover/arrow-19.svg	verbatim		6	0	txt
ac_cloud-notes/packages/frontend/templates/stickers/Arrows/Cover/arrow-2.svg	verbatim		6	0	txt
ac_cloud-notes/packages/frontend/templates/stickers/Arrows/Cover/arrow-20.svg	verbatim		6	0	txt
ac_cloud-notes/packages/frontend/templates/stickers/Arrows/Cover/arrow-21.svg	verbatim		41	0	txt
ac_cloud-notes/packages/frontend/templates/stickers/Arrows/Cover/arrow-22.svg	verbatim		12	0	txt
ac_cloud-notes/packages/frontend/templates/stickers/Arrows/Cover/arrow-23.svg	verbatim		6	0	txt
ac_cloud-notes/packages/frontend/templates/stickers/Arrows/Cover/arrow-24.svg	verbatim		6	0	txt
ac_cloud-notes/packages/frontend/templates/stickers/Arrows/Cover/arrow-25.svg	verbatim		9	0	txt
ac_cloud-notes/packages/frontend/templates/stickers/Arrows/Cover/arrow-26.svg	verbatim		6	0	txt
ac_cloud-notes/packages/frontend/templates/stickers/Arrows/Cover/arrow-27.svg	verbatim		38	0	txt
ac_cloud-notes/packages/frontend/templates/stickers/Arrows/Cover/arrow-28.svg	verbatim		6	0	txt
ac_cloud-notes/packages/frontend/templates/stickers/Arrows/Cover/arrow-29.svg	verbatim		6	0	txt
ac_cloud-notes/packages/frontend/templates/stickers/Arrows/Cover/arrow-3.svg	verbatim		6	0	txt
ac_cloud-notes/packages/frontend/templates/stickers/Arrows/Cover/arrow-30.svg	verbatim		8	0	txt
ac_cloud-notes/packages/frontend/templates/stickers/Arrows/Cover/arrow-31.svg	verbatim		6	0	txt
ac_cloud-notes/packages/frontend/templates/stickers/Arrows/Cover/arrow-32.svg	verbatim		13	0	txt
ac_cloud-notes/packages/frontend/templates/stickers/Arrows/Cover/arrow-33.svg	verbatim		15	0	txt
ac_cloud-notes/packages/frontend/templates/stickers/Arrows/Cover/arrow-34.svg	verbatim		12	0	txt
ac_cloud-notes/packages/frontend/templates/stickers/Arrows/Cover/arrow-35.svg	verbatim		6	0	txt
ac_cloud-notes/packages/frontend/templates/stickers/Arrows/Cover/arrow-36.svg	verbatim		19	0	txt
ac_cloud-notes/packages/frontend/templates/stickers/Arrows/Cover/arrow-37.svg	verbatim		6	0	txt
ac_cloud-notes/packages/frontend/templates/stickers/Arrows/Cover/arrow-38.svg	verbatim		10	0	txt
ac_cloud-notes/packages/frontend/templates/stickers/Arrows/Cover/arrow-39.svg	verbatim		6	0	txt
ac_cloud-notes/packages/frontend/templates/stickers/Arrows/Cover/arrow-4.svg	verbatim		6	0	txt
ac_cloud-notes/packages/frontend/templates/stickers/Arrows/Cover/arrow-40.svg	verbatim		6	0	txt
ac_cloud-notes/packages/frontend/templates/stickers/Arrows/Cover/arrow-41.svg	verbatim		7	0	txt
ac_cloud-notes/packages/frontend/templates/stickers/Arrows/Cover/arrow-42.svg	verbatim		6	0	txt
ac_cloud-notes/packages/frontend/templates/stickers/Arrows/Cover/arrow-43.svg	verbatim		9	0	txt
ac_cloud-notes/packages/frontend/templates/stickers/Arrows/Cover/arrow-44.svg	verbatim		21	0	txt
ac_cloud-notes/packages/frontend/templates/stickers/Arrows/Cover/arrow-45.svg	verbatim		11	0	txt
ac_cloud-notes/packages/frontend/templates/stickers/Arrows/Cover/arrow-46.svg	verbatim		6	0	txt
ac_cloud-notes/packages/frontend/templates/stickers/Arrows/Cover/arrow-47.svg	verbatim		6	0	txt
ac_cloud-notes/packages/frontend/templates/stickers/Arrows/Cover/arrow-48.svg	verbatim		13	0	txt
ac_cloud-notes/packages/frontend/templates/stickers/Arrows/Cover/arrow-49.svg	verbatim		6	0	txt
ac_cloud-notes/packages/frontend/templates/stickers/Arrows/Cover/arrow-5.svg	verbatim		6	0	txt
ac_cloud-notes/packages/frontend/templates/stickers/Arrows/Cover/arrow-50.svg	verbatim		11	0	txt
ac_cloud-notes/packages/frontend/templates/stickers/Arrows/Cover/arrow-51.svg	verbatim		8	0	txt
ac_cloud-notes/packages/frontend/templates/stickers/Arrows/Cover/arrow-52.svg	verbatim		7	0	txt
ac_cloud-notes/packages/frontend/templates/stickers/Arrows/Cover/arrow-53.svg	verbatim		10	0	txt
ac_cloud-notes/packages/frontend/templates/stickers/Arrows/Cover/arrow-54.svg	verbatim		6	0	txt
ac_cloud-notes/packages/frontend/templates/stickers/Arrows/Cover/arrow-55.svg	verbatim		15	0	txt
ac_cloud-notes/packages/frontend/templates/stickers/Arrows/Cover/arrow-56.svg	verbatim		15	0	txt
ac_cloud-notes/packages/frontend/templates/stickers/Arrows/Cover/arrow-57.svg	verbatim		9	0	txt
ac_cloud-notes/packages/frontend/templates/stickers/Arrows/Cover/arrow-58.svg	verbatim		9	0	txt
ac_cloud-notes/packages/frontend/templates/stickers/Arrows/Cover/arrow-59.svg	verbatim		10	0	txt
ac_cloud-notes/packages/frontend/templates/stickers/Arrows/Cover/arrow-6.svg	verbatim		6	0	txt
ac_cloud-notes/packages/frontend/templates/stickers/Arrows/Cover/arrow-60.svg	verbatim		585	0	txt
ac_cloud-notes/packages/frontend/templates/stickers/Arrows/Cover/arrow-61.svg	verbatim		14	0	txt
ac_cloud-notes/packages/frontend/templates/stickers/Arrows/Cover/arrow-62.svg	verbatim		12	0	txt
ac_cloud-notes/packages/frontend/templates/stickers/Arrows/Cover/arrow-63.svg	verbatim		13	0	txt
ac_cloud-notes/packages/frontend/templates/stickers/Arrows/Cover/arrow-64.svg	verbatim		9	0	txt
ac_cloud-notes/packages/frontend/templates/stickers/Arrows/Cover/arrow-65.svg	verbatim		10	0	txt
ac_cloud-notes/packages/frontend/templates/stickers/Arrows/Cover/arrow-66.svg	verbatim		9	0	txt
ac_cloud-notes/packages/frontend/templates/stickers/Arrows/Cover/arrow-67.svg	verbatim		6	0	txt
ac_cloud-notes/packages/frontend/templates/stickers/Arrows/Cover/arrow-68.svg	verbatim		6	0	txt
ac_cloud-notes/packages/frontend/templates/stickers/Arrows/Cover/arrow-69.svg	verbatim		6	0	txt
ac_cloud-notes/packages/frontend/templates/stickers/Arrows/Cover/arrow-7.svg	verbatim		6	0	txt
ac_cloud-notes/packages/frontend/templates/stickers/Arrows/Cover/arrow-70.svg	verbatim		6	0	txt
ac_cloud-notes/packages/frontend/templates/stickers/Arrows/Cover/arrow-71.svg	verbatim		11	0	txt
ac_cloud-notes/packages/frontend/templates/stickers/Arrows/Cover/arrow-72.svg	verbatim		6	0	txt
ac_cloud-notes/packages/frontend/templates/stickers/Arrows/Cover/arrow-73.svg	verbatim		6	0	txt
ac_cloud-notes/packages/frontend/templates/stickers/Arrows/Cover/arrow-74.svg	verbatim		15	0	txt
ac_cloud-notes/packages/frontend/templates/stickers/Arrows/Cover/arrow-75.svg	verbatim		6	0	txt
ac_cloud-notes/packages/frontend/templates/stickers/Arrows/Cover/arrow-76.svg	verbatim		6	0	txt
ac_cloud-notes/packages/frontend/templates/stickers/Arrows/Cover/arrow-77.svg	verbatim		6	0	txt
ac_cloud-notes/packages/frontend/templates/stickers/Arrows/Cover/arrow-78.svg	verbatim		12	0	txt
ac_cloud-notes/packages/frontend/templates/stickers/Arrows/Cover/arrow-79.svg	verbatim		41	0	txt
ac_cloud-notes/packages/frontend/templates/stickers/Arrows/Cover/arrow-8.svg	verbatim		6	0	txt
ac_cloud-notes/packages/frontend/templates/stickers/Arrows/Cover/arrow-80.svg	verbatim		6	0	txt
ac_cloud-notes/packages/frontend/templates/stickers/Arrows/Cover/arrow-81.svg	verbatim		11	0	txt
ac_cloud-notes/packages/frontend/templates/stickers/Arrows/Cover/arrow-82.svg	verbatim		10	0	txt
ac_cloud-notes/packages/frontend/templates/stickers/Arrows/Cover/arrow-83.svg	verbatim		6	0	txt
ac_cloud-notes/packages/frontend/templates/stickers/Arrows/Cover/arrow-84.svg	verbatim		10	0	txt
ac_cloud-notes/packages/frontend/templates/stickers/Arrows/Cover/arrow-85.svg	verbatim		12	0	txt
ac_cloud-notes/packages/frontend/templates/stickers/Arrows/Cover/arrow-86.svg	verbatim		15	0	txt
ac_cloud-notes/packages/frontend/templates/stickers/Arrows/Cover/arrow-87.svg	verbatim		6	0	txt
ac_cloud-notes/packages/frontend/templates/stickers/Arrows/Cover/arrow-88.svg	verbatim		9	0	txt
ac_cloud-notes/packages/frontend/templates/stickers/Arrows/Cover/arrow-89.svg	verbatim		12	0	txt
ac_cloud-notes/packages/frontend/templates/stickers/Arrows/Cover/arrow-9.svg	verbatim		6	0	txt
ac_cloud-notes/packages/frontend/templates/stickers/Arrows/Cover/arrow-90.svg	verbatim		8	0	txt
ac_cloud-notes/packages/frontend/templates/stickers/Arrows/Cover/arrow-91.svg	verbatim		6	0	txt
ac_cloud-notes/packages/frontend/templates/stickers/Arrows/Cover/arrow-92.svg	verbatim		6	0	txt
ac_cloud-notes/packages/frontend/templates/stickers/Arrows/Cover/arrow-93.svg	verbatim		64	0	txt
ac_cloud-notes/packages/frontend/templates/stickers/Arrows/Cover/arrow-94.svg	verbatim		6	0	txt
ac_cloud-notes/packages/frontend/templates/stickers/Arrows/Cover/arrow-95.svg	verbatim		6	0	txt
ac_cloud-notes/packages/frontend/templates/stickers/Arrows/Cover/arrow-96.svg	verbatim		12	0	txt
ac_cloud-notes/packages/frontend/templates/stickers/Arrows/Cover/arrow-97.svg	verbatim		18	0	txt
ac_cloud-notes/packages/frontend/templates/stickers/Arrows/Cover/arrow-98.svg	verbatim		25	0	txt
ac_cloud-notes/packages/frontend/templates/stickers/Arrows/Cover/arrow-99.svg	verbatim		6	0	txt
ac_cloud-notes/packages/frontend/templates/stickers/Arrows/Cover/source.svg	verbatim		8	0	txt
ac_cloud-notes/packages/frontend/templates/stickers/Cheeky Piggies/Content/Crybaby.svg	verbatim		16	0	txt
ac_cloud-notes/packages/frontend/templates/stickers/Cheeky Piggies/Content/Drool.svg	verbatim		25	0	txt
ac_cloud-notes/packages/frontend/templates/stickers/Cheeky Piggies/Content/Fuming.svg	verbatim		22	0	txt
ac_cloud-notes/packages/frontend/templates/stickers/Cheeky Piggies/Content/Hi~.svg	verbatim		21	0	txt
ac_cloud-notes/packages/frontend/templates/stickers/Cheeky Piggies/Content/Holding Tears.svg	verbatim		22	0	txt
ac_cloud-notes/packages/frontend/templates/stickers/Cheeky Piggies/Content/Love Blows.svg	verbatim		17	0	txt
ac_cloud-notes/packages/frontend/templates/stickers/Cheeky Piggies/Content/Me_ Really_.svg	verbatim		19	0	txt
ac_cloud-notes/packages/frontend/templates/stickers/Cheeky Piggies/Content/OK.svg	verbatim		25	0	txt
ac_cloud-notes/packages/frontend/templates/stickers/Cheeky Piggies/Content/Sassy Flick.svg	verbatim		18	0	txt
ac_cloud-notes/packages/frontend/templates/stickers/Cheeky Piggies/Content/Shockwave.svg	verbatim		21	0	txt
ac_cloud-notes/packages/frontend/templates/stickers/Cheeky Piggies/Content/Snooze Drool.svg	verbatim		21	0	txt
ac_cloud-notes/packages/frontend/templates/stickers/Cheeky Piggies/Content/Swag.svg	verbatim		30	0	txt
ac_cloud-notes/packages/frontend/templates/stickers/Cheeky Piggies/Content/Sweatdrop.svg	verbatim		18	0	txt
ac_cloud-notes/packages/frontend/templates/stickers/Cheeky Piggies/Content/Thumbs Up.svg	verbatim		17	0	txt
ac_cloud-notes/packages/frontend/templates/stickers/Cheeky Piggies/Content/What_.svg	verbatim		21	0	txt
ac_cloud-notes/packages/frontend/templates/stickers/Cheeky Piggies/Cover/Crybaby.svg	verbatim		14	0	txt
ac_cloud-notes/packages/frontend/templates/stickers/Cheeky Piggies/Cover/Drool.svg	verbatim		14	0	txt
ac_cloud-notes/packages/frontend/templates/stickers/Cheeky Piggies/Cover/Fuming.svg	verbatim		14	0	txt
ac_cloud-notes/packages/frontend/templates/stickers/Cheeky Piggies/Cover/Hi~.svg	verbatim		14	0	txt
ac_cloud-notes/packages/frontend/templates/stickers/Cheeky Piggies/Cover/Holding Tears.svg	verbatim		14	0	txt
ac_cloud-notes/packages/frontend/templates/stickers/Cheeky Piggies/Cover/Love Blows.svg	verbatim		14	0	txt
ac_cloud-notes/packages/frontend/templates/stickers/Cheeky Piggies/Cover/Me_ Really_.svg	verbatim		14	0	txt
ac_cloud-notes/packages/frontend/templates/stickers/Cheeky Piggies/Cover/OK.svg	verbatim		14	0	txt
ac_cloud-notes/packages/frontend/templates/stickers/Cheeky Piggies/Cover/Sassy Flick.svg	verbatim		14	0	txt
ac_cloud-notes/packages/frontend/templates/stickers/Cheeky Piggies/Cover/Shockwave.svg	verbatim		14	0	txt
ac_cloud-notes/packages/frontend/templates/stickers/Cheeky Piggies/Cover/Snooze Drool.svg	verbatim		14	0	txt
ac_cloud-notes/packages/frontend/templates/stickers/Cheeky Piggies/Cover/Swag.svg	verbatim		14	0	txt
ac_cloud-notes/packages/frontend/templates/stickers/Cheeky Piggies/Cover/Sweatdrop.svg	verbatim		14	0	txt
ac_cloud-notes/packages/frontend/templates/stickers/Cheeky Piggies/Cover/Thumbs Up.svg	verbatim		14	0	txt
ac_cloud-notes/packages/frontend/templates/stickers/Cheeky Piggies/Cover/What_.svg	verbatim		14	0	txt
ac_cloud-notes/packages/frontend/templates/stickers/Contorted Stickers/Content/AFFiNE.svg	verbatim		24	0	txt
ac_cloud-notes/packages/frontend/templates/stickers/Contorted Stickers/Content/AI.svg	verbatim		6	0	txt
ac_cloud-notes/packages/frontend/templates/stickers/Contorted Stickers/Content/Cat.svg	verbatim		12	0	txt
ac_cloud-notes/packages/frontend/templates/stickers/Contorted Stickers/Content/Closed.svg	verbatim		4	0	txt
ac_cloud-notes/packages/frontend/templates/stickers/Contorted Stickers/Content/Eyes.svg	verbatim		8	0	txt
ac_cloud-notes/packages/frontend/templates/stickers/Contorted Stickers/Content/Fire.svg	verbatim		6	0	txt
ac_cloud-notes/packages/frontend/templates/stickers/Contorted Stickers/Content/Info.svg	verbatim		8	0	txt
ac_cloud-notes/packages/frontend/templates/stickers/Contorted Stickers/Content/King.svg	verbatim		4	0	txt
ac_cloud-notes/packages/frontend/templates/stickers/Contorted Stickers/Content/Love Face.svg	verbatim		9	0	txt
ac_cloud-notes/packages/frontend/templates/stickers/Contorted Stickers/Content/Love.svg	verbatim		4	0	txt
ac_cloud-notes/packages/frontend/templates/stickers/Contorted Stickers/Content/Notice.svg	verbatim		8	0	txt
ac_cloud-notes/packages/frontend/templates/stickers/Contorted Stickers/Content/Pin.svg	verbatim		8	0	txt
ac_cloud-notes/packages/frontend/templates/stickers/Contorted Stickers/Content/Question.svg	verbatim		6	0	txt
ac_cloud-notes/packages/frontend/templates/stickers/Contorted Stickers/Content/Smile Face.svg	verbatim		9	0	txt
ac_cloud-notes/packages/frontend/templates/stickers/Contorted Stickers/Content/Stop.svg	verbatim		8	0	txt
ac_cloud-notes/packages/frontend/templates/stickers/Contorted Stickers/Cover/AFFiNE.svg	verbatim		24	0	txt
ac_cloud-notes/packages/frontend/templates/stickers/Contorted Stickers/Cover/AI.svg	verbatim		6	0	txt
ac_cloud-notes/packages/frontend/templates/stickers/Contorted Stickers/Cover/Cat.svg	verbatim		12	0	txt
ac_cloud-notes/packages/frontend/templates/stickers/Contorted Stickers/Cover/Closed.svg	verbatim		4	0	txt
ac_cloud-notes/packages/frontend/templates/stickers/Contorted Stickers/Cover/Eyes.svg	verbatim		8	0	txt
ac_cloud-notes/packages/frontend/templates/stickers/Contorted Stickers/Cover/Fire.svg	verbatim		6	0	txt
ac_cloud-notes/packages/frontend/templates/stickers/Contorted Stickers/Cover/Info.svg	verbatim		8	0	txt
ac_cloud-notes/packages/frontend/templates/stickers/Contorted Stickers/Cover/King.svg	verbatim		4	0	txt
ac_cloud-notes/packages/frontend/templates/stickers/Contorted Stickers/Cover/Love Face.svg	verbatim		9	0	txt
ac_cloud-notes/packages/frontend/templates/stickers/Contorted Stickers/Cover/Love.svg	verbatim		4	0	txt
ac_cloud-notes/packages/frontend/templates/stickers/Contorted Stickers/Cover/Notice.svg	verbatim		8	0	txt
ac_cloud-notes/packages/frontend/templates/stickers/Contorted Stickers/Cover/Pin.svg	verbatim		8	0	txt
ac_cloud-notes/packages/frontend/templates/stickers/Contorted Stickers/Cover/Question.svg	verbatim		6	0	txt
ac_cloud-notes/packages/frontend/templates/stickers/Contorted Stickers/Cover/Smile Face.svg	verbatim		9	0	txt
ac_cloud-notes/packages/frontend/templates/stickers/Contorted Stickers/Cover/Stop.svg	verbatim		8	0	txt
ac_cloud-notes/packages/frontend/templates/stickers/Paper/Content/+1.svg	verbatim		22	0	txt
ac_cloud-notes/packages/frontend/templates/stickers/Paper/Content/A lot of question.svg	verbatim		19	0	txt
ac_cloud-notes/packages/frontend/templates/stickers/Paper/Content/AFFiNE AI.svg	verbatim		112	0	txt
ac_cloud-notes/packages/frontend/templates/stickers/Paper/Content/Arrow.svg	verbatim		18	0	txt
ac_cloud-notes/packages/frontend/templates/stickers/Paper/Content/Atention.svg	verbatim		46	0	txt
ac_cloud-notes/packages/frontend/templates/stickers/Paper/Content/Blue Screen.svg	verbatim		43	0	txt
ac_cloud-notes/packages/frontend/templates/stickers/Paper/Content/Boom.svg	verbatim		18	0	txt
ac_cloud-notes/packages/frontend/templates/stickers/Paper/Content/Cool.svg	verbatim		35	0	txt
ac_cloud-notes/packages/frontend/templates/stickers/Paper/Content/Dino.svg	verbatim		18	0	txt
ac_cloud-notes/packages/frontend/templates/stickers/Paper/Content/Histogram.svg	verbatim		21	0	txt
ac_cloud-notes/packages/frontend/templates/stickers/Paper/Content/Local First.svg	verbatim		21	0	txt
ac_cloud-notes/packages/frontend/templates/stickers/Paper/Content/Medal.svg	verbatim		49	0	txt
ac_cloud-notes/packages/frontend/templates/stickers/Paper/Content/Notice.svg	verbatim		43	0	txt
ac_cloud-notes/packages/frontend/templates/stickers/Paper/Content/Pin.svg	verbatim		24	0	txt
ac_cloud-notes/packages/frontend/templates/stickers/Paper/Content/Star.svg	verbatim		18	0	txt
ac_cloud-notes/packages/frontend/templates/stickers/Paper/Cover/+1.svg	verbatim		9	0	txt
ac_cloud-notes/packages/frontend/templates/stickers/Paper/Cover/A lot of question.svg	verbatim		14	0	txt
ac_cloud-notes/packages/frontend/templates/stickers/Paper/Cover/AFFiNE AI.svg	verbatim		9	0	txt
ac_cloud-notes/packages/frontend/templates/stickers/Paper/Cover/Arrow.svg	verbatim		14	0	txt
ac_cloud-notes/packages/frontend/templates/stickers/Paper/Cover/Atention.svg	verbatim		14	0	txt
ac_cloud-notes/packages/frontend/templates/stickers/Paper/Cover/Blue Screen.svg	verbatim		14	0	txt
ac_cloud-notes/packages/frontend/templates/stickers/Paper/Cover/Boom.svg	verbatim		9	0	txt
ac_cloud-notes/packages/frontend/templates/stickers/Paper/Cover/Cool.svg	verbatim		14	0	txt
ac_cloud-notes/packages/frontend/templates/stickers/Paper/Cover/Dino.svg	verbatim		14	0	txt
ac_cloud-notes/packages/frontend/templates/stickers/Paper/Cover/Histogram.svg	verbatim		14	0	txt
ac_cloud-notes/packages/frontend/templates/stickers/Paper/Cover/Local First.svg	verbatim		14	0	txt
ac_cloud-notes/packages/frontend/templates/stickers/Paper/Cover/Medal.svg	verbatim		9	0	txt
ac_cloud-notes/packages/frontend/templates/stickers/Paper/Cover/Notice.svg	verbatim		14	0	txt
ac_cloud-notes/packages/frontend/templates/stickers/Paper/Cover/Pin.svg	verbatim		14	0	txt
ac_cloud-notes/packages/frontend/templates/stickers/Paper/Cover/Star.svg	verbatim		9	0	txt
ac_cloud-notes/packages/frontend/track/package.json	verbatim		20	0	txt
ac_cloud-notes/packages/frontend/track/src/__tests__/auto.spec.ts	verbatim		123	0	txt
ac_cloud-notes/packages/frontend/track/src/__tests__/tracker.spec.ts	verbatim		66	0	txt
ac_cloud-notes/packages/frontend/track/src/auto.ts	verbatim		108	0	txt
ac_cloud-notes/packages/frontend/track/src/events.ts	verbatim		840	0	txt
ac_cloud-notes/packages/frontend/track/src/index.ts	verbatim		23	0	txt
ac_cloud-notes/packages/frontend/track/src/sentry.ts	verbatim		49	0	txt
ac_cloud-notes/packages/frontend/track/src/state.ts	verbatim		88	0	txt
ac_cloud-notes/packages/frontend/track/src/telemetry.ts	verbatim		132	0	txt
ac_cloud-notes/packages/frontend/track/src/tracker.ts	verbatim		459	0	txt
ac_cloud-notes/packages/frontend/track/src/types.ts	verbatim		63	0	txt
ac_cloud-notes/packages/frontend/track/tsconfig.json	verbatim		10	0	txt
ac_cloud-notes/render.yaml	verbatim		49	0	txt
ac_cloud-notes/rust-toolchain.toml	verbatim		3	0	txt
ac_cloud-notes/rustfmt.toml	verbatim		10	0	txt
ac_cloud-notes/scripts/check-windows-signer.mjs	verbatim		34	0	txt
ac_cloud-notes/scripts/cleanup-canary-releases.sh	verbatim		198	0	txt
ac_cloud-notes/scripts/download-blocksuite-fonts.mjs	verbatim		25	0	txt
ac_cloud-notes/scripts/generate-release-yml.mjs	verbatim		64	0	txt
ac_cloud-notes/scripts/set-version.sh	verbatim		122	0	txt
ac_cloud-notes/scripts/setup/global.ts	verbatim		11	0	txt
ac_cloud-notes/scripts/setup/lit.ts	verbatim		11	0	txt
ac_cloud-notes/scripts/setup/polyfill.ts	verbatim		11	0	txt
ac_cloud-notes/scripts/setup/vi-mock.ts	verbatim		12	0	txt
ac_cloud-notes/scripts/vitest-global.js	verbatim		3	0	txt
ac_cloud-notes/test/test-capacitor-plugin-surface.sh	new		0	144	txt
ac_cloud-notes/test/test-file-explorer.sh	new		0	81	txt
ac_cloud-notes/test/test-html-import-route.sh	new		0	108	txt
ac_cloud-notes/test/test-identity.sh	new		0	87	txt
ac_cloud-notes/test/test-launch-payload.sh	new		0	158	txt
ac_cloud-notes/test/test-licence-clean.sh	new		0	60	txt
ac_cloud-notes/test/test-root-scope-services.sh	new		0	118	txt
ac_cloud-notes/tests/affine-cloud-copilot/README.md	verbatim		13	0	txt
ac_cloud-notes/tests/affine-cloud-copilot/e2e/ai-action/brainstorm-ideas-with-mind-map.spec.ts	verbatim		48	0	txt
ac_cloud-notes/tests/affine-cloud-copilot/e2e/ai-action/change-tone.spec.ts	verbatim		79	0	txt
ac_cloud-notes/tests/affine-cloud-copilot/e2e/ai-action/check-code-error.spec.ts	verbatim		51	0	txt
ac_cloud-notes/tests/affine-cloud-copilot/e2e/ai-action/continue-with-ai.spec.ts	verbatim		17	0	txt
ac_cloud-notes/tests/affine-cloud-copilot/e2e/ai-action/continue-writing.spec.ts	verbatim		84	0	txt
ac_cloud-notes/tests/affine-cloud-copilot/e2e/ai-action/expand-mindmap-node.spec.ts	verbatim		35	0	txt
ac_cloud-notes/tests/affine-cloud-copilot/e2e/ai-action/explain-code.spec.ts	verbatim		43	0	txt
ac_cloud-notes/tests/affine-cloud-copilot/e2e/ai-action/explain-image.spec.ts	verbatim		46	0	txt
ac_cloud-notes/tests/affine-cloud-copilot/e2e/ai-action/explain-selection.spec.ts	verbatim		79	0	txt
ac_cloud-notes/tests/affine-cloud-copilot/e2e/ai-action/find-actions.spec.ts	verbatim		135	0	txt
ac_cloud-notes/tests/affine-cloud-copilot/e2e/ai-action/fix-grammar.spec.ts	verbatim		76	0	txt
ac_cloud-notes/tests/affine-cloud-copilot/e2e/ai-action/fix-spelling.spec.ts	verbatim		70	0	txt
ac_cloud-notes/tests/affine-cloud-copilot/e2e/ai-action/generate-an-image-with-image.spec.ts	verbatim		52	0	txt
ac_cloud-notes/tests/affine-cloud-copilot/e2e/ai-action/generate-an-image-with-text.spec.ts	verbatim		81	0	txt
ac_cloud-notes/tests/affine-cloud-copilot/e2e/ai-action/generate-headings.spec.ts	verbatim		100	0	txt
ac_cloud-notes/tests/affine-cloud-copilot/e2e/ai-action/generate-image-caption.spec.ts	verbatim		49	0	txt
ac_cloud-notes/tests/affine-cloud-copilot/e2e/ai-action/generate-outline.spec.ts	verbatim		80	0	txt
ac_cloud-notes/tests/affine-cloud-copilot/e2e/ai-action/generate-presentation.spec.ts	verbatim		55	0	txt
ac_cloud-notes/tests/affine-cloud-copilot/e2e/ai-action/image-filter.spec.ts	verbatim		22	0	txt
ac_cloud-notes/tests/affine-cloud-copilot/e2e/ai-action/image-processing.spec.ts	verbatim		51	0	txt
ac_cloud-notes/tests/affine-cloud-copilot/e2e/ai-action/improve-writing.spec.ts	verbatim		74	0	txt
ac_cloud-notes/tests/affine-cloud-copilot/e2e/ai-action/make-it-longer.spec.ts	verbatim		80	0	txt
ac_cloud-notes/tests/affine-cloud-copilot/e2e/ai-action/make-it-real.spec.ts	verbatim		82	0	txt
ac_cloud-notes/tests/affine-cloud-copilot/e2e/ai-action/make-it-shorter.spec.ts	verbatim		80	0	txt
ac_cloud-notes/tests/affine-cloud-copilot/e2e/ai-action/regenerate-mindmap.spec.ts	verbatim		31	0	txt
ac_cloud-notes/tests/affine-cloud-copilot/e2e/ai-action/summarize.spec.ts	verbatim		80	0	txt
ac_cloud-notes/tests/affine-cloud-copilot/e2e/ai-action/translate.spec.ts	verbatim		68	0	txt
ac_cloud-notes/tests/affine-cloud-copilot/e2e/ai-action/write-an-article.spec.ts	verbatim		80	0	txt
ac_cloud-notes/tests/affine-cloud-copilot/e2e/ai-action/write-an-blog.spec.ts	verbatim		80	0	txt
ac_cloud-notes/tests/affine-cloud-copilot/e2e/ai-action/write-an-poem.spec.ts	verbatim		80	0	txt
ac_cloud-notes/tests/affine-cloud-copilot/e2e/ai-action/write-an-tweet.spec.ts	verbatim		80	0	txt
ac_cloud-notes/tests/affine-cloud-copilot/e2e/base/base-test.ts	verbatim		36	0	txt
ac_cloud-notes/tests/affine-cloud-copilot/e2e/basic/authority.spec.ts	verbatim		28	0	txt
ac_cloud-notes/tests/affine-cloud-copilot/e2e/basic/chat.spec.ts	verbatim		479	0	txt
ac_cloud-notes/tests/affine-cloud-copilot/e2e/basic/guidance.spec.ts	verbatim		62	0	txt
ac_cloud-notes/tests/affine-cloud-copilot/e2e/basic/onboarding.spec.ts	verbatim		63	0	txt
ac_cloud-notes/tests/affine-cloud-copilot/e2e/chat-with/attachments.spec.ts	verbatim		106	0	txt
ac_cloud-notes/tests/affine-cloud-copilot/e2e/chat-with/collections.spec.ts	verbatim		112	0	txt
ac_cloud-notes/tests/affine-cloud-copilot/e2e/chat-with/doc.spec.ts	verbatim		78	0	txt
ac_cloud-notes/tests/affine-cloud-copilot/e2e/chat-with/edgeless-mindmap.spec.ts	verbatim		163	0	txt
ac_cloud-notes/tests/affine-cloud-copilot/e2e/chat-with/edgeless-note-block.spec.ts	verbatim		26	0	txt
ac_cloud-notes/tests/affine-cloud-copilot/e2e/chat-with/edgeless-text-block.spec.ts	verbatim		26	0	txt
ac_cloud-notes/tests/affine-cloud-copilot/e2e/chat-with/image-block.spec.ts	verbatim		33	0	txt
ac_cloud-notes/tests/affine-cloud-copilot/e2e/chat-with/image.spec.ts	verbatim		91	0	txt
ac_cloud-notes/tests/affine-cloud-copilot/e2e/chat-with/network.spec.ts	verbatim		26	0	txt
ac_cloud-notes/tests/affine-cloud-copilot/e2e/chat-with/reasoning.spec.ts	verbatim		28	0	txt
ac_cloud-notes/tests/affine-cloud-copilot/e2e/chat-with/tags.spec.ts	verbatim		86	0	txt
ac_cloud-notes/tests/affine-cloud-copilot/e2e/chat-with/text.spec.ts	verbatim		159	0	txt
ac_cloud-notes/tests/affine-cloud-copilot/e2e/insertion/add-to-edgeless-as-note.spec.ts	verbatim		61	0	txt
ac_cloud-notes/tests/affine-cloud-copilot/e2e/insertion/insert.spec.ts	verbatim		167	0	txt
ac_cloud-notes/tests/affine-cloud-copilot/e2e/insertion/save-as-block.spec.ts	verbatim		57	0	txt
ac_cloud-notes/tests/affine-cloud-copilot/e2e/insertion/save-as-doc.spec.ts	verbatim		63	0	txt
ac_cloud-notes/tests/affine-cloud-copilot/e2e/settings/embedding.spec.ts	verbatim		433	0	txt
ac_cloud-notes/tests/affine-cloud-copilot/e2e/types/global.d.ts	verbatim		3	0	txt
ac_cloud-notes/tests/affine-cloud-copilot/e2e/utils/chat-panel-utils.ts	verbatim		350	0	txt
ac_cloud-notes/tests/affine-cloud-copilot/e2e/utils/editor-utils.ts	verbatim		715	0	txt
ac_cloud-notes/tests/affine-cloud-copilot/e2e/utils/settings-panel-utils.ts	verbatim		247	0	txt
ac_cloud-notes/tests/affine-cloud-copilot/e2e/utils/test-utils.ts	verbatim		61	0	txt
ac_cloud-notes/tests/affine-cloud-copilot/global-setup.ts	verbatim		34	0	txt
ac_cloud-notes/tests/affine-cloud-copilot/package.json	verbatim		13	0	txt
ac_cloud-notes/tests/affine-cloud-copilot/playwright.config.ts	verbatim		73	0	txt
ac_cloud-notes/tests/affine-cloud-copilot/runtime-config.json	verbatim		28	0	txt
ac_cloud-notes/tests/affine-cloud-copilot/tsconfig.json	verbatim		10	0	txt
ac_cloud-notes/tests/affine-cloud/e2e/collaboration.spec.ts	verbatim		190	0	txt
ac_cloud-notes/tests/affine-cloud/e2e/comments.spec.ts	verbatim		101	0	txt
ac_cloud-notes/tests/affine-cloud/e2e/fixtures/0.9.0-canary.9-snapshots.sql	verbatim		14	0	txt
ac_cloud-notes/tests/affine-cloud/e2e/login.spec.ts	verbatim		104	0	txt
ac_cloud-notes/tests/affine-cloud/e2e/logo.svg	verbatim		1	0	txt
ac_cloud-notes/tests/affine-cloud/e2e/migration.spec.skip.ts	verbatim		102	0	txt
ac_cloud-notes/tests/affine-cloud/e2e/open-in-app.spec.ts	verbatim		49	0	txt
ac_cloud-notes/tests/affine-cloud/e2e/page-history.spec.ts	verbatim		147	0	txt
ac_cloud-notes/tests/affine-cloud/e2e/share-page-1.spec.ts	verbatim		232	0	txt
ac_cloud-notes/tests/affine-cloud/e2e/share-page-2.spec.ts	verbatim		248	0	txt
ac_cloud-notes/tests/affine-cloud/e2e/storage.spec.ts	verbatim		70	0	txt
ac_cloud-notes/tests/affine-cloud/e2e/template.spec.ts	verbatim		27	0	txt
ac_cloud-notes/tests/affine-cloud/e2e/workspace.spec.ts	verbatim		52	0	txt
ac_cloud-notes/tests/affine-cloud/package.json	verbatim		13	0	txt
ac_cloud-notes/tests/affine-cloud/playwright.config.ts	verbatim		72	0	txt
ac_cloud-notes/tests/affine-cloud/runtime-config.json	verbatim		9	0	txt
ac_cloud-notes/tests/affine-cloud/tsconfig.json	verbatim		10	0	txt
ac_cloud-notes/tests/affine-desktop-cloud/e2e/basic.spec.ts	verbatim		30	0	txt
ac_cloud-notes/tests/affine-desktop-cloud/package.json	verbatim		13	0	txt
ac_cloud-notes/tests/affine-desktop-cloud/playwright.config.ts	verbatim		64	0	txt
ac_cloud-notes/tests/affine-desktop-cloud/runtime-config.json	verbatim		9	0	txt
ac_cloud-notes/tests/affine-desktop-cloud/tsconfig.json	verbatim		10	0	txt
ac_cloud-notes/tests/affine-desktop/e2e/basic.spec.ts	verbatim		154	0	txt
ac_cloud-notes/tests/affine-desktop/e2e/image.spec.ts	verbatim		40	0	txt
ac_cloud-notes/tests/affine-desktop/e2e/split-view.spec.ts	verbatim		120	0	txt
ac_cloud-notes/tests/affine-desktop/e2e/tabs.spec.ts	verbatim		129	0	txt
ac_cloud-notes/tests/affine-desktop/e2e/workspace.spec.ts	verbatim		151	0	txt
ac_cloud-notes/tests/affine-desktop/package.json	verbatim		17	0	txt
ac_cloud-notes/tests/affine-desktop/playwright.config.ts	verbatim		48	0	txt
ac_cloud-notes/tests/affine-desktop/tsconfig.json	verbatim		14	0	txt
ac_cloud-notes/tests/affine-local/e2e/ai-land.spec.ts	verbatim		15	0	txt
ac_cloud-notes/tests/affine-local/e2e/all-page.spec.ts	verbatim		185	0	txt
ac_cloud-notes/tests/affine-local/e2e/attachment-preview.spec.ts	verbatim		330	0	txt
ac_cloud-notes/tests/affine-local/e2e/blocksuite/at-menu.spec.ts	verbatim		23	0	txt
ac_cloud-notes/tests/affine-local/e2e/blocksuite/attachment/toolbar.spec.ts	verbatim		88	0	txt
ac_cloud-notes/tests/affine-local/e2e/blocksuite/callout/callout.spec.ts	verbatim		63	0	txt
ac_cloud-notes/tests/affine-local/e2e/blocksuite/clipboard/clipboard.spec.ts	verbatim		481	0	txt
ac_cloud-notes/tests/affine-local/e2e/blocksuite/code/crud.spec.ts	verbatim		100	0	txt
ac_cloud-notes/tests/affine-local/e2e/blocksuite/code/line-numbers.spec.ts	verbatim		154	0	txt
ac_cloud-notes/tests/affine-local/e2e/blocksuite/code/utils.ts	verbatim		39	0	txt
ac_cloud-notes/tests/affine-local/e2e/blocksuite/color-picker.spec.ts	verbatim		84	0	txt
ac_cloud-notes/tests/affine-local/e2e/blocksuite/database/clipboard.spec.ts	verbatim		59	0	txt
ac_cloud-notes/tests/affine-local/e2e/blocksuite/database/rich-text.spec.ts	verbatim		80	0	txt
ac_cloud-notes/tests/affine-local/e2e/blocksuite/database/utils.ts	verbatim		110	0	txt
ac_cloud-notes/tests/affine-local/e2e/blocksuite/edgeless/auto-complete.spec.ts	verbatim		76	0	txt
ac_cloud-notes/tests/affine-local/e2e/blocksuite/edgeless/canvas-renderer.perf.spec.ts	verbatim		169	0	txt
ac_cloud-notes/tests/affine-local/e2e/blocksuite/edgeless/connector.spec.ts	verbatim		54	0	txt
ac_cloud-notes/tests/affine-local/e2e/blocksuite/edgeless/embed.spec.ts	verbatim		54	0	txt
ac_cloud-notes/tests/affine-local/e2e/blocksuite/edgeless/frame.spec.ts	verbatim		57	0	txt
ac_cloud-notes/tests/affine-local/e2e/blocksuite/edgeless/highlighter.spec.ts	verbatim		67	0	txt
ac_cloud-notes/tests/affine-local/e2e/blocksuite/edgeless/note.spec.ts	verbatim		451	0	txt
ac_cloud-notes/tests/affine-local/e2e/blocksuite/edgeless/shape.spec.ts	verbatim		88	0	txt
ac_cloud-notes/tests/affine-local/e2e/blocksuite/edgeless/text.spec.ts	verbatim		77	0	txt
ac_cloud-notes/tests/affine-local/e2e/blocksuite/editor.spec.ts	verbatim		90	0	txt
ac_cloud-notes/tests/affine-local/e2e/blocksuite/embed/embed-iframe.spec.ts	verbatim		205	0	txt
ac_cloud-notes/tests/affine-local/e2e/blocksuite/embed/synced.spec.ts	verbatim		145	0	txt
ac_cloud-notes/tests/affine-local/e2e/blocksuite/list.spec.ts	verbatim		104	0	txt
ac_cloud-notes/tests/affine-local/e2e/blocksuite/outline/outline-panel.spec.ts	verbatim		464	0	txt
ac_cloud-notes/tests/affine-local/e2e/blocksuite/outline/outline-viewer.spec.ts	verbatim		230	0	txt
ac_cloud-notes/tests/affine-local/e2e/blocksuite/outline/utils.ts	verbatim		30	0	txt
ac_cloud-notes/tests/affine-local/e2e/blocksuite/paragraph.spec.ts	verbatim		426	0	txt
ac_cloud-notes/tests/affine-local/e2e/blocksuite/table/collab.spec.ts	verbatim		108	0	txt
ac_cloud-notes/tests/affine-local/e2e/blocksuite/table/edge-insertion.spec.ts	verbatim		165	0	txt
ac_cloud-notes/tests/affine-local/e2e/blocksuite/table/insertion.spec.ts	verbatim		166	0	txt
ac_cloud-notes/tests/affine-local/e2e/blocksuite/toolbar.spec.ts	verbatim		324	0	txt
ac_cloud-notes/tests/affine-local/e2e/change-page-mode.spec.ts	verbatim		129	0	txt
ac_cloud-notes/tests/affine-local/e2e/doc-info-modal.spec.ts	verbatim		116	0	txt
ac_cloud-notes/tests/affine-local/e2e/drag-page.spec.ts	verbatim		363	0	txt
ac_cloud-notes/tests/affine-local/e2e/duplicate-page.spec.ts	verbatim		22	0	txt
ac_cloud-notes/tests/affine-local/e2e/exception-page.spec.ts	verbatim		8	0	txt
ac_cloud-notes/tests/affine-local/e2e/image-preview.spec.ts	verbatim		704	0	txt
ac_cloud-notes/tests/affine-local/e2e/import-dialog.spec.ts	verbatim		48	0	txt
ac_cloud-notes/tests/affine-local/e2e/journal.spec.ts	verbatim		115	0	txt
ac_cloud-notes/tests/affine-local/e2e/layout.spec.ts	verbatim		73	0	txt
ac_cloud-notes/tests/affine-local/e2e/links.spec.ts	verbatim		929	0	txt
ac_cloud-notes/tests/affine-local/e2e/local-first-avatar.spec.ts	verbatim		74	0	txt
ac_cloud-notes/tests/affine-local/e2e/local-first-collections-items.spec.ts	verbatim		161	0	txt
ac_cloud-notes/tests/affine-local/e2e/local-first-delete-page.spec.ts	verbatim		134	0	txt
ac_cloud-notes/tests/affine-local/e2e/local-first-delete-workspace.spec.ts	verbatim		70	0	txt
ac_cloud-notes/tests/affine-local/e2e/local-first-export-page.spec.ts	verbatim		71	0	txt
ac_cloud-notes/tests/affine-local/e2e/local-first-favorite-page.spec.ts	verbatim		87	0	txt
ac_cloud-notes/tests/affine-local/e2e/local-first-favorites-items.spec.ts	verbatim		128	0	txt
ac_cloud-notes/tests/affine-local/e2e/local-first-new-page.spec.ts	verbatim		35	0	txt
ac_cloud-notes/tests/affine-local/e2e/local-first-openpage-newtab.spec.ts	verbatim		120	0	txt
ac_cloud-notes/tests/affine-local/e2e/local-first-restore-page.spec.ts	verbatim		46	0	txt
ac_cloud-notes/tests/affine-local/e2e/local-first-show-delete-modal.spec.ts	verbatim		54	0	txt
ac_cloud-notes/tests/affine-local/e2e/local-first-trash-page.spec.ts	verbatim		68	0	txt
ac_cloud-notes/tests/affine-local/e2e/local-first-workspace-list.spec.ts	verbatim		128	0	txt
ac_cloud-notes/tests/affine-local/e2e/local-first-workspace.spec.ts	verbatim		13	0	txt
ac_cloud-notes/tests/affine-local/e2e/navigation.spec.ts	verbatim		37	0	txt
ac_cloud-notes/tests/affine-local/e2e/open-affine.spec.ts	verbatim		38	0	txt
ac_cloud-notes/tests/affine-local/e2e/page-properties.spec.ts	verbatim		328	0	txt
ac_cloud-notes/tests/affine-local/e2e/peek-view.spec.ts	verbatim		205	0	txt
ac_cloud-notes/tests/affine-local/e2e/quick-search.spec.ts	verbatim		519	0	txt
ac_cloud-notes/tests/affine-local/e2e/router.spec.ts	verbatim		25	0	txt
ac_cloud-notes/tests/affine-local/e2e/settings.spec.ts	verbatim		92	0	txt
ac_cloud-notes/tests/affine-local/e2e/template.spec.ts	verbatim		243	0	txt
ac_cloud-notes/tests/affine-local/e2e/theme.spec.ts	verbatim		28	0	txt
ac_cloud-notes/tests/affine-local/e2e/undo-empty.spec.ts	verbatim		26	0	txt
ac_cloud-notes/tests/affine-local/package.json	verbatim		13	0	txt
ac_cloud-notes/tests/affine-local/playwright.config.ts	verbatim		58	0	txt
ac_cloud-notes/tests/affine-local/tsconfig.json	verbatim		10	0	txt
ac_cloud-notes/tests/affine-mobile/e2e/back-button-visibility.spec.ts	verbatim		28	0	txt
ac_cloud-notes/tests/affine-mobile/e2e/detail.spec.ts	verbatim		50	0	txt
ac_cloud-notes/tests/affine-mobile/e2e/explorer-favorite.spec.ts	verbatim		37	0	txt
ac_cloud-notes/tests/affine-mobile/e2e/explorer-folder.spec.ts	verbatim		67	0	txt
ac_cloud-notes/tests/affine-mobile/e2e/explorer-tag.spec.ts	verbatim		102	0	txt
ac_cloud-notes/tests/affine-mobile/e2e/home.spec.ts	verbatim		137	0	txt
ac_cloud-notes/tests/affine-mobile/e2e/settings.spec.ts	verbatim		23	0	txt
ac_cloud-notes/tests/affine-mobile/e2e/utils.ts	verbatim		93	0	txt
ac_cloud-notes/tests/affine-mobile/package.json	verbatim		13	0	txt
ac_cloud-notes/tests/affine-mobile/playwright.config.ts	verbatim		64	0	txt
ac_cloud-notes/tests/affine-mobile/tsconfig.json	verbatim		10	0	txt
ac_cloud-notes/tests/blocksuite/e2e/attachment.spec.ts	verbatim		381	0	txt
ac_cloud-notes/tests/blocksuite/e2e/bookmark.spec.ts	verbatim		462	0	txt
ac_cloud-notes/tests/blocksuite/e2e/clipboard/clipboard.spec.ts	verbatim		369	0	txt
ac_cloud-notes/tests/blocksuite/e2e/clipboard/image.spec.ts	verbatim		56	0	txt
ac_cloud-notes/tests/blocksuite/e2e/clipboard/list.spec.ts	verbatim		573	0	txt
ac_cloud-notes/tests/blocksuite/e2e/clipboard/markdown.spec.ts	verbatim		148	0	txt
ac_cloud-notes/tests/blocksuite/e2e/code/copy-paste.spec.ts	verbatim		126	0	txt
ac_cloud-notes/tests/blocksuite/e2e/code/crud.spec.ts	verbatim		557	0	txt
ac_cloud-notes/tests/blocksuite/e2e/code/readonly.spec.ts	verbatim		50	0	txt
ac_cloud-notes/tests/blocksuite/e2e/code/selections.spec.ts	verbatim		193	0	txt
ac_cloud-notes/tests/blocksuite/e2e/code/utils.ts	verbatim		56	0	txt
ac_cloud-notes/tests/blocksuite/e2e/cross-platform/basic.spec.ts	verbatim		522	0	txt
ac_cloud-notes/tests/blocksuite/e2e/cross-platform/inline/firefox-beforeinput.spec.ts	verbatim		75	0	txt
ac_cloud-notes/tests/blocksuite/e2e/cross-platform/inline/inline-editor.spec.ts	verbatim		1054	0	txt
ac_cloud-notes/tests/blocksuite/e2e/database/actions.ts	verbatim		498	0	txt
ac_cloud-notes/tests/blocksuite/e2e/database/calendar.spec.ts	verbatim		446	0	txt
ac_cloud-notes/tests/blocksuite/e2e/database/clipboard.spec.ts	verbatim		157	0	txt
ac_cloud-notes/tests/blocksuite/e2e/database/column.spec.ts	verbatim		527	0	txt
ac_cloud-notes/tests/blocksuite/e2e/database/database.spec.ts	verbatim		587	0	txt
ac_cloud-notes/tests/blocksuite/e2e/database/selection.spec.ts	verbatim		480	0	txt
ac_cloud-notes/tests/blocksuite/e2e/database/sort.spec.ts	verbatim		95	0	txt
ac_cloud-notes/tests/blocksuite/e2e/database/statistics.spec.ts	verbatim		103	0	txt
ac_cloud-notes/tests/blocksuite/e2e/database/title.spec.ts	verbatim		17	0	txt
ac_cloud-notes/tests/blocksuite/e2e/drag.spec.ts	verbatim		648	0	txt
ac_cloud-notes/tests/blocksuite/e2e/edgeless/align.spec.ts	verbatim		368	0	txt
ac_cloud-notes/tests/blocksuite/e2e/edgeless/auto-complete.spec.ts	verbatim		227	0	txt
ac_cloud-notes/tests/blocksuite/e2e/edgeless/auto-connect.spec.ts	verbatim		157	0	txt
ac_cloud-notes/tests/blocksuite/e2e/edgeless/basic.spec.ts	verbatim		333	0	txt
ac_cloud-notes/tests/blocksuite/e2e/edgeless/brush.spec.ts	verbatim		175	0	txt
ac_cloud-notes/tests/blocksuite/e2e/edgeless/clipboard.spec.ts	verbatim		214	0	txt
ac_cloud-notes/tests/blocksuite/e2e/edgeless/color-picker.spec.ts	verbatim		263	0	txt
ac_cloud-notes/tests/blocksuite/e2e/edgeless/connector/clipboard.spec.ts	verbatim		132	0	txt
ac_cloud-notes/tests/blocksuite/e2e/edgeless/connector/connector.spec.ts	verbatim		390	0	txt
ac_cloud-notes/tests/blocksuite/e2e/edgeless/connector/elbow.spec.ts	verbatim		184	0	txt
ac_cloud-notes/tests/blocksuite/e2e/edgeless/connector/group.spec.ts	verbatim		85	0	txt
ac_cloud-notes/tests/blocksuite/e2e/edgeless/connector/label.spec.ts	verbatim		281	0	txt
ac_cloud-notes/tests/blocksuite/e2e/edgeless/edgeless-text.spec.ts	verbatim		633	0	txt
ac_cloud-notes/tests/blocksuite/e2e/edgeless/element-toolbar.spec.ts	verbatim		96	0	txt
ac_cloud-notes/tests/blocksuite/e2e/edgeless/eraser.spec.ts	verbatim		43	0	txt
ac_cloud-notes/tests/blocksuite/e2e/edgeless/frame/clipboard.spec.ts	verbatim		135	0	txt
ac_cloud-notes/tests/blocksuite/e2e/edgeless/frame/frame-mindmap.spec.ts	verbatim		198	0	txt
ac_cloud-notes/tests/blocksuite/e2e/edgeless/frame/frame-title.spec.ts	verbatim		150	0	txt
ac_cloud-notes/tests/blocksuite/e2e/edgeless/frame/frame.spec.ts	verbatim		426	0	txt
ac_cloud-notes/tests/blocksuite/e2e/edgeless/frame/layer.spec.ts	verbatim		60	0	txt
ac_cloud-notes/tests/blocksuite/e2e/edgeless/frame/selection.spec.ts	verbatim		183	0	txt
ac_cloud-notes/tests/blocksuite/e2e/edgeless/group/clipboard.spec.ts	verbatim		125	0	txt
ac_cloud-notes/tests/blocksuite/e2e/edgeless/group/group-and-ungroup.spec.ts	verbatim		111	0	txt
ac_cloud-notes/tests/blocksuite/e2e/edgeless/group/group.spec.ts	verbatim		231	0	txt
ac_cloud-notes/tests/blocksuite/e2e/edgeless/group/release.spec.ts	verbatim		103	0	txt
ac_cloud-notes/tests/blocksuite/e2e/edgeless/group/title.spec.ts	verbatim		61	0	txt
ac_cloud-notes/tests/blocksuite/e2e/edgeless/linked-doc.spec.ts	verbatim		278	0	txt
ac_cloud-notes/tests/blocksuite/e2e/edgeless/lock.spec.ts	verbatim		486	0	txt
ac_cloud-notes/tests/blocksuite/e2e/edgeless/mindmap.spec.ts	verbatim		326	0	txt
ac_cloud-notes/tests/blocksuite/e2e/edgeless/note/drag-handle.spec.ts	verbatim		206	0	txt
ac_cloud-notes/tests/blocksuite/e2e/edgeless/note/mode.spec.ts	verbatim		67	0	txt
ac_cloud-notes/tests/blocksuite/e2e/edgeless/note/note.spec.ts	verbatim		590	0	txt
ac_cloud-notes/tests/blocksuite/e2e/edgeless/note/resize.spec.ts	verbatim		188	0	txt
ac_cloud-notes/tests/blocksuite/e2e/edgeless/note/scale.spec.ts	verbatim		127	0	txt
ac_cloud-notes/tests/blocksuite/e2e/edgeless/note/slicer.spec.ts	verbatim		125	0	txt
ac_cloud-notes/tests/blocksuite/e2e/edgeless/note/undo-redo.spec.ts	verbatim		169	0	txt
ac_cloud-notes/tests/blocksuite/e2e/edgeless/pan.spec.ts	verbatim		223	0	txt
ac_cloud-notes/tests/blocksuite/e2e/edgeless/paste-block.spec.ts	verbatim		118	0	txt
ac_cloud-notes/tests/blocksuite/e2e/edgeless/presentation.spec.ts	verbatim		281	0	txt
ac_cloud-notes/tests/blocksuite/e2e/edgeless/reordering.spec.ts	verbatim		365	0	txt
ac_cloud-notes/tests/blocksuite/e2e/edgeless/resizing.spec.ts	verbatim		179	0	txt
ac_cloud-notes/tests/blocksuite/e2e/edgeless/rotation.spec.ts	verbatim		189	0	txt
ac_cloud-notes/tests/blocksuite/e2e/edgeless/selection/connector.spec.ts	verbatim		84	0	txt
ac_cloud-notes/tests/blocksuite/e2e/edgeless/selection/keyboard.spec.ts	verbatim		216	0	txt
ac_cloud-notes/tests/blocksuite/e2e/edgeless/selection/selection.spec.ts	verbatim		476	0	txt
ac_cloud-notes/tests/blocksuite/e2e/edgeless/shape.spec.ts	verbatim		660	0	txt
ac_cloud-notes/tests/blocksuite/e2e/edgeless/shortcut.spec.ts	verbatim		287	0	txt
ac_cloud-notes/tests/blocksuite/e2e/edgeless/snap.spec.ts	verbatim		37	0	txt
ac_cloud-notes/tests/blocksuite/e2e/edgeless/text.spec.ts	verbatim		249	0	txt
ac_cloud-notes/tests/blocksuite/e2e/embed-synced-doc/edgeless.spec.ts	verbatim		237	0	txt
ac_cloud-notes/tests/blocksuite/e2e/embed-synced-doc/render.spec.ts	verbatim		71	0	txt
ac_cloud-notes/tests/blocksuite/e2e/embed-synced-doc/toolbar.spec.ts	verbatim		57	0	txt
ac_cloud-notes/tests/blocksuite/e2e/embed-synced-doc/utils.ts	verbatim		105	0	txt
ac_cloud-notes/tests/blocksuite/e2e/fixtures/smile.png	verbatim		0	0	bin
ac_cloud-notes/tests/blocksuite/e2e/format-bar.spec.ts	verbatim		926	0	txt
ac_cloud-notes/tests/blocksuite/e2e/fragments/frame-panel.spec.ts	verbatim		280	0	txt
ac_cloud-notes/tests/blocksuite/e2e/hotkey/bracket.spec.ts	verbatim		82	0	txt
ac_cloud-notes/tests/blocksuite/e2e/hotkey/hotkey.spec.ts	verbatim		432	0	txt
ac_cloud-notes/tests/blocksuite/e2e/hotkey/multiline.spec.ts	verbatim		156	0	txt
ac_cloud-notes/tests/blocksuite/e2e/hotkey/title.spec.ts	verbatim		38	0	txt
ac_cloud-notes/tests/blocksuite/e2e/image/image.spec.ts	verbatim		124	0	txt
ac_cloud-notes/tests/blocksuite/e2e/image/keymap.spec.ts	verbatim		71	0	txt
ac_cloud-notes/tests/blocksuite/e2e/image/load.spec.ts	verbatim		137	0	txt
ac_cloud-notes/tests/blocksuite/e2e/image/menu.spec.ts	verbatim		30	0	txt
ac_cloud-notes/tests/blocksuite/e2e/latex/block.spec.ts	verbatim		49	0	txt
ac_cloud-notes/tests/blocksuite/e2e/latex/inline.spec.ts	verbatim		399	0	txt
ac_cloud-notes/tests/blocksuite/e2e/link.spec.ts	verbatim		385	0	txt
ac_cloud-notes/tests/blocksuite/e2e/linked-page.spec.ts	verbatim		882	0	txt
ac_cloud-notes/tests/blocksuite/e2e/list.spec.ts	verbatim		720	0	txt
ac_cloud-notes/tests/blocksuite/e2e/markdown.spec.ts	verbatim		652	0	txt
ac_cloud-notes/tests/blocksuite/e2e/multiple-editors/edgeless.spec.ts	verbatim		36	0	txt
ac_cloud-notes/tests/blocksuite/e2e/multiple-editors/selection.spec.ts	verbatim		29	0	txt
ac_cloud-notes/tests/blocksuite/e2e/paragraph.spec.ts	verbatim		1246	0	txt
ac_cloud-notes/tests/blocksuite/e2e/quote.spec.ts	verbatim		98	0	txt
ac_cloud-notes/tests/blocksuite/e2e/selection/block.spec.ts	verbatim		1225	0	txt
ac_cloud-notes/tests/blocksuite/e2e/selection/native.spec.ts	verbatim		1570	0	txt
ac_cloud-notes/tests/blocksuite/e2e/slash-menu.spec.ts	verbatim		722	0	txt
ac_cloud-notes/tests/blocksuite/e2e/utils/actions/block.ts	verbatim		28	0	txt
ac_cloud-notes/tests/blocksuite/e2e/utils/actions/click.ts	verbatim		105	0	txt
ac_cloud-notes/tests/blocksuite/e2e/utils/actions/drag.ts	verbatim		227	0	txt
ac_cloud-notes/tests/blocksuite/e2e/utils/actions/edgeless.ts	verbatim		1816	0	txt
ac_cloud-notes/tests/blocksuite/e2e/utils/actions/index.ts	verbatim		7	0	txt
ac_cloud-notes/tests/blocksuite/e2e/utils/actions/keyboard.ts	verbatim		203	0	txt
ac_cloud-notes/tests/blocksuite/e2e/utils/actions/linked-doc.ts	verbatim		62	0	txt
ac_cloud-notes/tests/blocksuite/e2e/utils/actions/misc.ts	verbatim		1219	0	txt
ac_cloud-notes/tests/blocksuite/e2e/utils/actions/selection.ts	verbatim		40	0	txt
ac_cloud-notes/tests/blocksuite/e2e/utils/asserts.ts	verbatim		1103	0	txt
ac_cloud-notes/tests/blocksuite/e2e/utils/bs-alternative.ts	verbatim		60	0	txt
ac_cloud-notes/tests/blocksuite/e2e/utils/declare-test-window.ts	verbatim		31	0	txt
ac_cloud-notes/tests/blocksuite/e2e/utils/ignore.ts	verbatim		26	0	txt
ac_cloud-notes/tests/blocksuite/e2e/utils/inline-editor.ts	verbatim		22	0	txt
ac_cloud-notes/tests/blocksuite/e2e/utils/mindmap.ts	verbatim		112	0	txt
ac_cloud-notes/tests/blocksuite/e2e/utils/multiple-editor.ts	verbatim		13	0	txt
ac_cloud-notes/tests/blocksuite/e2e/utils/playwright.ts	verbatim		51	0	txt
ac_cloud-notes/tests/blocksuite/e2e/utils/query.ts	verbatim		108	0	txt
ac_cloud-notes/tests/blocksuite/e2e/worker.spec.ts	verbatim		28	0	txt
ac_cloud-notes/tests/blocksuite/e2e/zero-width.spec.ts	verbatim		135	0	txt
ac_cloud-notes/tests/blocksuite/package.json	verbatim		17	0	txt
ac_cloud-notes/tests/blocksuite/playwright.config.ts	verbatim		48	0	txt
ac_cloud-notes/tests/blocksuite/snapshots/attachment.spec.ts/can-insert-attachment-from-slash-menu.json	verbatim		63	0	txt
ac_cloud-notes/tests/blocksuite/snapshots/attachment.spec.ts/should-attachment-can-be-deleted.json	verbatim		42	0	txt
ac_cloud-notes/tests/blocksuite/snapshots/attachment.spec.ts/should-turn-attachment-to-image-works-1.json	verbatim		61	0	txt
ac_cloud-notes/tests/blocksuite/snapshots/attachment.spec.ts/should-turn-attachment-to-image-works-2.json	verbatim		64	0	txt
ac_cloud-notes/tests/blocksuite/snapshots/attachment.spec.ts/should-undo-redo-works-for-attachment-1.json	verbatim		63	0	txt
ac_cloud-notes/tests/blocksuite/snapshots/attachment.spec.ts/should-undo-redo-works-for-attachment-2.json	verbatim		62	0	txt
ac_cloud-notes/tests/blocksuite/snapshots/attachment.spec.ts/should-undo-redo-works-for-attachment-3.json	verbatim		63	0	txt
ac_cloud-notes/tests/blocksuite/snapshots/attachment.spec.ts/support-dragging-attachment-block-directly-1.json	verbatim		63	0	txt
ac_cloud-notes/tests/blocksuite/snapshots/attachment.spec.ts/support-dragging-attachment-block-directly-2.json	verbatim		123	0	txt
ac_cloud-notes/tests/blocksuite/snapshots/attachment.spec.ts/support-dragging-attachment-block-directly-3.json	verbatim		123	0	txt
ac_cloud-notes/tests/blocksuite/snapshots/bookmark.spec.ts/copy-bookmark-url-by-copy-button-final.json	verbatim		84	0	txt
ac_cloud-notes/tests/blocksuite/snapshots/bookmark.spec.ts/copy-url-to-create-bookmark-in-edgeless-mode-final.json	verbatim		96	0	txt
ac_cloud-notes/tests/blocksuite/snapshots/bookmark.spec.ts/copy-url-to-create-bookmark-in-page-mode-final.json	verbatim		84	0	txt
ac_cloud-notes/tests/blocksuite/snapshots/bookmark.spec.ts/covert-bookmark-block-to-link-text-final.json	verbatim		65	0	txt
ac_cloud-notes/tests/blocksuite/snapshots/bookmark.spec.ts/create-bookmark-by-slash-menu-final.json	verbatim		64	0	txt
ac_cloud-notes/tests/blocksuite/snapshots/bookmark.spec.ts/embed-figma.json	verbatim		59	0	txt
ac_cloud-notes/tests/blocksuite/snapshots/bookmark.spec.ts/embed-youtube.json	verbatim		64	0	txt
ac_cloud-notes/tests/blocksuite/snapshots/bookmark.spec.ts/horizontal-figma.json	verbatim		62	0	txt
ac_cloud-notes/tests/blocksuite/snapshots/bookmark.spec.ts/horizontal-youtube.json	verbatim		62	0	txt
ac_cloud-notes/tests/blocksuite/snapshots/bookmark.spec.ts/support-dragging-bookmark-block-directly-after-add-paragraph.json	verbatim		117	0	txt
ac_cloud-notes/tests/blocksuite/snapshots/bookmark.spec.ts/support-dragging-bookmark-block-directly-after-drag.json	verbatim		117	0	txt
ac_cloud-notes/tests/blocksuite/snapshots/bookmark.spec.ts/support-dragging-bookmark-block-directly-init.json	verbatim		60	0	txt
ac_cloud-notes/tests/blocksuite/snapshots/clipboard/clipboard.spec.ts/auto-identify-url-final.json	verbatim		68	0	txt
ac_cloud-notes/tests/blocksuite/snapshots/clipboard/clipboard.spec.ts/clipboard-copy-nested-items-clipboard.html	verbatim		9	0	txt
ac_cloud-notes/tests/blocksuite/snapshots/clipboard/clipboard.spec.ts/clipboard-copy-nested-items-clipboard.json	verbatim		49	0	txt
ac_cloud-notes/tests/blocksuite/snapshots/clipboard/clipboard.spec.ts/clipboard-copy-nested-items-clipboard.md	verbatim		2	0	txt
ac_cloud-notes/tests/blocksuite/snapshots/clipboard/clipboard.spec.ts/clipboard-copy-nested-items-clipboard2.html	verbatim		8	0	txt
ac_cloud-notes/tests/blocksuite/snapshots/clipboard/clipboard.spec.ts/clipboard-copy-nested-items-clipboard2.json	verbatim		48	0	txt
ac_cloud-notes/tests/blocksuite/snapshots/clipboard/clipboard.spec.ts/clipboard-copy-nested-items-clipboard2.md	verbatim		2	0	txt
ac_cloud-notes/tests/blocksuite/snapshots/clipboard/list.spec.ts/copy-a-nested-list-by-clicking-button-the-clipboard-data-should-be-complete-clipboard.html	verbatim		11	0	txt
ac_cloud-notes/tests/blocksuite/snapshots/clipboard/list.spec.ts/copy-a-nested-list-by-clicking-button-the-clipboard-data-should-be-complete-clipboard.json	verbatim		75	0	txt
ac_cloud-notes/tests/blocksuite/snapshots/clipboard/list.spec.ts/copy-a-nested-list-by-clicking-button-the-clipboard-data-should-be-complete-clipboard.md	verbatim		3	0	txt
ac_cloud-notes/tests/blocksuite/snapshots/clipboard/list.spec.ts/cut-will-delete-all-content-and-copy-will-reappear-content-after-cut.json	verbatim		61	0	txt
ac_cloud-notes/tests/blocksuite/snapshots/clipboard/list.spec.ts/cut-will-delete-all-content-and-copy-will-reappear-content-after-paste.json	verbatim		130	0	txt
ac_cloud-notes/tests/blocksuite/snapshots/clipboard/list.spec.ts/should-keep-paragraph-block-s-type-when-pasting-at-the-start-of-empty-paragraph-block-except-type-text-after-paste-1.json	verbatim		62	0	txt
ac_cloud-notes/tests/blocksuite/snapshots/clipboard/list.spec.ts/should-keep-paragraph-block-s-type-when-pasting-at-the-start-of-empty-paragraph-block-except-type-text-after-paste-2.json	verbatim		82	0	txt
ac_cloud-notes/tests/blocksuite/snapshots/code/copy-paste.spec.ts/code-block-has-content-click-code-block-copy-menu-copy-whole-code-block-pasted.json	verbatim		84	0	txt
ac_cloud-notes/tests/blocksuite/snapshots/code/copy-paste.spec.ts/code-block-is-empty-click-code-block-copy-menu-copy-the-empty-code-block-pasted.json	verbatim		78	0	txt
ac_cloud-notes/tests/blocksuite/snapshots/code/crud.spec.ts/add-caption-works.json	verbatim		77	0	txt
ac_cloud-notes/tests/blocksuite/snapshots/code/crud.spec.ts/change-code-language-can-work-1.json	verbatim		60	0	txt
ac_cloud-notes/tests/blocksuite/snapshots/code/crud.spec.ts/change-code-language-can-work-2.json	verbatim		60	0	txt
ac_cloud-notes/tests/blocksuite/snapshots/code/crud.spec.ts/delete-code-block-in-more-menu-final.json	verbatim		42	0	txt
ac_cloud-notes/tests/blocksuite/snapshots/code/crud.spec.ts/duplicate-code-block-final.json	verbatim		84	0	txt
ac_cloud-notes/tests/blocksuite/snapshots/code/crud.spec.ts/format-text-in-code-block-format.json	verbatim		90	0	txt
ac_cloud-notes/tests/blocksuite/snapshots/code/crud.spec.ts/format-text-in-code-block-init.json	verbatim		63	0	txt
ac_cloud-notes/tests/blocksuite/snapshots/code/crud.spec.ts/format-text-in-code-block-link.json	verbatim		101	0	txt
ac_cloud-notes/tests/blocksuite/snapshots/code/crud.spec.ts/toggle-code-block-wrap-can-work-1.json	verbatim		60	0	txt
ac_cloud-notes/tests/blocksuite/snapshots/code/crud.spec.ts/toggle-code-block-wrap-can-work-2.json	verbatim		60	0	txt
ac_cloud-notes/tests/blocksuite/snapshots/code/crud.spec.ts/toggle-code-block-wrap-can-work-3.json	verbatim		60	0	txt
ac_cloud-notes/tests/blocksuite/snapshots/code/crud.spec.ts/undo-code-block-wrap-can-work-1.json	verbatim		60	0	txt
ac_cloud-notes/tests/blocksuite/snapshots/code/crud.spec.ts/undo-code-block-wrap-can-work-2.json	verbatim		60	0	txt
ac_cloud-notes/tests/blocksuite/snapshots/code/crud.spec.ts/undo-code-block-wrap-can-work-3.json	verbatim		60	0	txt
ac_cloud-notes/tests/blocksuite/snapshots/code/crud.spec.ts/use-markdown-syntax-can-create-code-block-init.json	verbatim		102	0	txt
ac_cloud-notes/tests/blocksuite/snapshots/code/crud.spec.ts/use-markdown-syntax-can-create-code-block-markdown-syntax.json	verbatim		120	0	txt
ac_cloud-notes/tests/blocksuite/snapshots/cross-platform/basic.spec.ts/automatic-identify-url-text-final.json	verbatim		71	0	txt
ac_cloud-notes/tests/blocksuite/snapshots/cross-platform/basic.spec.ts/basic-test-default.json	verbatim		62	0	txt
ac_cloud-notes/tests/blocksuite/snapshots/drag.spec.ts/move-to-the-last-block-of-each-level-in-multi-level-nesting-drag-3-4.json	verbatim		190	0	txt
ac_cloud-notes/tests/blocksuite/snapshots/drag.spec.ts/move-to-the-last-block-of-each-level-in-multi-level-nesting-drag-3-9.json	verbatim		196	0	txt
ac_cloud-notes/tests/blocksuite/snapshots/drag.spec.ts/move-to-the-last-block-of-each-level-in-multi-level-nesting-drag-4-3.json	verbatim		196	0	txt
ac_cloud-notes/tests/blocksuite/snapshots/drag.spec.ts/move-to-the-last-block-of-each-level-in-multi-level-nesting-init.json	verbatim		196	0	txt
ac_cloud-notes/tests/blocksuite/snapshots/drag.spec.ts/should-be-able-to-drag-drop-multiple-blocks-to-nested-block-finial.json	verbatim		189	0	txt
ac_cloud-notes/tests/blocksuite/snapshots/drag.spec.ts/should-be-able-to-drag-drop-multiple-blocks-to-nested-block-init.json	verbatim		189	0	txt
ac_cloud-notes/tests/blocksuite/snapshots/edgeless/edgeless-text.spec.ts/min-width-limit-for-embed-block-add-linked-doc.json	verbatim		121	0	txt
ac_cloud-notes/tests/blocksuite/snapshots/edgeless/edgeless-text.spec.ts/min-width-limit-for-embed-block-drag.json	verbatim		113	0	txt
ac_cloud-notes/tests/blocksuite/snapshots/edgeless/edgeless-text.spec.ts/min-width-limit-for-embed-block-init.json	verbatim		112	0	txt
ac_cloud-notes/tests/blocksuite/snapshots/edgeless/edgeless-text.spec.ts/min-width-limit-for-embed-block-link-to-card-min-width.json	verbatim		113	0	txt
ac_cloud-notes/tests/blocksuite/snapshots/edgeless/edgeless-text.spec.ts/min-width-limit-for-embed-block-link-to-card.json	verbatim		113	0	txt
ac_cloud-notes/tests/blocksuite/snapshots/edgeless/edgeless-text.spec.ts/press-backspace-at-the-start-of-first-line-when-edgeless-text-exist-finial.json	verbatim		118	0	txt
ac_cloud-notes/tests/blocksuite/snapshots/edgeless/edgeless-text.spec.ts/press-backspace-at-the-start-of-first-line-when-edgeless-text-exist-note-empty.json	verbatim		98	0	txt
ac_cloud-notes/tests/blocksuite/snapshots/edgeless/edgeless-text.spec.ts/press-backspace-at-the-start-of-first-line-when-edgeless-text-exist-note-not-empty.json	verbatim		115	0	txt
ac_cloud-notes/tests/blocksuite/snapshots/format-bar.spec.ts/create-linked-doc-from-block-selection-with-format-bar.json	verbatim		60	0	txt
ac_cloud-notes/tests/blocksuite/snapshots/format-bar.spec.ts/should-format-quick-bar-be-able-to-change-background-color-default-color.json	verbatim		105	0	txt
ac_cloud-notes/tests/blocksuite/snapshots/format-bar.spec.ts/should-format-quick-bar-be-able-to-change-background-color-init.json	verbatim		105	0	txt
ac_cloud-notes/tests/blocksuite/snapshots/format-bar.spec.ts/should-format-quick-bar-be-able-to-change-background-color-select-all.json	verbatim		108	0	txt
ac_cloud-notes/tests/blocksuite/snapshots/format-bar.spec.ts/should-format-quick-bar-be-able-to-change-to-heading-paragraph-type-bulleted.json	verbatim		104	0	txt
ac_cloud-notes/tests/blocksuite/snapshots/format-bar.spec.ts/should-format-quick-bar-be-able-to-change-to-heading-paragraph-type-finial.json	verbatim		102	0	txt
ac_cloud-notes/tests/blocksuite/snapshots/format-bar.spec.ts/should-format-quick-bar-be-able-to-change-to-heading-paragraph-type-init.json	verbatim		102	0	txt
ac_cloud-notes/tests/blocksuite/snapshots/format-bar.spec.ts/should-format-quick-bar-be-able-to-format-text-finial.json	verbatim		106	0	txt
ac_cloud-notes/tests/blocksuite/snapshots/format-bar.spec.ts/should-format-quick-bar-be-able-to-format-text-init.json	verbatim		109	0	txt
ac_cloud-notes/tests/blocksuite/snapshots/format-bar.spec.ts/should-format-quick-bar-be-able-to-format-text-when-select-multiple-line-finial.json	verbatim		102	0	txt
ac_cloud-notes/tests/blocksuite/snapshots/format-bar.spec.ts/should-format-quick-bar-be-able-to-format-text-when-select-multiple-line-init.json	verbatim		111	0	txt
ac_cloud-notes/tests/blocksuite/snapshots/format-bar.spec.ts/should-format-quick-bar-be-able-to-link-text-finial.json	verbatim		102	0	txt
ac_cloud-notes/tests/blocksuite/snapshots/format-bar.spec.ts/should-format-quick-bar-be-able-to-link-text-init.json	verbatim		105	0	txt
ac_cloud-notes/tests/blocksuite/snapshots/format-bar.spec.ts/should-format-quick-bar-show-after-convert-to-code-block.json	verbatim		63	0	txt
ac_cloud-notes/tests/blocksuite/snapshots/format-bar.spec.ts/should-format-quick-bar-with-block-selection-works-when-update-block-type-final.json	verbatim		102	0	txt
ac_cloud-notes/tests/blocksuite/snapshots/format-bar.spec.ts/should-format-quick-bar-with-block-selection-works-when-update-block-type-init.json	verbatim		108	0	txt
ac_cloud-notes/tests/blocksuite/snapshots/format-bar.spec.ts/should-format-quick-bar-work-in-multiple-block-selection.json	verbatim		114	0	txt
ac_cloud-notes/tests/blocksuite/snapshots/format-bar.spec.ts/should-format-quick-bar-work-in-single-block-selection.json	verbatim		107	0	txt
ac_cloud-notes/tests/blocksuite/snapshots/hotkey.spec.ts/Enter-key-should-as-expected-after-setting-heading-by-shortkey.json	verbatim		78	0	txt
ac_cloud-notes/tests/blocksuite/snapshots/hotkey.spec.ts/multi-line-rich-text-inline-code-hotkey-init.json	verbatim		112	0	txt
ac_cloud-notes/tests/blocksuite/snapshots/hotkey.spec.ts/multi-line-rich-text-inline-code-hotkey-redo.json	verbatim		112	0	txt
ac_cloud-notes/tests/blocksuite/snapshots/hotkey.spec.ts/multi-line-rich-text-inline-code-hotkey-undo.json	verbatim		97	0	txt
ac_cloud-notes/tests/blocksuite/snapshots/hotkey.spec.ts/should-cut-work-multiple-line-init.json	verbatim		59	0	txt
ac_cloud-notes/tests/blocksuite/snapshots/hotkey.spec.ts/should-cut-work-multiple-line-undo.json	verbatim		97	0	txt
ac_cloud-notes/tests/blocksuite/snapshots/hotkey.spec.ts/should-cut-work-single-line-init.json	verbatim		59	0	txt
ac_cloud-notes/tests/blocksuite/snapshots/hotkey.spec.ts/should-cut-work-single-line-undo.json	verbatim		59	0	txt
ac_cloud-notes/tests/blocksuite/snapshots/hotkey.spec.ts/should-hotkey-work-in-paragraph-init.json	verbatim		59	0	txt
ac_cloud-notes/tests/blocksuite/snapshots/hotkey.spec.ts/should-hotkey-work-in-paragraph-press-0.json	verbatim		59	0	txt
ac_cloud-notes/tests/blocksuite/snapshots/hotkey.spec.ts/should-hotkey-work-in-paragraph-press-6.json	verbatim		59	0	txt
ac_cloud-notes/tests/blocksuite/snapshots/hotkey.spec.ts/should-hotkey-work-in-paragraph-press-8.json	verbatim		61	0	txt
ac_cloud-notes/tests/blocksuite/snapshots/hotkey.spec.ts/should-hotkey-work-in-paragraph-press-9.json	verbatim		61	0	txt
ac_cloud-notes/tests/blocksuite/snapshots/hotkey.spec.ts/should-hotkey-work-in-paragraph-press-d.json	verbatim		82	0	txt
ac_cloud-notes/tests/blocksuite/snapshots/hotkey.spec.ts/should-multiple-line-format-hotkey-work-finial.json	verbatim		97	0	txt
ac_cloud-notes/tests/blocksuite/snapshots/hotkey.spec.ts/should-multiple-line-format-hotkey-work-init.json	verbatim		121	0	txt
ac_cloud-notes/tests/blocksuite/snapshots/hotkey.spec.ts/should-single-line-format-hotkey-work-finial.json	verbatim		59	0	txt
ac_cloud-notes/tests/blocksuite/snapshots/hotkey.spec.ts/should-single-line-format-hotkey-work-init.json	verbatim		71	0	txt
ac_cloud-notes/tests/blocksuite/snapshots/hotkey.spec.ts/use-formatted-cursor-with-hotkey-bold-ggg.json	verbatim		87	0	txt
ac_cloud-notes/tests/blocksuite/snapshots/hotkey.spec.ts/use-formatted-cursor-with-hotkey-bold-hhh.json	verbatim		87	0	txt
ac_cloud-notes/tests/blocksuite/snapshots/hotkey.spec.ts/use-formatted-cursor-with-hotkey-bold.json	verbatim		87	0	txt
ac_cloud-notes/tests/blocksuite/snapshots/hotkey.spec.ts/use-formatted-cursor-with-hotkey-init.json	verbatim		81	0	txt
ac_cloud-notes/tests/blocksuite/snapshots/hotkey/bracket.spec.ts/should-bracket-complete-with-backtick-works-undo.json	verbatim		62	0	txt
ac_cloud-notes/tests/blocksuite/snapshots/hotkey/bracket.spec.ts/should-bracket-complete-with-backtick-works.json	verbatim		71	0	txt
ac_cloud-notes/tests/blocksuite/snapshots/hotkey/hotkey.spec.ts/Enter-key-should-as-expected-after-setting-heading-by-shortkey.json	verbatim		82	0	txt
ac_cloud-notes/tests/blocksuite/snapshots/hotkey/hotkey.spec.ts/should-cut-work-single-line-init.json	verbatim		62	0	txt
ac_cloud-notes/tests/blocksuite/snapshots/hotkey/hotkey.spec.ts/should-cut-work-single-line-undo.json	verbatim		62	0	txt
ac_cloud-notes/tests/blocksuite/snapshots/hotkey/hotkey.spec.ts/should-hotkey-work-in-paragraph-init.json	verbatim		62	0	txt
ac_cloud-notes/tests/blocksuite/snapshots/hotkey/hotkey.spec.ts/should-hotkey-work-in-paragraph-press-0.json	verbatim		62	0	txt
ac_cloud-notes/tests/blocksuite/snapshots/hotkey/hotkey.spec.ts/should-hotkey-work-in-paragraph-press-6.json	verbatim		62	0	txt
ac_cloud-notes/tests/blocksuite/snapshots/hotkey/hotkey.spec.ts/should-hotkey-work-in-paragraph-press-8.json	verbatim		64	0	txt
ac_cloud-notes/tests/blocksuite/snapshots/hotkey/hotkey.spec.ts/should-hotkey-work-in-paragraph-press-9.json	verbatim		64	0	txt
ac_cloud-notes/tests/blocksuite/snapshots/hotkey/hotkey.spec.ts/should-hotkey-work-in-paragraph-press-d.json	verbatim		89	0	txt
ac_cloud-notes/tests/blocksuite/snapshots/hotkey/hotkey.spec.ts/should-single-line-format-hotkey-work-finial.json	verbatim		62	0	txt
ac_cloud-notes/tests/blocksuite/snapshots/hotkey/hotkey.spec.ts/should-single-line-format-hotkey-work-init.json	verbatim		74	0	txt
ac_cloud-notes/tests/blocksuite/snapshots/hotkey/hotkey.spec.ts/type-character-jump-out-code-node-1.json	verbatim		65	0	txt
ac_cloud-notes/tests/blocksuite/snapshots/hotkey/hotkey.spec.ts/type-character-jump-out-code-node-2.json	verbatim		68	0	txt
ac_cloud-notes/tests/blocksuite/snapshots/hotkey/hotkey.spec.ts/use-formatted-cursor-with-hotkey-at-empty-line-bold.json	verbatim		65	0	txt
ac_cloud-notes/tests/blocksuite/snapshots/hotkey/hotkey.spec.ts/use-formatted-cursor-with-hotkey-bold-ggg.json	verbatim		90	0	txt
ac_cloud-notes/tests/blocksuite/snapshots/hotkey/hotkey.spec.ts/use-formatted-cursor-with-hotkey-bold-hhh.json	verbatim		90	0	txt
ac_cloud-notes/tests/blocksuite/snapshots/hotkey/hotkey.spec.ts/use-formatted-cursor-with-hotkey-bold.json	verbatim		90	0	txt
ac_cloud-notes/tests/blocksuite/snapshots/hotkey/hotkey.spec.ts/use-formatted-cursor-with-hotkey-init.json	verbatim		84	0	txt
ac_cloud-notes/tests/blocksuite/snapshots/hotkey/multiline.spec.ts/multi-line-rich-text-inline-code-hotkey-init.json	verbatim		117	0	txt
ac_cloud-notes/tests/blocksuite/snapshots/hotkey/multiline.spec.ts/multi-line-rich-text-inline-code-hotkey-redo.json	verbatim		117	0	txt
ac_cloud-notes/tests/blocksuite/snapshots/hotkey/multiline.spec.ts/multi-line-rich-text-inline-code-hotkey-undo.json	verbatim		102	0	txt
ac_cloud-notes/tests/blocksuite/snapshots/hotkey/multiline.spec.ts/should-cut-work-multiple-line-init.json	verbatim		62	0	txt
ac_cloud-notes/tests/blocksuite/snapshots/hotkey/multiline.spec.ts/should-cut-work-multiple-line-undo.json	verbatim		102	0	txt
ac_cloud-notes/tests/blocksuite/snapshots/hotkey/multiline.spec.ts/should-multiple-line-format-hotkey-work-finial.json	verbatim		102	0	txt
ac_cloud-notes/tests/blocksuite/snapshots/hotkey/multiline.spec.ts/should-multiple-line-format-hotkey-work-init.json	verbatim		126	0	txt
ac_cloud-notes/tests/blocksuite/snapshots/latex/block.spec.ts/add-latex-block-using-markdown-shortcut-with-enter-finial.json	verbatim		75	0	txt
ac_cloud-notes/tests/blocksuite/snapshots/latex/block.spec.ts/add-latex-block-using-markdown-shortcut-with-enter-init.json	verbatim		59	0	txt
ac_cloud-notes/tests/blocksuite/snapshots/latex/block.spec.ts/add-latex-block-using-markdown-shortcut-with-space-finial.json	verbatim		75	0	txt
ac_cloud-notes/tests/blocksuite/snapshots/latex/block.spec.ts/add-latex-block-using-markdown-shortcut-with-space-init.json	verbatim		59	0	txt
ac_cloud-notes/tests/blocksuite/snapshots/latex/block.spec.ts/add-latex-block-using-slash-menu-finial.json	verbatim		58	0	txt
ac_cloud-notes/tests/blocksuite/snapshots/latex/block.spec.ts/add-latex-block-using-slash-menu-init.json	verbatim		59	0	txt
ac_cloud-notes/tests/blocksuite/snapshots/latex/inline.spec.ts/add-inline-latex-at-the-start-of-line.html	verbatim		1	0	txt
ac_cloud-notes/tests/blocksuite/snapshots/latex/inline.spec.ts/add-inline-latex-in-the-middle-of-text.html	verbatim		1	0	txt
ac_cloud-notes/tests/blocksuite/snapshots/latex/inline.spec.ts/add-inline-latex-using-slash-menu.html	verbatim		1	0	txt
ac_cloud-notes/tests/blocksuite/snapshots/latex/inline.spec.ts/update-inline-latex-by-clicking-the-node.html	verbatim		7	0	txt
ac_cloud-notes/tests/blocksuite/snapshots/link.spec.ts/basic-link.json	verbatim		65	0	txt
ac_cloud-notes/tests/blocksuite/snapshots/link.spec.ts/convert-link-to-card.json	verbatim		91	0	txt
ac_cloud-notes/tests/blocksuite/snapshots/link.spec.ts/convert-link-to-embed.json	verbatim		91	0	txt
ac_cloud-notes/tests/blocksuite/snapshots/link.spec.ts/create-link-with-paste.json	verbatim		65	0	txt
ac_cloud-notes/tests/blocksuite/snapshots/link.spec.ts/should-mock-selection-not-stored.json	verbatim		62	0	txt
ac_cloud-notes/tests/blocksuite/snapshots/link.spec.ts/type-character-after-link-should-not-extend-the-link-attributes.json	verbatim		74	0	txt
ac_cloud-notes/tests/blocksuite/snapshots/link.spec.ts/type-character-in-link-should-not-jump-out-link-node.json	verbatim		71	0	txt
ac_cloud-notes/tests/blocksuite/snapshots/linked-page.spec.ts/can-create-linked-page-and-jump-final.json	verbatim		71	0	txt
ac_cloud-notes/tests/blocksuite/snapshots/linked-page.spec.ts/can-create-linked-page-and-jump-init.json	verbatim		71	0	txt
ac_cloud-notes/tests/blocksuite/snapshots/linked-page.spec.ts/duplicated-linked-page-should-paste-as-linked-page.json	verbatim		94	0	txt
ac_cloud-notes/tests/blocksuite/snapshots/linked-page.spec.ts/linked-doc-popover-can-show-and-hide-correctly.json	verbatim		62	0	txt
ac_cloud-notes/tests/blocksuite/snapshots/linked-page.spec.ts/paste-linked-page-should-paste-as-linked-page.json	verbatim		68	0	txt
ac_cloud-notes/tests/blocksuite/snapshots/linked-page.spec.ts/should-Selected-text-converted-to-linked-page.json	verbatim		74	0	txt
ac_cloud-notes/tests/blocksuite/snapshots/linked-page.spec.ts/should-create-and-switch-page-work-final.json	verbatim		65	0	txt
ac_cloud-notes/tests/blocksuite/snapshots/linked-page.spec.ts/should-create-and-switch-page-work-init.json	verbatim		65	0	txt
ac_cloud-notes/tests/blocksuite/snapshots/linked-page.spec.ts/should-reference-node-attributes-correctly-1.json	verbatim		68	0	txt
ac_cloud-notes/tests/blocksuite/snapshots/linked-page.spec.ts/should-reference-node-attributes-correctly-2.json	verbatim		59	0	txt
ac_cloud-notes/tests/blocksuite/snapshots/linked-page.spec.ts/should-the-cursor-move-correctly-around-reference-node-1.json	verbatim		74	0	txt
ac_cloud-notes/tests/blocksuite/snapshots/linked-page.spec.ts/should-the-cursor-move-correctly-around-reference-node-2.json	verbatim		62	0	txt
ac_cloud-notes/tests/blocksuite/snapshots/linked-page.spec.ts/text-can-be-inserted-as-expected-when-reference-node-is-in-the-start-or-end-of-line.json	verbatim		86	0	txt
ac_cloud-notes/tests/blocksuite/snapshots/linked-page.spec.ts/text-inserted-in-the-between-of-reference-nodes-should-not-be-extend-attributes.json	verbatim		86	0	txt
ac_cloud-notes/tests/blocksuite/snapshots/list.spec.ts/basic-indent-and-unindent-after-shift-tab.json	verbatim		82	0	txt
ac_cloud-notes/tests/blocksuite/snapshots/list.spec.ts/basic-indent-and-unindent-after-tab.json	verbatim		82	0	txt
ac_cloud-notes/tests/blocksuite/snapshots/list.spec.ts/basic-indent-and-unindent-init.json	verbatim		82	0	txt
ac_cloud-notes/tests/blocksuite/snapshots/list.spec.ts/can-expand-toggle-in-readonly-mode-before-readonly.json	verbatim		108	0	txt
ac_cloud-notes/tests/blocksuite/snapshots/list.spec.ts/click-toggle-icon-should-collapsed-list-init.json	verbatim		108	0	txt
ac_cloud-notes/tests/blocksuite/snapshots/list.spec.ts/click-toggle-icon-should-collapsed-list-toggle.json	verbatim		108	0	txt
ac_cloud-notes/tests/blocksuite/snapshots/list.spec.ts/convert-nested-paragraph-to-list-final.json	verbatim		86	0	txt
ac_cloud-notes/tests/blocksuite/snapshots/list.spec.ts/convert-nested-paragraph-to-list-init.json	verbatim		82	0	txt
ac_cloud-notes/tests/blocksuite/snapshots/list.spec.ts/enter-list-block-with-empty-text-1.json	verbatim		99	0	txt
ac_cloud-notes/tests/blocksuite/snapshots/list.spec.ts/enter-list-block-with-empty-text-2.json	verbatim		99	0	txt
ac_cloud-notes/tests/blocksuite/snapshots/list.spec.ts/enter-list-block-with-empty-text-3.json	verbatim		97	0	txt
ac_cloud-notes/tests/blocksuite/snapshots/list.spec.ts/enter-list-block-with-empty-text-4.json	verbatim		99	0	txt
ac_cloud-notes/tests/blocksuite/snapshots/list.spec.ts/enter-list-block-with-empty-text-5.json	verbatim		97	0	txt
ac_cloud-notes/tests/blocksuite/snapshots/list.spec.ts/enter-list-block-with-empty-text-init.json	verbatim		99	0	txt
ac_cloud-notes/tests/blocksuite/snapshots/list.spec.ts/indent-item-should-expand-toggle-finial.json	verbatim		130	0	txt
ac_cloud-notes/tests/blocksuite/snapshots/list.spec.ts/indent-item-should-expand-toggle-init.json	verbatim		130	0	txt
ac_cloud-notes/tests/blocksuite/snapshots/list.spec.ts/indent-item-should-expand-toggle-toggle.json	verbatim		130	0	txt
ac_cloud-notes/tests/blocksuite/snapshots/list.spec.ts/nested-list-blocks-finial.json	verbatim		108	0	txt
ac_cloud-notes/tests/blocksuite/snapshots/list.spec.ts/nested-list-blocks-init.json	verbatim		108	0	txt
ac_cloud-notes/tests/blocksuite/snapshots/list.spec.ts/should-indent-todo-block-preserve-todo-status-final.json	verbatim		84	0	txt
ac_cloud-notes/tests/blocksuite/snapshots/list.spec.ts/should-indent-todo-block-preserve-todo-status-init.json	verbatim		84	0	txt
ac_cloud-notes/tests/blocksuite/snapshots/paragraph.spec.ts/delete-empty-text-paragraph-block-should-keep-children-blocks-when-following-custom-blocks-final.json	verbatim		92	0	txt
ac_cloud-notes/tests/blocksuite/snapshots/paragraph.spec.ts/delete-empty-text-paragraph-block-should-keep-children-blocks-when-following-custom-blocks-init.json	verbatim		112	0	txt
ac_cloud-notes/tests/blocksuite/snapshots/paragraph.spec.ts/paragraph-indent-and-delete-in-line-start-after-press-backspace-2.json	verbatim		102	0	txt
ac_cloud-notes/tests/blocksuite/snapshots/paragraph.spec.ts/paragraph-indent-and-delete-in-line-start-after-press-backspace-3.json	verbatim		102	0	txt
ac_cloud-notes/tests/blocksuite/snapshots/paragraph.spec.ts/paragraph-indent-and-delete-in-line-start-after-press-backspace.json	verbatim		122	0	txt
ac_cloud-notes/tests/blocksuite/snapshots/paragraph.spec.ts/paragraph-indent-and-delete-in-line-start-init.json	verbatim		142	0	txt
ac_cloud-notes/tests/blocksuite/snapshots/paragraph.spec.ts/paragraph-with-child-block-should-work-at-enter-final.json	verbatim		102	0	txt
ac_cloud-notes/tests/blocksuite/snapshots/paragraph.spec.ts/paragraph-with-child-block-should-work-at-enter-init.json	verbatim		82	0	txt
ac_cloud-notes/tests/blocksuite/snapshots/paragraph.spec.ts/should-delete-paragraph-block-child-can-hold-cursor-in-correct-position-final.json	verbatim		82	0	txt
ac_cloud-notes/tests/blocksuite/snapshots/paragraph.spec.ts/should-delete-paragraph-block-child-can-hold-cursor-in-correct-position-init.json	verbatim		82	0	txt
ac_cloud-notes/tests/blocksuite/snapshots/paragraph.spec.ts/should-indent-and-unindent-works-with-children-indent-2.json	verbatim		142	0	txt
ac_cloud-notes/tests/blocksuite/snapshots/paragraph.spec.ts/should-indent-and-unindent-works-with-children-indent-3.json	verbatim		142	0	txt
ac_cloud-notes/tests/blocksuite/snapshots/paragraph.spec.ts/should-indent-and-unindent-works-with-children-indent-4.json	verbatim		142	0	txt
ac_cloud-notes/tests/blocksuite/snapshots/paragraph.spec.ts/should-indent-and-unindent-works-with-children-indent.json	verbatim		142	0	txt
ac_cloud-notes/tests/blocksuite/snapshots/paragraph.spec.ts/should-indent-and-unindent-works-with-children-init.json	verbatim		142	0	txt
ac_cloud-notes/tests/blocksuite/snapshots/paragraph.spec.ts/should-indent-and-unindent-works-with-children-unindent-1.json	verbatim		142	0	txt
ac_cloud-notes/tests/blocksuite/snapshots/paragraph.spec.ts/should-indent-and-unindent-works-with-children-unindent-2.json	verbatim		142	0	txt
ac_cloud-notes/tests/blocksuite/snapshots/paragraph.spec.ts/should-indent-and-unindent-works-with-children-unindent-3.json	verbatim		142	0	txt
ac_cloud-notes/tests/blocksuite/snapshots/paragraph.spec.ts/should-readonly-mode-not-be-able-to-modify-text-1.json	verbatim		62	0	txt
ac_cloud-notes/tests/blocksuite/snapshots/paragraph.spec.ts/should-readonly-mode-not-be-able-to-modify-text-2.json	verbatim		62	0	txt
ac_cloud-notes/tests/blocksuite/snapshots/selection/block.spec.ts/click-bottom-of-page-and-if-the-last-is-embed-block-editor-should-insert-a-new-editable-block.json	verbatim		78	0	txt
ac_cloud-notes/tests/blocksuite/snapshots/selection/block.spec.ts/should-indent-multi-selection-block.json	verbatim		102	0	txt
ac_cloud-notes/tests/blocksuite/snapshots/selection/block.spec.ts/should-not-draw-rect-for-sub-selected-blocks-when-entering-tab-key.json	verbatim		102	0	txt
ac_cloud-notes/tests/blocksuite/snapshots/selection/block.spec.ts/should-unindent-multi-selection-block-final.json	verbatim		102	0	txt
ac_cloud-notes/tests/blocksuite/snapshots/selection/block.spec.ts/should-unindent-multi-selection-block-init.json	verbatim		102	0	txt
ac_cloud-notes/tests/blocksuite/snapshots/selection/native.spec.ts/indent-native-multi-selection-block-after-shift-tab.json	verbatim		122	0	txt
ac_cloud-notes/tests/blocksuite/snapshots/selection/native.spec.ts/indent-native-multi-selection-block-after-tab.json	verbatim		122	0	txt
ac_cloud-notes/tests/blocksuite/snapshots/selection/native.spec.ts/native-range-delete-with-indent-after-backspace.json	verbatim		82	0	txt
ac_cloud-notes/tests/blocksuite/snapshots/selection/native.spec.ts/native-range-delete-with-indent-after-redo.json	verbatim		82	0	txt
ac_cloud-notes/tests/blocksuite/snapshots/selection/native.spec.ts/native-range-delete-with-indent-after-undo.json	verbatim		162	0	txt
ac_cloud-notes/tests/blocksuite/snapshots/selection/native.spec.ts/native-range-delete-with-indent-init.json	verbatim		162	0	txt
ac_cloud-notes/tests/blocksuite/snapshots/selection/native.spec.ts/should-unindent-native-multi-selection-block-after-tab.json	verbatim		95	0	txt
ac_cloud-notes/tests/blocksuite/snapshots/slash-menu.spec.ts/delete-block-by-slash-menu-should-remove-children.json	verbatim		64	0	txt
ac_cloud-notes/tests/blocksuite/snapshots/slash-menu.spec.ts/delete-the-slash-symbol-should-close-the-slash-menu.json	verbatim		59	0	txt
ac_cloud-notes/tests/blocksuite/snapshots/slash-menu.spec.ts/should-clean-slash-string-after-soft-enter.json	verbatim		62	0	txt
ac_cloud-notes/tests/blocksuite/snapshots/slash-menu.spec.ts/should-style-empty-line-works.json	verbatim		65	0	txt
ac_cloud-notes/tests/blocksuite/snapshots/slash-menu.spec.ts/should-style-text-line-works.json	verbatim		65	0	txt
ac_cloud-notes/tests/blocksuite/snapshots/slash-menu.spec.ts/slash-menu-should-hide-after-click-away.json	verbatim		62	0	txt
ac_cloud-notes/tests/blocksuite/tsconfig.json	verbatim		14	0	txt
ac_cloud-notes/tests/fixtures/affine-preview.png	verbatim		0	0	bin
ac_cloud-notes/tests/fixtures/affine.svg	verbatim		3	0	txt
ac_cloud-notes/tests/fixtures/blue.png	verbatim		0	0	bin
ac_cloud-notes/tests/fixtures/large-image.png	verbatim		0	0	bin
ac_cloud-notes/tests/fixtures/lorem-ipsum.pdf	verbatim		0	0	bin
ac_cloud-notes/tests/fixtures/v1-color-palettes-snapshot.zip	verbatim		0	0	bin
ac_cloud-notes/tests/kit/package.json	verbatim		27	0	txt
ac_cloud-notes/tests/kit/src/bs/linked-toolbar.ts	verbatim		15	0	txt
ac_cloud-notes/tests/kit/src/bs/misc.ts	verbatim		6	0	txt
ac_cloud-notes/tests/kit/src/bs/table.ts	verbatim		46	0	txt
ac_cloud-notes/tests/kit/src/electron.ts	verbatim		379	0	txt
ac_cloud-notes/tests/kit/src/mobile.ts	verbatim		24	0	txt
ac_cloud-notes/tests/kit/src/playwright.ts	verbatim		108	0	txt
ac_cloud-notes/tests/kit/src/utils/app-tabs.ts	verbatim		49	0	txt
ac_cloud-notes/tests/kit/src/utils/attachment.ts	verbatim		24	0	txt
ac_cloud-notes/tests/kit/src/utils/clipboard.ts	verbatim		23	0	txt
ac_cloud-notes/tests/kit/src/utils/cloud.ts	verbatim		338	0	txt
ac_cloud-notes/tests/kit/src/utils/drop-file.ts	verbatim		30	0	txt
ac_cloud-notes/tests/kit/src/utils/edgeless-perf.ts	verbatim		200	0	txt
ac_cloud-notes/tests/kit/src/utils/editor.ts	verbatim		500	0	txt
ac_cloud-notes/tests/kit/src/utils/filter.ts	verbatim		11	0	txt
ac_cloud-notes/tests/kit/src/utils/image.ts	verbatim		20	0	txt
ac_cloud-notes/tests/kit/src/utils/keyboard.ts	verbatim		117	0	txt
ac_cloud-notes/tests/kit/src/utils/load-page.ts	verbatim		23	0	txt
ac_cloud-notes/tests/kit/src/utils/page-logic.ts	verbatim		232	0	txt
ac_cloud-notes/tests/kit/src/utils/properties.ts	verbatim		171	0	txt
ac_cloud-notes/tests/kit/src/utils/selection.ts	verbatim		51	0	txt
ac_cloud-notes/tests/kit/src/utils/setting.ts	verbatim		50	0	txt
ac_cloud-notes/tests/kit/src/utils/sidebar.ts	verbatim		23	0	txt
ac_cloud-notes/tests/kit/src/utils/url.ts	verbatim		20	0	txt
ac_cloud-notes/tests/kit/src/utils/utils.ts	verbatim		105	0	txt
ac_cloud-notes/tests/kit/src/utils/workspace.ts	verbatim		45	0	txt
ac_cloud-notes/tests/kit/tsconfig.json	verbatim		14	0	txt
ac_cloud-notes/tools/@types/assets/__all.d.ts	verbatim		1	0	txt
ac_cloud-notes/tools/@types/assets/package.json	verbatim		7	0	txt
ac_cloud-notes/tools/@types/build-config/__all.d.ts	verbatim		36	0	txt
ac_cloud-notes/tools/@types/build-config/package.json	verbatim		7	0	txt
ac_cloud-notes/tools/@types/env/__all.d.ts	verbatim		45	0	txt
ac_cloud-notes/tools/@types/env/package.json	verbatim		11	0	txt
ac_cloud-notes/tools/changelog/index.js	verbatim		155	0	txt
ac_cloud-notes/tools/changelog/markdown.js	verbatim		22	0	txt
ac_cloud-notes/tools/changelog/package.json	verbatim		18	0	txt
ac_cloud-notes/tools/cli/README.md	verbatim		96	0	txt
ac_cloud-notes/tools/cli/bin/cli.js	verbatim		5	0	txt
ac_cloud-notes/tools/cli/bin/runner.js	verbatim		68	0	txt
ac_cloud-notes/tools/cli/hooks.js	verbatim		139	0	txt
ac_cloud-notes/tools/cli/package.json	verbatim		52	0	txt
ac_cloud-notes/tools/cli/register.js	verbatim		2	0	txt
ac_cloud-notes/tools/cli/src/affine.ts	verbatim		30	0	txt
ac_cloud-notes/tools/cli/src/build.ts	verbatim		12	0	txt
ac_cloud-notes/tools/cli/src/bundle-shared.ts	verbatim		66	0	txt
ac_cloud-notes/tools/cli/src/bundle.ts	verbatim		271	0	txt
ac_cloud-notes/tools/cli/src/cert.ts	verbatim		101	0	txt
ac_cloud-notes/tools/cli/src/clean.ts	verbatim		55	0	txt
ac_cloud-notes/tools/cli/src/command.ts	verbatim		115	0	txt
ac_cloud-notes/tools/cli/src/context.ts	verbatim		5	0	txt
ac_cloud-notes/tools/cli/src/dev.ts	verbatim		27	0	txt
ac_cloud-notes/tools/cli/src/init.ts	verbatim		116	0	txt
ac_cloud-notes/tools/cli/src/postcss/queuedash-scope.ts	verbatim		93	0	txt
ac_cloud-notes/tools/cli/src/rspack-shared/cache-group.ts	verbatim		96	0	txt
ac_cloud-notes/tools/cli/src/rspack-shared/error-handler.js	verbatim		101	0	txt
ac_cloud-notes/tools/cli/src/rspack-shared/html-plugin.ts	verbatim		267	0	txt
ac_cloud-notes/tools/cli/src/rspack-shared/node-loader.js	verbatim		15	0	txt
ac_cloud-notes/tools/cli/src/rspack-shared/s3-plugin.ts	verbatim		124	0	txt
ac_cloud-notes/tools/cli/src/rspack-shared/template.html	verbatim		45	0	txt
ac_cloud-notes/tools/cli/src/rspack/index.ts	verbatim		672	0	txt
ac_cloud-notes/tools/cli/src/run.ts	verbatim		198	0	txt
ac_cloud-notes/tools/cli/tsconfig.json	verbatim		13	0	txt
ac_cloud-notes/tools/cli/tsx-register.js	verbatim		1	0	txt
ac_cloud-notes/tools/commitlint/.commitlintrc.json	verbatim		35	0	txt
ac_cloud-notes/tools/commitlint/README.md	verbatim		2	0	txt
ac_cloud-notes/tools/commitlint/package.json	verbatim		10	0	txt
ac_cloud-notes/tools/copilot-result/index.js	verbatim		14	0	txt
ac_cloud-notes/tools/copilot-result/markdown.js	verbatim		22	0	txt
ac_cloud-notes/tools/copilot-result/package.json	verbatim		16	0	txt
ac_cloud-notes/tools/doc-diff/package.json	verbatim		22	0	txt
ac_cloud-notes/tools/doc-diff/src/diff.ts	verbatim		71	0	txt
ac_cloud-notes/tools/doc-diff/src/index.ts	verbatim		127	0	txt
ac_cloud-notes/tools/doc-diff/src/io.ts	verbatim		16	0	txt
ac_cloud-notes/tools/doc-diff/src/plain.ts	verbatim		119	0	txt
ac_cloud-notes/tools/doc-diff/src/rootdoc.ts	verbatim		126	0	txt
ac_cloud-notes/tools/doc-diff/src/table.ts	verbatim		198	0	txt
ac_cloud-notes/tools/doc-diff/tsconfig.json	verbatim		8	0	txt
ac_cloud-notes/tools/playstore-auto-bump/index.ts	verbatim		60	0	txt
ac_cloud-notes/tools/playstore-auto-bump/package.json	verbatim		20	0	txt
ac_cloud-notes/tools/playstore-auto-bump/tsconfig.json	verbatim		8	0	txt
ac_cloud-notes/tools/revert-update/index.ts	verbatim		154	0	txt
ac_cloud-notes/tools/revert-update/package.json	verbatim		19	0	txt
ac_cloud-notes/tools/revert-update/tsconfig.json	verbatim		8	0	txt
ac_cloud-notes/tools/utils/package.json	verbatim		23	0	txt
ac_cloud-notes/tools/utils/src/build-config.ts	verbatim		89	0	txt
ac_cloud-notes/tools/utils/src/distribution.ts	verbatim		28	0	txt
ac_cloud-notes/tools/utils/src/format.ts	verbatim		18	0	txt
ac_cloud-notes/tools/utils/src/index.ts	verbatim		2	0	txt
ac_cloud-notes/tools/utils/src/logger.ts	verbatim		41	0	txt
ac_cloud-notes/tools/utils/src/package.ts	verbatim		66	0	txt
ac_cloud-notes/tools/utils/src/path.ts	verbatim		72	0	txt
ac_cloud-notes/tools/utils/src/process.ts	verbatim		82	0	txt
ac_cloud-notes/tools/utils/src/types.ts	verbatim		18	0	txt
ac_cloud-notes/tools/utils/src/workspace.gen.ts	modified	tools/utils/src/workspace.gen.ts	1561	0	txt
ac_cloud-notes/tools/utils/src/workspace.ts	verbatim		121	0	txt
ac_cloud-notes/tools/utils/src/yarn.ts	verbatim		29	0	txt
ac_cloud-notes/tools/utils/tsconfig.json	verbatim		10	0	txt
ac_cloud-notes/tsconfig.eslint.json	verbatim		21	0	txt
ac_cloud-notes/tsconfig.json	modified	tsconfig.json	160	0	txt
ac_cloud-notes/tsconfig.node.json	verbatim		7	0	txt
ac_cloud-notes/tsconfig.web.json	verbatim		9	0	txt
ac_cloud-notes/typedoc.base.json	verbatim		5	0	txt
ac_cloud-notes/typedoc.json	verbatim		9	0	txt
ac_cloud-notes/vitest.config.ts	verbatim		76	0	txt
ac_cloud-notes/yarn.lock	modified	yarn.lock	27514	60	txt
